episode_id,benchmark_uri,state_index,step_index,pass_flag,done,hybrid_reward,runtime_improvement,pre_state_id,post_state_id,pre_ir_instruction_count,post_ir_instruction_count,pre_runtime_median_sec,post_runtime_median_sec,pre_object_text_size_bytes,post_object_text_size_bytes,pre_total_basic_blocks,post_total_basic_blocks,pre_total_functions,post_total_functions,pre_total_instructions,post_total_instructions,pre_total_memory_instructions,post_total_memory_instructions,pre_autophase_BBNumArgsHi,pre_autophase_BBNumArgsLo,pre_autophase_onePred,pre_autophase_onePredOneSuc,pre_autophase_onePredTwoSuc,pre_autophase_oneSuccessor,pre_autophase_twoPred,pre_autophase_twoPredOneSuc,pre_autophase_twoEach,pre_autophase_twoSuccessor,pre_autophase_morePreds,pre_autophase_BB03Phi,pre_autophase_BBHiPhi,pre_autophase_BBNoPhi,pre_autophase_BeginPhi,pre_autophase_BranchCount,pre_autophase_returnInt,pre_autophase_CriticalCount,pre_autophase_NumEdges,pre_autophase_const32Bit,pre_autophase_const64Bit,pre_autophase_numConstZeroes,pre_autophase_numConstOnes,pre_autophase_UncondBranches,pre_autophase_binaryConstArg,pre_autophase_NumAShrInst,pre_autophase_NumAddInst,pre_autophase_NumAllocaInst,pre_autophase_NumAndInst,pre_autophase_BlockMid,pre_autophase_BlockLow,pre_autophase_NumBitCastInst,pre_autophase_NumBrInst,pre_autophase_NumCallInst,pre_autophase_NumGetElementPtrInst,pre_autophase_NumICmpInst,pre_autophase_NumLShrInst,pre_autophase_NumLoadInst,pre_autophase_NumMulInst,pre_autophase_NumOrInst,pre_autophase_NumPHIInst,pre_autophase_NumRetInst,pre_autophase_NumSExtInst,pre_autophase_NumSelectInst,pre_autophase_NumShlInst,pre_autophase_NumStoreInst,pre_autophase_NumSubInst,pre_autophase_NumTruncInst,pre_autophase_NumXorInst,pre_autophase_NumZExtInst,pre_autophase_TotalBlocks,pre_autophase_TotalInsts,pre_autophase_TotalMemInst,pre_autophase_TotalFuncs,pre_autophase_ArgsPhi,pre_autophase_testUnary,post_autophase_BBNumArgsHi,post_autophase_BBNumArgsLo,post_autophase_onePred,post_autophase_onePredOneSuc,post_autophase_onePredTwoSuc,post_autophase_oneSuccessor,post_autophase_twoPred,post_autophase_twoPredOneSuc,post_autophase_twoEach,post_autophase_twoSuccessor,post_autophase_morePreds,post_autophase_BB03Phi,post_autophase_BBHiPhi,post_autophase_BBNoPhi,post_autophase_BeginPhi,post_autophase_BranchCount,post_autophase_returnInt,post_autophase_CriticalCount,post_autophase_NumEdges,post_autophase_const32Bit,post_autophase_const64Bit,post_autophase_numConstZeroes,post_autophase_numConstOnes,post_autophase_UncondBranches,post_autophase_binaryConstArg,post_autophase_NumAShrInst,post_autophase_NumAddInst,post_autophase_NumAllocaInst,post_autophase_NumAndInst,post_autophase_BlockMid,post_autophase_BlockLow,post_autophase_NumBitCastInst,post_autophase_NumBrInst,post_autophase_NumCallInst,post_autophase_NumGetElementPtrInst,post_autophase_NumICmpInst,post_autophase_NumLShrInst,post_autophase_NumLoadInst,post_autophase_NumMulInst,post_autophase_NumOrInst,post_autophase_NumPHIInst,post_autophase_NumRetInst,post_autophase_NumSExtInst,post_autophase_NumSelectInst,post_autophase_NumShlInst,post_autophase_NumStoreInst,post_autophase_NumSubInst,post_autophase_NumTruncInst,post_autophase_NumXorInst,post_autophase_NumZExtInst,post_autophase_TotalBlocks,post_autophase_TotalInsts,post_autophase_TotalMemInst,post_autophase_TotalFuncs,post_autophase_ArgsPhi,post_autophase_testUnary,z_runtime_improvement_pct,pre_ir_per_func,pre_mem_frac,pre_size_per_inst,pre_blocks_per_func,pre_insts_per_block,post_ir_per_func,post_mem_frac,post_size_per_inst,post_blocks_per_func,post_insts_per_block
b75655fc1a854a75e868130b,benchmark://cbench-v1/gsm,0,0,-licm,True,0.748987,-0.442190,443a4c728b9bc4f2,5d5d15970587c3fb,14902,15157,0.633081,0.635880,66014,84422,1359,1360,141,141,14902,15157,8187,7989,0,155,895,588,247,745,330,122,156,460,37,155,0,1204,155,1205,162,163,1709,2666,2619,1069,1217,745,1469,367,329,474,515,125,1228,431,1205,765,1580,522,3,3629,179,209,155,96,1240,54,244,1739,173,550,3,382,1359,14902,8187,141,310,6706,38,262,896,589,247,746,330,122,156,460,37,263,37,1060,300,1206,162,162,1710,2666,2619,1069,1217,746,1469,367,329,474,515,123,1232,431,1206,765,1580,522,3,3372,179,209,626,96,1240,54,244,1798,173,550,3,363,1360,15157,7989,141,1007,6430,0.748987,105.68794326241135,0.5493893437122533,4.429875184538988,9.638297872340425,10.9654157468727,107.49645390070921,0.5270831958830903,5.569835719469552,9.645390070921986,11.14485294117647
b75655fc1a854a75e868130b,benchmark://cbench-v1/gsm,0,1,-loop-rotate,True,0.965976,-0.132362,443a4c728b9bc4f2,3fd0cf3c3896fbb2,14902,15132,0.633081,0.633918,66014,67446,1359,1422,141,141,14902,15132,8187,8274,0,155,895,588,247,745,330,122,156,460,37,155,0,1204,155,1205,162,163,1709,2666,2619,1069,1217,745,1469,367,329,474,515,125,1228,431,1205,765,1580,522,3,3629,179,209,155,96,1240,54,244,1739,173,550,3,382,1359,14902,8187,141,310,6706,0,155,896,577,280,746,392,156,163,522,37,155,0,1267,155,1268,164,286,1834,2736,2621,1083,1219,746,1483,367,342,474,515,136,1280,431,1268,768,1580,584,3,3697,179,209,155,96,1243,54,244,1755,174,551,3,382,1422,15132,8274,141,310,6778,0.965976,105.68794326241135,0.5493893437122533,4.429875184538988,9.638297872340425,10.9654157468727,107.31914893617021,0.5467882632831086,4.457176843774782,10.085106382978724,10.641350210970463
b75655fc1a854a75e868130b,benchmark://cbench-v1/gsm,0,2,-loop-unroll,True,0.200249,-1.225705,443a4c728b9bc4f2,a9351f4824f28235,14902,14903,0.633081,0.640840,66014,66014,1359,1360,141,141,14902,14903,8187,8187,0,155,895,588,247,745,330,122,156,460,37,155,0,1204,155,1205,162,163,1709,2666,2619,1069,1217,745,1469,367,329,474,515,125,1228,431,1205,765,1580,522,3,3629,179,209,155,96,1240,54,244,1739,173,550,3,382,1359,14902,8187,141,310,6706,0,155,896,589,247,746,330,122,156,460,37,155,0,1205,155,1206,162,162,1710,2666,2619,1069,1217,746,1469,367,329,474,515,125,1229,431,1206,765,1580,522,3,3629,179,209,155,96,1240,54,244,1739,173,550,3,382,1360,14903,8187,141,310,6706,0.200249,105.68794326241135,0.5493893437122533,4.429875184538988,9.638297872340425,10.9654157468727,105.69503546099291,0.5493524793665705,4.429577937328054,9.645390070921986,10.958088235294118
b75655fc1a854a75e868130b,benchmark://cbench-v1/gsm,0,3,-loop-vectorize,True,-1.726513,-3.976829,443a4c728b9bc4f2,a9351f4824f28235,14902,14903,0.633081,0.658257,66014,66014,1359,1360,141,141,14902,14903,8187,8187,0,155,895,588,247,745,330,122,156,460,37,155,0,1204,155,1205,162,163,1709,2666,2619,1069,1217,745,1469,367,329,474,515,125,1228,431,1205,765,1580,522,3,3629,179,209,155,96,1240,54,244,1739,173,550,3,382,1359,14902,8187,141,310,6706,0,155,896,589,247,746,330,122,156,460,37,155,0,1205,155,1206,162,162,1710,2666,2619,1069,1217,746,1469,367,329,474,515,125,1229,431,1206,765,1580,522,3,3629,179,209,155,96,1240,54,244,1739,173,550,3,382,1360,14903,8187,141,310,6706,-1.726513,105.68794326241135,0.5493893437122533,4.429875184538988,9.638297872340425,10.9654157468727,105.69503546099291,0.5493524793665705,4.429577937328054,9.645390070921986,10.958088235294118
b75655fc1a854a75e868130b,benchmark://cbench-v1/gsm,0,4,-loop-deletion,True,0.467942,-0.843480,443a4c728b9bc4f2,a9351f4824f28235,14902,14903,0.633081,0.638420,66014,66014,1359,1360,141,141,14902,14903,8187,8187,0,155,895,588,247,745,330,122,156,460,37,155,0,1204,155,1205,162,163,1709,2666,2619,1069,1217,745,1469,367,329,474,515,125,1228,431,1205,765,1580,522,3,3629,179,209,155,96,1240,54,244,1739,173,550,3,382,1359,14902,8187,141,310,6706,0,155,896,589,247,746,330,122,156,460,37,155,0,1205,155,1206,162,162,1710,2666,2619,1069,1217,746,1469,367,329,474,515,125,1229,431,1206,765,1580,522,3,3629,179,209,155,96,1240,54,244,1739,173,550,3,382,1360,14903,8187,141,310,6706,0.467942,105.68794326241135,0.5493893437122533,4.429875184538988,9.638297872340425,10.9654157468727,105.69503546099291,0.5493524793665705,4.429577937328054,9.645390070921986,10.958088235294118
b75655fc1a854a75e868130b,benchmark://cbench-v1/gsm,0,5,-loop-unswitch,True,-1.436031,-3.562065,443a4c728b9bc4f2,a9351f4824f28235,14902,14903,0.633081,0.655631,66014,66014,1359,1360,141,141,14902,14903,8187,8187,0,155,895,588,247,745,330,122,156,460,37,155,0,1204,155,1205,162,163,1709,2666,2619,1069,1217,745,1469,367,329,474,515,125,1228,431,1205,765,1580,522,3,3629,179,209,155,96,1240,54,244,1739,173,550,3,382,1359,14902,8187,141,310,6706,0,155,896,589,247,746,330,122,156,460,37,155,0,1205,155,1206,162,162,1710,2666,2619,1069,1217,746,1469,367,329,474,515,125,1229,431,1206,765,1580,522,3,3629,179,209,155,96,1240,54,244,1739,173,550,3,382,1360,14903,8187,141,310,6706,-1.436031,105.68794326241135,0.5493893437122533,4.429875184538988,9.638297872340425,10.9654157468727,105.69503546099291,0.5493524793665705,4.429577937328054,9.645390070921986,10.958088235294118
b75655fc1a854a75e868130b,benchmark://cbench-v1/gsm,0,6,-loop-distribute,True,1.060547,0.002670,443a4c728b9bc4f2,0bc2596e1138a141,14902,14902,0.633081,0.633064,66014,66014,1359,1359,141,141,14902,14902,8187,8187,0,155,895,588,247,745,330,122,156,460,37,155,0,1204,155,1205,162,163,1709,2666,2619,1069,1217,745,1469,367,329,474,515,125,1228,431,1205,765,1580,522,3,3629,179,209,155,96,1240,54,244,1739,173,550,3,382,1359,14902,8187,141,310,6706,0,155,895,588,247,745,330,122,156,460,37,155,0,1204,155,1205,162,163,1709,2666,2619,1069,1217,745,1469,367,329,474,515,125,1228,431,1205,765,1580,522,3,3629,179,209,155,96,1240,54,244,1739,173,550,3,382,1359,14902,8187,141,310,6706,1.060547,105.68794326241135,0.5493893437122533,4.429875184538988,9.638297872340425,10.9654157468727,105.68794326241135,0.5493893437122533,4.429875184538988,9.638297872340425,10.9654157468727
b75655fc1a854a75e868130b,benchmark://cbench-v1/gsm,0,7,-indvars,True,-0.281157,-1.913080,443a4c728b9bc4f2,a9351f4824f28235,14902,14903,0.633081,0.645192,66014,66014,1359,1360,141,141,14902,14903,8187,8187,0,155,895,588,247,745,330,122,156,460,37,155,0,1204,155,1205,162,163,1709,2666,2619,1069,1217,745,1469,367,329,474,515,125,1228,431,1205,765,1580,522,3,3629,179,209,155,96,1240,54,244,1739,173,550,3,382,1359,14902,8187,141,310,6706,0,155,896,589,247,746,330,122,156,460,37,155,0,1205,155,1206,162,162,1710,2666,2619,1069,1217,746,1469,367,329,474,515,125,1229,431,1206,765,1580,522,3,3629,179,209,155,96,1240,54,244,1739,173,550,3,382,1360,14903,8187,141,310,6706,-0.281157,105.68794326241135,0.5493893437122533,4.429875184538988,9.638297872340425,10.9654157468727,105.69503546099291,0.5493524793665705,4.429577937328054,9.645390070921986,10.958088235294118
cab35c9bc56974c4ca286a27,benchmark://cbench-v1/gsm,1,0,-licm,True,0.667382,0.051104,156463a8b582e88e,ab937103109cbc33,11771,12344,0.633204,0.632881,67302,82118,1359,1360,141,141,11771,12344,5543,5626,0,155,895,588,247,745,330,122,156,460,37,155,0,1204,155,1205,160,163,1709,2625,1952,729,1194,745,1460,367,319,474,515,79,1275,218,1205,761,1095,516,3,1474,179,209,155,96,1048,54,244,1739,170,550,3,319,1359,11771,5543,141,310,4083,37,274,896,589,247,746,330,122,156,460,37,274,37,1049,311,1206,160,162,1710,2625,1951,729,1194,746,1460,367,319,474,515,95,1260,218,1206,761,1095,516,3,1510,179,209,642,96,1048,54,244,1786,170,552,3,319,1360,12344,5626,141,1009,4121,0.667382,83.48226950354609,0.47090306685923033,5.717611078073231,9.638297872340425,8.661515820456218,87.54609929078015,0.4557679844458846,6.652462734931951,9.645390070921986,9.076470588235294
cab35c9bc56974c4ca286a27,benchmark://cbench-v1/gsm,1,1,-loop-rotate,True,1.810736,2.901964,156463a8b582e88e,3515fbe11b5c3d0f,11771,12065,0.633204,0.614829,67302,70542,1359,1422,141,141,11771,12065,5543,5625,0,155,895,588,247,745,330,122,156,460,37,155,0,1204,155,1205,160,163,1709,2625,1952,729,1194,745,1460,367,319,474,515,79,1275,218,1205,761,1095,516,3,1474,179,209,155,96,1048,54,244,1739,170,550,3,319,1359,11771,5543,141,310,4083,0,222,896,577,280,746,392,156,163,522,37,222,0,1200,222,1268,162,286,1834,2694,1954,743,1196,746,1473,367,332,474,515,90,1327,218,1268,764,1095,578,3,1537,179,209,225,96,1051,54,244,1755,170,551,3,319,1422,12065,5625,141,440,4150,1.810736,83.48226950354609,0.47090306685923033,5.717611078073231,9.638297872340425,8.661515820456218,85.56737588652483,0.4662246166597596,5.846829672606714,10.085106382978724,8.4845288326301
cab35c9bc56974c4ca286a27,benchmark://cbench-v1/gsm,1,2,-loop-unroll,True,0.281035,-0.912222,156463a8b582e88e,d42d377e702543ca,11771,11784,0.633204,0.638981,67302,67462,1359,1360,141,141,11771,11784,5543,5543,0,155,895,588,247,745,330,122,156,460,37,155,0,1204,155,1205,160,163,1709,2625,1952,729,1194,745,1460,367,319,474,515,79,1275,218,1205,761,1095,516,3,1474,179,209,155,96,1048,54,244,1739,170,550,3,319,1359,11771,5543,141,310,4083,0,166,896,589,247,746,330,122,156,460,37,166,0,1194,166,1206,160,162,1710,2625,1952,729,1194,746,1460,367,319,474,515,79,1276,218,1206,761,1095,516,3,1474,179,209,167,96,1048,54,244,1739,170,550,3,319,1360,11784,5543,141,323,4083,0.281035,83.48226950354609,0.47090306685923033,5.717611078073231,9.638297872340425,8.661515820456218,83.57446808510639,0.4703835709436524,5.724881194840462,9.645390070921986,8.66470588235294
cab35c9bc56974c4ca286a27,benchmark://cbench-v1/gsm,1,3,-loop-vectorize,True,-0.183416,-2.070291,156463a8b582e88e,f6db994303ae45ba,11771,11783,0.633204,0.646314,67302,67446,1359,1360,141,141,11771,11783,5543,5543,0,155,895,588,247,745,330,122,156,460,37,155,0,1204,155,1205,160,163,1709,2625,1952,729,1194,745,1460,367,319,474,515,79,1275,218,1205,761,1095,516,3,1474,179,209,155,96,1048,54,244,1739,170,550,3,319,1359,11771,5543,141,310,4083,0,165,896,589,247,746,330,122,156,460,37,165,0,1195,165,1206,160,162,1710,2625,1952,729,1194,746,1460,367,319,474,515,79,1276,218,1206,761,1095,516,3,1474,179,209,166,96,1048,54,244,1739,170,550,3,319,1360,11783,5543,141,322,4083,-0.183416,83.48226950354609,0.47090306685923033,5.717611078073231,9.638297872340425,8.661515820456218,83.56737588652483,0.47042349147076296,5.724009165747263,9.645390070921986,8.663970588235294
cab35c9bc56974c4ca286a27,benchmark://cbench-v1/gsm,1,4,-loop-deletion,True,-0.473938,-2.794684,156463a8b582e88e,d42d377e702543ca,11771,11784,0.633204,0.650900,67302,67462,1359,1360,141,141,11771,11784,5543,5543,0,155,895,588,247,745,330,122,156,460,37,155,0,1204,155,1205,160,163,1709,2625,1952,729,1194,745,1460,367,319,474,515,79,1275,218,1205,761,1095,516,3,1474,179,209,155,96,1048,54,244,1739,170,550,3,319,1359,11771,5543,141,310,4083,0,166,896,589,247,746,330,122,156,460,37,166,0,1194,166,1206,160,162,1710,2625,1952,729,1194,746,1460,367,319,474,515,79,1276,218,1206,761,1095,516,3,1474,179,209,167,96,1048,54,244,1739,170,550,3,319,1360,11784,5543,141,323,4083,-0.473938,83.48226950354609,0.47090306685923033,5.717611078073231,9.638297872340425,8.661515820456218,83.57446808510639,0.4703835709436524,5.724881194840462,9.645390070921986,8.66470588235294
cab35c9bc56974c4ca286a27,benchmark://cbench-v1/gsm,1,5,-loop-unswitch,True,0.547374,-0.248125,156463a8b582e88e,252d018629f46068,11771,11863,0.633204,0.634775,67302,67942,1359,1386,141,141,11771,11863,5543,5561,0,155,895,588,247,745,330,122,156,460,37,155,0,1204,155,1205,160,163,1709,2625,1952,729,1194,745,1460,367,319,474,515,79,1275,218,1205,761,1095,516,3,1474,179,209,155,96,1048,54,244,1739,170,550,3,319,1359,11771,5543,141,310,4083,0,166,914,602,253,764,338,127,158,468,37,166,0,1220,166,1232,160,166,1744,2634,1954,731,1199,764,1468,371,323,474,515,82,1299,218,1232,761,1099,519,3,1478,181,209,167,96,1060,54,246,1749,170,558,3,319,1386,11863,5561,141,323,4107,0.547374,83.48226950354609,0.47090306685923033,5.717611078073231,9.638297872340425,8.661515820456218,84.13475177304964,0.46876843968641996,5.727219084548596,9.829787234042554,8.559163059163058
cab35c9bc56974c4ca286a27,benchmark://cbench-v1/gsm,1,6,-loop-distribute,True,-1.069713,-4.280203,156463a8b582e88e,156463a8b582e88e,11771,11771,0.633204,0.660307,67302,67302,1359,1359,141,141,11771,11771,5543,5543,0,155,895,588,247,745,330,122,156,460,37,155,0,1204,155,1205,160,163,1709,2625,1952,729,1194,745,1460,367,319,474,515,79,1275,218,1205,761,1095,516,3,1474,179,209,155,96,1048,54,244,1739,170,550,3,319,1359,11771,5543,141,310,4083,0,155,895,588,247,745,330,122,156,460,37,155,0,1204,155,1205,160,163,1709,2625,1952,729,1194,745,1460,367,319,474,515,79,1275,218,1205,761,1095,516,3,1474,179,209,155,96,1048,54,244,1739,170,550,3,319,1359,11771,5543,141,310,4083,-1.069713,83.48226950354609,0.47090306685923033,5.717611078073231,9.638297872340425,8.661515820456218,83.48226950354609,0.47090306685923033,5.717611078073231,9.638297872340425,8.661515820456218
cab35c9bc56974c4ca286a27,benchmark://cbench-v1/gsm,1,7,-indvars,True,-1.579460,-5.551215,156463a8b582e88e,d42d377e702543ca,11771,11784,0.633204,0.668355,67302,67462,1359,1360,141,141,11771,11784,5543,5543,0,155,895,588,247,745,330,122,156,460,37,155,0,1204,155,1205,160,163,1709,2625,1952,729,1194,745,1460,367,319,474,515,79,1275,218,1205,761,1095,516,3,1474,179,209,155,96,1048,54,244,1739,170,550,3,319,1359,11771,5543,141,310,4083,0,166,896,589,247,746,330,122,156,460,37,166,0,1194,166,1206,160,162,1710,2625,1952,729,1194,746,1460,367,319,474,515,79,1276,218,1206,761,1095,516,3,1474,179,209,167,96,1048,54,244,1739,170,550,3,319,1360,11784,5543,141,323,4083,-1.579460,83.48226950354609,0.47090306685923033,5.717611078073231,9.638297872340425,8.661515820456218,83.57446808510639,0.4703835709436524,5.724881194840462,9.645390070921986,8.66470588235294
fa0513bd9cc70ee8d8d55164,benchmark://cbench-v1/gsm,2,0,-licm,True,-0.084672,2.004440,fcb63391856135af,9be70262f9aefbcb,11294,11317,0.653863,0.640757,72276,71764,766,766,141,141,11294,11317,5236,5236,44,158,492,278,142,340,137,23,84,280,40,160,42,564,202,620,160,104,936,2725,1932,804,1205,340,1470,367,311,474,539,84,677,218,620,759,1060,512,3,1206,189,217,457,96,1032,206,243,1737,167,552,5,274,766,11294,5236,141,791,3756,44,164,492,278,142,340,137,23,84,280,40,166,42,558,208,620,160,104,936,2725,1932,804,1205,340,1470,367,311,474,539,88,673,218,620,759,1060,512,3,1206,189,217,464,96,1032,206,243,1737,167,568,5,274,766,11317,5236,141,798,3772,-0.084672,80.09929078014184,0.4636089959270409,6.3995041615016826,5.432624113475177,14.744125326370757,80.26241134751773,0.4626667844835204,6.34125651674472,5.432624113475177,14.774151436031332
fa0513bd9cc70ee8d8d55164,benchmark://cbench-v1/gsm,2,1,-loop-rotate,True,-1.450554,-0.933625,fcb63391856135af,abc30354787823cb,11294,11246,0.653863,0.659968,72276,69940,766,730,141,141,11294,11246,5236,5245,44,158,492,278,142,340,137,23,84,280,40,160,42,564,202,620,160,104,936,2725,1932,804,1205,340,1470,367,311,474,539,84,677,218,620,759,1060,512,3,1206,189,217,457,96,1032,206,243,1737,167,552,5,274,766,11294,5236,141,791,3756,33,185,444,233,144,292,149,27,87,292,40,190,28,512,218,584,160,176,912,2742,1932,805,1207,292,1474,367,315,474,539,90,635,218,584,759,1060,525,3,1208,189,217,416,96,1034,207,243,1744,167,552,5,274,730,11246,5245,141,703,3760,-1.450554,80.09929078014184,0.4636089959270409,6.3995041615016826,5.432624113475177,14.744125326370757,79.75886524822695,0.4663880490841188,6.219100124488707,5.177304964539007,15.405479452054795
fa0513bd9cc70ee8d8d55164,benchmark://cbench-v1/gsm,2,2,-loop-unroll,True,-0.728147,0.620300,fcb63391856135af,4ec7cbf45155f0cd,11294,11677,0.653863,0.649807,72276,74292,766,838,141,141,11294,11677,5236,5517,44,158,492,278,142,340,137,23,84,280,40,160,42,564,202,620,160,104,936,2725,1932,804,1205,340,1470,367,311,474,539,84,677,218,620,759,1060,512,3,1206,189,217,457,96,1032,206,243,1737,167,552,5,274,766,11294,5236,141,791,3756,43,157,572,342,150,404,129,23,76,280,40,158,42,638,200,684,160,104,1000,2761,2086,868,1241,404,1492,376,315,474,539,84,749,218,684,759,1174,504,3,1261,188,217,449,96,1039,206,261,1849,167,561,5,274,838,11677,5517,141,768,3827,-0.728147,80.09929078014184,0.4636089959270409,6.3995041615016826,5.432624113475177,14.744125326370757,82.81560283687944,0.47246724329879247,6.362250578059433,5.943262411347518,13.93436754176611
fa0513bd9cc70ee8d8d55164,benchmark://cbench-v1/gsm,2,3,-loop-vectorize,True,-0.912977,0.222724,fcb63391856135af,908901d926922b26,11294,11301,0.653863,0.652407,72276,72340,766,766,141,141,11294,11301,5236,5236,44,158,492,278,142,340,137,23,84,280,40,160,42,564,202,620,160,104,936,2725,1932,804,1205,340,1470,367,311,474,539,84,677,218,620,759,1060,512,3,1206,189,217,457,96,1032,206,243,1737,167,552,5,274,766,11294,5236,141,791,3756,44,164,492,278,142,340,137,23,84,280,40,166,42,558,208,620,160,104,936,2725,1932,804,1205,340,1470,367,311,474,539,84,677,218,620,759,1060,512,3,1206,189,217,464,96,1032,206,243,1737,167,552,5,274,766,11301,5236,141,798,3756,-0.912977,80.09929078014184,0.4636089959270409,6.3995041615016826,5.432624113475177,14.744125326370757,80.14893617021276,0.4633218299265552,6.4012034333244845,5.432624113475177,14.7532637075718
fa0513bd9cc70ee8d8d55164,benchmark://cbench-v1/gsm,2,4,-loop-deletion,True,0.879872,4.079211,fcb63391856135af,908901d926922b26,11294,11301,0.653863,0.627191,72276,72340,766,766,141,141,11294,11301,5236,5236,44,158,492,278,142,340,137,23,84,280,40,160,42,564,202,620,160,104,936,2725,1932,804,1205,340,1470,367,311,474,539,84,677,218,620,759,1060,512,3,1206,189,217,457,96,1032,206,243,1737,167,552,5,274,766,11294,5236,141,791,3756,44,164,492,278,142,340,137,23,84,280,40,166,42,558,208,620,160,104,936,2725,1932,804,1205,340,1470,367,311,474,539,84,677,218,620,759,1060,512,3,1206,189,217,464,96,1032,206,243,1737,167,552,5,274,766,11301,5236,141,798,3756,0.879872,80.09929078014184,0.4636089959270409,6.3995041615016826,5.432624113475177,14.744125326370757,80.14893617021276,0.4633218299265552,6.4012034333244845,5.432624113475177,14.7532637075718
fa0513bd9cc70ee8d8d55164,benchmark://cbench-v1/gsm,2,5,-loop-unswitch,True,0.635882,3.554379,fcb63391856135af,d2264101b6470d12,11294,11342,0.653863,0.630622,72276,72788,766,776,141,141,11294,11342,5236,5240,44,158,492,278,142,340,137,23,84,280,40,160,42,564,202,620,160,104,936,2725,1932,804,1205,340,1470,367,311,474,539,84,677,218,620,759,1060,512,3,1206,189,217,457,96,1032,206,243,1737,167,552,5,274,766,11294,5236,141,791,3756,45,168,499,285,144,347,140,23,85,283,40,171,42,563,213,630,160,104,949,2730,1933,806,1207,347,1474,369,313,474,539,85,686,218,630,759,1062,513,3,1207,190,217,475,96,1037,206,244,1738,167,556,5,274,776,11342,5240,141,816,3766,0.635882,80.09929078014184,0.4636089959270409,6.3995041615016826,5.432624113475177,14.744125326370757,80.43971631205673,0.4619996473285135,6.417563040028214,5.50354609929078,14.6159793814433
fa0513bd9cc70ee8d8d55164,benchmark://cbench-v1/gsm,2,6,-loop-distribute,True,-0.161592,1.838981,fcb63391856135af,fcb63391856135af,11294,11294,0.653863,0.641839,72276,72276,766,766,141,141,11294,11294,5236,5236,44,158,492,278,142,340,137,23,84,280,40,160,42,564,202,620,160,104,936,2725,1932,804,1205,340,1470,367,311,474,539,84,677,218,620,759,1060,512,3,1206,189,217,457,96,1032,206,243,1737,167,552,5,274,766,11294,5236,141,791,3756,44,158,492,278,142,340,137,23,84,280,40,160,42,564,202,620,160,104,936,2725,1932,804,1205,340,1470,367,311,474,539,84,677,218,620,759,1060,512,3,1206,189,217,457,96,1032,206,243,1737,167,552,5,274,766,11294,5236,141,791,3756,-0.161592,80.09929078014184,0.4636089959270409,6.3995041615016826,5.432624113475177,14.744125326370757,80.09929078014184,0.4636089959270409,6.3995041615016826,5.432624113475177,14.744125326370757
fa0513bd9cc70ee8d8d55164,benchmark://cbench-v1/gsm,2,7,-indvars,True,1.822187,6.106166,fcb63391856135af,ac26f42e391a7c3c,11294,11250,0.653863,0.613937,72276,72620,766,766,141,141,11294,11250,5236,5235,44,158,492,278,142,340,137,23,84,280,40,160,42,564,202,620,160,104,936,2725,1932,804,1205,340,1470,367,311,474,539,84,677,218,620,759,1060,512,3,1206,189,217,457,96,1032,206,243,1737,167,552,5,274,766,11294,5236,141,791,3756,44,162,492,278,142,340,137,23,84,280,40,167,39,560,206,620,160,104,936,2574,2093,804,1207,340,1471,367,313,474,539,84,677,218,620,759,1059,511,3,1206,189,217,455,96,951,206,243,1737,166,592,5,274,766,11250,5235,141,788,3715,1.822187,80.09929078014184,0.4636089959270409,6.3995041615016826,5.432624113475177,14.744125326370757,79.7872340425532,0.4653333333333333,6.455111111111111,5.432624113475177,14.686684073107049
4dd56e2432bdc4b073e74856,benchmark://cbench-v1/dijkstra,0,0,-licm,True,-0.389201,0.185147,bb5e3ba542f913d8,06443f4159f3eb52,450,451,0.617150,0.616008,2497,2883,57,57,17,17,450,451,303,288,0,0,36,26,6,30,15,3,8,18,0,0,0,57,0,48,18,6,66,105,26,41,48,30,20,0,20,23,0,8,49,26,48,55,36,18,0,132,8,0,0,6,16,0,0,57,0,0,0,0,57,450,303,17,0,197,1,9,36,26,6,30,15,3,8,18,0,10,0,47,10,48,18,6,66,105,26,41,48,30,20,0,20,23,0,8,49,26,48,55,36,18,0,120,8,0,16,6,16,0,0,54,0,0,0,0,57,451,288,17,24,185,-0.389201,26.470588235294116,0.6733333333333333,5.5488888888888885,3.3529411764705883,7.894736842105263,26.529411764705884,0.6385809312638581,6.392461197339246,3.3529411764705883,7.912280701754386
4dd56e2432bdc4b073e74856,benchmark://cbench-v1/dijkstra,0,1,-loop-rotate,True,1.527730,1.628802,bb5e3ba542f913d8,09e0ea79bd8b6535,450,482,0.617150,0.607098,2497,2664,57,65,17,17,450,482,303,319,0,0,36,26,6,30,15,3,8,18,0,0,0,57,0,48,18,6,66,105,26,41,48,30,20,0,20,23,0,8,49,26,48,55,36,18,0,132,8,0,0,6,16,0,0,57,0,0,0,0,57,450,303,17,0,197,0,0,36,20,13,30,23,10,8,26,0,0,0,65,0,56,19,22,82,108,26,43,48,30,20,0,20,23,0,8,57,26,56,56,37,26,0,146,8,0,0,6,16,0,0,57,0,0,0,0,65,482,319,17,0,211,1.527730,26.470588235294116,0.6733333333333333,5.5488888888888885,3.3529411764705883,7.894736842105263,28.352941176470587,0.6618257261410788,5.526970954356846,3.823529411764706,7.415384615384616
4dd56e2432bdc4b073e74856,benchmark://cbench-v1/dijkstra,0,2,-loop-unroll,True,-0.740551,-0.079457,bb5e3ba542f913d8,4e47c4203a9c7144,450,450,0.617150,0.617641,2497,2497,57,57,17,17,450,450,303,303,0,0,36,26,6,30,15,3,8,18,0,0,0,57,0,48,18,6,66,105,26,41,48,30,20,0,20,23,0,8,49,26,48,55,36,18,0,132,8,0,0,6,16,0,0,57,0,0,0,0,57,450,303,17,0,197,0,0,36,26,6,30,15,3,8,18,0,0,0,57,0,48,18,6,66,105,26,41,48,30,20,0,20,23,0,8,49,26,48,55,36,18,0,132,8,0,0,6,16,0,0,57,0,0,0,0,57,450,303,17,0,197,-0.740551,26.470588235294116,0.6733333333333333,5.5488888888888885,3.3529411764705883,7.894736842105263,26.470588235294116,0.6733333333333333,5.5488888888888885,3.3529411764705883,7.894736842105263
4dd56e2432bdc4b073e74856,benchmark://cbench-v1/dijkstra,0,3,-loop-vectorize,True,1.722092,1.775178,bb5e3ba542f913d8,4e47c4203a9c7144,450,450,0.617150,0.606195,2497,2497,57,57,17,17,450,450,303,303,0,0,36,26,6,30,15,3,8,18,0,0,0,57,0,48,18,6,66,105,26,41,48,30,20,0,20,23,0,8,49,26,48,55,36,18,0,132,8,0,0,6,16,0,0,57,0,0,0,0,57,450,303,17,0,197,0,0,36,26,6,30,15,3,8,18,0,0,0,57,0,48,18,6,66,105,26,41,48,30,20,0,20,23,0,8,49,26,48,55,36,18,0,132,8,0,0,6,16,0,0,57,0,0,0,0,57,450,303,17,0,197,1.722092,26.470588235294116,0.6733333333333333,5.5488888888888885,3.3529411764705883,7.894736842105263,26.470588235294116,0.6733333333333333,5.5488888888888885,3.3529411764705883,7.894736842105263
4dd56e2432bdc4b073e74856,benchmark://cbench-v1/dijkstra,0,4,-loop-deletion,True,-0.105850,0.398541,bb5e3ba542f913d8,4e47c4203a9c7144,450,450,0.617150,0.614691,2497,2497,57,57,17,17,450,450,303,303,0,0,36,26,6,30,15,3,8,18,0,0,0,57,0,48,18,6,66,105,26,41,48,30,20,0,20,23,0,8,49,26,48,55,36,18,0,132,8,0,0,6,16,0,0,57,0,0,0,0,57,450,303,17,0,197,0,0,36,26,6,30,15,3,8,18,0,0,0,57,0,48,18,6,66,105,26,41,48,30,20,0,20,23,0,8,49,26,48,55,36,18,0,132,8,0,0,6,16,0,0,57,0,0,0,0,57,450,303,17,0,197,-0.105850,26.470588235294116,0.6733333333333333,5.5488888888888885,3.3529411764705883,7.894736842105263,26.470588235294116,0.6733333333333333,5.5488888888888885,3.3529411764705883,7.894736842105263
4dd56e2432bdc4b073e74856,benchmark://cbench-v1/dijkstra,0,5,-loop-unswitch,True,-0.026111,0.458593,bb5e3ba542f913d8,4e47c4203a9c7144,450,450,0.617150,0.614320,2497,2497,57,57,17,17,450,450,303,303,0,0,36,26,6,30,15,3,8,18,0,0,0,57,0,48,18,6,66,105,26,41,48,30,20,0,20,23,0,8,49,26,48,55,36,18,0,132,8,0,0,6,16,0,0,57,0,0,0,0,57,450,303,17,0,197,0,0,36,26,6,30,15,3,8,18,0,0,0,57,0,48,18,6,66,105,26,41,48,30,20,0,20,23,0,8,49,26,48,55,36,18,0,132,8,0,0,6,16,0,0,57,0,0,0,0,57,450,303,17,0,197,-0.026111,26.470588235294116,0.6733333333333333,5.5488888888888885,3.3529411764705883,7.894736842105263,26.470588235294116,0.6733333333333333,5.5488888888888885,3.3529411764705883,7.894736842105263
4dd56e2432bdc4b073e74856,benchmark://cbench-v1/dijkstra,0,6,-loop-distribute,True,-0.915402,-0.211139,bb5e3ba542f913d8,4e47c4203a9c7144,450,450,0.617150,0.618453,2497,2497,57,57,17,17,450,450,303,303,0,0,36,26,6,30,15,3,8,18,0,0,0,57,0,48,18,6,66,105,26,41,48,30,20,0,20,23,0,8,49,26,48,55,36,18,0,132,8,0,0,6,16,0,0,57,0,0,0,0,57,450,303,17,0,197,0,0,36,26,6,30,15,3,8,18,0,0,0,57,0,48,18,6,66,105,26,41,48,30,20,0,20,23,0,8,49,26,48,55,36,18,0,132,8,0,0,6,16,0,0,57,0,0,0,0,57,450,303,17,0,197,-0.915402,26.470588235294116,0.6733333333333333,5.5488888888888885,3.3529411764705883,7.894736842105263,26.470588235294116,0.6733333333333333,5.5488888888888885,3.3529411764705883,7.894736842105263
4dd56e2432bdc4b073e74856,benchmark://cbench-v1/dijkstra,0,7,-indvars,True,-1.072708,-0.329607,bb5e3ba542f913d8,4e47c4203a9c7144,450,450,0.617150,0.619184,2497,2497,57,57,17,17,450,450,303,303,0,0,36,26,6,30,15,3,8,18,0,0,0,57,0,48,18,6,66,105,26,41,48,30,20,0,20,23,0,8,49,26,48,55,36,18,0,132,8,0,0,6,16,0,0,57,0,0,0,0,57,450,303,17,0,197,0,0,36,26,6,30,15,3,8,18,0,0,0,57,0,48,18,6,66,105,26,41,48,30,20,0,20,23,0,8,49,26,48,55,36,18,0,132,8,0,0,6,16,0,0,57,0,0,0,0,57,450,303,17,0,197,-1.072708,26.470588235294116,0.6733333333333333,5.5488888888888885,3.3529411764705883,7.894736842105263,26.470588235294116,0.6733333333333333,5.5488888888888885,3.3529411764705883,7.894736842105263
0e35c0517dc67766345ae4c9,benchmark://cbench-v1/dijkstra,1,0,-licm,True,0.602162,0.951242,4d25c8d4301cec6a,d9e47a6c0afe7ea2,358,373,0.622763,0.616839,2735,3014,57,57,17,17,358,373,230,227,0,0,36,26,6,30,15,3,8,18,0,0,0,57,0,48,18,6,66,92,26,34,44,30,17,0,17,23,0,5,52,16,48,55,28,18,0,67,8,0,0,6,10,0,0,57,0,0,0,0,57,358,230,17,0,116,1,9,36,26,6,30,15,3,8,18,0,10,0,47,10,48,18,6,66,92,26,34,44,30,17,0,17,23,0,6,51,16,48,55,28,18,0,67,8,0,18,6,10,0,0,54,0,0,0,0,57,373,227,17,26,116,0.602162,21.058823529411764,0.6424581005586593,7.639664804469274,3.3529411764705883,6.280701754385965,21.941176470588236,0.6085790884718498,8.080428954423592,3.3529411764705883,6.543859649122807
0e35c0517dc67766345ae4c9,benchmark://cbench-v1/dijkstra,1,1,-loop-rotate,True,0.630302,1.018373,4d25c8d4301cec6a,ca6b9bc574b04c10,358,403,0.622763,0.616421,2735,3149,57,65,17,17,358,403,230,246,0,0,36,26,6,30,15,3,8,18,0,0,0,57,0,48,18,6,66,92,26,34,44,30,17,0,17,23,0,5,52,16,48,55,28,18,0,67,8,0,0,6,10,0,0,57,0,0,0,0,57,358,230,17,0,116,0,11,36,20,13,30,23,10,8,26,0,11,0,54,11,56,19,22,82,95,26,36,44,30,17,0,17,23,0,5,60,16,56,56,29,26,0,81,8,0,13,6,10,0,0,57,0,0,0,0,65,403,246,17,24,130,0.630302,21.058823529411764,0.6424581005586593,7.639664804469274,3.3529411764705883,6.280701754385965,23.705882352941178,0.6104218362282878,7.813895781637717,3.823529411764706,6.2
0e35c0517dc67766345ae4c9,benchmark://cbench-v1/dijkstra,1,2,-loop-unroll,True,0.931717,1.737421,4d25c8d4301cec6a,174dac530ad09543,358,360,0.622763,0.611943,2735,2735,57,57,17,17,358,360,230,230,0,0,36,26,6,30,15,3,8,18,0,0,0,57,0,48,18,6,66,92,26,34,44,30,17,0,17,23,0,5,52,16,48,55,28,18,0,67,8,0,0,6,10,0,0,57,0,0,0,0,57,358,230,17,0,116,0,2,36,26,6,30,15,3,8,18,0,2,0,55,2,48,18,6,66,92,26,34,44,30,17,0,17,23,0,5,52,16,48,55,28,18,0,67,8,0,2,6,10,0,0,57,0,0,0,0,57,360,230,17,2,116,0.931717,21.058823529411764,0.6424581005586593,7.639664804469274,3.3529411764705883,6.280701754385965,21.176470588235293,0.6388888888888888,7.597222222222222,3.3529411764705883,6.315789473684211
0e35c0517dc67766345ae4c9,benchmark://cbench-v1/dijkstra,1,3,-loop-vectorize,True,0.820333,1.471706,4d25c8d4301cec6a,ee15652efa44437f,358,359,0.622763,0.613598,2735,2735,57,57,17,17,358,359,230,230,0,0,36,26,6,30,15,3,8,18,0,0,0,57,0,48,18,6,66,92,26,34,44,30,17,0,17,23,0,5,52,16,48,55,28,18,0,67,8,0,0,6,10,0,0,57,0,0,0,0,57,358,230,17,0,116,0,1,36,26,6,30,15,3,8,18,0,1,0,56,1,48,18,6,66,92,26,34,44,30,17,0,17,23,0,5,52,16,48,55,28,18,0,67,8,0,1,6,10,0,0,57,0,0,0,0,57,359,230,17,1,116,0.820333,21.058823529411764,0.6424581005586593,7.639664804469274,3.3529411764705883,6.280701754385965,21.11764705882353,0.6406685236768802,7.618384401114207,3.3529411764705883,6.298245614035087
0e35c0517dc67766345ae4c9,benchmark://cbench-v1/dijkstra,1,4,-loop-deletion,True,-2.171420,-5.665357,4d25c8d4301cec6a,174dac530ad09543,358,360,0.622763,0.658045,2735,2735,57,57,17,17,358,360,230,230,0,0,36,26,6,30,15,3,8,18,0,0,0,57,0,48,18,6,66,92,26,34,44,30,17,0,17,23,0,5,52,16,48,55,28,18,0,67,8,0,0,6,10,0,0,57,0,0,0,0,57,358,230,17,0,116,0,2,36,26,6,30,15,3,8,18,0,2,0,55,2,48,18,6,66,92,26,34,44,30,17,0,17,23,0,5,52,16,48,55,28,18,0,67,8,0,2,6,10,0,0,57,0,0,0,0,57,360,230,17,2,116,-2.171420,21.058823529411764,0.6424581005586593,7.639664804469274,3.3529411764705883,6.280701754385965,21.176470588235293,0.6388888888888888,7.597222222222222,3.3529411764705883,6.315789473684211
0e35c0517dc67766345ae4c9,benchmark://cbench-v1/dijkstra,1,5,-loop-unswitch,True,0.081965,-0.289729,4d25c8d4301cec6a,174dac530ad09543,358,360,0.622763,0.624567,2735,2735,57,57,17,17,358,360,230,230,0,0,36,26,6,30,15,3,8,18,0,0,0,57,0,48,18,6,66,92,26,34,44,30,17,0,17,23,0,5,52,16,48,55,28,18,0,67,8,0,0,6,10,0,0,57,0,0,0,0,57,358,230,17,0,116,0,2,36,26,6,30,15,3,8,18,0,2,0,55,2,48,18,6,66,92,26,34,44,30,17,0,17,23,0,5,52,16,48,55,28,18,0,67,8,0,2,6,10,0,0,57,0,0,0,0,57,360,230,17,2,116,0.081965,21.058823529411764,0.6424581005586593,7.639664804469274,3.3529411764705883,6.280701754385965,21.176470588235293,0.6388888888888888,7.597222222222222,3.3529411764705883,6.315789473684211
0e35c0517dc67766345ae4c9,benchmark://cbench-v1/dijkstra,1,6,-loop-distribute,True,-0.984525,-2.833925,4d25c8d4301cec6a,4d25c8d4301cec6a,358,358,0.622763,0.640412,2735,2735,57,57,17,17,358,358,230,230,0,0,36,26,6,30,15,3,8,18,0,0,0,57,0,48,18,6,66,92,26,34,44,30,17,0,17,23,0,5,52,16,48,55,28,18,0,67,8,0,0,6,10,0,0,57,0,0,0,0,57,358,230,17,0,116,0,0,36,26,6,30,15,3,8,18,0,0,0,57,0,48,18,6,66,92,26,34,44,30,17,0,17,23,0,5,52,16,48,55,28,18,0,67,8,0,0,6,10,0,0,57,0,0,0,0,57,358,230,17,0,116,-0.984525,21.058823529411764,0.6424581005586593,7.639664804469274,3.3529411764705883,6.280701754385965,21.058823529411764,0.6424581005586593,7.639664804469274,3.3529411764705883,6.280701754385965
0e35c0517dc67766345ae4c9,benchmark://cbench-v1/dijkstra,1,7,-indvars,True,0.089466,-0.271836,4d25c8d4301cec6a,174dac530ad09543,358,360,0.622763,0.624456,2735,2735,57,57,17,17,358,360,230,230,0,0,36,26,6,30,15,3,8,18,0,0,0,57,0,48,18,6,66,92,26,34,44,30,17,0,17,23,0,5,52,16,48,55,28,18,0,67,8,0,0,6,10,0,0,57,0,0,0,0,57,358,230,17,0,116,0,2,36,26,6,30,15,3,8,18,0,2,0,55,2,48,18,6,66,92,26,34,44,30,17,0,17,23,0,5,52,16,48,55,28,18,0,67,8,0,2,6,10,0,0,57,0,0,0,0,57,360,230,17,2,116,0.089466,21.058823529411764,0.6424581005586593,7.639664804469274,3.3529411764705883,6.280701754385965,21.176470588235293,0.6388888888888888,7.597222222222222,3.3529411764705883,6.315789473684211
d8593fb110fce2f546aa5eb3,benchmark://cbench-v1/dijkstra,2,0,-licm,True,-1.935769,-1.870648,166b5f8b77c34083,166b5f8b77c34083,381,381,0.626877,0.638603,3254,3254,52,52,17,17,381,381,224,224,3,12,31,21,6,25,15,3,8,18,0,13,2,37,15,43,18,5,61,97,27,40,44,25,17,0,17,23,0,8,44,16,43,55,28,18,0,64,8,0,34,6,10,0,0,54,0,0,0,0,52,381,224,17,57,113,3,12,31,21,6,25,15,3,8,18,0,13,2,37,15,43,18,5,61,97,27,40,44,25,17,0,17,23,0,8,44,16,43,55,28,18,0,64,8,0,34,6,10,0,0,54,0,0,0,0,52,381,224,17,57,113,-1.935769,22.41176470588235,0.5879265091863517,8.540682414698162,3.0588235294117645,7.326923076923077,22.41176470588235,0.5879265091863517,8.540682414698162,3.0588235294117645,7.326923076923077
d8593fb110fce2f546aa5eb3,benchmark://cbench-v1/dijkstra,2,1,-loop-rotate,True,1.050115,2.137632,166b5f8b77c34083,657468b379183e7c,381,401,0.626877,0.613476,3254,3488,52,58,17,17,381,401,224,228,3,12,31,21,6,25,15,3,8,18,0,13,2,37,15,43,18,5,61,97,27,40,44,25,17,0,17,23,0,8,44,16,43,55,28,18,0,64,8,0,34,6,10,0,0,54,0,0,0,0,52,381,224,17,57,113,4,15,30,21,6,24,22,3,14,25,0,19,0,39,19,49,19,20,74,103,28,47,44,24,17,0,17,23,0,8,50,16,49,56,28,25,0,67,8,0,37,6,10,0,0,54,0,0,0,0,58,401,228,17,63,116,1.050115,22.41176470588235,0.5879265091863517,8.540682414698162,3.0588235294117645,7.326923076923077,23.58823529411765,0.5685785536159601,8.698254364089776,3.411764705882353,6.913793103448276
d8593fb110fce2f546aa5eb3,benchmark://cbench-v1/dijkstra,2,2,-loop-unroll,True,0.646737,1.596134,166b5f8b77c34083,166b5f8b77c34083,381,381,0.626877,0.616871,3254,3254,52,52,17,17,381,381,224,224,3,12,31,21,6,25,15,3,8,18,0,13,2,37,15,43,18,5,61,97,27,40,44,25,17,0,17,23,0,8,44,16,43,55,28,18,0,64,8,0,34,6,10,0,0,54,0,0,0,0,52,381,224,17,57,113,3,12,31,21,6,25,15,3,8,18,0,13,2,37,15,43,18,5,61,97,27,40,44,25,17,0,17,23,0,8,44,16,43,55,28,18,0,64,8,0,34,6,10,0,0,54,0,0,0,0,52,381,224,17,57,113,0.646737,22.41176470588235,0.5879265091863517,8.540682414698162,3.0588235294117645,7.326923076923077,22.41176470588235,0.5879265091863517,8.540682414698162,3.0588235294117645,7.326923076923077
d8593fb110fce2f546aa5eb3,benchmark://cbench-v1/dijkstra,2,3,-loop-vectorize,True,-1.367000,-1.107127,166b5f8b77c34083,166b5f8b77c34083,381,381,0.626877,0.633817,3254,3254,52,52,17,17,381,381,224,224,3,12,31,21,6,25,15,3,8,18,0,13,2,37,15,43,18,5,61,97,27,40,44,25,17,0,17,23,0,8,44,16,43,55,28,18,0,64,8,0,34,6,10,0,0,54,0,0,0,0,52,381,224,17,57,113,3,12,31,21,6,25,15,3,8,18,0,13,2,37,15,43,18,5,61,97,27,40,44,25,17,0,17,23,0,8,44,16,43,55,28,18,0,64,8,0,34,6,10,0,0,54,0,0,0,0,52,381,224,17,57,113,-1.367000,22.41176470588235,0.5879265091863517,8.540682414698162,3.0588235294117645,7.326923076923077,22.41176470588235,0.5879265091863517,8.540682414698162,3.0588235294117645,7.326923076923077
d8593fb110fce2f546aa5eb3,benchmark://cbench-v1/dijkstra,2,4,-loop-deletion,True,0.381763,1.240430,166b5f8b77c34083,166b5f8b77c34083,381,381,0.626877,0.619101,3254,3254,52,52,17,17,381,381,224,224,3,12,31,21,6,25,15,3,8,18,0,13,2,37,15,43,18,5,61,97,27,40,44,25,17,0,17,23,0,8,44,16,43,55,28,18,0,64,8,0,34,6,10,0,0,54,0,0,0,0,52,381,224,17,57,113,3,12,31,21,6,25,15,3,8,18,0,13,2,37,15,43,18,5,61,97,27,40,44,25,17,0,17,23,0,8,44,16,43,55,28,18,0,64,8,0,34,6,10,0,0,54,0,0,0,0,52,381,224,17,57,113,0.381763,22.41176470588235,0.5879265091863517,8.540682414698162,3.0588235294117645,7.326923076923077,22.41176470588235,0.5879265091863517,8.540682414698162,3.0588235294117645,7.326923076923077
d8593fb110fce2f546aa5eb3,benchmark://cbench-v1/dijkstra,2,5,-loop-unswitch,True,0.779419,1.774247,166b5f8b77c34083,166b5f8b77c34083,381,381,0.626877,0.615754,3254,3254,52,52,17,17,381,381,224,224,3,12,31,21,6,25,15,3,8,18,0,13,2,37,15,43,18,5,61,97,27,40,44,25,17,0,17,23,0,8,44,16,43,55,28,18,0,64,8,0,34,6,10,0,0,54,0,0,0,0,52,381,224,17,57,113,3,12,31,21,6,25,15,3,8,18,0,13,2,37,15,43,18,5,61,97,27,40,44,25,17,0,17,23,0,8,44,16,43,55,28,18,0,64,8,0,34,6,10,0,0,54,0,0,0,0,52,381,224,17,57,113,0.779419,22.41176470588235,0.5879265091863517,8.540682414698162,3.0588235294117645,7.326923076923077,22.41176470588235,0.5879265091863517,8.540682414698162,3.0588235294117645,7.326923076923077
d8593fb110fce2f546aa5eb3,benchmark://cbench-v1/dijkstra,2,6,-loop-distribute,True,0.148310,0.927041,166b5f8b77c34083,166b5f8b77c34083,381,381,0.626877,0.621065,3254,3254,52,52,17,17,381,381,224,224,3,12,31,21,6,25,15,3,8,18,0,13,2,37,15,43,18,5,61,97,27,40,44,25,17,0,17,23,0,8,44,16,43,55,28,18,0,64,8,0,34,6,10,0,0,54,0,0,0,0,52,381,224,17,57,113,3,12,31,21,6,25,15,3,8,18,0,13,2,37,15,43,18,5,61,97,27,40,44,25,17,0,17,23,0,8,44,16,43,55,28,18,0,64,8,0,34,6,10,0,0,54,0,0,0,0,52,381,224,17,57,113,0.148310,22.41176470588235,0.5879265091863517,8.540682414698162,3.0588235294117645,7.326923076923077,22.41176470588235,0.5879265091863517,8.540682414698162,3.0588235294117645,7.326923076923077
d8593fb110fce2f546aa5eb3,benchmark://cbench-v1/dijkstra,2,7,-indvars,True,0.296425,1.125872,166b5f8b77c34083,0024f1bf9f7ef96e,381,379,0.626877,0.619819,3254,3247,52,52,17,17,381,379,224,224,3,12,31,21,6,25,15,3,8,18,0,13,2,37,15,43,18,5,61,97,27,40,44,25,17,0,17,23,0,8,44,16,43,55,28,18,0,64,8,0,34,6,10,0,0,54,0,0,0,0,52,381,224,17,57,113,2,13,31,21,6,25,15,3,8,18,0,13,2,37,15,43,18,5,61,96,26,38,44,25,17,0,17,23,0,8,44,16,43,55,28,18,0,64,8,0,32,6,10,0,0,54,0,0,0,0,52,379,224,17,53,113,0.296425,22.41176470588235,0.5879265091863517,8.540682414698162,3.0588235294117645,7.326923076923077,22.294117647058822,0.5910290237467019,8.567282321899736,3.0588235294117645,7.288461538461538
be2ca0c67c234cbe84c874a4,benchmark://cbench-v1/jpeg-c,0,0,-licm,True,-0.445566,-3.740091,279418604d1f3237,765c5a3d0b2da471,62452,63657,0.968787,1.005021,224011,363612,5746,5776,423,423,62452,63657,44549,42181,0,45,3549,2418,983,3298,1612,661,802,1984,188,45,0,5701,45,5275,274,1207,7525,21944,6735,12180,5636,3298,1852,195,1445,2751,128,1101,4645,4530,5275,4883,9683,1998,7,19524,479,62,45,395,1356,14,174,7708,399,316,8,739,5746,62452,44549,423,93,29246,324,771,3578,2447,983,3328,1614,662,803,1984,187,792,303,4681,1095,5305,274,1178,7555,21950,6735,12183,5639,3328,1852,195,1445,2751,128,1133,4643,4530,5305,4883,9683,1998,7,17191,479,62,3592,395,1356,14,174,7673,399,316,8,735,5776,63657,42181,423,5563,26909,-0.445566,147.64066193853427,0.7133318388522385,3.58693076282585,13.583924349881796,10.868778280542987,150.48936170212767,0.6626294044645522,5.712050520759696,13.6548463356974,11.020948753462603
be2ca0c67c234cbe84c874a4,benchmark://cbench-v1/jpeg-c,0,1,-loop-rotate,True,-1.346381,-5.379136,279418604d1f3237,be63155f61941769,62452,64494,0.968787,1.020899,224011,233939,5746,6223,423,423,62452,64494,44549,45608,0,45,3549,2418,983,3298,1612,661,802,1984,188,45,0,5701,45,5275,274,1207,7525,21944,6735,12180,5636,3298,1852,195,1445,2751,128,1101,4645,4530,5275,4883,9683,1998,7,19524,479,62,45,395,1356,14,174,7708,399,316,8,739,5746,62452,44549,423,93,29246,0,45,3572,2319,1227,3322,2067,908,888,2437,187,45,0,6178,45,5752,277,2090,8455,22442,6754,12439,5647,3322,1875,199,1461,2751,129,1142,5081,4531,5752,4887,9844,2451,7,20395,482,62,45,395,1373,14,174,7731,399,316,10,748,6223,64494,45608,423,93,30144,-1.346381,147.64066193853427,0.7133318388522385,3.58693076282585,13.583924349881796,10.868778280542987,152.46808510638297,0.7071665581294384,3.6272986634415605,14.711583924349881,10.363811666398844
be2ca0c67c234cbe84c874a4,benchmark://cbench-v1/jpeg-c,0,2,-loop-unroll,True,1.666214,0.102318,279418604d1f3237,a5cd9fa02f6165d7,62452,62482,0.968787,0.967796,224011,224219,5746,5776,423,423,62452,62482,44549,44549,0,45,3549,2418,983,3298,1612,661,802,1984,188,45,0,5701,45,5275,274,1207,7525,21944,6735,12180,5636,3298,1852,195,1445,2751,128,1101,4645,4530,5275,4883,9683,1998,7,19524,479,62,45,395,1356,14,174,7708,399,316,8,739,5746,62452,44549,423,93,29246,0,45,3578,2447,983,3328,1614,662,803,1984,187,45,0,5731,45,5305,274,1178,7555,21944,6735,12180,5636,3328,1852,195,1445,2751,128,1101,4675,4530,5305,4883,9683,1998,7,19524,479,62,45,395,1356,14,174,7708,399,316,8,739,5776,62482,44549,423,93,29246,1.666214,147.64066193853427,0.7133318388522385,3.58693076282585,13.583924349881796,10.868778280542987,147.7115839243499,0.7129893409301878,3.588537498799654,13.6548463356974,10.817520775623269
be2ca0c67c234cbe84c874a4,benchmark://cbench-v1/jpeg-c,0,3,-loop-vectorize,True,-1.432657,-5.536116,279418604d1f3237,a5cd9fa02f6165d7,62452,62482,0.968787,1.022420,224011,224219,5746,5776,423,423,62452,62482,44549,44549,0,45,3549,2418,983,3298,1612,661,802,1984,188,45,0,5701,45,5275,274,1207,7525,21944,6735,12180,5636,3298,1852,195,1445,2751,128,1101,4645,4530,5275,4883,9683,1998,7,19524,479,62,45,395,1356,14,174,7708,399,316,8,739,5746,62452,44549,423,93,29246,0,45,3578,2447,983,3328,1614,662,803,1984,187,45,0,5731,45,5305,274,1178,7555,21944,6735,12180,5636,3328,1852,195,1445,2751,128,1101,4675,4530,5305,4883,9683,1998,7,19524,479,62,45,395,1356,14,174,7708,399,316,8,739,5776,62482,44549,423,93,29246,-1.432657,147.64066193853427,0.7133318388522385,3.58693076282585,13.583924349881796,10.868778280542987,147.7115839243499,0.7129893409301878,3.588537498799654,13.6548463356974,10.817520775623269
be2ca0c67c234cbe84c874a4,benchmark://cbench-v1/jpeg-c,0,4,-loop-deletion,True,0.298598,-2.386076,279418604d1f3237,a5cd9fa02f6165d7,62452,62482,0.968787,0.991903,224011,224219,5746,5776,423,423,62452,62482,44549,44549,0,45,3549,2418,983,3298,1612,661,802,1984,188,45,0,5701,45,5275,274,1207,7525,21944,6735,12180,5636,3298,1852,195,1445,2751,128,1101,4645,4530,5275,4883,9683,1998,7,19524,479,62,45,395,1356,14,174,7708,399,316,8,739,5746,62452,44549,423,93,29246,0,45,3578,2447,983,3328,1614,662,803,1984,187,45,0,5731,45,5305,274,1178,7555,21944,6735,12180,5636,3328,1852,195,1445,2751,128,1101,4675,4530,5305,4883,9683,1998,7,19524,479,62,45,395,1356,14,174,7708,399,316,8,739,5776,62482,44549,423,93,29246,0.298598,147.64066193853427,0.7133318388522385,3.58693076282585,13.583924349881796,10.868778280542987,147.7115839243499,0.7129893409301878,3.588537498799654,13.6548463356974,10.817520775623269
be2ca0c67c234cbe84c874a4,benchmark://cbench-v1/jpeg-c,0,5,-loop-unswitch,True,0.565074,-1.901219,279418604d1f3237,a5cd9fa02f6165d7,62452,62482,0.968787,0.987206,224011,224219,5746,5776,423,423,62452,62482,44549,44549,0,45,3549,2418,983,3298,1612,661,802,1984,188,45,0,5701,45,5275,274,1207,7525,21944,6735,12180,5636,3298,1852,195,1445,2751,128,1101,4645,4530,5275,4883,9683,1998,7,19524,479,62,45,395,1356,14,174,7708,399,316,8,739,5746,62452,44549,423,93,29246,0,45,3578,2447,983,3328,1614,662,803,1984,187,45,0,5731,45,5305,274,1178,7555,21944,6735,12180,5636,3328,1852,195,1445,2751,128,1101,4675,4530,5305,4883,9683,1998,7,19524,479,62,45,395,1356,14,174,7708,399,316,8,739,5776,62482,44549,423,93,29246,0.565074,147.64066193853427,0.7133318388522385,3.58693076282585,13.583924349881796,10.868778280542987,147.7115839243499,0.7129893409301878,3.588537498799654,13.6548463356974,10.817520775623269
be2ca0c67c234cbe84c874a4,benchmark://cbench-v1/jpeg-c,0,6,-loop-distribute,True,-0.157698,-3.216312,279418604d1f3237,8653bf54fce8c1eb,62452,62452,0.968787,0.999946,224011,224011,5746,5746,423,423,62452,62452,44549,44549,0,45,3549,2418,983,3298,1612,661,802,1984,188,45,0,5701,45,5275,274,1207,7525,21944,6735,12180,5636,3298,1852,195,1445,2751,128,1101,4645,4530,5275,4883,9683,1998,7,19524,479,62,45,395,1356,14,174,7708,399,316,8,739,5746,62452,44549,423,93,29246,0,45,3549,2418,983,3298,1612,661,802,1984,188,45,0,5701,45,5275,274,1207,7525,21944,6735,12180,5636,3298,1852,195,1445,2751,128,1101,4645,4530,5275,4883,9683,1998,7,19524,479,62,45,395,1356,14,174,7708,399,316,8,739,5746,62452,44549,423,93,29246,-0.157698,147.64066193853427,0.7133318388522385,3.58693076282585,13.583924349881796,10.868778280542987,147.64066193853427,0.7133318388522385,3.58693076282585,13.583924349881796,10.868778280542987
be2ca0c67c234cbe84c874a4,benchmark://cbench-v1/jpeg-c,0,7,-indvars,True,0.852417,-1.378395,279418604d1f3237,432785ada864a96b,62452,62482,0.968787,0.982141,224011,224219,5746,5776,423,423,62452,62482,44549,44549,0,45,3549,2418,983,3298,1612,661,802,1984,188,45,0,5701,45,5275,274,1207,7525,21944,6735,12180,5636,3298,1852,195,1445,2751,128,1101,4645,4530,5275,4883,9683,1998,7,19524,479,62,45,395,1356,14,174,7708,399,316,8,739,5746,62452,44549,423,93,29246,0,45,3578,2447,983,3328,1614,662,803,1984,187,45,0,5731,45,5305,274,1178,7555,21944,6735,12180,5636,3328,1852,195,1445,2751,128,1101,4675,4530,5305,4883,9683,1998,7,19524,479,62,45,395,1356,14,174,7708,399,316,8,739,5776,62482,44549,423,93,29246,0.852417,147.64066193853427,0.7133318388522385,3.58693076282585,13.583924349881796,10.868778280542987,147.7115839243499,0.7129893409301878,3.588537498799654,13.6548463356974,10.817520775623269
c99e956039e9f6f26d795b1b,benchmark://cbench-v1/jpeg-c,1,0,-licm,True,0.054820,2.042712,4a881041ba76c1c3,d8b5e2c1847cd954,46665,50908,1.034631,1.013497,251545,391828,5746,5776,423,423,46665,50908,31101,31164,0,45,3549,2418,983,3298,1612,661,802,1984,188,45,0,5701,45,5275,274,1207,7525,18652,6242,9555,5411,3298,1787,190,1424,2751,128,790,4956,2733,5275,4880,7635,1964,7,8126,447,62,45,395,1023,14,162,7709,383,300,8,666,5746,46665,31101,423,93,15629,360,801,3578,2447,983,3328,1614,662,803,1984,187,811,350,4615,1161,5305,274,1178,7555,18662,6244,9560,5418,3328,1787,190,1424,2751,128,870,4906,2734,5305,4880,7637,1964,7,8310,447,62,4198,395,1023,14,162,7586,383,300,8,662,5776,50908,31164,423,6410,15810,0.054820,110.31914893617021,0.6664738026358085,5.390442515804136,13.583924349881796,8.121301775147929,120.34988179669031,0.6121631177810953,7.696786359707708,13.6548463356974,8.813711911357341
c99e956039e9f6f26d795b1b,benchmark://cbench-v1/jpeg-c,1,1,-loop-rotate,True,0.898221,4.417671,4a881041ba76c1c3,786ea3b4c009877e,46665,49076,1.034631,0.988925,251545,281302,5746,6223,423,423,46665,49076,31101,31840,0,45,3549,2418,983,3298,1612,661,802,1984,188,45,0,5701,45,5275,274,1207,7525,18652,6242,9555,5411,3298,1787,190,1424,2751,128,790,4956,2733,5275,4880,7635,1964,7,8126,447,62,45,395,1023,14,162,7709,383,300,8,666,5746,46665,31101,423,93,15629,6,642,3572,2319,1227,3322,2067,908,888,2437,187,646,2,5575,648,5752,277,2090,8455,18945,6258,9705,5419,3322,1807,194,1439,2751,129,828,5395,2734,5752,4884,7692,2417,7,8781,447,62,742,395,1037,14,162,7732,383,300,10,674,6223,49076,31840,423,1373,16307,0.898221,110.31914893617021,0.6664738026358085,5.390442515804136,13.583924349881796,8.121301775147929,116.01891252955083,0.6487896324068791,5.7319667454560275,14.711583924349881,7.886228507150892
c99e956039e9f6f26d795b1b,benchmark://cbench-v1/jpeg-c,1,2,-loop-unroll,True,-0.126453,1.532258,4a881041ba76c1c3,f0a481696880b0aa,46665,46821,1.034631,1.018778,251545,253881,5746,5776,423,423,46665,46821,31101,31101,0,45,3549,2418,983,3298,1612,661,802,1984,188,45,0,5701,45,5275,274,1207,7525,18652,6242,9555,5411,3298,1787,190,1424,2751,128,790,4956,2733,5275,4880,7635,1964,7,8126,447,62,45,395,1023,14,162,7709,383,300,8,666,5746,46665,31101,423,93,15629,0,136,3578,2447,983,3328,1614,662,803,1984,187,135,1,5640,136,5305,274,1178,7555,18652,6242,9555,5411,3328,1787,190,1424,2751,128,791,4985,2733,5305,4880,7635,1964,7,8126,447,62,171,395,1023,14,162,7709,383,300,8,666,5776,46821,31101,423,224,15629,-0.126453,110.31914893617021,0.6664738026358085,5.390442515804136,13.583924349881796,8.121301775147929,110.68794326241135,0.6642532197091049,5.422374575510989,13.6548463356974,8.106128808864266
c99e956039e9f6f26d795b1b,benchmark://cbench-v1/jpeg-c,1,3,-loop-vectorize,True,-0.639263,0.088218,4a881041ba76c1c3,eeeb61ff2b09e6e7,46665,46782,1.034631,1.033719,251545,253273,5746,5776,423,423,46665,46782,31101,31101,0,45,3549,2418,983,3298,1612,661,802,1984,188,45,0,5701,45,5275,274,1207,7525,18652,6242,9555,5411,3298,1787,190,1424,2751,128,790,4956,2733,5275,4880,7635,1964,7,8126,447,62,45,395,1023,14,162,7709,383,300,8,666,5746,46665,31101,423,93,15629,0,109,3578,2447,983,3328,1614,662,803,1984,187,108,1,5667,109,5305,274,1178,7555,18652,6242,9555,5411,3328,1787,190,1424,2751,128,791,4985,2733,5305,4880,7635,1964,7,8126,447,62,132,395,1023,14,162,7709,383,300,8,666,5776,46782,31101,423,184,15629,-0.639263,110.31914893617021,0.6664738026358085,5.390442515804136,13.583924349881796,8.121301775147929,110.59574468085107,0.6648069770424522,5.413898507973152,13.6548463356974,8.09937673130194
c99e956039e9f6f26d795b1b,benchmark://cbench-v1/jpeg-c,1,4,-loop-deletion,True,-0.361707,0.869799,4a881041ba76c1c3,525ae2b162170f77,46665,46821,1.034631,1.025632,251545,253881,5746,5776,423,423,46665,46821,31101,31101,0,45,3549,2418,983,3298,1612,661,802,1984,188,45,0,5701,45,5275,274,1207,7525,18652,6242,9555,5411,3298,1787,190,1424,2751,128,790,4956,2733,5275,4880,7635,1964,7,8126,447,62,45,395,1023,14,162,7709,383,300,8,666,5746,46665,31101,423,93,15629,0,136,3578,2447,983,3328,1614,662,803,1984,187,135,1,5640,136,5305,274,1178,7555,18652,6242,9555,5411,3328,1787,190,1424,2751,128,791,4985,2733,5305,4880,7635,1964,7,8126,447,62,171,395,1023,14,162,7709,383,300,8,666,5776,46821,31101,423,224,15629,-0.361707,110.31914893617021,0.6664738026358085,5.390442515804136,13.583924349881796,8.121301775147929,110.68794326241135,0.6642532197091049,5.422374575510989,13.6548463356974,8.106128808864266
c99e956039e9f6f26d795b1b,benchmark://cbench-v1/jpeg-c,1,5,-loop-unswitch,True,1.710940,6.706234,4a881041ba76c1c3,6d94d1b735c40aff,46665,47873,1.034631,0.965247,251545,261609,5746,6046,423,423,46665,47873,31101,31667,0,45,3549,2418,983,3298,1612,661,802,1984,188,45,0,5701,45,5275,274,1207,7525,18652,6242,9555,5411,3298,1787,190,1424,2751,128,790,4956,2733,5275,4880,7635,1964,7,8126,447,62,45,395,1023,14,162,7709,383,300,8,666,5746,46665,31101,423,93,15629,0,152,3761,2598,1020,3507,1697,694,849,2075,191,151,1,5894,152,5575,278,1214,7916,18994,6310,9806,5485,3507,1822,190,1461,2751,129,805,5241,2766,5575,4917,7826,2022,8,8331,452,62,187,395,1050,14,162,7842,393,304,8,688,6046,47873,31667,423,252,15920,1.710940,110.31914893617021,0.6664738026358085,5.390442515804136,13.583924349881796,8.121301775147929,113.17494089834516,0.661479330729221,5.464646042654524,14.293144208037825,7.918127687727423
c99e956039e9f6f26d795b1b,benchmark://cbench-v1/jpeg-c,1,6,-loop-distribute,True,-1.892311,-3.440281,4a881041ba76c1c3,4a881041ba76c1c3,46665,46665,1.034631,1.070226,251545,251545,5746,5746,423,423,46665,46665,31101,31101,0,45,3549,2418,983,3298,1612,661,802,1984,188,45,0,5701,45,5275,274,1207,7525,18652,6242,9555,5411,3298,1787,190,1424,2751,128,790,4956,2733,5275,4880,7635,1964,7,8126,447,62,45,395,1023,14,162,7709,383,300,8,666,5746,46665,31101,423,93,15629,0,45,3549,2418,983,3298,1612,661,802,1984,188,45,0,5701,45,5275,274,1207,7525,18652,6242,9555,5411,3298,1787,190,1424,2751,128,790,4956,2733,5275,4880,7635,1964,7,8126,447,62,45,395,1023,14,162,7709,383,300,8,666,5746,46665,31101,423,93,15629,-1.892311,110.31914893617021,0.6664738026358085,5.390442515804136,13.583924349881796,8.121301775147929,110.31914893617021,0.6664738026358085,5.390442515804136,13.583924349881796,8.121301775147929
c99e956039e9f6f26d795b1b,benchmark://cbench-v1/jpeg-c,1,7,-indvars,True,0.355753,2.890119,4a881041ba76c1c3,a7b42e0b6ce08222,46665,46820,1.034631,1.004729,251545,253721,5746,5776,423,423,46665,46820,31101,31104,0,45,3549,2418,983,3298,1612,661,802,1984,188,45,0,5701,45,5275,274,1207,7525,18652,6242,9555,5411,3298,1787,190,1424,2751,128,790,4956,2733,5275,4880,7635,1964,7,8126,447,62,45,395,1023,14,162,7709,383,300,8,666,5746,46665,31101,423,93,15629,0,133,3578,2447,983,3328,1614,662,803,1984,187,132,1,5643,133,5305,274,1178,7555,18655,6245,9558,5411,3328,1787,190,1424,2751,128,791,4985,2733,5305,4880,7638,1964,7,8126,447,62,166,395,1024,14,162,7709,383,300,8,666,5776,46820,31104,423,219,15630,0.355753,110.31914893617021,0.6664738026358085,5.390442515804136,13.583924349881796,8.121301775147929,110.68557919621749,0.6643314822725331,5.419073045706963,13.6548463356974,8.10595567867036
02117dd9460330f573bd9618,benchmark://cbench-v1/jpeg-c,2,0,-licm,True,0.371811,0.649700,da832a7e43f51542,6cb056cc1f225f76,49439,49428,1.008635,1.002082,410284,410092,5284,5284,423,423,49439,49428,29121,29121,523,1010,3086,1999,940,2836,1614,627,837,1984,187,1044,489,3751,1533,4813,274,1141,7063,18842,6247,9790,5517,2836,1807,190,1440,2751,128,850,4434,2672,4813,4880,7314,1963,7,6513,490,62,5327,395,1014,14,122,7663,379,300,8,656,5284,49439,29121,423,9244,13936,523,1007,3086,1999,940,2836,1614,627,837,1984,187,1043,487,3754,1530,4813,274,1141,7063,18842,6247,9790,5517,2836,1807,190,1440,2751,128,850,4434,2673,4813,4880,7314,1963,7,6513,490,62,5315,395,1014,14,122,7663,379,300,8,656,5284,49428,29121,423,9232,13937,0.371811,116.87706855791963,0.5890289043063168,8.298792451303626,12.491725768321514,9.356358819076457,116.85106382978724,0.5891599902889051,8.29675487577891,12.491725768321514,9.354277062831189
02117dd9460330f573bd9618,benchmark://cbench-v1/jpeg-c,2,1,-loop-rotate,True,2.214140,6.930502,da832a7e43f51542,57fa9b81b1660cd4,49439,50610,1.008635,0.938732,410284,426574,5284,5503,423,423,49439,50610,29121,29307,523,1010,3086,1999,940,2836,1614,627,837,1984,187,1044,489,3751,1533,4813,274,1141,7063,18842,6247,9790,5517,2836,1807,190,1440,2751,128,850,4434,2672,4813,4880,7314,1963,7,6513,490,62,5327,395,1014,14,122,7663,379,300,8,656,5284,49439,29121,423,9244,13936,605,1204,2966,2069,843,2716,1953,538,1172,2323,187,1301,508,3694,1809,5032,277,1939,7621,19170,6269,10080,5535,2716,1822,190,1455,2751,128,907,4596,2673,5032,4884,7343,2302,7,6653,490,62,5722,395,1024,14,122,7676,379,300,10,660,5503,50610,29307,423,10044,14091,2.214140,116.87706855791963,0.5890289043063168,8.298792451303626,12.491725768321514,9.356358819076457,119.64539007092199,0.5790752815649082,8.428650464335112,13.009456264775414,9.196801744502999
02117dd9460330f573bd9618,benchmark://cbench-v1/jpeg-c,2,2,-loop-unroll,True,-0.488150,-2.282047,da832a7e43f51542,73b433064e30309c,49439,50834,1.008635,1.031653,410284,417716,5284,5574,423,423,49439,50834,29121,30072,523,1010,3086,1999,940,2836,1614,627,837,1984,187,1044,489,3751,1533,4813,274,1141,7063,18842,6247,9790,5517,2836,1807,190,1440,2751,128,850,4434,2672,4813,4880,7314,1963,7,6513,490,62,5327,395,1014,14,122,7663,379,300,8,656,5284,49439,29121,423,9244,13936,515,1004,3364,2196,998,3052,1626,646,822,2027,187,1032,487,4055,1519,5072,278,1182,7365,18962,6968,10244,5634,3052,1854,196,1465,2751,134,854,4720,2680,5072,4923,7749,1975,7,6655,498,68,5283,395,1021,14,124,7994,381,310,8,692,5574,50834,30072,423,9139,14169,-0.488150,116.87706855791963,0.5890289043063168,8.298792451303626,12.491725768321514,9.356358819076457,120.17494089834516,0.5915725695400716,8.217256167132234,13.177304964539006,9.11984212414783
02117dd9460330f573bd9618,benchmark://cbench-v1/jpeg-c,2,3,-loop-vectorize,True,0.223871,0.145347,da832a7e43f51542,da832a7e43f51542,49439,49439,1.008635,1.007169,410284,410284,5284,5284,423,423,49439,49439,29121,29121,523,1010,3086,1999,940,2836,1614,627,837,1984,187,1044,489,3751,1533,4813,274,1141,7063,18842,6247,9790,5517,2836,1807,190,1440,2751,128,850,4434,2672,4813,4880,7314,1963,7,6513,490,62,5327,395,1014,14,122,7663,379,300,8,656,5284,49439,29121,423,9244,13936,523,1010,3086,1999,940,2836,1614,627,837,1984,187,1044,489,3751,1533,4813,274,1141,7063,18842,6247,9790,5517,2836,1807,190,1440,2751,128,850,4434,2672,4813,4880,7314,1963,7,6513,490,62,5327,395,1014,14,122,7663,379,300,8,656,5284,49439,29121,423,9244,13936,0.223871,116.87706855791963,0.5890289043063168,8.298792451303626,12.491725768321514,9.356358819076457,116.87706855791963,0.5890289043063168,8.298792451303626,12.491725768321514,9.356358819076457
02117dd9460330f573bd9618,benchmark://cbench-v1/jpeg-c,2,4,-loop-deletion,True,-0.386805,-1.936546,da832a7e43f51542,da832a7e43f51542,49439,49439,1.008635,1.028168,410284,410284,5284,5284,423,423,49439,49439,29121,29121,523,1010,3086,1999,940,2836,1614,627,837,1984,187,1044,489,3751,1533,4813,274,1141,7063,18842,6247,9790,5517,2836,1807,190,1440,2751,128,850,4434,2672,4813,4880,7314,1963,7,6513,490,62,5327,395,1014,14,122,7663,379,300,8,656,5284,49439,29121,423,9244,13936,523,1010,3086,1999,940,2836,1614,627,837,1984,187,1044,489,3751,1533,4813,274,1141,7063,18842,6247,9790,5517,2836,1807,190,1440,2751,128,850,4434,2672,4813,4880,7314,1963,7,6513,490,62,5327,395,1014,14,122,7663,379,300,8,656,5284,49439,29121,423,9244,13936,-0.386805,116.87706855791963,0.5890289043063168,8.298792451303626,12.491725768321514,9.356358819076457,116.87706855791963,0.5890289043063168,8.298792451303626,12.491725768321514,9.356358819076457
02117dd9460330f573bd9618,benchmark://cbench-v1/jpeg-c,2,5,-loop-unswitch,True,-0.534673,-2.440653,da832a7e43f51542,ca90b46e822c6ddb,49439,50954,1.008635,1.033253,410284,431492,5284,5595,423,423,49439,50954,29121,29595,523,1010,3086,1999,940,2836,1614,627,837,1984,187,1044,489,3751,1533,4813,274,1141,7063,18842,6247,9790,5517,2836,1807,190,1440,2751,128,850,4434,2672,4813,4880,7314,1963,7,6513,490,62,5327,395,1014,14,122,7663,379,300,8,656,5284,49439,29121,423,9244,13936,581,1073,3289,2160,987,3035,1718,669,894,2096,191,1106,548,3941,1654,5124,278,1180,7486,19132,6333,10029,5596,3035,1852,190,1492,2751,129,863,4732,2692,5124,4923,7472,2035,8,6696,498,62,5826,395,1049,14,123,7753,388,305,8,681,5595,50954,29595,423,10119,14204,-0.534673,116.87706855791963,0.5890289043063168,8.298792451303626,12.491725768321514,9.356358819076457,120.45862884160756,0.5808179926992975,8.468265494367468,13.22695035460993,9.107059874888293
02117dd9460330f573bd9618,benchmark://cbench-v1/jpeg-c,2,6,-loop-distribute,True,0.092104,-0.303866,da832a7e43f51542,da832a7e43f51542,49439,49439,1.008635,1.011700,410284,410284,5284,5284,423,423,49439,49439,29121,29121,523,1010,3086,1999,940,2836,1614,627,837,1984,187,1044,489,3751,1533,4813,274,1141,7063,18842,6247,9790,5517,2836,1807,190,1440,2751,128,850,4434,2672,4813,4880,7314,1963,7,6513,490,62,5327,395,1014,14,122,7663,379,300,8,656,5284,49439,29121,423,9244,13936,523,1010,3086,1999,940,2836,1614,627,837,1984,187,1044,489,3751,1533,4813,274,1141,7063,18842,6247,9790,5517,2836,1807,190,1440,2751,128,850,4434,2672,4813,4880,7314,1963,7,6513,490,62,5327,395,1014,14,122,7663,379,300,8,656,5284,49439,29121,423,9244,13936,0.092104,116.87706855791963,0.5890289043063168,8.298792451303626,12.491725768321514,9.356358819076457,116.87706855791963,0.5890289043063168,8.298792451303626,12.491725768321514,9.356358819076457
02117dd9460330f573bd9618,benchmark://cbench-v1/jpeg-c,2,7,-indvars,True,-1.492298,-5.705353,da832a7e43f51542,87ba958a1b29b540,49439,49633,1.008635,1.066182,410284,417131,5284,5284,423,423,49439,49633,29121,29119,523,1010,3086,1999,940,2836,1614,627,837,1984,187,1044,489,3751,1533,4813,274,1141,7063,18842,6247,9790,5517,2836,1807,190,1440,2751,128,850,4434,2672,4813,4880,7314,1963,7,6513,490,62,5327,395,1014,14,122,7663,379,300,8,656,5284,49439,29121,423,9244,13936,516,1007,3086,1999,940,2836,1614,627,837,1984,187,1053,470,3761,1523,4813,274,1141,7063,18279,6852,9773,5554,2836,1859,190,1497,2751,128,850,4434,2673,4813,4880,7316,1963,7,6509,492,62,5228,395,936,14,123,7663,379,597,8,671,5284,49633,29119,423,9085,14167,-1.492298,116.87706855791963,0.5890289043063168,8.298792451303626,12.491725768321514,9.356358819076457,117.33569739952719,0.5866862772752,8.4043076179155,12.491725768321514,9.393073429220287
5e55544c9385fe58406714f1,benchmark://cbench-v1/bzip2,0,0,-licm,True,-2.382073,-2.927414,28b8313d444ad26a,3b0a61d4efa7dd5f,28748,29226,1.009892,1.039456,122613,154107,3311,3330,153,153,28748,29226,19304,19047,0,16,2242,1401,769,1872,856,422,378,1248,102,16,0,3295,16,3117,309,704,4529,9201,2218,5042,2319,1872,1452,51,1053,773,151,396,2912,926,3117,1647,4146,1294,104,9363,30,98,16,101,782,17,147,3375,279,172,36,940,3311,28748,19304,153,32,12966,55,333,2250,1409,769,1891,872,435,380,1248,97,344,44,2942,388,3136,309,696,4548,9203,2218,5042,2321,1891,1452,51,1053,773,151,394,2933,926,3136,1647,4146,1294,104,9003,30,98,742,101,782,17,147,3478,279,172,36,930,3330,29226,19047,153,1123,12596,-2.382073,187.8954248366013,0.6714901906219564,4.265096702379296,21.640522875816995,8.682573240712776,191.01960784313727,0.651714227058099,5.272941901047013,21.764705882352942,8.776576576576577
5e55544c9385fe58406714f1,benchmark://cbench-v1/bzip2,0,1,-loop-rotate,True,0.117736,0.411645,28b8313d444ad26a,2e9f208f3aa936e9,28748,29429,1.009892,1.005735,122613,126134,3311,3474,153,153,28748,29429,19304,19613,0,16,2242,1401,769,1872,856,422,378,1248,102,16,0,3295,16,3117,309,704,4529,9201,2218,5042,2319,1872,1452,51,1053,773,151,396,2912,926,3117,1647,4146,1294,104,9363,30,98,16,101,782,17,147,3375,279,172,36,940,3311,28748,19304,153,32,12966,0,16,2239,1335,847,1880,1027,522,433,1403,97,16,0,3458,16,3280,310,1017,4847,9314,2236,5108,2327,1880,1465,58,1053,773,156,414,3057,926,3280,1648,4182,1449,104,9635,30,98,16,101,808,17,149,3375,281,173,37,950,3474,29429,19613,153,32,13275,0.117736,187.8954248366013,0.6714901906219564,4.265096702379296,21.640522875816995,8.682573240712776,192.34640522875816,0.6664514594447654,4.286044377994496,22.705882352941178,8.471214738054117
5e55544c9385fe58406714f1,benchmark://cbench-v1/bzip2,0,2,-loop-unroll,True,-0.260819,-0.094001,28b8313d444ad26a,6c8ec806114e8ae0,28748,28767,1.009892,1.010842,122613,122661,3311,3330,153,153,28748,28767,19304,19304,0,16,2242,1401,769,1872,856,422,378,1248,102,16,0,3295,16,3117,309,704,4529,9201,2218,5042,2319,1872,1452,51,1053,773,151,396,2912,926,3117,1647,4146,1294,104,9363,30,98,16,101,782,17,147,3375,279,172,36,940,3311,28748,19304,153,32,12966,0,16,2250,1409,769,1891,872,435,380,1248,97,16,0,3314,16,3136,309,696,4548,9201,2218,5042,2319,1891,1452,51,1053,773,151,396,2931,926,3136,1647,4146,1294,104,9363,30,98,16,101,782,17,147,3375,279,172,36,940,3330,28767,19304,153,32,12966,-0.260819,187.8954248366013,0.6714901906219564,4.265096702379296,21.640522875816995,8.682573240712776,188.01960784313727,0.6710466854381757,4.263948274064032,21.764705882352942,8.63873873873874
5e55544c9385fe58406714f1,benchmark://cbench-v1/bzip2,0,3,-loop-vectorize,True,0.563979,1.007703,28b8313d444ad26a,6c8ec806114e8ae0,28748,28767,1.009892,0.999716,122613,122661,3311,3330,153,153,28748,28767,19304,19304,0,16,2242,1401,769,1872,856,422,378,1248,102,16,0,3295,16,3117,309,704,4529,9201,2218,5042,2319,1872,1452,51,1053,773,151,396,2912,926,3117,1647,4146,1294,104,9363,30,98,16,101,782,17,147,3375,279,172,36,940,3311,28748,19304,153,32,12966,0,16,2250,1409,769,1891,872,435,380,1248,97,16,0,3314,16,3136,309,696,4548,9201,2218,5042,2319,1891,1452,51,1053,773,151,396,2931,926,3136,1647,4146,1294,104,9363,30,98,16,101,782,17,147,3375,279,172,36,940,3330,28767,19304,153,32,12966,0.563979,187.8954248366013,0.6714901906219564,4.265096702379296,21.640522875816995,8.682573240712776,188.01960784313727,0.6710466854381757,4.263948274064032,21.764705882352942,8.63873873873874
5e55544c9385fe58406714f1,benchmark://cbench-v1/bzip2,0,4,-loop-deletion,True,0.580913,1.030322,28b8313d444ad26a,6c8ec806114e8ae0,28748,28767,1.009892,0.999487,122613,122661,3311,3330,153,153,28748,28767,19304,19304,0,16,2242,1401,769,1872,856,422,378,1248,102,16,0,3295,16,3117,309,704,4529,9201,2218,5042,2319,1872,1452,51,1053,773,151,396,2912,926,3117,1647,4146,1294,104,9363,30,98,16,101,782,17,147,3375,279,172,36,940,3311,28748,19304,153,32,12966,0,16,2250,1409,769,1891,872,435,380,1248,97,16,0,3314,16,3136,309,696,4548,9201,2218,5042,2319,1891,1452,51,1053,773,151,396,2931,926,3136,1647,4146,1294,104,9363,30,98,16,101,782,17,147,3375,279,172,36,940,3330,28767,19304,153,32,12966,0.580913,187.8954248366013,0.6714901906219564,4.265096702379296,21.640522875816995,8.682573240712776,188.01960784313727,0.6710466854381757,4.263948274064032,21.764705882352942,8.63873873873874
5e55544c9385fe58406714f1,benchmark://cbench-v1/bzip2,0,5,-loop-unswitch,True,-0.200720,-0.013725,28b8313d444ad26a,6c8ec806114e8ae0,28748,28767,1.009892,1.010031,122613,122661,3311,3330,153,153,28748,28767,19304,19304,0,16,2242,1401,769,1872,856,422,378,1248,102,16,0,3295,16,3117,309,704,4529,9201,2218,5042,2319,1872,1452,51,1053,773,151,396,2912,926,3117,1647,4146,1294,104,9363,30,98,16,101,782,17,147,3375,279,172,36,940,3311,28748,19304,153,32,12966,0,16,2250,1409,769,1891,872,435,380,1248,97,16,0,3314,16,3136,309,696,4548,9201,2218,5042,2319,1891,1452,51,1053,773,151,396,2931,926,3136,1647,4146,1294,104,9363,30,98,16,101,782,17,147,3375,279,172,36,940,3330,28767,19304,153,32,12966,-0.200720,187.8954248366013,0.6714901906219564,4.265096702379296,21.640522875816995,8.682573240712776,188.01960784313727,0.6710466854381757,4.263948274064032,21.764705882352942,8.63873873873874
5e55544c9385fe58406714f1,benchmark://cbench-v1/bzip2,0,6,-loop-distribute,True,0.404317,0.794439,28b8313d444ad26a,222d84e0877aa779,28748,28748,1.009892,1.001869,122613,122613,3311,3311,153,153,28748,28748,19304,19304,0,16,2242,1401,769,1872,856,422,378,1248,102,16,0,3295,16,3117,309,704,4529,9201,2218,5042,2319,1872,1452,51,1053,773,151,396,2912,926,3117,1647,4146,1294,104,9363,30,98,16,101,782,17,147,3375,279,172,36,940,3311,28748,19304,153,32,12966,0,16,2242,1401,769,1872,856,422,378,1248,102,16,0,3295,16,3117,309,704,4529,9201,2218,5042,2319,1872,1452,51,1053,773,151,396,2912,926,3117,1647,4146,1294,104,9363,30,98,16,101,782,17,147,3375,279,172,36,940,3311,28748,19304,153,32,12966,0.404317,187.8954248366013,0.6714901906219564,4.265096702379296,21.640522875816995,8.682573240712776,187.8954248366013,0.6714901906219564,4.265096702379296,21.640522875816995,8.682573240712776
5e55544c9385fe58406714f1,benchmark://cbench-v1/bzip2,0,7,-indvars,True,1.176667,1.826086,28b8313d444ad26a,6c8ec806114e8ae0,28748,28767,1.009892,0.991451,122613,122661,3311,3330,153,153,28748,28767,19304,19304,0,16,2242,1401,769,1872,856,422,378,1248,102,16,0,3295,16,3117,309,704,4529,9201,2218,5042,2319,1872,1452,51,1053,773,151,396,2912,926,3117,1647,4146,1294,104,9363,30,98,16,101,782,17,147,3375,279,172,36,940,3311,28748,19304,153,32,12966,0,16,2250,1409,769,1891,872,435,380,1248,97,16,0,3314,16,3136,309,696,4548,9201,2218,5042,2319,1891,1452,51,1053,773,151,396,2931,926,3136,1647,4146,1294,104,9363,30,98,16,101,782,17,147,3375,279,172,36,940,3330,28767,19304,153,32,12966,1.176667,187.8954248366013,0.6714901906219564,4.265096702379296,21.640522875816995,8.682573240712776,188.01960784313727,0.6710466854381757,4.263948274064032,21.764705882352942,8.63873873873874
3165480f8761fd38fb79eee1,benchmark://cbench-v1/bzip2,1,0,-licm,True,0.621286,3.940495,8883346ec62a8bcc,314f5415d583001c,21387,22680,1.020269,0.980065,129948,163774,3311,3330,153,153,21387,22680,12992,12994,0,16,2242,1401,769,1872,856,422,378,1248,102,16,0,3295,16,3117,308,704,4529,7127,1919,3505,2244,1872,1365,41,1026,773,141,237,3071,486,3117,1647,2883,1252,104,4320,25,98,16,101,615,17,144,3369,212,170,36,664,3311,21387,12992,153,32,7038,86,444,2250,1409,769,1891,872,435,380,1248,97,439,91,2800,530,3136,308,696,4548,7129,1919,3505,2246,1891,1365,41,1026,773,141,285,3042,486,3136,1647,2883,1252,104,4265,25,98,1288,101,615,17,144,3426,212,170,36,664,3330,22680,12994,153,1867,6983,0.621286,139.7843137254902,0.6074718286809744,6.076027493337074,21.640522875816995,6.459377831470855,148.23529411764707,0.5729276895943562,7.221075837742505,21.764705882352942,6.8108108108108105
3165480f8761fd38fb79eee1,benchmark://cbench-v1/bzip2,1,1,-loop-rotate,True,-0.156479,2.028543,8883346ec62a8bcc,086e72891c3ee864,21387,22470,1.020269,0.999572,129948,140958,3311,3480,153,153,21387,22470,12992,13255,0,16,2242,1401,769,1872,856,422,378,1248,102,16,0,3295,16,3117,308,704,4529,7127,1919,3505,2244,1872,1365,41,1026,773,141,237,3071,486,3117,1647,2883,1252,104,4320,25,98,16,101,615,17,144,3369,212,170,36,664,3311,21387,12992,153,32,7038,6,298,2242,1335,850,1883,1030,525,433,1406,97,301,3,3176,304,3286,312,1020,4856,7227,1934,3565,2251,1883,1377,48,1029,773,146,303,3174,486,3286,1651,2913,1410,104,4549,25,98,452,101,641,17,146,3369,216,171,37,672,3480,22470,13255,153,670,7302,-0.156479,139.7843137254902,0.6074718286809744,6.076027493337074,21.640522875816995,6.459377831470855,146.86274509803923,0.5898976412995105,6.273164218958612,22.745098039215687,6.456896551724138
3165480f8761fd38fb79eee1,benchmark://cbench-v1/bzip2,1,2,-loop-unroll,True,0.301898,3.155354,8883346ec62a8bcc,0572b7cbcb967c33,21387,21654,1.020269,0.988076,129948,132532,3311,3330,153,153,21387,21654,12992,12992,0,16,2242,1401,769,1872,856,422,378,1248,102,16,0,3295,16,3117,308,704,4529,7127,1919,3505,2244,1872,1365,41,1026,773,141,237,3071,486,3117,1647,2883,1252,104,4320,25,98,16,101,615,17,144,3369,212,170,36,664,3311,21387,12992,153,32,7038,2,135,2250,1409,769,1891,872,435,380,1248,97,134,3,3193,137,3136,308,696,4548,7127,1919,3505,2244,1891,1365,41,1026,773,141,278,3049,486,3136,1647,2883,1252,104,4320,25,98,264,101,615,17,144,3369,212,170,36,664,3330,21654,12992,153,294,7038,0.301898,139.7843137254902,0.6074718286809744,6.076027493337074,21.640522875816995,6.459377831470855,141.52941176470588,0.5999815276623257,6.120439641636649,21.764705882352942,6.5027027027027025
3165480f8761fd38fb79eee1,benchmark://cbench-v1/bzip2,1,3,-loop-vectorize,True,0.058568,2.557185,8883346ec62a8bcc,2916f5e3def1cf51,21387,21644,1.020269,0.994178,129948,132324,3311,3330,153,153,21387,21644,12992,12992,0,16,2242,1401,769,1872,856,422,378,1248,102,16,0,3295,16,3117,308,704,4529,7127,1919,3505,2244,1872,1365,41,1026,773,141,237,3071,486,3117,1647,2883,1252,104,4320,25,98,16,101,615,17,144,3369,212,170,36,664,3311,21387,12992,153,32,7038,2,126,2250,1409,769,1891,872,435,380,1248,97,125,3,3202,128,3136,308,696,4548,7127,1919,3505,2244,1891,1365,41,1026,773,141,278,3049,486,3136,1647,2883,1252,104,4320,25,98,254,101,615,17,144,3369,212,170,36,664,3330,21644,12992,153,278,7038,0.058568,139.7843137254902,0.6074718286809744,6.076027493337074,21.640522875816995,6.459377831470855,141.4640522875817,0.6002587322121604,6.113657364627611,21.764705882352942,6.4996996996997
3165480f8761fd38fb79eee1,benchmark://cbench-v1/bzip2,1,4,-loop-deletion,True,0.481196,3.596116,8883346ec62a8bcc,d85da96a0b6efc97,21387,21654,1.020269,0.983579,129948,132532,3311,3330,153,153,21387,21654,12992,12992,0,16,2242,1401,769,1872,856,422,378,1248,102,16,0,3295,16,3117,308,704,4529,7127,1919,3505,2244,1872,1365,41,1026,773,141,237,3071,486,3117,1647,2883,1252,104,4320,25,98,16,101,615,17,144,3369,212,170,36,664,3311,21387,12992,153,32,7038,2,135,2250,1409,769,1891,872,435,380,1248,97,134,3,3193,137,3136,308,696,4548,7127,1919,3505,2244,1891,1365,41,1026,773,141,278,3049,486,3136,1647,2883,1252,104,4320,25,98,264,101,615,17,144,3369,212,170,36,664,3330,21654,12992,153,294,7038,0.481196,139.7843137254902,0.6074718286809744,6.076027493337074,21.640522875816995,6.459377831470855,141.52941176470588,0.5999815276623257,6.120439641636649,21.764705882352942,6.5027027027027025
3165480f8761fd38fb79eee1,benchmark://cbench-v1/bzip2,1,5,-loop-unswitch,True,0.561302,3.793037,8883346ec62a8bcc,8bb7b0a5fc04b5d6,21387,21759,1.020269,0.981569,129948,133524,3311,3396,153,153,21387,21759,12992,13028,0,16,2242,1401,769,1872,856,422,378,1248,102,16,0,3295,16,3117,308,704,4529,7127,1919,3505,2244,1872,1365,41,1026,773,141,237,3071,486,3117,1647,2883,1252,104,4320,25,98,16,101,615,17,144,3369,212,170,36,664,3311,21387,12992,153,32,7038,2,135,2292,1441,779,1942,896,454,382,1260,97,134,3,3259,137,3199,308,696,4638,7178,1919,3526,2260,1942,1365,41,1026,773,141,278,3115,486,3199,1647,2898,1255,104,4329,25,98,264,101,615,17,144,3381,212,170,36,664,3396,21759,13028,153,294,7047,0.561302,139.7843137254902,0.6074718286809744,6.076027493337074,21.640522875816995,6.459377831470855,142.2156862745098,0.5987407509536283,6.13649524334758,22.19607843137255,6.407243816254417
3165480f8761fd38fb79eee1,benchmark://cbench-v1/bzip2,1,6,-loop-distribute,True,-2.546965,-3.847902,8883346ec62a8bcc,8883346ec62a8bcc,21387,21387,1.020269,1.059528,129948,129948,3311,3311,153,153,21387,21387,12992,12992,0,16,2242,1401,769,1872,856,422,378,1248,102,16,0,3295,16,3117,308,704,4529,7127,1919,3505,2244,1872,1365,41,1026,773,141,237,3071,486,3117,1647,2883,1252,104,4320,25,98,16,101,615,17,144,3369,212,170,36,664,3311,21387,12992,153,32,7038,0,16,2242,1401,769,1872,856,422,378,1248,102,16,0,3295,16,3117,308,704,4529,7127,1919,3505,2244,1872,1365,41,1026,773,141,237,3071,486,3117,1647,2883,1252,104,4320,25,98,16,101,615,17,144,3369,212,170,36,664,3311,21387,12992,153,32,7038,-2.546965,139.7843137254902,0.6074718286809744,6.076027493337074,21.640522875816995,6.459377831470855,139.7843137254902,0.6074718286809744,6.076027493337074,21.640522875816995,6.459377831470855
3165480f8761fd38fb79eee1,benchmark://cbench-v1/bzip2,1,7,-indvars,True,0.679194,4.082847,8883346ec62a8bcc,e28dc7ff385338a0,21387,21654,1.020269,0.978613,129948,132500,3311,3330,153,153,21387,21654,12992,12992,0,16,2242,1401,769,1872,856,422,378,1248,102,16,0,3295,16,3117,308,704,4529,7127,1919,3505,2244,1872,1365,41,1026,773,141,237,3071,486,3117,1647,2883,1252,104,4320,25,98,16,101,615,17,144,3369,212,170,36,664,3311,21387,12992,153,32,7038,2,135,2250,1409,769,1891,872,435,380,1248,97,134,3,3193,137,3136,308,696,4548,7127,1919,3505,2244,1891,1365,41,1026,773,141,278,3049,487,3136,1647,2883,1252,104,4320,25,98,263,101,615,17,144,3369,212,170,36,664,3330,21654,12992,153,293,7039,0.679194,139.7843137254902,0.6074718286809744,6.076027493337074,21.640522875816995,6.459377831470855,141.52941176470588,0.5999815276623257,6.118961854622703,21.764705882352942,6.5027027027027025
b37284f09979d0058e1ed8d2,benchmark://cbench-v1/bzip2,2,0,-licm,True,-0.258376,-4.500043,d78e0cfadd791356,6bb40dd55ca76a31,21049,22661,1.047240,1.094366,199809,229423,3081,3098,153,153,21049,22661,11736,12018,111,425,2012,1253,687,1642,856,346,454,1248,102,468,68,2545,536,2887,308,645,4299,7191,1896,3523,2364,1642,1347,39,1014,773,141,273,2805,479,2887,1647,2683,1198,104,3264,24,98,1272,101,597,17,142,3369,201,170,36,663,3081,21049,11736,153,4716,5956,227,647,2017,1258,687,1660,875,358,460,1247,95,669,205,2224,874,2904,308,638,4315,7179,1894,3514,2362,1660,1347,39,1014,773,141,304,2791,479,2904,1647,2675,1198,104,3435,24,99,2584,101,593,17,142,3488,201,174,36,663,3098,22661,12018,153,6361,6127,-0.258376,137.5751633986928,0.557556178440781,9.492564967456886,20.137254901960784,6.831872768581629,148.11111111111111,0.5303384669696836,10.124133974670139,20.248366013071895,7.314719173660426
b37284f09979d0058e1ed8d2,benchmark://cbench-v1/bzip2,2,1,-loop-rotate,True,-1.597620,-9.155475,d78e0cfadd791356,c7f175461e2afe7b,21049,22624,1.047240,1.143119,199809,221416,3081,3246,153,153,21049,22624,11736,11942,111,425,2012,1253,687,1642,856,346,454,1248,102,468,68,2545,536,2887,308,645,4299,7191,1896,3523,2364,1642,1347,39,1014,773,141,273,2805,479,2887,1647,2683,1198,104,3264,24,98,1272,101,597,17,142,3369,201,170,36,663,3081,21049,11736,153,4716,5956,237,638,1981,1305,613,1622,1057,291,700,1433,97,757,118,2371,875,3052,316,1046,4649,7472,1910,3696,2394,1622,1360,46,1017,773,146,312,2931,479,3052,1657,2765,1384,104,3369,24,99,2230,101,620,17,144,3378,205,171,37,676,3246,22624,11942,153,6043,6098,-1.597620,137.5751633986928,0.557556178440781,9.492564967456886,20.137254901960784,6.831872768581629,147.86928104575162,0.5278465346534653,9.786775106082036,21.215686274509803,6.969808995686999
b37284f09979d0058e1ed8d2,benchmark://cbench-v1/bzip2,2,2,-loop-unroll,True,0.059240,-3.395956,d78e0cfadd791356,a90016b9fb6f8158,21049,21956,1.047240,1.082804,199809,209049,3081,3159,153,153,21049,21956,11736,11980,111,425,2012,1253,687,1642,856,346,454,1248,102,468,68,2545,536,2887,308,645,4299,7191,1896,3523,2364,1642,1347,39,1014,773,141,273,2805,479,2887,1647,2683,1198,104,3264,24,98,1272,101,597,17,142,3369,201,170,36,663,3081,21049,11736,153,4716,5956,133,607,2083,1316,691,1718,870,358,455,1246,95,642,98,2419,740,2961,308,637,4371,7347,1976,3619,2367,1718,1371,39,1016,773,141,283,2873,479,2961,1647,2759,1193,104,3280,30,99,1804,101,593,17,142,3521,201,178,36,671,3159,21956,11980,153,5244,5992,0.059240,137.5751633986928,0.557556178440781,9.492564967456886,20.137254901960784,6.831872768581629,143.5032679738562,0.5456367280014575,9.521269812351976,20.647058823529413,6.950300728078506
b37284f09979d0058e1ed8d2,benchmark://cbench-v1/bzip2,2,3,-loop-vectorize,True,0.418563,-2.146889,d78e0cfadd791356,065d011fdea581ac,21049,21516,1.047240,1.069723,199809,205167,3081,3098,153,153,21049,21516,11736,11736,111,425,2012,1253,687,1642,856,346,454,1248,102,468,68,2545,536,2887,308,645,4299,7191,1896,3523,2364,1642,1347,39,1014,773,141,273,2805,479,2887,1647,2683,1198,104,3264,24,98,1272,101,597,17,142,3369,201,170,36,663,3081,21049,11736,153,4716,5956,127,599,2017,1258,687,1660,875,358,460,1247,95,638,88,2372,726,2904,308,638,4315,7191,1896,3523,2364,1660,1347,39,1014,773,141,283,2812,479,2904,1647,2683,1198,104,3264,24,99,1721,101,597,17,142,3369,201,170,36,663,3098,21516,11736,153,5147,5956,0.418563,137.5751633986928,0.557556178440781,9.492564967456886,20.137254901960784,6.831872768581629,140.62745098039215,0.5454545454545454,9.535554935861684,20.248366013071895,6.945125887669464
b37284f09979d0058e1ed8d2,benchmark://cbench-v1/bzip2,2,4,-loop-deletion,True,-1.032749,-7.191889,d78e0cfadd791356,cccca9c91408e727,21049,21608,1.047240,1.122556,199809,207167,3081,3098,153,153,21049,21608,11736,11736,111,425,2012,1253,687,1642,856,346,454,1248,102,468,68,2545,536,2887,308,645,4299,7191,1896,3523,2364,1642,1347,39,1014,773,141,273,2805,479,2887,1647,2683,1198,104,3264,24,98,1272,101,597,17,142,3369,201,170,36,663,3081,21049,11736,153,4716,5956,134,612,2017,1258,687,1660,875,358,460,1247,95,648,98,2352,746,2904,308,638,4315,7191,1896,3523,2364,1660,1347,39,1014,773,141,284,2811,479,2904,1647,2683,1198,104,3264,24,99,1813,101,597,17,142,3369,201,170,36,663,3098,21608,11736,153,5261,5956,-1.032749,137.5751633986928,0.557556178440781,9.492564967456886,20.137254901960784,6.831872768581629,141.22875816993465,0.5431321732691595,9.58751388374676,20.248366013071895,6.974822466107166
b37284f09979d0058e1ed8d2,benchmark://cbench-v1/bzip2,2,5,-loop-unswitch,True,0.077108,-3.333843,d78e0cfadd791356,a8e2c76dc748c939,21049,21713,1.047240,1.082153,199809,208191,3081,3164,153,153,21049,21713,11736,11766,111,425,2012,1253,687,1642,856,346,454,1248,102,468,68,2545,536,2887,308,645,4299,7191,1896,3523,2364,1642,1347,39,1014,773,141,273,2805,479,2887,1647,2683,1198,104,3264,24,98,1272,101,597,17,142,3369,201,170,36,663,3081,21049,11736,153,4716,5956,134,618,2059,1290,697,1711,899,377,462,1259,95,654,98,2412,752,2967,308,638,4405,7242,1896,3541,2377,1711,1347,39,1014,773,141,284,2877,479,2967,1647,2695,1201,104,3270,24,99,1819,101,597,17,142,3381,201,170,36,663,3164,21713,11766,153,5273,5962,0.077108,137.5751633986928,0.557556178440781,9.492564967456886,20.137254901960784,6.831872768581629,141.91503267973857,0.5418873485930088,9.588311150002303,20.679738562091504,6.86251580278129
b37284f09979d0058e1ed8d2,benchmark://cbench-v1/bzip2,2,6,-loop-distribute,True,0.328395,-2.460329,d78e0cfadd791356,d78e0cfadd791356,21049,21049,1.047240,1.073005,199809,199809,3081,3081,153,153,21049,21049,11736,11736,111,425,2012,1253,687,1642,856,346,454,1248,102,468,68,2545,536,2887,308,645,4299,7191,1896,3523,2364,1642,1347,39,1014,773,141,273,2805,479,2887,1647,2683,1198,104,3264,24,98,1272,101,597,17,142,3369,201,170,36,663,3081,21049,11736,153,4716,5956,111,425,2012,1253,687,1642,856,346,454,1248,102,468,68,2545,536,2887,308,645,4299,7191,1896,3523,2364,1642,1347,39,1014,773,141,273,2805,479,2887,1647,2683,1198,104,3264,24,98,1272,101,597,17,142,3369,201,170,36,663,3081,21049,11736,153,4716,5956,0.328395,137.5751633986928,0.557556178440781,9.492564967456886,20.137254901960784,6.831872768581629,137.5751633986928,0.557556178440781,9.492564967456886,20.137254901960784,6.831872768581629
b37284f09979d0058e1ed8d2,benchmark://cbench-v1/bzip2,2,7,-indvars,True,2.005439,3.369353,d78e0cfadd791356,b33bc33037f5cb89,21049,21754,1.047240,1.011955,199809,209416,3081,3098,153,153,21049,21754,11736,11728,111,425,2012,1253,687,1642,856,346,454,1248,102,468,68,2545,536,2887,308,645,4299,7191,1896,3523,2364,1642,1347,39,1014,773,141,273,2805,479,2887,1647,2683,1198,104,3264,24,98,1272,101,597,17,142,3369,201,170,36,663,3081,21049,11736,153,4716,5956,134,611,2017,1258,687,1660,875,358,460,1247,95,649,96,2353,745,2904,308,638,4315,6980,2107,3516,2365,1660,1356,39,1026,773,141,291,2804,480,2904,1647,2675,1198,104,3264,24,99,1808,101,564,17,142,3369,203,343,36,667,3098,21754,11728,153,5255,6101,2.005439,137.5751633986928,0.557556178440781,9.492564967456886,20.137254901960784,6.831872768581629,142.18300653594773,0.5391192424381723,9.62655143881585,20.248366013071895,7.0219496449322145
408c8cd3ab2c5062b2e7a3d8,benchmark://cbench-v1/tiff2rgba,0,0,-licm,True,-1.530476,3.122251,dab55cad09e3e574,0fadb89bda2d4a9b,58661,59323,0.243852,0.236238,380691,441765,7160,7187,414,414,58661,59323,38442,37889,0,347,4677,3308,1164,4417,1867,924,758,2165,241,347,0,6813,347,6550,509,1373,9620,18024,3992,7642,4883,4417,2358,110,1122,2511,493,898,6260,3032,6550,3674,7381,2178,77,17375,292,587,347,374,836,32,455,7501,515,457,10,1939,7160,58661,38442,414,698,26377,106,769,4698,3329,1164,4444,1877,930,762,2165,237,785,90,6312,875,6577,509,1352,9647,18029,3992,7643,4885,4444,2358,110,1122,2511,493,876,6310,3032,6577,3674,7381,2178,77,16721,292,587,1545,374,836,32,455,7602,515,457,10,1929,7187,59323,37889,414,2562,25713,-1.530476,141.69323671497585,0.6553246620412199,6.489677980259457,17.294685990338163,8.192877094972067,143.29227053140096,0.6386898841933145,7.446774438244863,17.35990338164251,8.25420898845137
408c8cd3ab2c5062b2e7a3d8,benchmark://cbench-v1/tiff2rgba,0,1,-loop-rotate,True,-0.674198,6.831884,dab55cad09e3e574,cc83a140052dcd8f,58661,59623,0.243852,0.227192,380691,385769,7160,7397,414,414,58661,59623,38442,38838,0,347,4677,3308,1164,4417,1867,924,758,2165,241,347,0,6813,347,6550,509,1373,9620,18024,3992,7642,4883,4417,2358,110,1122,2511,493,898,6260,3032,6550,3674,7381,2178,77,17375,292,587,347,374,836,32,455,7501,515,457,10,1939,7160,58661,38442,414,698,26377,0,347,4694,3299,1249,4440,2091,1032,815,2379,237,347,0,7050,347,6787,510,1784,10071,18227,4029,7771,4891,4440,2435,110,1185,2511,499,934,6461,3032,6787,3675,7397,2392,77,17685,292,587,347,374,854,32,455,7570,520,458,12,1954,7397,59623,38838,414,698,26723,-0.674198,141.69323671497585,0.6553246620412199,6.489677980259457,17.294685990338163,8.192877094972067,144.0169082125604,0.6513929188400449,6.470137363098133,17.867149758454108,8.060429904015141
408c8cd3ab2c5062b2e7a3d8,benchmark://cbench-v1/tiff2rgba,0,2,-loop-unroll,True,1.213895,15.011621,dab55cad09e3e574,820bf1036b862353,58661,58688,0.243852,0.207246,380691,380851,7160,7187,414,414,58661,58688,38442,38442,0,347,4677,3308,1164,4417,1867,924,758,2165,241,347,0,6813,347,6550,509,1373,9620,18024,3992,7642,4883,4417,2358,110,1122,2511,493,898,6260,3032,6550,3674,7381,2178,77,17375,292,587,347,374,836,32,455,7501,515,457,10,1939,7160,58661,38442,414,698,26377,0,347,4698,3329,1164,4444,1877,930,762,2165,237,347,0,6840,347,6577,509,1352,9647,18024,3992,7642,4883,4444,2358,110,1122,2511,493,898,6287,3032,6577,3674,7381,2178,77,17375,292,587,347,374,836,32,455,7501,515,457,10,1939,7187,58688,38442,414,698,26377,1.213895,141.69323671497585,0.6553246620412199,6.489677980259457,17.294685990338163,8.192877094972067,141.7584541062802,0.655023173391494,6.4894186205016355,17.35990338164251,8.165855016001114
408c8cd3ab2c5062b2e7a3d8,benchmark://cbench-v1/tiff2rgba,0,3,-loop-vectorize,True,0.770407,13.090309,dab55cad09e3e574,820bf1036b862353,58661,58688,0.243852,0.211931,380691,380851,7160,7187,414,414,58661,58688,38442,38442,0,347,4677,3308,1164,4417,1867,924,758,2165,241,347,0,6813,347,6550,509,1373,9620,18024,3992,7642,4883,4417,2358,110,1122,2511,493,898,6260,3032,6550,3674,7381,2178,77,17375,292,587,347,374,836,32,455,7501,515,457,10,1939,7160,58661,38442,414,698,26377,0,347,4698,3329,1164,4444,1877,930,762,2165,237,347,0,6840,347,6577,509,1352,9647,18024,3992,7642,4883,4444,2358,110,1122,2511,493,898,6287,3032,6577,3674,7381,2178,77,17375,292,587,347,374,836,32,455,7501,515,457,10,1939,7187,58688,38442,414,698,26377,0.770407,141.69323671497585,0.6553246620412199,6.489677980259457,17.294685990338163,8.192877094972067,141.7584541062802,0.655023173391494,6.4894186205016355,17.35990338164251,8.165855016001114
408c8cd3ab2c5062b2e7a3d8,benchmark://cbench-v1/tiff2rgba,0,4,-loop-deletion,True,-0.070186,9.448631,dab55cad09e3e574,820bf1036b862353,58661,58688,0.243852,0.220811,380691,380851,7160,7187,414,414,58661,58688,38442,38442,0,347,4677,3308,1164,4417,1867,924,758,2165,241,347,0,6813,347,6550,509,1373,9620,18024,3992,7642,4883,4417,2358,110,1122,2511,493,898,6260,3032,6550,3674,7381,2178,77,17375,292,587,347,374,836,32,455,7501,515,457,10,1939,7160,58661,38442,414,698,26377,0,347,4698,3329,1164,4444,1877,930,762,2165,237,347,0,6840,347,6577,509,1352,9647,18024,3992,7642,4883,4444,2358,110,1122,2511,493,898,6287,3032,6577,3674,7381,2178,77,17375,292,587,347,374,836,32,455,7501,515,457,10,1939,7187,58688,38442,414,698,26377,-0.070186,141.69323671497585,0.6553246620412199,6.489677980259457,17.294685990338163,8.192877094972067,141.7584541062802,0.655023173391494,6.4894186205016355,17.35990338164251,8.165855016001114
408c8cd3ab2c5062b2e7a3d8,benchmark://cbench-v1/tiff2rgba,0,5,-loop-unswitch,True,0.991459,14.047968,dab55cad09e3e574,820bf1036b862353,58661,58688,0.243852,0.209596,380691,380851,7160,7187,414,414,58661,58688,38442,38442,0,347,4677,3308,1164,4417,1867,924,758,2165,241,347,0,6813,347,6550,509,1373,9620,18024,3992,7642,4883,4417,2358,110,1122,2511,493,898,6260,3032,6550,3674,7381,2178,77,17375,292,587,347,374,836,32,455,7501,515,457,10,1939,7160,58661,38442,414,698,26377,0,347,4698,3329,1164,4444,1877,930,762,2165,237,347,0,6840,347,6577,509,1352,9647,18024,3992,7642,4883,4444,2358,110,1122,2511,493,898,6287,3032,6577,3674,7381,2178,77,17375,292,587,347,374,836,32,455,7501,515,457,10,1939,7187,58688,38442,414,698,26377,0.991459,141.69323671497585,0.6553246620412199,6.489677980259457,17.294685990338163,8.192877094972067,141.7584541062802,0.655023173391494,6.4894186205016355,17.35990338164251,8.165855016001114
408c8cd3ab2c5062b2e7a3d8,benchmark://cbench-v1/tiff2rgba,0,6,-loop-distribute,True,-1.325767,4.009105,dab55cad09e3e574,cf5f88cadf8b812a,58661,58661,0.243852,0.234075,380691,380691,7160,7160,414,414,58661,58661,38442,38442,0,347,4677,3308,1164,4417,1867,924,758,2165,241,347,0,6813,347,6550,509,1373,9620,18024,3992,7642,4883,4417,2358,110,1122,2511,493,898,6260,3032,6550,3674,7381,2178,77,17375,292,587,347,374,836,32,455,7501,515,457,10,1939,7160,58661,38442,414,698,26377,0,347,4677,3308,1164,4417,1867,924,758,2165,241,347,0,6813,347,6550,509,1373,9620,18024,3992,7642,4883,4417,2358,110,1122,2511,493,898,6260,3032,6550,3674,7381,2178,77,17375,292,587,347,374,836,32,455,7501,515,457,10,1939,7160,58661,38442,414,698,26377,-1.325767,141.69323671497585,0.6553246620412199,6.489677980259457,17.294685990338163,8.192877094972067,141.69323671497585,0.6553246620412199,6.489677980259457,17.294685990338163,8.192877094972067
408c8cd3ab2c5062b2e7a3d8,benchmark://cbench-v1/tiff2rgba,0,7,-indvars,True,0.624867,12.459791,dab55cad09e3e574,5f00b7e8ee304c0e,58661,58688,0.243852,0.213468,380691,380851,7160,7187,414,414,58661,58688,38442,38442,0,347,4677,3308,1164,4417,1867,924,758,2165,241,347,0,6813,347,6550,509,1373,9620,18024,3992,7642,4883,4417,2358,110,1122,2511,493,898,6260,3032,6550,3674,7381,2178,77,17375,292,587,347,374,836,32,455,7501,515,457,10,1939,7160,58661,38442,414,698,26377,0,347,4698,3329,1164,4444,1877,930,762,2165,237,347,0,6840,347,6577,509,1352,9647,18024,3992,7642,4883,4444,2358,110,1122,2511,493,897,6288,3032,6577,3674,7381,2178,77,17375,292,587,347,374,836,32,455,7501,515,457,10,1939,7187,58688,38442,414,698,26377,0.624867,141.69323671497585,0.6553246620412199,6.489677980259457,17.294685990338163,8.192877094972067,141.7584541062802,0.655023173391494,6.4894186205016355,17.35990338164251,8.165855016001114
19c5e283e6418aa86a4b4f29,benchmark://cbench-v1/tiff2rgba,1,0,-licm,True,0.063356,11.528369,9c48ab362eea7041,1e5161792dc29c54,46496,48027,0.264459,0.233971,400354,445139,7160,7187,414,414,46496,48027,28237,28175,0,347,4677,3308,1164,4417,1867,924,758,2165,241,347,0,6813,347,6550,509,1373,9620,16405,3562,6375,4773,4417,2245,108,1014,2511,492,547,6612,1892,6550,3674,6161,2135,77,8430,269,582,347,374,589,30,452,7461,488,421,10,1628,7160,46496,28237,414,698,15686,133,863,4698,3329,1164,4444,1877,930,762,2165,237,865,131,6191,996,6577,509,1352,9647,16410,3562,6376,4775,4444,2245,108,1014,2511,492,559,6627,1892,6577,3674,6161,2135,77,8338,269,582,1924,374,589,30,452,7491,481,421,10,1624,7187,48027,28175,414,3048,15590,0.063356,112.30917874396135,0.6072995526496903,8.610504129387474,17.294685990338163,6.4938547486033515,116.0072463768116,0.5866491765048827,9.268515626626689,17.35990338164251,6.682482259635453
19c5e283e6418aa86a4b4f29,benchmark://cbench-v1/tiff2rgba,1,1,-loop-rotate,True,-2.042990,-6.520634,9c48ab362eea7041,265a5033089cb3b1,46496,47812,0.264459,0.281703,400354,414901,7160,7399,414,414,46496,47812,28237,28582,0,347,4677,3308,1164,4417,1867,924,758,2165,241,347,0,6813,347,6550,509,1373,9620,16405,3562,6375,4773,4417,2245,108,1014,2511,492,547,6612,1892,6550,3674,6161,2135,77,8430,269,582,347,374,589,30,452,7461,488,421,10,1628,7160,46496,28237,414,698,15686,1,658,4695,3300,1249,4441,2092,1033,815,2380,237,658,1,6740,659,6789,511,1785,10074,16599,3599,6500,4779,4441,2321,108,1078,2511,498,597,6801,1892,6789,3677,6173,2350,77,8689,269,582,750,374,606,30,452,7532,492,422,12,1643,7399,47812,28582,414,1329,15980,-2.042990,112.30917874396135,0.6072995526496903,8.610504129387474,17.294685990338163,6.4938547486033515,115.487922705314,0.5977997155525809,8.677758721659835,17.8719806763285,6.461954318151101
19c5e283e6418aa86a4b4f29,benchmark://cbench-v1/tiff2rgba,1,2,-loop-unroll,True,0.821462,18.024477,9c48ab362eea7041,868308eff09252b9,46496,46708,0.264459,0.216791,400354,403954,7160,7187,414,414,46496,46708,28237,28237,0,347,4677,3308,1164,4417,1867,924,758,2165,241,347,0,6813,347,6550,509,1373,9620,16405,3562,6375,4773,4417,2245,108,1014,2511,492,547,6612,1892,6550,3674,6161,2135,77,8430,269,582,347,374,589,30,452,7461,488,421,10,1628,7160,46496,28237,414,698,15686,0,477,4698,3329,1164,4444,1877,930,762,2165,237,476,1,6710,477,6577,509,1352,9647,16405,3562,6375,4773,4444,2245,108,1014,2511,492,549,6637,1892,6577,3674,6161,2135,77,8430,269,582,532,374,589,30,452,7461,488,421,10,1628,7187,46708,28237,414,893,15686,0.821462,112.30917874396135,0.6072995526496903,8.610504129387474,17.294685990338163,6.4938547486033515,112.82125603864735,0.6045431189517856,8.64849704547401,17.35990338164251,6.498956449144289
19c5e283e6418aa86a4b4f29,benchmark://cbench-v1/tiff2rgba,1,3,-loop-vectorize,True,0.582258,15.974776,9c48ab362eea7041,829a448f8983c818,46496,46660,0.264459,0.222212,400354,402866,7160,7187,414,414,46496,46660,28237,28237,0,347,4677,3308,1164,4417,1867,924,758,2165,241,347,0,6813,347,6550,509,1373,9620,16405,3562,6375,4773,4417,2245,108,1014,2511,492,547,6612,1892,6550,3674,6161,2135,77,8430,269,582,347,374,589,30,452,7461,488,421,10,1628,7160,46496,28237,414,698,15686,0,437,4698,3329,1164,4444,1877,930,762,2165,237,436,1,6750,437,6577,509,1352,9647,16405,3562,6375,4773,4444,2245,108,1014,2511,492,549,6637,1892,6577,3674,6161,2135,77,8430,269,582,484,374,589,30,452,7461,488,421,10,1628,7187,46660,28237,414,838,15686,0.582258,112.30917874396135,0.6072995526496903,8.610504129387474,17.294685990338163,6.4938547486033515,112.70531400966183,0.6051650235747964,8.634076296613802,17.35990338164251,6.492277723667733
19c5e283e6418aa86a4b4f29,benchmark://cbench-v1/tiff2rgba,1,4,-loop-deletion,True,0.505040,15.313100,9c48ab362eea7041,868308eff09252b9,46496,46708,0.264459,0.223962,400354,403954,7160,7187,414,414,46496,46708,28237,28237,0,347,4677,3308,1164,4417,1867,924,758,2165,241,347,0,6813,347,6550,509,1373,9620,16405,3562,6375,4773,4417,2245,108,1014,2511,492,547,6612,1892,6550,3674,6161,2135,77,8430,269,582,347,374,589,30,452,7461,488,421,10,1628,7160,46496,28237,414,698,15686,0,477,4698,3329,1164,4444,1877,930,762,2165,237,476,1,6710,477,6577,509,1352,9647,16405,3562,6375,4773,4444,2245,108,1014,2511,492,549,6637,1892,6577,3674,6161,2135,77,8430,269,582,532,374,589,30,452,7461,488,421,10,1628,7187,46708,28237,414,893,15686,0.505040,112.30917874396135,0.6072995526496903,8.610504129387474,17.294685990338163,6.4938547486033515,112.82125603864735,0.6045431189517856,8.64849704547401,17.35990338164251,6.498956449144289
19c5e283e6418aa86a4b4f29,benchmark://cbench-v1/tiff2rgba,1,5,-loop-unswitch,True,0.622102,16.316194,9c48ab362eea7041,c2b0fd547367f637,46496,47496,0.264459,0.221309,400354,408810,7160,7398,414,414,46496,47496,28237,28592,0,347,4677,3308,1164,4417,1867,924,758,2165,241,347,0,6813,347,6550,509,1373,9620,16405,3562,6375,4773,4417,2245,108,1014,2511,492,547,6612,1892,6550,3674,6161,2135,77,8430,269,582,347,374,589,30,452,7461,488,421,10,1628,7160,46496,28237,414,698,15686,0,482,4833,3427,1196,4587,1950,974,785,2222,240,481,1,6916,482,6776,512,1402,9944,16555,3609,6435,4817,4587,2277,108,1049,2511,499,551,6846,1902,6776,3702,6231,2168,77,8585,275,588,537,374,621,30,452,7563,509,447,10,1658,7398,47496,28592,414,903,15944,0.622102,112.30917874396135,0.6072995526496903,8.610504129387474,17.294685990338163,6.4938547486033515,114.72463768115942,0.6019875357924878,8.607251136937847,17.869565217391305,6.4201135442011354
19c5e283e6418aa86a4b4f29,benchmark://cbench-v1/tiff2rgba,1,6,-loop-distribute,True,-1.279196,0.024220,9c48ab362eea7041,9c48ab362eea7041,46496,46496,0.264459,0.264395,400354,400354,7160,7160,414,414,46496,46496,28237,28237,0,347,4677,3308,1164,4417,1867,924,758,2165,241,347,0,6813,347,6550,509,1373,9620,16405,3562,6375,4773,4417,2245,108,1014,2511,492,547,6612,1892,6550,3674,6161,2135,77,8430,269,582,347,374,589,30,452,7461,488,421,10,1628,7160,46496,28237,414,698,15686,0,347,4677,3308,1164,4417,1867,924,758,2165,241,347,0,6813,347,6550,509,1373,9620,16405,3562,6375,4773,4417,2245,108,1014,2511,492,547,6612,1892,6550,3674,6161,2135,77,8430,269,582,347,374,589,30,452,7461,488,421,10,1628,7160,46496,28237,414,698,15686,-1.279196,112.30917874396135,0.6072995526496903,8.610504129387474,17.294685990338163,6.4938547486033515,112.30917874396135,0.6072995526496903,8.610504129387474,17.294685990338163,6.4938547486033515
19c5e283e6418aa86a4b4f29,benchmark://cbench-v1/tiff2rgba,1,7,-indvars,True,0.727967,17.223337,9c48ab362eea7041,866580ba1f139928,46496,46708,0.264459,0.218910,400354,403970,7160,7187,414,414,46496,46708,28237,28237,0,347,4677,3308,1164,4417,1867,924,758,2165,241,347,0,6813,347,6550,509,1373,9620,16405,3562,6375,4773,4417,2245,108,1014,2511,492,547,6612,1892,6550,3674,6161,2135,77,8430,269,582,347,374,589,30,452,7461,488,421,10,1628,7160,46496,28237,414,698,15686,0,477,4698,3329,1164,4444,1877,930,762,2165,237,476,1,6710,477,6577,509,1352,9647,16405,3562,6375,4773,4444,2245,108,1014,2511,492,549,6637,1892,6577,3674,6161,2135,77,8430,269,582,531,374,590,30,452,7461,488,421,10,1628,7187,46708,28237,414,892,15687,0.727967,112.30917874396135,0.6072995526496903,8.610504129387474,17.294685990338163,6.4938547486033515,112.82125603864735,0.6045431189517856,8.648839599212126,17.35990338164251,6.498956449144289
70ecf944e9340eadbdfa468e,benchmark://cbench-v1/tiff2rgba,2,0,-licm,True,-1.274200,-8.702800,0161a4245a429894,4037da548cf6005a,48575,48571,0.255726,0.277981,562940,562844,6419,6419,414,414,48575,48571,26040,26040,451,1441,3929,2654,1086,3676,1878,847,830,2165,237,1525,367,4527,1892,5809,509,1274,8879,16871,3602,6585,5013,3676,2288,108,1085,2511,489,618,5800,1881,5809,3674,5898,2132,75,6451,267,582,5394,374,588,30,452,7506,437,419,10,1602,6419,48575,26040,414,10589,13667,451,1441,3929,2654,1086,3676,1878,847,830,2165,237,1525,367,4527,1892,5809,509,1274,8879,16871,3602,6585,5013,3676,2288,108,1085,2511,489,618,5800,1881,5809,3674,5898,2132,75,6451,267,582,5390,374,588,30,452,7506,437,419,10,1602,6419,48571,26040,414,10585,13667,-1.274200,117.33091787439614,0.5360782295419454,11.589089037570767,15.504830917874395,7.567378096276679,117.32125603864735,0.5361223775503902,11.588066953531943,15.504830917874395,7.566754946253311
70ecf944e9340eadbdfa468e,benchmark://cbench-v1/tiff2rgba,2,1,-loop-rotate,True,-1.798198,-11.329938,0161a4245a429894,7efb6fd54deb18eb,48575,49647,0.255726,0.284699,562940,582594,6419,6604,414,414,48575,49647,26040,26139,451,1441,3929,2654,1086,3676,1878,847,830,2165,237,1525,367,4527,1892,5809,509,1274,8879,16871,3602,6585,5013,3676,2288,108,1085,2511,489,618,5800,1881,5809,3674,5898,2132,75,6451,267,582,5394,374,588,30,452,7506,437,419,10,1602,6419,48575,26040,414,10589,13667,507,1551,3912,2713,1067,3659,2080,854,968,2367,237,1663,395,4546,2058,5994,511,1695,9266,17128,3644,6769,5023,3659,2359,108,1148,2511,495,662,5941,1881,5994,3677,5908,2334,75,6481,267,582,5880,374,604,30,452,7562,437,420,12,1610,6604,49647,26139,414,11579,13724,-1.798198,117.33091787439614,0.5360782295419454,11.589089037570767,15.504830917874395,7.567378096276679,119.92028985507247,0.5264970693093238,11.734727173847363,15.951690821256038,7.517716535433071
70ecf944e9340eadbdfa468e,benchmark://cbench-v1/tiff2rgba,2,2,-loop-unroll,True,-0.105409,-2.842898,0161a4245a429894,e0a21e40a5bac16d,48575,48613,0.255726,0.262996,562940,563148,6419,6428,414,414,48575,48613,26040,26066,451,1441,3929,2654,1086,3676,1878,847,830,2165,237,1525,367,4527,1892,5809,509,1274,8879,16871,3602,6585,5013,3676,2288,108,1085,2511,489,618,5800,1881,5809,3674,5898,2132,75,6451,267,582,5394,374,588,30,452,7506,437,419,10,1602,6419,48575,26040,414,10589,13667,451,1439,3940,2661,1088,3683,1876,847,828,2165,237,1523,367,4538,1890,5816,509,1274,8886,16865,3615,6585,5017,3683,2290,108,1082,2511,489,617,5810,1881,5816,3680,5903,2130,75,6460,266,582,5390,374,586,30,455,7512,440,419,10,1608,6428,48613,26066,414,10581,13683,-0.105409,117.33091787439614,0.5360782295419454,11.589089037570767,15.504830917874395,7.567378096276679,117.42270531400966,0.5361940221751383,11.584308724003867,15.526570048309178,7.562694461729931
70ecf944e9340eadbdfa468e,benchmark://cbench-v1/tiff2rgba,2,3,-loop-vectorize,True,0.141630,-1.604332,0161a4245a429894,0161a4245a429894,48575,48575,0.255726,0.259828,562940,562940,6419,6419,414,414,48575,48575,26040,26040,451,1441,3929,2654,1086,3676,1878,847,830,2165,237,1525,367,4527,1892,5809,509,1274,8879,16871,3602,6585,5013,3676,2288,108,1085,2511,489,618,5800,1881,5809,3674,5898,2132,75,6451,267,582,5394,374,588,30,452,7506,437,419,10,1602,6419,48575,26040,414,10589,13667,451,1441,3929,2654,1086,3676,1878,847,830,2165,237,1525,367,4527,1892,5809,509,1274,8879,16871,3602,6585,5013,3676,2288,108,1085,2511,489,618,5800,1881,5809,3674,5898,2132,75,6451,267,582,5394,374,588,30,452,7506,437,419,10,1602,6419,48575,26040,414,10589,13667,0.141630,117.33091787439614,0.5360782295419454,11.589089037570767,15.504830917874395,7.567378096276679,117.33091787439614,0.5360782295419454,11.589089037570767,15.504830917874395,7.567378096276679
70ecf944e9340eadbdfa468e,benchmark://cbench-v1/tiff2rgba,2,4,-loop-deletion,True,1.013915,2.768995,0161a4245a429894,0161a4245a429894,48575,48575,0.259463,0.252278,562940,562940,6419,6419,414,414,48575,48575,26040,26040,451,1441,3929,2654,1086,3676,1878,847,830,2165,237,1525,367,4527,1892,5809,509,1274,8879,16871,3602,6585,5013,3676,2288,108,1085,2511,489,618,5800,1881,5809,3674,5898,2132,75,6451,267,582,5394,374,588,30,452,7506,437,419,10,1602,6419,48575,26040,414,10589,13667,451,1441,3929,2654,1086,3676,1878,847,830,2165,237,1525,367,4527,1892,5809,509,1274,8879,16871,3602,6585,5013,3676,2288,108,1085,2511,489,618,5800,1881,5809,3674,5898,2132,75,6451,267,582,5394,374,588,30,452,7506,437,419,10,1602,6419,48575,26040,414,10589,13667,1.013915,117.33091787439614,0.5360782295419454,11.589089037570767,15.504830917874395,7.567378096276679,117.33091787439614,0.5360782295419454,11.589089037570767,15.504830917874395,7.567378096276679
70ecf944e9340eadbdfa468e,benchmark://cbench-v1/tiff2rgba,2,5,-loop-unswitch,True,-0.016445,-2.396865,0161a4245a429894,a25f08381833505f,48575,49691,0.259463,0.265682,562940,577132,6419,6688,414,414,48575,49691,26040,26363,451,1441,3929,2654,1086,3676,1878,847,830,2165,237,1525,367,4527,1892,5809,509,1274,8879,16871,3602,6585,5013,3676,2288,108,1085,2511,489,618,5800,1881,5809,3674,5898,2132,75,6451,267,582,5394,374,588,30,452,7506,437,419,10,1602,6419,48575,26040,414,10589,13667,478,1523,4097,2781,1122,3853,1974,895,871,2245,242,1610,391,4687,2001,6065,522,1323,9261,17037,3632,6656,5067,3853,2323,108,1130,2511,494,624,6063,1881,6065,3713,5968,2182,75,6563,275,588,5664,374,622,31,452,7608,463,448,10,1636,6688,49691,26363,414,11083,13886,-0.016445,117.33091787439614,0.5360782295419454,11.589089037570767,15.504830917874395,7.567378096276679,120.02657004830918,0.5305387293473667,11.61441709766356,16.154589371980677,7.429874401913875
70ecf944e9340eadbdfa468e,benchmark://cbench-v1/tiff2rgba,2,6,-loop-distribute,True,0.968018,2.538880,0161a4245a429894,0161a4245a429894,48575,48575,0.259463,0.252875,562940,562940,6419,6419,414,414,48575,48575,26040,26040,451,1441,3929,2654,1086,3676,1878,847,830,2165,237,1525,367,4527,1892,5809,509,1274,8879,16871,3602,6585,5013,3676,2288,108,1085,2511,489,618,5800,1881,5809,3674,5898,2132,75,6451,267,582,5394,374,588,30,452,7506,437,419,10,1602,6419,48575,26040,414,10589,13667,451,1441,3929,2654,1086,3676,1878,847,830,2165,237,1525,367,4527,1892,5809,509,1274,8879,16871,3602,6585,5013,3676,2288,108,1085,2511,489,618,5800,1881,5809,3674,5898,2132,75,6451,267,582,5394,374,588,30,452,7506,437,419,10,1602,6419,48575,26040,414,10589,13667,0.968018,117.33091787439614,0.5360782295419454,11.589089037570767,15.504830917874395,7.567378096276679,117.33091787439614,0.5360782295419454,11.589089037570767,15.504830917874395,7.567378096276679
70ecf944e9340eadbdfa468e,benchmark://cbench-v1/tiff2rgba,2,7,-indvars,True,1.070689,3.053637,0161a4245a429894,9da962976f69b09c,48575,48643,0.259463,0.251539,562940,564188,6419,6419,414,414,48575,48643,26040,26042,451,1441,3929,2654,1086,3676,1878,847,830,2165,237,1525,367,4527,1892,5809,509,1274,8879,16871,3602,6585,5013,3676,2288,108,1085,2511,489,618,5800,1881,5809,3674,5898,2132,75,6451,267,582,5394,374,588,30,452,7506,437,419,10,1602,6419,48575,26040,414,10589,13667,451,1439,3929,2654,1086,3676,1878,847,830,2165,237,1523,367,4529,1890,5809,509,1274,8879,16795,3696,6586,5025,3676,2301,108,1098,2511,489,620,5798,1881,5809,3674,5900,2132,76,6451,267,582,5377,374,581,30,453,7506,440,485,10,1608,6419,48643,26042,414,10566,13732,1.070689,117.33091787439614,0.5360782295419454,11.589089037570767,15.504830917874395,7.567378096276679,117.4951690821256,0.5353699401763872,11.598544497666673,15.504830917874395,7.577971646673936
abdb941ecc392e59d112153c,benchmark://cbench-v1/tiff2bw,0,0,-licm,True,-0.193528,-9.220310,3d59ba2f023b84f3,da33a1a238b30709,58797,59470,0.045036,0.049188,382378,442964,7179,7208,418,418,58797,59470,38532,37979,0,344,4685,3297,1179,4427,1873,934,751,2171,243,344,0,6835,344,6567,517,1384,9651,18035,4006,7628,4906,4427,2360,112,1128,2527,494,898,6279,3002,6567,3660,7413,2185,78,17410,279,588,344,377,851,32,458,7522,506,459,10,1983,7179,58797,38532,418,692,26458,103,774,4708,3320,1179,4456,1883,940,755,2171,239,781,96,6331,877,6596,517,1361,9680,18039,4006,7629,4908,4456,2360,112,1128,2527,494,876,6331,3002,6596,3660,7413,2185,78,16756,279,588,1551,377,851,32,458,7623,506,459,10,1973,7208,59470,37979,418,2569,25794,-0.193528,140.66267942583733,0.6553395581407214,6.503359014915727,17.17464114832536,8.190137902214794,142.27272727272728,0.6386245165629729,7.448528669917605,17.24401913875598,8.250554938956714
abdb941ecc392e59d112153c,benchmark://cbench-v1/tiff2bw,0,1,-loop-rotate,True,-0.405061,-11.587731,3d59ba2f023b84f3,603dadb877601ed6,58797,59779,0.045036,0.050254,382378,387584,7179,7423,418,418,58797,59779,38532,38935,0,344,4685,3297,1179,4427,1873,934,751,2171,243,344,0,6835,344,6567,517,1384,9651,18035,4006,7628,4906,4427,2360,112,1128,2527,494,898,6279,3002,6567,3660,7413,2185,78,17410,279,588,344,377,851,32,458,7522,506,459,10,1983,7179,58797,38532,418,692,26458,0,344,4704,3293,1265,4452,2102,1044,807,2390,239,344,0,7079,344,6811,518,1803,10114,18244,4043,7762,4913,4452,2437,112,1195,2527,500,936,6485,3002,6811,3661,7429,2404,78,17723,279,588,344,377,869,32,458,7595,510,460,12,1999,7423,59779,38935,418,692,26808,-0.405061,140.66267942583733,0.6553395581407214,6.503359014915727,17.17464114832536,8.190137902214794,143.01196172248802,0.651315679419194,6.483614647284163,17.758373205741627,8.053212986663075
abdb941ecc392e59d112153c,benchmark://cbench-v1/tiff2bw,0,2,-loop-unroll,True,-2.378155,-33.670009,3d59ba2f023b84f3,a8791fb838ab9583,58797,58826,0.045036,0.060199,382378,382538,7179,7208,418,418,58797,58826,38532,38532,0,344,4685,3297,1179,4427,1873,934,751,2171,243,344,0,6835,344,6567,517,1384,9651,18035,4006,7628,4906,4427,2360,112,1128,2527,494,898,6279,3002,6567,3660,7413,2185,78,17410,279,588,344,377,851,32,458,7522,506,459,10,1983,7179,58797,38532,418,692,26458,0,344,4708,3320,1179,4456,1883,940,755,2171,239,344,0,6864,344,6596,517,1361,9680,18035,4006,7628,4906,4456,2360,112,1128,2527,494,898,6308,3002,6596,3660,7413,2185,78,17410,279,588,344,377,851,32,458,7522,506,459,10,1983,7208,58826,38532,418,692,26458,-2.378155,140.66267942583733,0.6553395581407214,6.503359014915727,17.17464114832536,8.190137902214794,140.73205741626793,0.655016489307449,6.502872879339067,17.24401913875598,8.161209766925639
abdb941ecc392e59d112153c,benchmark://cbench-v1/tiff2bw,0,3,-loop-vectorize,True,0.688321,0.649076,3d59ba2f023b84f3,a8791fb838ab9583,58797,58826,0.045036,0.044743,382378,382538,7179,7208,418,418,58797,58826,38532,38532,0,344,4685,3297,1179,4427,1873,934,751,2171,243,344,0,6835,344,6567,517,1384,9651,18035,4006,7628,4906,4427,2360,112,1128,2527,494,898,6279,3002,6567,3660,7413,2185,78,17410,279,588,344,377,851,32,458,7522,506,459,10,1983,7179,58797,38532,418,692,26458,0,344,4708,3320,1179,4456,1883,940,755,2171,239,344,0,6864,344,6596,517,1361,9680,18035,4006,7628,4906,4456,2360,112,1128,2527,494,898,6308,3002,6596,3660,7413,2185,78,17410,279,588,344,377,851,32,458,7522,506,459,10,1983,7208,58826,38532,418,692,26458,0.688321,140.66267942583733,0.6553395581407214,6.503359014915727,17.17464114832536,8.190137902214794,140.73205741626793,0.655016489307449,6.502872879339067,17.24401913875598,8.161209766925639
abdb941ecc392e59d112153c,benchmark://cbench-v1/tiff2bw,0,4,-loop-deletion,True,0.134618,-5.547807,3d59ba2f023b84f3,a8791fb838ab9583,58797,58826,0.045036,0.047534,382378,382538,7179,7208,418,418,58797,58826,38532,38532,0,344,4685,3297,1179,4427,1873,934,751,2171,243,344,0,6835,344,6567,517,1384,9651,18035,4006,7628,4906,4427,2360,112,1128,2527,494,898,6279,3002,6567,3660,7413,2185,78,17410,279,588,344,377,851,32,458,7522,506,459,10,1983,7179,58797,38532,418,692,26458,0,344,4708,3320,1179,4456,1883,940,755,2171,239,344,0,6864,344,6596,517,1361,9680,18035,4006,7628,4906,4456,2360,112,1128,2527,494,898,6308,3002,6596,3660,7413,2185,78,17410,279,588,344,377,851,32,458,7522,506,459,10,1983,7208,58826,38532,418,692,26458,0.134618,140.66267942583733,0.6553395581407214,6.503359014915727,17.17464114832536,8.190137902214794,140.73205741626793,0.655016489307449,6.502872879339067,17.24401913875598,8.161209766925639
abdb941ecc392e59d112153c,benchmark://cbench-v1/tiff2bw,0,5,-loop-unswitch,True,0.533522,-1.083389,3d59ba2f023b84f3,a8791fb838ab9583,58797,58826,0.045036,0.045524,382378,382538,7179,7208,418,418,58797,58826,38532,38532,0,344,4685,3297,1179,4427,1873,934,751,2171,243,344,0,6835,344,6567,517,1384,9651,18035,4006,7628,4906,4427,2360,112,1128,2527,494,898,6279,3002,6567,3660,7413,2185,78,17410,279,588,344,377,851,32,458,7522,506,459,10,1983,7179,58797,38532,418,692,26458,0,344,4708,3320,1179,4456,1883,940,755,2171,239,344,0,6864,344,6596,517,1361,9680,18035,4006,7628,4906,4456,2360,112,1128,2527,494,898,6308,3002,6596,3660,7413,2185,78,17410,279,588,344,377,851,32,458,7522,506,459,10,1983,7208,58826,38532,418,692,26458,0.533522,140.66267942583733,0.6553395581407214,6.503359014915727,17.17464114832536,8.190137902214794,140.73205741626793,0.655016489307449,6.502872879339067,17.24401913875598,8.161209766925639
abdb941ecc392e59d112153c,benchmark://cbench-v1/tiff2bw,0,6,-loop-distribute,True,0.646375,0.179632,3d59ba2f023b84f3,15754e3a1212ec6e,58797,58797,0.045036,0.044955,382378,382378,7179,7179,418,418,58797,58797,38532,38532,0,344,4685,3297,1179,4427,1873,934,751,2171,243,344,0,6835,344,6567,517,1384,9651,18035,4006,7628,4906,4427,2360,112,1128,2527,494,898,6279,3002,6567,3660,7413,2185,78,17410,279,588,344,377,851,32,458,7522,506,459,10,1983,7179,58797,38532,418,692,26458,0,344,4685,3297,1179,4427,1873,934,751,2171,243,344,0,6835,344,6567,517,1384,9651,18035,4006,7628,4906,4427,2360,112,1128,2527,494,898,6279,3002,6567,3660,7413,2185,78,17410,279,588,344,377,851,32,458,7522,506,459,10,1983,7179,58797,38532,418,692,26458,0.646375,140.66267942583733,0.6553395581407214,6.503359014915727,17.17464114832536,8.190137902214794,140.66267942583733,0.6553395581407214,6.503359014915727,17.17464114832536,8.190137902214794
abdb941ecc392e59d112153c,benchmark://cbench-v1/tiff2bw,0,7,-indvars,True,0.973908,3.845286,3d59ba2f023b84f3,2cb9e13872435039,58797,58826,0.045036,0.043304,382378,382538,7179,7208,418,418,58797,58826,38532,38532,0,344,4685,3297,1179,4427,1873,934,751,2171,243,344,0,6835,344,6567,517,1384,9651,18035,4006,7628,4906,4427,2360,112,1128,2527,494,898,6279,3002,6567,3660,7413,2185,78,17410,279,588,344,377,851,32,458,7522,506,459,10,1983,7179,58797,38532,418,692,26458,0,344,4708,3320,1179,4456,1883,940,755,2171,239,344,0,6864,344,6596,517,1361,9680,18035,4006,7628,4906,4456,2360,112,1128,2527,494,897,6309,3002,6596,3660,7413,2185,78,17410,279,588,344,377,851,32,458,7522,506,459,10,1983,7208,58826,38532,418,692,26458,0.973908,140.66267942583733,0.6553395581407214,6.503359014915727,17.17464114832536,8.190137902214794,140.73205741626793,0.655016489307449,6.502872879339067,17.24401913875598,8.161209766925639
53997fdc4992a9c290dd6aea,benchmark://cbench-v1/tiff2bw,1,0,-licm,True,0.850441,1.879603,90e7d126583f8b3e,86e5342624293f51,46637,48184,0.046224,0.045355,401529,446642,7179,7208,418,418,46637,48184,28335,28279,0,344,4685,3297,1179,4427,1873,934,751,2171,243,344,0,6835,344,6567,517,1384,9651,16417,3575,6361,4796,4427,2248,110,1020,2527,493,549,6629,1882,6567,3660,6189,2141,78,8477,256,583,344,377,599,30,455,7482,480,423,10,1654,7179,46637,28335,418,692,15776,130,869,4708,3320,1179,4456,1883,940,755,2171,239,862,137,6209,999,6596,517,1361,9680,16421,3575,6362,4798,4456,2248,110,1020,2527,493,563,6644,1882,6596,3660,6189,2141,78,8391,256,583,1929,377,599,30,455,7512,473,423,10,1650,7208,48184,28279,418,3055,15686,0.850441,111.57177033492823,0.6075648090571864,8.609666144906404,17.17464114832536,6.49630867808887,115.27272727272727,0.5868960650838453,9.269508550556202,17.24401913875598,6.6847946725860155
53997fdc4992a9c290dd6aea,benchmark://cbench-v1/tiff2bw,1,1,-loop-rotate,True,-0.461849,-21.451262,90e7d126583f8b3e,77c7789423512fb4,46637,47970,0.046224,0.056140,401529,416308,7179,7425,418,418,46637,47970,28335,28688,0,344,4685,3297,1179,4427,1873,934,751,2171,243,344,0,6835,344,6567,517,1384,9651,16417,3575,6361,4796,4427,2248,110,1020,2527,493,549,6629,1882,6567,3660,6189,2141,78,8477,256,583,344,377,599,30,455,7482,480,423,10,1654,7179,46637,28335,418,692,15776,1,653,4705,3294,1265,4453,2103,1045,807,2391,239,653,1,6771,654,6813,519,1804,10117,16618,3612,6491,4802,4453,2325,110,1088,2527,499,600,6824,1882,6813,3663,6201,2361,78,8740,256,583,742,377,616,30,455,7557,484,424,12,1670,7425,47970,28688,418,1315,16075,-0.461849,111.57177033492823,0.6075648090571864,8.609666144906404,17.17464114832536,6.49630867808887,114.76076555023923,0.598040441942881,8.67850740045862,17.763157894736842,6.460606060606061
53997fdc4992a9c290dd6aea,benchmark://cbench-v1/tiff2bw,1,2,-loop-unroll,True,-1.905965,-47.125810,90e7d126583f8b3e,604682fbfa648d48,46637,46849,0.046224,0.068008,401529,405081,7179,7208,418,418,46637,46849,28335,28335,0,344,4685,3297,1179,4427,1873,934,751,2171,243,344,0,6835,344,6567,517,1384,9651,16417,3575,6361,4796,4427,2248,110,1020,2527,493,549,6629,1882,6567,3660,6189,2141,78,8477,256,583,344,377,599,30,455,7482,480,423,10,1654,7179,46637,28335,418,692,15776,0,472,4708,3320,1179,4456,1883,940,755,2171,239,471,1,6736,472,6596,517,1361,9680,16417,3575,6361,4796,4456,2248,110,1020,2527,493,551,6656,1882,6596,3660,6189,2141,78,8477,256,583,527,377,599,30,455,7482,480,423,10,1654,7208,46849,28335,418,885,15776,-1.905965,111.57177033492823,0.6075648090571864,8.609666144906404,17.17464114832536,6.49630867808887,112.07894736842105,0.6048154709812376,8.646523938611283,17.24401913875598,6.499583795782464
53997fdc4992a9c290dd6aea,benchmark://cbench-v1/tiff2bw,1,3,-loop-vectorize,True,-1.163542,-33.926473,90e7d126583f8b3e,5dab2b3159d9869f,46637,46802,0.046224,0.061906,401529,404009,7179,7208,418,418,46637,46802,28335,28335,0,344,4685,3297,1179,4427,1873,934,751,2171,243,344,0,6835,344,6567,517,1384,9651,16417,3575,6361,4796,4427,2248,110,1020,2527,493,549,6629,1882,6567,3660,6189,2141,78,8477,256,583,344,377,599,30,455,7482,480,423,10,1654,7179,46637,28335,418,692,15776,0,433,4708,3320,1179,4456,1883,940,755,2171,239,432,1,6775,433,6596,517,1361,9680,16417,3575,6361,4796,4456,2248,110,1020,2527,493,551,6656,1882,6596,3660,6189,2141,78,8477,256,583,480,377,599,30,455,7482,480,423,10,1654,7208,46802,28335,418,831,15776,-1.163542,111.57177033492823,0.6075648090571864,8.609666144906404,17.17464114832536,6.49630867808887,111.96650717703349,0.6054228451775565,8.632302038374428,17.24401913875598,6.493063263041066
53997fdc4992a9c290dd6aea,benchmark://cbench-v1/tiff2bw,1,4,-loop-deletion,True,0.806294,1.094727,90e7d126583f8b3e,604682fbfa648d48,46637,46849,0.046224,0.045718,401529,405081,7179,7208,418,418,46637,46849,28335,28335,0,344,4685,3297,1179,4427,1873,934,751,2171,243,344,0,6835,344,6567,517,1384,9651,16417,3575,6361,4796,4427,2248,110,1020,2527,493,549,6629,1882,6567,3660,6189,2141,78,8477,256,583,344,377,599,30,455,7482,480,423,10,1654,7179,46637,28335,418,692,15776,0,472,4708,3320,1179,4456,1883,940,755,2171,239,471,1,6736,472,6596,517,1361,9680,16417,3575,6361,4796,4456,2248,110,1020,2527,493,551,6656,1882,6596,3660,6189,2141,78,8477,256,583,527,377,599,30,455,7482,480,423,10,1654,7208,46849,28335,418,885,15776,0.806294,111.57177033492823,0.6075648090571864,8.609666144906404,17.17464114832536,6.49630867808887,112.07894736842105,0.6048154709812376,8.646523938611283,17.24401913875598,6.499583795782464
53997fdc4992a9c290dd6aea,benchmark://cbench-v1/tiff2bw,1,5,-loop-unswitch,True,0.911185,2.959557,90e7d126583f8b3e,e56f13f24408287f,46637,47637,0.046224,0.044856,401529,409937,7179,7419,418,418,46637,47637,28335,28690,0,344,4685,3297,1179,4427,1873,934,751,2171,243,344,0,6835,344,6567,517,1384,9651,16417,3575,6361,4796,4427,2248,110,1020,2527,493,549,6629,1882,6567,3660,6189,2141,78,8477,256,583,344,377,599,30,455,7482,480,423,10,1654,7179,46637,28335,418,692,15776,0,477,4843,3418,1211,4599,1956,984,778,2228,242,476,1,6942,477,6795,520,1411,9977,16567,3622,6421,4840,4599,2280,110,1055,2527,500,553,6865,1892,6795,3688,6259,2174,78,8632,262,589,532,377,631,30,455,7584,501,449,10,1684,7419,47637,28690,418,895,16034,0.911185,111.57177033492823,0.6075648090571864,8.609666144906404,17.17464114832536,6.49630867808887,113.96411483253588,0.6022629468690304,8.605432751852552,17.748803827751196,6.4209462191670035
53997fdc4992a9c290dd6aea,benchmark://cbench-v1/tiff2bw,1,6,-loop-distribute,True,0.739046,-0.100861,90e7d126583f8b3e,90e7d126583f8b3e,46637,46637,0.046224,0.046271,401529,401529,7179,7179,418,418,46637,46637,28335,28335,0,344,4685,3297,1179,4427,1873,934,751,2171,243,344,0,6835,344,6567,517,1384,9651,16417,3575,6361,4796,4427,2248,110,1020,2527,493,549,6629,1882,6567,3660,6189,2141,78,8477,256,583,344,377,599,30,455,7482,480,423,10,1654,7179,46637,28335,418,692,15776,0,344,4685,3297,1179,4427,1873,934,751,2171,243,344,0,6835,344,6567,517,1384,9651,16417,3575,6361,4796,4427,2248,110,1020,2527,493,549,6629,1882,6567,3660,6189,2141,78,8477,256,583,344,377,599,30,455,7482,480,423,10,1654,7179,46637,28335,418,692,15776,0.739046,111.57177033492823,0.6075648090571864,8.609666144906404,17.17464114832536,6.49630867808887,111.57177033492823,0.6075648090571864,8.609666144906404,17.17464114832536,6.49630867808887
53997fdc4992a9c290dd6aea,benchmark://cbench-v1/tiff2bw,1,7,-indvars,True,0.224390,-9.250797,90e7d126583f8b3e,ca810c3d947ad394,46637,46849,0.046224,0.050500,401529,405097,7179,7208,418,418,46637,46849,28335,28335,0,344,4685,3297,1179,4427,1873,934,751,2171,243,344,0,6835,344,6567,517,1384,9651,16417,3575,6361,4796,4427,2248,110,1020,2527,493,549,6629,1882,6567,3660,6189,2141,78,8477,256,583,344,377,599,30,455,7482,480,423,10,1654,7179,46637,28335,418,692,15776,0,472,4708,3320,1179,4456,1883,940,755,2171,239,471,1,6736,472,6596,517,1361,9680,16417,3575,6361,4796,4456,2248,110,1020,2527,493,551,6656,1882,6596,3660,6189,2141,78,8477,256,583,526,377,600,30,455,7482,480,423,10,1654,7208,46849,28335,418,884,15777,0.224390,111.57177033492823,0.6075648090571864,8.609666144906404,17.17464114832536,6.49630867808887,112.07894736842105,0.6048154709812376,8.64686546137591,17.24401913875598,6.499583795782464
90da42ec15a157673671e9f7,benchmark://cbench-v1/tiff2bw,2,0,-licm,True,0.617342,0.698801,a3222d4be8271b6f,cdcf31df003083b3,48658,48654,0.044309,0.044000,563459,563363,6441,6441,418,418,48658,48654,26114,26114,448,1435,3940,2646,1101,3689,1884,857,823,2171,239,1524,359,4558,1883,5829,517,1284,8913,16864,3615,6549,5036,3689,2288,110,1085,2527,490,620,5820,1871,5829,3660,5926,2138,76,6472,254,583,5357,377,598,30,455,7529,432,421,10,1628,6441,48658,26114,418,10525,13731,448,1435,3940,2646,1101,3689,1884,857,823,2171,239,1524,359,4558,1883,5829,517,1284,8913,16864,3615,6549,5036,3689,2288,110,1085,2527,490,620,5820,1871,5829,3660,5926,2138,76,6472,254,583,5353,377,598,30,455,7529,432,421,10,1628,6441,48654,26114,418,10521,13731,0.617342,116.4066985645933,0.5366846150684369,11.579986846972748,15.409090909090908,7.554417015991306,116.39712918660287,0.53672873761664,11.57896575821104,15.409090909090908,7.553795994410806
90da42ec15a157673671e9f7,benchmark://cbench-v1/tiff2bw,2,1,-loop-rotate,True,0.507979,-0.727017,a3222d4be8271b6f,0533fd034447821b,48658,49754,0.044309,0.044632,563459,583393,6441,6627,418,418,48658,49754,26114,26217,448,1435,3940,2646,1101,3689,1884,857,823,2171,239,1524,359,4558,1883,5829,517,1284,8913,16864,3615,6549,5036,3689,2288,110,1085,2527,490,620,5820,1871,5829,3660,5926,2138,76,6472,254,583,5357,377,598,30,455,7529,432,421,10,1628,6441,48658,26114,418,10525,13731,505,1547,3921,2702,1086,3670,2089,869,956,2376,239,1664,388,4575,2052,6015,519,1713,9304,17129,3657,6738,5046,3670,2361,110,1152,2527,496,665,5961,1871,6015,3663,5936,2343,76,6502,254,583,5857,377,614,30,455,7589,432,422,12,1636,6627,49754,26217,418,11530,13788,0.507979,116.4066985645933,0.5366846150684369,11.579986846972748,15.409090909090908,7.554417015991306,119.02870813397129,0.5269325079390602,11.725549704546369,15.854066985645932,7.5077712388712845
90da42ec15a157673671e9f7,benchmark://cbench-v1/tiff2bw,2,2,-loop-unroll,True,-0.034825,-7.803806,a3222d4be8271b6f,710bf23315cbc14d,48658,48696,0.044309,0.047767,563459,563675,6441,6450,418,418,48658,48696,26114,26140,448,1435,3940,2646,1101,3689,1884,857,823,2171,239,1524,359,4558,1883,5829,517,1284,8913,16864,3615,6549,5036,3689,2288,110,1085,2527,490,620,5820,1871,5829,3660,5926,2138,76,6472,254,583,5357,377,598,30,455,7529,432,421,10,1628,6441,48658,26114,418,10525,13731,448,1433,3951,2653,1103,3696,1882,857,821,2171,239,1522,359,4569,1881,5836,517,1284,8920,16858,3628,6549,5040,3696,2290,110,1082,2527,490,619,5830,1871,5836,3666,5931,2136,76,6481,253,583,5353,377,596,30,458,7535,435,421,10,1634,6450,48696,26140,418,10517,13747,-0.034825,116.4066985645933,0.5366846150684369,11.579986846972748,15.409090909090908,7.554417015991306,116.49760765550239,0.5367997371447347,11.575386068670937,15.430622009569378,7.549767441860465
90da42ec15a157673671e9f7,benchmark://cbench-v1/tiff2bw,2,3,-loop-vectorize,True,0.383332,-2.352100,a3222d4be8271b6f,a3222d4be8271b6f,48658,48658,0.044309,0.045352,563459,563459,6441,6441,418,418,48658,48658,26114,26114,448,1435,3940,2646,1101,3689,1884,857,823,2171,239,1524,359,4558,1883,5829,517,1284,8913,16864,3615,6549,5036,3689,2288,110,1085,2527,490,620,5820,1871,5829,3660,5926,2138,76,6472,254,583,5357,377,598,30,455,7529,432,421,10,1628,6441,48658,26114,418,10525,13731,448,1435,3940,2646,1101,3689,1884,857,823,2171,239,1524,359,4558,1883,5829,517,1284,8913,16864,3615,6549,5036,3689,2288,110,1085,2527,490,620,5820,1871,5829,3660,5926,2138,76,6472,254,583,5357,377,598,30,455,7529,432,421,10,1628,6441,48658,26114,418,10525,13731,0.383332,116.4066985645933,0.5366846150684369,11.579986846972748,15.409090909090908,7.554417015991306,116.4066985645933,0.5366846150684369,11.579986846972748,15.409090909090908,7.554417015991306
90da42ec15a157673671e9f7,benchmark://cbench-v1/tiff2bw,2,4,-loop-deletion,True,0.587235,0.306283,a3222d4be8271b6f,a3222d4be8271b6f,48658,48658,0.044309,0.044174,563459,563459,6441,6441,418,418,48658,48658,26114,26114,448,1435,3940,2646,1101,3689,1884,857,823,2171,239,1524,359,4558,1883,5829,517,1284,8913,16864,3615,6549,5036,3689,2288,110,1085,2527,490,620,5820,1871,5829,3660,5926,2138,76,6472,254,583,5357,377,598,30,455,7529,432,421,10,1628,6441,48658,26114,418,10525,13731,448,1435,3940,2646,1101,3689,1884,857,823,2171,239,1524,359,4558,1883,5829,517,1284,8913,16864,3615,6549,5036,3689,2288,110,1085,2527,490,620,5820,1871,5829,3660,5926,2138,76,6472,254,583,5357,377,598,30,455,7529,432,421,10,1628,6441,48658,26114,418,10525,13731,0.587235,116.4066985645933,0.5366846150684369,11.579986846972748,15.409090909090908,7.554417015991306,116.4066985645933,0.5366846150684369,11.579986846972748,15.409090909090908,7.554417015991306
90da42ec15a157673671e9f7,benchmark://cbench-v1/tiff2bw,2,5,-loop-unswitch,True,0.279647,-3.703891,a3222d4be8271b6f,64c23295391d0667,48658,49774,0.044309,0.045951,563459,577651,6441,6710,418,418,48658,49774,26114,26437,448,1435,3940,2646,1101,3689,1884,857,823,2171,239,1524,359,4558,1883,5829,517,1284,8913,16864,3615,6549,5036,3689,2288,110,1085,2527,490,620,5820,1871,5829,3660,5926,2138,76,6472,254,583,5357,377,598,30,455,7529,432,421,10,1628,6441,48658,26114,418,10525,13731,475,1517,4108,2773,1137,3866,1980,905,864,2251,244,1609,383,4718,1992,6085,530,1333,9295,17030,3645,6620,5090,3866,2323,110,1130,2527,495,626,6083,1871,6085,3699,5996,2188,76,6584,262,589,5627,377,632,31,455,7631,458,450,10,1662,6710,49774,26437,418,11019,13950,0.279647,116.4066985645933,0.5366846150684369,11.579986846972748,15.409090909090908,7.554417015991306,119.07655502392345,0.5311407562181059,11.605476754932294,16.05263157894737,7.417883755588673
90da42ec15a157673671e9f7,benchmark://cbench-v1/tiff2bw,2,6,-loop-distribute,True,0.252703,-4.055171,a3222d4be8271b6f,a3222d4be8271b6f,48658,48658,0.044309,0.046106,563459,563459,6441,6441,418,418,48658,48658,26114,26114,448,1435,3940,2646,1101,3689,1884,857,823,2171,239,1524,359,4558,1883,5829,517,1284,8913,16864,3615,6549,5036,3689,2288,110,1085,2527,490,620,5820,1871,5829,3660,5926,2138,76,6472,254,583,5357,377,598,30,455,7529,432,421,10,1628,6441,48658,26114,418,10525,13731,448,1435,3940,2646,1101,3689,1884,857,823,2171,239,1524,359,4558,1883,5829,517,1284,8913,16864,3615,6549,5036,3689,2288,110,1085,2527,490,620,5820,1871,5829,3660,5926,2138,76,6472,254,583,5357,377,598,30,455,7529,432,421,10,1628,6441,48658,26114,418,10525,13731,0.252703,116.4066985645933,0.5366846150684369,11.579986846972748,15.409090909090908,7.554417015991306,116.4066985645933,0.5366846150684369,11.579986846972748,15.409090909090908,7.554417015991306
90da42ec15a157673671e9f7,benchmark://cbench-v1/tiff2bw,2,7,-indvars,True,-2.593412,-41.161355,a3222d4be8271b6f,8a49131063158147,48658,48726,0.044309,0.062548,563459,564659,6441,6441,418,418,48658,48726,26114,26116,448,1435,3940,2646,1101,3689,1884,857,823,2171,239,1524,359,4558,1883,5829,517,1284,8913,16864,3615,6549,5036,3689,2288,110,1085,2527,490,620,5820,1871,5829,3660,5926,2138,76,6472,254,583,5357,377,598,30,455,7529,432,421,10,1628,6441,48658,26114,418,10525,13731,448,1432,3940,2646,1101,3689,1884,857,823,2171,239,1521,359,4561,1880,5829,517,1284,8913,16787,3711,6549,5048,3689,2302,110,1099,2527,490,622,5818,1871,5829,3660,5928,2138,77,6472,254,583,5338,377,591,30,456,7529,435,488,10,1634,6441,48726,26116,418,10499,13797,-2.593412,116.4066985645933,0.5366846150684369,11.579986846972748,15.409090909090908,7.554417015991306,116.56937799043062,0.5359766859582153,11.588453802897837,15.409090909090908,7.564974382859805
64a782c93e0291648a2c4592,benchmark://cbench-v1/bitcount,0,0,-licm,True,1.516697,5.403366,d527be711ab8b8b5,fd073d0c678ef1c7,857,874,0.032724,0.030956,3894,4937,85,85,37,37,857,874,495,469,0,2,43,31,7,38,18,3,8,25,3,2,0,83,2,63,14,13,88,164,131,86,103,38,74,10,36,59,28,18,67,54,63,67,55,29,7,195,0,3,2,21,51,1,7,119,5,19,2,13,85,857,495,37,5,391,5,15,43,31,7,38,18,3,8,25,3,18,2,65,20,63,14,13,88,164,131,86,103,38,74,10,36,59,28,17,68,54,63,67,55,29,7,174,0,3,45,21,51,1,7,114,5,19,2,13,85,874,469,37,73,370,1.516697,23.16216216216216,0.5775962660443408,4.543757292882147,2.2972972972972974,10.08235294117647,23.62162162162162,0.5366132723112128,5.648741418764302,2.2972972972972974,10.282352941176471
64a782c93e0291648a2c4592,benchmark://cbench-v1/bitcount,0,1,-loop-rotate,True,0.934336,2.994182,d527be711ab8b8b5,85dbbef942a24708,857,878,0.032724,0.031744,3894,4006,85,90,37,37,857,878,495,504,0,2,43,31,7,38,18,3,8,25,3,2,0,83,2,63,14,13,88,164,131,86,103,38,74,10,36,59,28,18,67,54,63,67,55,29,7,195,0,3,2,21,51,1,7,119,5,19,2,13,85,857,495,37,5,391,0,2,43,30,10,38,23,6,8,30,3,2,0,88,2,68,14,23,98,167,131,87,103,38,75,10,37,59,28,18,72,54,68,67,55,34,7,203,0,3,2,21,52,1,7,120,5,19,2,13,90,878,504,37,5,400,0.934336,23.16216216216216,0.5775962660443408,4.543757292882147,2.2972972972972974,10.08235294117647,23.72972972972973,0.5740318906605922,4.562642369020502,2.4324324324324325,9.755555555555556
64a782c93e0291648a2c4592,benchmark://cbench-v1/bitcount,0,2,-loop-unroll,True,-1.498289,-7.069395,d527be711ab8b8b5,9ad6f7a03ed654c1,857,857,0.032724,0.035037,3894,3894,85,85,37,37,857,857,495,495,0,2,43,31,7,38,18,3,8,25,3,2,0,83,2,63,14,13,88,164,131,86,103,38,74,10,36,59,28,18,67,54,63,67,55,29,7,195,0,3,2,21,51,1,7,119,5,19,2,13,85,857,495,37,5,391,0,2,43,31,7,38,18,3,8,25,3,2,0,83,2,63,14,13,88,164,131,86,103,38,74,10,36,59,28,18,67,54,63,67,55,29,7,195,0,3,2,21,51,1,7,119,5,19,2,13,85,857,495,37,5,391,-1.498289,23.16216216216216,0.5775962660443408,4.543757292882147,2.2972972972972974,10.08235294117647,23.16216216216216,0.5775962660443408,4.543757292882147,2.2972972972972974,10.08235294117647
64a782c93e0291648a2c4592,benchmark://cbench-v1/bitcount,0,3,-loop-vectorize,True,0.037442,-0.716198,d527be711ab8b8b5,9ad6f7a03ed654c1,857,857,0.032724,0.032958,3894,3894,85,85,37,37,857,857,495,495,0,2,43,31,7,38,18,3,8,25,3,2,0,83,2,63,14,13,88,164,131,86,103,38,74,10,36,59,28,18,67,54,63,67,55,29,7,195,0,3,2,21,51,1,7,119,5,19,2,13,85,857,495,37,5,391,0,2,43,31,7,38,18,3,8,25,3,2,0,83,2,63,14,13,88,164,131,86,103,38,74,10,36,59,28,18,67,54,63,67,55,29,7,195,0,3,2,21,51,1,7,119,5,19,2,13,85,857,495,37,5,391,0.037442,23.16216216216216,0.5775962660443408,4.543757292882147,2.2972972972972974,10.08235294117647,23.16216216216216,0.5775962660443408,4.543757292882147,2.2972972972972974,10.08235294117647
64a782c93e0291648a2c4592,benchmark://cbench-v1/bitcount,0,4,-loop-deletion,True,0.220937,0.042906,d527be711ab8b8b5,9ad6f7a03ed654c1,857,857,0.032724,0.032710,3894,3894,85,85,37,37,857,857,495,495,0,2,43,31,7,38,18,3,8,25,3,2,0,83,2,63,14,13,88,164,131,86,103,38,74,10,36,59,28,18,67,54,63,67,55,29,7,195,0,3,2,21,51,1,7,119,5,19,2,13,85,857,495,37,5,391,0,2,43,31,7,38,18,3,8,25,3,2,0,83,2,63,14,13,88,164,131,86,103,38,74,10,36,59,28,18,67,54,63,67,55,29,7,195,0,3,2,21,51,1,7,119,5,19,2,13,85,857,495,37,5,391,0.220937,23.16216216216216,0.5775962660443408,4.543757292882147,2.2972972972972974,10.08235294117647,23.16216216216216,0.5775962660443408,4.543757292882147,2.2972972972972974,10.08235294117647
64a782c93e0291648a2c4592,benchmark://cbench-v1/bitcount,0,5,-loop-unswitch,True,-1.436968,-6.815715,d527be711ab8b8b5,9ad6f7a03ed654c1,857,857,0.032724,0.034954,3894,3894,85,85,37,37,857,857,495,495,0,2,43,31,7,38,18,3,8,25,3,2,0,83,2,63,14,13,88,164,131,86,103,38,74,10,36,59,28,18,67,54,63,67,55,29,7,195,0,3,2,21,51,1,7,119,5,19,2,13,85,857,495,37,5,391,0,2,43,31,7,38,18,3,8,25,3,2,0,83,2,63,14,13,88,164,131,86,103,38,74,10,36,59,28,18,67,54,63,67,55,29,7,195,0,3,2,21,51,1,7,119,5,19,2,13,85,857,495,37,5,391,-1.436968,23.16216216216216,0.5775962660443408,4.543757292882147,2.2972972972972974,10.08235294117647,23.16216216216216,0.5775962660443408,4.543757292882147,2.2972972972972974,10.08235294117647
64a782c93e0291648a2c4592,benchmark://cbench-v1/bitcount,0,6,-loop-distribute,True,0.582593,1.539052,d527be711ab8b8b5,9ad6f7a03ed654c1,857,857,0.032724,0.032220,3894,3894,85,85,37,37,857,857,495,495,0,2,43,31,7,38,18,3,8,25,3,2,0,83,2,63,14,13,88,164,131,86,103,38,74,10,36,59,28,18,67,54,63,67,55,29,7,195,0,3,2,21,51,1,7,119,5,19,2,13,85,857,495,37,5,391,0,2,43,31,7,38,18,3,8,25,3,2,0,83,2,63,14,13,88,164,131,86,103,38,74,10,36,59,28,18,67,54,63,67,55,29,7,195,0,3,2,21,51,1,7,119,5,19,2,13,85,857,495,37,5,391,0.582593,23.16216216216216,0.5775962660443408,4.543757292882147,2.2972972972972974,10.08235294117647,23.16216216216216,0.5775962660443408,4.543757292882147,2.2972972972972974,10.08235294117647
64a782c93e0291648a2c4592,benchmark://cbench-v1/bitcount,0,7,-indvars,True,-0.356747,-2.346925,d527be711ab8b8b5,e416a818ad0a7ffb,857,857,0.032724,0.033492,3894,3894,85,85,37,37,857,857,495,495,0,2,43,31,7,38,18,3,8,25,3,2,0,83,2,63,14,13,88,164,131,86,103,38,74,10,36,59,28,18,67,54,63,67,55,29,7,195,0,3,2,21,51,1,7,119,5,19,2,13,85,857,495,37,5,391,0,2,43,31,7,38,18,3,8,25,3,2,0,83,2,63,14,13,88,164,131,86,103,38,74,10,36,59,28,18,67,54,63,67,55,29,7,195,0,3,2,21,51,1,7,119,5,19,2,13,85,857,495,37,5,391,-0.356747,23.16216216216216,0.5775962660443408,4.543757292882147,2.2972972972972974,10.08235294117647,23.16216216216216,0.5775962660443408,4.543757292882147,2.2972972972972974,10.08235294117647
5c7b22516c1030351d6d7a1b,benchmark://cbench-v1/bitcount,1,0,-licm,True,1.894028,3.907371,c57cb058bd036f47,f5bb9415dedd3478,699,735,0.032551,0.031279,4008,4933,85,85,37,37,699,735,367,361,0,2,43,31,7,38,18,3,8,25,3,2,0,83,2,63,14,13,88,149,129,76,102,38,73,10,35,59,28,12,73,28,63,67,47,28,7,75,0,3,2,21,50,1,7,119,5,19,2,12,85,699,367,37,5,243,4,16,43,31,7,38,18,3,8,25,3,18,2,65,20,63,14,13,88,149,129,76,102,38,73,10,35,59,28,12,73,28,63,67,47,28,7,74,0,3,44,21,50,1,7,114,5,19,2,12,85,735,361,37,70,242,1.894028,18.89189189189189,0.525035765379113,5.733905579399142,2.2972972972972974,8.223529411764705,19.864864864864863,0.49115646258503404,6.7115646258503405,2.2972972972972974,8.647058823529411
5c7b22516c1030351d6d7a1b,benchmark://cbench-v1/bitcount,1,1,-loop-rotate,True,0.219454,-0.040021,c57cb058bd036f47,7c701ba662a0b8fb,699,723,0.032551,0.032564,4008,4264,85,90,37,37,699,723,367,374,0,2,43,31,7,38,18,3,8,25,3,2,0,83,2,63,14,13,88,149,129,76,102,38,73,10,35,59,28,12,73,28,63,67,47,28,7,75,0,3,2,21,50,1,7,119,5,19,2,12,85,699,367,37,5,243,0,7,43,30,10,38,23,6,8,30,3,7,0,83,7,68,14,23,98,152,129,77,102,38,74,10,36,59,28,12,78,28,68,67,47,33,7,81,0,3,8,21,50,1,7,120,5,19,2,12,90,723,374,37,17,249,0.219454,18.89189189189189,0.525035765379113,5.733905579399142,2.2972972972972974,8.223529411764705,19.54054054054054,0.5172890733056709,5.897648686030429,2.4324324324324325,8.033333333333333
5c7b22516c1030351d6d7a1b,benchmark://cbench-v1/bitcount,1,2,-loop-unroll,True,0.191655,-0.105551,c57cb058bd036f47,c57cb058bd036f47,699,699,0.032551,0.032586,4008,4008,85,85,37,37,699,699,367,367,0,2,43,31,7,38,18,3,8,25,3,2,0,83,2,63,14,13,88,149,129,76,102,38,73,10,35,59,28,12,73,28,63,67,47,28,7,75,0,3,2,21,50,1,7,119,5,19,2,12,85,699,367,37,5,243,0,2,43,31,7,38,18,3,8,25,3,2,0,83,2,63,14,13,88,149,129,76,102,38,73,10,35,59,28,12,73,28,63,67,47,28,7,75,0,3,2,21,50,1,7,119,5,19,2,12,85,699,367,37,5,243,0.191655,18.89189189189189,0.525035765379113,5.733905579399142,2.2972972972972974,8.223529411764705,18.89189189189189,0.525035765379113,5.733905579399142,2.2972972972972974,8.223529411764705
5c7b22516c1030351d6d7a1b,benchmark://cbench-v1/bitcount,1,3,-loop-vectorize,True,-0.372884,-1.436310,c57cb058bd036f47,c57cb058bd036f47,699,699,0.032551,0.033019,4008,4008,85,85,37,37,699,699,367,367,0,2,43,31,7,38,18,3,8,25,3,2,0,83,2,63,14,13,88,149,129,76,102,38,73,10,35,59,28,12,73,28,63,67,47,28,7,75,0,3,2,21,50,1,7,119,5,19,2,12,85,699,367,37,5,243,0,2,43,31,7,38,18,3,8,25,3,2,0,83,2,63,14,13,88,149,129,76,102,38,73,10,35,59,28,12,73,28,63,67,47,28,7,75,0,3,2,21,50,1,7,119,5,19,2,12,85,699,367,37,5,243,-0.372884,18.89189189189189,0.525035765379113,5.733905579399142,2.2972972972972974,8.223529411764705,18.89189189189189,0.525035765379113,5.733905579399142,2.2972972972972974,8.223529411764705
5c7b22516c1030351d6d7a1b,benchmark://cbench-v1/bitcount,1,4,-loop-deletion,True,0.313922,0.182663,c57cb058bd036f47,c57cb058bd036f47,699,699,0.032551,0.032492,4008,4008,85,85,37,37,699,699,367,367,0,2,43,31,7,38,18,3,8,25,3,2,0,83,2,63,14,13,88,149,129,76,102,38,73,10,35,59,28,12,73,28,63,67,47,28,7,75,0,3,2,21,50,1,7,119,5,19,2,12,85,699,367,37,5,243,0,2,43,31,7,38,18,3,8,25,3,2,0,83,2,63,14,13,88,149,129,76,102,38,73,10,35,59,28,12,73,28,63,67,47,28,7,75,0,3,2,21,50,1,7,119,5,19,2,12,85,699,367,37,5,243,0.313922,18.89189189189189,0.525035765379113,5.733905579399142,2.2972972972972974,8.223529411764705,18.89189189189189,0.525035765379113,5.733905579399142,2.2972972972972974,8.223529411764705
5c7b22516c1030351d6d7a1b,benchmark://cbench-v1/bitcount,1,5,-loop-unswitch,True,0.401223,0.388455,c57cb058bd036f47,534cea2df5197ca3,699,741,0.032551,0.032425,4008,4264,85,99,37,37,699,741,367,385,0,2,43,31,7,38,18,3,8,25,3,2,0,83,2,63,14,13,88,149,129,76,102,38,73,10,35,59,28,12,73,28,63,67,47,28,7,75,0,3,2,21,50,1,7,119,5,19,2,12,85,699,367,37,5,243,0,2,53,41,8,48,22,3,11,29,3,2,0,97,2,77,15,14,106,151,136,81,106,48,76,10,39,59,28,12,87,28,77,69,49,30,7,82,0,3,2,21,54,1,7,126,5,19,2,12,99,741,385,37,5,254,0.401223,18.89189189189189,0.525035765379113,5.733905579399142,2.2972972972972974,8.223529411764705,20.027027027027028,0.5195681511470985,5.754385964912281,2.675675675675676,7.484848484848484
5c7b22516c1030351d6d7a1b,benchmark://cbench-v1/bitcount,1,6,-loop-distribute,True,-0.862811,-2.591192,c57cb058bd036f47,c57cb058bd036f47,699,699,0.032551,0.033395,4008,4008,85,85,37,37,699,699,367,367,0,2,43,31,7,38,18,3,8,25,3,2,0,83,2,63,14,13,88,149,129,76,102,38,73,10,35,59,28,12,73,28,63,67,47,28,7,75,0,3,2,21,50,1,7,119,5,19,2,12,85,699,367,37,5,243,0,2,43,31,7,38,18,3,8,25,3,2,0,83,2,63,14,13,88,149,129,76,102,38,73,10,35,59,28,12,73,28,63,67,47,28,7,75,0,3,2,21,50,1,7,119,5,19,2,12,85,699,367,37,5,243,-0.862811,18.89189189189189,0.525035765379113,5.733905579399142,2.2972972972972974,8.223529411764705,18.89189189189189,0.525035765379113,5.733905579399142,2.2972972972972974,8.223529411764705
5c7b22516c1030351d6d7a1b,benchmark://cbench-v1/bitcount,1,7,-indvars,True,-1.784587,-4.764049,c57cb058bd036f47,c57cb058bd036f47,699,699,0.032551,0.034102,4008,4008,85,85,37,37,699,699,367,367,0,2,43,31,7,38,18,3,8,25,3,2,0,83,2,63,14,13,88,149,129,76,102,38,73,10,35,59,28,12,73,28,63,67,47,28,7,75,0,3,2,21,50,1,7,119,5,19,2,12,85,699,367,37,5,243,0,2,43,31,7,38,18,3,8,25,3,2,0,83,2,63,14,13,88,149,129,76,102,38,73,10,35,59,28,12,73,28,63,67,47,28,7,75,0,3,2,21,50,1,7,119,5,19,2,12,85,699,367,37,5,243,-1.784587,18.89189189189189,0.525035765379113,5.733905579399142,2.2972972972972974,8.223529411764705,18.89189189189189,0.525035765379113,5.733905579399142,2.2972972972972974,8.223529411764705
ce5ec3762eef3d294da7a14f,benchmark://cbench-v1/bitcount,2,0,-licm,True,0.496488,1.810454,9a7d1509b5f80c39,9a7d1509b5f80c39,729,729,0.031431,0.030862,5171,5171,80,80,37,37,729,729,331,331,3,23,38,27,6,33,18,2,9,25,3,20,6,54,26,58,14,12,83,162,130,87,102,33,82,10,37,59,28,12,68,26,58,67,43,28,13,46,0,3,57,21,50,1,7,116,6,28,2,12,80,729,331,37,98,221,3,23,38,27,6,33,18,2,9,25,3,20,6,54,26,58,14,12,83,162,130,87,102,33,82,10,37,59,28,12,68,26,58,67,43,28,13,46,0,3,57,21,50,1,7,116,6,28,2,12,80,729,331,37,98,221,0.496488,19.7027027027027,0.4540466392318244,7.093278463648834,2.1621621621621623,9.1125,19.7027027027027,0.4540466392318244,7.093278463648834,2.1621621621621623,9.1125
ce5ec3762eef3d294da7a14f,benchmark://cbench-v1/bitcount,2,1,-loop-rotate,True,0.867391,6.286969,9a7d1509b5f80c39,857a929bf3f85327,729,740,0.031431,0.029455,5171,5275,80,83,37,37,729,740,331,333,3,23,38,27,6,33,18,2,9,25,3,20,6,54,26,58,14,12,83,162,130,87,102,33,82,10,37,59,28,12,68,26,58,67,43,28,13,46,0,3,57,21,50,1,7,116,6,28,2,12,80,729,331,37,98,221,3,28,37,28,5,32,22,2,12,29,3,26,5,52,31,61,14,21,90,165,133,92,102,32,83,10,38,59,28,12,71,26,61,67,43,32,13,47,0,3,58,21,50,1,7,117,6,28,2,12,83,740,333,37,100,222,0.867391,19.7027027027027,0.4540466392318244,7.093278463648834,2.1621621621621623,9.1125,20.0,0.45,7.128378378378378,2.2432432432432434,8.91566265060241
ce5ec3762eef3d294da7a14f,benchmark://cbench-v1/bitcount,2,2,-loop-unroll,True,-0.294387,-7.734818,9a7d1509b5f80c39,9a7d1509b5f80c39,729,729,0.031431,0.033862,5171,5171,80,80,37,37,729,729,331,331,3,23,38,27,6,33,18,2,9,25,3,20,6,54,26,58,14,12,83,162,130,87,102,33,82,10,37,59,28,12,68,26,58,67,43,28,13,46,0,3,57,21,50,1,7,116,6,28,2,12,80,729,331,37,98,221,3,23,38,27,6,33,18,2,9,25,3,20,6,54,26,58,14,12,83,162,130,87,102,33,82,10,37,59,28,12,68,26,58,67,43,28,13,46,0,3,57,21,50,1,7,116,6,28,2,12,80,729,331,37,98,221,-0.294387,19.7027027027027,0.4540466392318244,7.093278463648834,2.1621621621621623,9.1125,19.7027027027027,0.4540466392318244,7.093278463648834,2.1621621621621623,9.1125
ce5ec3762eef3d294da7a14f,benchmark://cbench-v1/bitcount,2,3,-loop-vectorize,True,0.572908,2.732789,9a7d1509b5f80c39,9a7d1509b5f80c39,729,729,0.031431,0.030572,5171,5171,80,80,37,37,729,729,331,331,3,23,38,27,6,33,18,2,9,25,3,20,6,54,26,58,14,12,83,162,130,87,102,33,82,10,37,59,28,12,68,26,58,67,43,28,13,46,0,3,57,21,50,1,7,116,6,28,2,12,80,729,331,37,98,221,3,23,38,27,6,33,18,2,9,25,3,20,6,54,26,58,14,12,83,162,130,87,102,33,82,10,37,59,28,12,68,26,58,67,43,28,13,46,0,3,57,21,50,1,7,116,6,28,2,12,80,729,331,37,98,221,0.572908,19.7027027027027,0.4540466392318244,7.093278463648834,2.1621621621621623,9.1125,19.7027027027027,0.4540466392318244,7.093278463648834,2.1621621621621623,9.1125
ce5ec3762eef3d294da7a14f,benchmark://cbench-v1/bitcount,2,4,-loop-deletion,True,0.507847,1.947548,9a7d1509b5f80c39,9a7d1509b5f80c39,729,729,0.031431,0.030819,5171,5171,80,80,37,37,729,729,331,331,3,23,38,27,6,33,18,2,9,25,3,20,6,54,26,58,14,12,83,162,130,87,102,33,82,10,37,59,28,12,68,26,58,67,43,28,13,46,0,3,57,21,50,1,7,116,6,28,2,12,80,729,331,37,98,221,3,23,38,27,6,33,18,2,9,25,3,20,6,54,26,58,14,12,83,162,130,87,102,33,82,10,37,59,28,12,68,26,58,67,43,28,13,46,0,3,57,21,50,1,7,116,6,28,2,12,80,729,331,37,98,221,0.507847,19.7027027027027,0.4540466392318244,7.093278463648834,2.1621621621621623,9.1125,19.7027027027027,0.4540466392318244,7.093278463648834,2.1621621621621623,9.1125
ce5ec3762eef3d294da7a14f,benchmark://cbench-v1/bitcount,2,5,-loop-unswitch,True,0.285572,-0.735142,9a7d1509b5f80c39,7769c6c03f223bda,729,779,0.031431,0.031662,5171,6035,80,92,37,37,729,779,331,337,3,23,38,27,6,33,18,2,9,25,3,20,6,54,26,58,14,12,83,162,130,87,102,33,82,10,37,59,28,12,68,26,58,67,43,28,13,46,0,3,57,21,50,1,7,116,6,28,2,12,80,729,331,37,98,221,6,25,46,35,7,41,22,2,12,29,3,20,11,61,31,70,15,13,99,165,140,95,107,41,85,10,41,59,28,12,80,26,70,69,45,30,13,48,0,3,80,21,53,1,7,116,6,28,2,12,92,779,337,37,136,226,0.285572,19.7027027027027,0.4540466392318244,7.093278463648834,2.1621621621621623,9.1125,21.054054054054053,0.4326059050064185,7.7471116816431325,2.4864864864864864,8.467391304347826
ce5ec3762eef3d294da7a14f,benchmark://cbench-v1/bitcount,2,6,-loop-distribute,True,-2.498569,-34.337642,9a7d1509b5f80c39,9a7d1509b5f80c39,729,729,0.031431,0.042224,5171,5171,80,80,37,37,729,729,331,331,3,23,38,27,6,33,18,2,9,25,3,20,6,54,26,58,14,12,83,162,130,87,102,33,82,10,37,59,28,12,68,26,58,67,43,28,13,46,0,3,57,21,50,1,7,116,6,28,2,12,80,729,331,37,98,221,3,23,38,27,6,33,18,2,9,25,3,20,6,54,26,58,14,12,83,162,130,87,102,33,82,10,37,59,28,12,68,26,58,67,43,28,13,46,0,3,57,21,50,1,7,116,6,28,2,12,80,729,331,37,98,221,-2.498569,19.7027027027027,0.4540466392318244,7.093278463648834,2.1621621621621623,9.1125,19.7027027027027,0.4540466392318244,7.093278463648834,2.1621621621621623,9.1125
ce5ec3762eef3d294da7a14f,benchmark://cbench-v1/bitcount,2,7,-indvars,True,0.062750,-3.424446,9a7d1509b5f80c39,98ce72cd787d0cc4,729,726,0.031431,0.032508,5171,5178,80,80,37,37,729,726,331,331,3,23,38,27,6,33,18,2,9,25,3,20,6,54,26,58,14,12,83,162,130,87,102,33,82,10,37,59,28,12,68,26,58,67,43,28,13,46,0,3,57,21,50,1,7,116,6,28,2,12,80,729,331,37,98,221,3,23,38,27,6,33,18,2,9,25,3,20,6,54,26,58,14,12,83,157,133,86,101,33,82,10,37,59,28,12,68,26,58,67,43,28,13,46,0,3,55,21,47,1,7,116,6,30,2,12,80,726,331,37,94,220,0.062750,19.7027027027027,0.4540466392318244,7.093278463648834,2.1621621621621623,9.1125,19.62162162162162,0.4559228650137741,7.132231404958677,2.1621621621621623,9.075
6686dbc482444f80adf5df7b,benchmark://cbench-v1/stringsearch,0,0,-licm,True,0.036492,1.151574,1cc5940263765514,ee36e44f2a04cc13,1348,1411,0.027242,0.026928,5904,10015,201,202,31,31,1348,1411,815,754,0,10,134,93,28,112,53,15,36,70,3,10,0,191,10,182,39,22,252,182,158,95,143,112,61,0,38,68,0,21,180,82,182,152,78,70,0,338,2,0,10,11,50,1,0,179,47,5,0,27,201,1348,815,31,20,570,6,68,135,94,28,113,53,15,36,70,3,70,4,128,74,183,39,21,253,182,158,95,143,113,61,0,38,68,0,23,179,82,183,152,78,70,0,266,2,0,134,11,50,1,0,190,47,5,0,26,202,1411,754,31,198,497,0.036492,43.483870967741936,0.6045994065281899,4.379821958456973,6.483870967741935,6.706467661691542,45.516129032258064,0.5343727852586818,7.097802976612332,6.516129032258065,6.985148514851486
6686dbc482444f80adf5df7b,benchmark://cbench-v1/stringsearch,0,1,-loop-rotate,True,0.395561,2.513032,1cc5940263765514,17670b12596fb8c7,1348,1401,0.027242,0.026557,5904,6151,201,208,31,31,1348,1401,815,841,0,10,134,93,28,112,53,15,36,70,3,10,0,191,10,182,39,22,252,182,158,95,143,112,61,0,38,68,0,21,180,82,182,152,78,70,0,338,2,0,10,11,50,1,0,179,47,5,0,27,201,1348,815,31,20,570,0,10,126,80,38,104,68,24,37,85,3,10,0,198,10,189,39,60,274,190,160,97,147,104,65,0,38,68,0,22,186,82,189,152,79,85,0,363,2,0,10,11,51,1,0,179,51,5,0,27,208,1401,841,31,20,596,0.395561,43.483870967741936,0.6045994065281899,4.379821958456973,6.483870967741935,6.706467661691542,45.193548387096776,0.6002855103497502,4.3904354032833695,6.709677419354839,6.735576923076923
6686dbc482444f80adf5df7b,benchmark://cbench-v1/stringsearch,0,2,-loop-unroll,True,0.271533,2.042762,1cc5940263765514,38453130712a8fab,1348,1349,0.027242,0.026685,5904,5904,201,202,31,31,1348,1349,815,815,0,10,134,93,28,112,53,15,36,70,3,10,0,191,10,182,39,22,252,182,158,95,143,112,61,0,38,68,0,21,180,82,182,152,78,70,0,338,2,0,10,11,50,1,0,179,47,5,0,27,201,1348,815,31,20,570,0,10,135,94,28,113,53,15,36,70,3,10,0,192,10,183,39,21,253,182,158,95,143,113,61,0,38,68,0,21,181,82,183,152,78,70,0,338,2,0,10,11,50,1,0,179,47,5,0,27,202,1349,815,31,20,570,0.271533,43.483870967741936,0.6045994065281899,4.379821958456973,6.483870967741935,6.706467661691542,43.516129032258064,0.6041512231282431,4.376575240919199,6.516129032258065,6.678217821782178
6686dbc482444f80adf5df7b,benchmark://cbench-v1/stringsearch,0,3,-loop-vectorize,True,0.239445,1.921095,1cc5940263765514,38453130712a8fab,1348,1349,0.027242,0.026718,5904,5904,201,202,31,31,1348,1349,815,815,0,10,134,93,28,112,53,15,36,70,3,10,0,191,10,182,39,22,252,182,158,95,143,112,61,0,38,68,0,21,180,82,182,152,78,70,0,338,2,0,10,11,50,1,0,179,47,5,0,27,201,1348,815,31,20,570,0,10,135,94,28,113,53,15,36,70,3,10,0,192,10,183,39,21,253,182,158,95,143,113,61,0,38,68,0,21,181,82,183,152,78,70,0,338,2,0,10,11,50,1,0,179,47,5,0,27,202,1349,815,31,20,570,0.239445,43.483870967741936,0.6045994065281899,4.379821958456973,6.483870967741935,6.706467661691542,43.516129032258064,0.6041512231282431,4.376575240919199,6.516129032258065,6.678217821782178
6686dbc482444f80adf5df7b,benchmark://cbench-v1/stringsearch,0,4,-loop-deletion,True,0.635647,3.423351,1cc5940263765514,38453130712a8fab,1348,1349,0.027242,0.026309,5904,5904,201,202,31,31,1348,1349,815,815,0,10,134,93,28,112,53,15,36,70,3,10,0,191,10,182,39,22,252,182,158,95,143,112,61,0,38,68,0,21,180,82,182,152,78,70,0,338,2,0,10,11,50,1,0,179,47,5,0,27,201,1348,815,31,20,570,0,10,135,94,28,113,53,15,36,70,3,10,0,192,10,183,39,21,253,182,158,95,143,113,61,0,38,68,0,21,181,82,183,152,78,70,0,338,2,0,10,11,50,1,0,179,47,5,0,27,202,1349,815,31,20,570,0.635647,43.483870967741936,0.6045994065281899,4.379821958456973,6.483870967741935,6.706467661691542,43.516129032258064,0.6041512231282431,4.376575240919199,6.516129032258065,6.678217821782178
6686dbc482444f80adf5df7b,benchmark://cbench-v1/stringsearch,0,5,-loop-unswitch,True,0.786978,3.997141,1cc5940263765514,38453130712a8fab,1348,1349,0.027242,0.026153,5904,5904,201,202,31,31,1348,1349,815,815,0,10,134,93,28,112,53,15,36,70,3,10,0,191,10,182,39,22,252,182,158,95,143,112,61,0,38,68,0,21,180,82,182,152,78,70,0,338,2,0,10,11,50,1,0,179,47,5,0,27,201,1348,815,31,20,570,0,10,135,94,28,113,53,15,36,70,3,10,0,192,10,183,39,21,253,182,158,95,143,113,61,0,38,68,0,21,181,82,183,152,78,70,0,338,2,0,10,11,50,1,0,179,47,5,0,27,202,1349,815,31,20,570,0.786978,43.483870967741936,0.6045994065281899,4.379821958456973,6.483870967741935,6.706467661691542,43.516129032258064,0.6041512231282431,4.376575240919199,6.516129032258065,6.678217821782178
6686dbc482444f80adf5df7b,benchmark://cbench-v1/stringsearch,0,6,-loop-distribute,True,0.211731,1.816016,1cc5940263765514,daf32eee988e2a2b,1348,1348,0.027242,0.026747,5904,5904,201,201,31,31,1348,1348,815,815,0,10,134,93,28,112,53,15,36,70,3,10,0,191,10,182,39,22,252,182,158,95,143,112,61,0,38,68,0,21,180,82,182,152,78,70,0,338,2,0,10,11,50,1,0,179,47,5,0,27,201,1348,815,31,20,570,0,10,134,93,28,112,53,15,36,70,3,10,0,191,10,182,39,22,252,182,158,95,143,112,61,0,38,68,0,21,180,82,182,152,78,70,0,338,2,0,10,11,50,1,0,179,47,5,0,27,201,1348,815,31,20,570,0.211731,43.483870967741936,0.6045994065281899,4.379821958456973,6.483870967741935,6.706467661691542,43.483870967741936,0.6045994065281899,4.379821958456973,6.483870967741935,6.706467661691542
6686dbc482444f80adf5df7b,benchmark://cbench-v1/stringsearch,0,7,-indvars,True,-2.577387,-8.759305,1cc5940263765514,38453130712a8fab,1348,1349,0.027242,0.029628,5904,5904,201,202,31,31,1348,1349,815,815,0,10,134,93,28,112,53,15,36,70,3,10,0,191,10,182,39,22,252,182,158,95,143,112,61,0,38,68,0,21,180,82,182,152,78,70,0,338,2,0,10,11,50,1,0,179,47,5,0,27,201,1348,815,31,20,570,0,10,135,94,28,113,53,15,36,70,3,10,0,192,10,183,39,21,253,182,158,95,143,113,61,0,38,68,0,21,181,82,183,152,78,70,0,338,2,0,10,11,50,1,0,179,47,5,0,27,202,1349,815,31,20,570,-2.577387,43.483870967741936,0.6045994065281899,4.379821958456973,6.483870967741935,6.706467661691542,43.516129032258064,0.6041512231282431,4.376575240919199,6.516129032258065,6.678217821782178
661d79031b04bc4d0b41b768,benchmark://cbench-v1/stringsearch,1,0,-licm,True,1.440527,0.608904,efe62dbe8cd48f36,711be179f3221df4,1048,1212,0.025850,0.025692,6807,10102,201,202,31,31,1048,1212,585,600,0,10,134,93,28,112,53,15,36,70,3,10,0,191,10,182,37,22,252,170,150,92,131,112,50,0,38,68,0,12,189,41,182,150,69,66,0,118,0,0,10,11,38,1,0,180,37,5,0,26,201,1048,585,31,20,296,6,72,135,94,28,113,53,15,36,70,3,71,7,124,78,183,37,21,253,170,150,92,131,113,50,0,38,68,0,17,185,41,183,150,69,66,0,122,0,0,158,11,38,1,0,191,37,5,0,26,202,1212,600,31,225,300,1.440527,33.806451612903224,0.558206106870229,6.495229007633588,6.483870967741935,5.213930348258707,39.096774193548384,0.49504950495049505,8.334983498349835,6.516129032258065,6.0
661d79031b04bc4d0b41b768,benchmark://cbench-v1/stringsearch,1,1,-loop-rotate,True,0.322857,-2.225946,efe62dbe8cd48f36,73403938ecbb460f,1048,1130,0.025850,0.026425,6807,7793,201,208,31,31,1048,1130,585,604,0,10,134,93,28,112,53,15,36,70,3,10,0,191,10,182,37,22,252,170,150,92,131,112,50,0,38,68,0,12,189,41,182,150,69,66,0,118,0,0,10,11,38,1,0,180,37,5,0,26,201,1048,585,31,20,296,1,42,126,80,38,104,68,24,37,85,3,43,0,165,43,189,37,60,274,174,152,94,131,104,50,0,38,68,0,15,193,41,189,150,70,81,0,136,0,0,50,11,39,1,0,180,37,5,0,26,208,1130,604,31,83,315,0.322857,33.806451612903224,0.558206106870229,6.495229007633588,6.483870967741935,5.213930348258707,36.45161290322581,0.5345132743362832,6.896460176991151,6.709677419354839,5.4326923076923075
661d79031b04bc4d0b41b768,benchmark://cbench-v1/stringsearch,1,2,-loop-unroll,True,0.427720,-1.959972,efe62dbe8cd48f36,2321fd46fe8ed70b,1048,1068,0.025850,0.026357,6807,7090,201,202,31,31,1048,1068,585,585,0,10,134,93,28,112,53,15,36,70,3,10,0,191,10,182,37,22,252,170,150,92,131,112,50,0,38,68,0,12,189,41,182,150,69,66,0,118,0,0,10,11,38,1,0,180,37,5,0,26,201,1048,585,31,20,296,0,26,135,94,28,113,53,15,36,70,3,26,0,176,26,183,37,21,253,170,150,92,131,113,50,0,38,68,0,12,190,41,183,150,69,66,0,118,0,0,29,11,38,1,0,180,37,5,0,26,202,1068,585,31,41,296,0.427720,33.806451612903224,0.558206106870229,6.495229007633588,6.483870967741935,5.213930348258707,34.45161290322581,0.547752808988764,6.638576779026217,6.516129032258065,5.287128712871287
661d79031b04bc4d0b41b768,benchmark://cbench-v1/stringsearch,1,3,-loop-vectorize,True,0.439828,-1.929262,efe62dbe8cd48f36,8f0e70d8795d347d,1048,1064,0.025850,0.026349,6807,7011,201,202,31,31,1048,1064,585,585,0,10,134,93,28,112,53,15,36,70,3,10,0,191,10,182,37,22,252,170,150,92,131,112,50,0,38,68,0,12,189,41,182,150,69,66,0,118,0,0,10,11,38,1,0,180,37,5,0,26,201,1048,585,31,20,296,0,22,135,94,28,113,53,15,36,70,3,22,0,180,22,183,37,21,253,170,150,92,131,113,50,0,38,68,0,12,190,41,183,150,69,66,0,118,0,0,25,11,38,1,0,180,37,5,0,26,202,1064,585,31,37,296,0.439828,33.806451612903224,0.558206106870229,6.495229007633588,6.483870967741935,5.213930348258707,34.32258064516129,0.549812030075188,6.589285714285714,6.516129032258065,5.267326732673268
661d79031b04bc4d0b41b768,benchmark://cbench-v1/stringsearch,1,4,-loop-deletion,True,-0.384946,-4.021212,efe62dbe8cd48f36,6c1ad9a261a5387e,1048,1068,0.025850,0.026889,6807,7106,201,202,31,31,1048,1068,585,585,0,10,134,93,28,112,53,15,36,70,3,10,0,191,10,182,37,22,252,170,150,92,131,112,50,0,38,68,0,12,189,41,182,150,69,66,0,118,0,0,10,11,38,1,0,180,37,5,0,26,201,1048,585,31,20,296,0,26,135,94,28,113,53,15,36,70,3,26,0,176,26,183,37,21,253,170,150,92,131,113,50,0,38,68,0,12,190,41,183,150,69,66,0,118,0,0,29,11,38,1,0,180,37,5,0,26,202,1068,585,31,41,296,-0.384946,33.806451612903224,0.558206106870229,6.495229007633588,6.483870967741935,5.213930348258707,34.45161290322581,0.547752808988764,6.653558052434457,6.516129032258065,5.287128712871287
661d79031b04bc4d0b41b768,benchmark://cbench-v1/stringsearch,1,5,-loop-unswitch,True,0.430237,-1.953588,efe62dbe8cd48f36,2321fd46fe8ed70b,1048,1068,0.025850,0.026355,6807,7090,201,202,31,31,1048,1068,585,585,0,10,134,93,28,112,53,15,36,70,3,10,0,191,10,182,37,22,252,170,150,92,131,112,50,0,38,68,0,12,189,41,182,150,69,66,0,118,0,0,10,11,38,1,0,180,37,5,0,26,201,1048,585,31,20,296,0,26,135,94,28,113,53,15,36,70,3,26,0,176,26,183,37,21,253,170,150,92,131,113,50,0,38,68,0,12,190,41,183,150,69,66,0,118,0,0,29,11,38,1,0,180,37,5,0,26,202,1068,585,31,41,296,0.430237,33.806451612903224,0.558206106870229,6.495229007633588,6.483870967741935,5.213930348258707,34.45161290322581,0.547752808988764,6.638576779026217,6.516129032258065,5.287128712871287
661d79031b04bc4d0b41b768,benchmark://cbench-v1/stringsearch,1,6,-loop-distribute,True,-0.463502,-4.220462,efe62dbe8cd48f36,efe62dbe8cd48f36,1048,1048,0.025850,0.026941,6807,6807,201,201,31,31,1048,1048,585,585,0,10,134,93,28,112,53,15,36,70,3,10,0,191,10,182,37,22,252,170,150,92,131,112,50,0,38,68,0,12,189,41,182,150,69,66,0,118,0,0,10,11,38,1,0,180,37,5,0,26,201,1048,585,31,20,296,0,10,134,93,28,112,53,15,36,70,3,10,0,191,10,182,37,22,252,170,150,92,131,112,50,0,38,68,0,12,189,41,182,150,69,66,0,118,0,0,10,11,38,1,0,180,37,5,0,26,201,1048,585,31,20,296,-0.463502,33.806451612903224,0.558206106870229,6.495229007633588,6.483870967741935,5.213930348258707,33.806451612903224,0.558206106870229,6.495229007633588,6.483870967741935,5.213930348258707
661d79031b04bc4d0b41b768,benchmark://cbench-v1/stringsearch,1,7,-indvars,True,-2.212720,-8.657165,efe62dbe8cd48f36,4f6739e8d26e3c14,1048,1068,0.025850,0.028088,6807,7026,201,202,31,31,1048,1068,585,585,0,10,134,93,28,112,53,15,36,70,3,10,0,191,10,182,37,22,252,170,150,92,131,112,50,0,38,68,0,12,189,41,182,150,69,66,0,118,0,0,10,11,38,1,0,180,37,5,0,26,201,1048,585,31,20,296,0,25,135,94,28,113,53,15,36,70,3,25,0,177,25,183,37,21,253,171,150,92,131,113,51,0,39,68,0,12,190,41,183,150,69,66,0,118,0,0,28,11,38,1,0,180,37,5,0,26,202,1068,585,31,40,296,-2.212720,33.806451612903224,0.558206106870229,6.495229007633588,6.483870967741935,5.213930348258707,34.45161290322581,0.547752808988764,6.578651685393258,6.516129032258065,5.287128712871287
df173722ae05276988361c65,benchmark://cbench-v1/stringsearch,2,0,-licm,True,0.524710,3.517306,9e71b9644cb9ff5d,9e71b9644cb9ff5d,1241,1241,0.027424,0.026459,11708,11708,188,188,31,31,1241,1241,588,588,17,67,121,80,28,99,53,15,36,70,3,66,18,104,84,169,37,19,239,185,163,120,124,99,57,0,52,68,0,17,171,41,169,150,69,66,0,110,0,0,206,11,38,1,0,191,30,5,0,26,188,1241,588,31,320,288,17,67,121,80,28,99,53,15,36,70,3,66,18,104,84,169,37,19,239,185,163,120,124,99,57,0,52,68,0,17,171,41,169,150,69,66,0,110,0,0,206,11,38,1,0,191,30,5,0,26,188,1241,588,31,320,288,0.524710,40.03225806451613,0.47381144238517325,9.434327155519743,6.064516129032258,6.601063829787234,40.03225806451613,0.47381144238517325,9.434327155519743,6.064516129032258,6.601063829787234
df173722ae05276988361c65,benchmark://cbench-v1/stringsearch,2,1,-loop-rotate,True,0.675471,4.905876,9e71b9644cb9ff5d,5936123ba70e1da4,1241,1262,0.027424,0.026078,11708,11650,188,185,31,31,1241,1262,588,592,17,67,121,80,28,99,53,15,36,70,3,66,18,104,84,169,37,19,239,185,163,120,124,99,57,0,52,68,0,17,171,41,169,150,69,66,0,110,0,0,206,11,38,1,0,191,30,5,0,26,188,1241,588,31,320,288,20,78,107,70,29,85,64,12,45,81,3,81,17,87,98,166,37,55,247,192,168,132,124,85,57,0,52,68,0,18,167,41,166,150,70,77,0,113,0,0,215,11,38,1,0,191,30,5,0,26,185,1262,592,31,338,291,0.675471,40.03225806451613,0.47381144238517325,9.434327155519743,6.064516129032258,6.601063829787234,40.70967741935484,0.46909667194928684,9.231378763866879,5.967741935483871,6.821621621621621
df173722ae05276988361c65,benchmark://cbench-v1/stringsearch,2,2,-loop-unroll,True,-2.392488,-23.351271,9e71b9644cb9ff5d,9e71b9644cb9ff5d,1241,1241,0.027424,0.033827,11708,11708,188,188,31,31,1241,1241,588,588,17,67,121,80,28,99,53,15,36,70,3,66,18,104,84,169,37,19,239,185,163,120,124,99,57,0,52,68,0,17,171,41,169,150,69,66,0,110,0,0,206,11,38,1,0,191,30,5,0,26,188,1241,588,31,320,288,17,67,121,80,28,99,53,15,36,70,3,66,18,104,84,169,37,19,239,185,163,120,124,99,57,0,52,68,0,17,171,41,169,150,69,66,0,110,0,0,206,11,38,1,0,191,30,5,0,26,188,1241,588,31,320,288,-2.392488,40.03225806451613,0.47381144238517325,9.434327155519743,6.064516129032258,6.601063829787234,40.03225806451613,0.47381144238517325,9.434327155519743,6.064516129032258,6.601063829787234
df173722ae05276988361c65,benchmark://cbench-v1/stringsearch,2,3,-loop-vectorize,True,-0.740521,-8.135983,9e71b9644cb9ff5d,9e71b9644cb9ff5d,1241,1241,0.027424,0.029655,11708,11708,188,188,31,31,1241,1241,588,588,17,67,121,80,28,99,53,15,36,70,3,66,18,104,84,169,37,19,239,185,163,120,124,99,57,0,52,68,0,17,171,41,169,150,69,66,0,110,0,0,206,11,38,1,0,191,30,5,0,26,188,1241,588,31,320,288,17,67,121,80,28,99,53,15,36,70,3,66,18,104,84,169,37,19,239,185,163,120,124,99,57,0,52,68,0,17,171,41,169,150,69,66,0,110,0,0,206,11,38,1,0,191,30,5,0,26,188,1241,588,31,320,288,-0.740521,40.03225806451613,0.47381144238517325,9.434327155519743,6.064516129032258,6.601063829787234,40.03225806451613,0.47381144238517325,9.434327155519743,6.064516129032258,6.601063829787234
df173722ae05276988361c65,benchmark://cbench-v1/stringsearch,2,4,-loop-deletion,True,0.322161,1.651752,9e71b9644cb9ff5d,9e71b9644cb9ff5d,1241,1241,0.027424,0.026971,11708,11708,188,188,31,31,1241,1241,588,588,17,67,121,80,28,99,53,15,36,70,3,66,18,104,84,169,37,19,239,185,163,120,124,99,57,0,52,68,0,17,171,41,169,150,69,66,0,110,0,0,206,11,38,1,0,191,30,5,0,26,188,1241,588,31,320,288,17,67,121,80,28,99,53,15,36,70,3,66,18,104,84,169,37,19,239,185,163,120,124,99,57,0,52,68,0,17,171,41,169,150,69,66,0,110,0,0,206,11,38,1,0,191,30,5,0,26,188,1241,588,31,320,288,0.322161,40.03225806451613,0.47381144238517325,9.434327155519743,6.064516129032258,6.601063829787234,40.03225806451613,0.47381144238517325,9.434327155519743,6.064516129032258,6.601063829787234
df173722ae05276988361c65,benchmark://cbench-v1/stringsearch,2,5,-loop-unswitch,True,0.426506,2.612811,9e71b9644cb9ff5d,9e71b9644cb9ff5d,1241,1241,0.027424,0.026707,11708,11708,188,188,31,31,1241,1241,588,588,17,67,121,80,28,99,53,15,36,70,3,66,18,104,84,169,37,19,239,185,163,120,124,99,57,0,52,68,0,17,171,41,169,150,69,66,0,110,0,0,206,11,38,1,0,191,30,5,0,26,188,1241,588,31,320,288,17,67,121,80,28,99,53,15,36,70,3,66,18,104,84,169,37,19,239,185,163,120,124,99,57,0,52,68,0,17,171,41,169,150,69,66,0,110,0,0,206,11,38,1,0,191,30,5,0,26,188,1241,588,31,320,288,0.426506,40.03225806451613,0.47381144238517325,9.434327155519743,6.064516129032258,6.601063829787234,40.03225806451613,0.47381144238517325,9.434327155519743,6.064516129032258,6.601063829787234
df173722ae05276988361c65,benchmark://cbench-v1/stringsearch,2,6,-loop-distribute,True,0.524117,3.511845,9e71b9644cb9ff5d,9e71b9644cb9ff5d,1241,1241,0.027424,0.026460,11708,11708,188,188,31,31,1241,1241,588,588,17,67,121,80,28,99,53,15,36,70,3,66,18,104,84,169,37,19,239,185,163,120,124,99,57,0,52,68,0,17,171,41,169,150,69,66,0,110,0,0,206,11,38,1,0,191,30,5,0,26,188,1241,588,31,320,288,17,67,121,80,28,99,53,15,36,70,3,66,18,104,84,169,37,19,239,185,163,120,124,99,57,0,52,68,0,17,171,41,169,150,69,66,0,110,0,0,206,11,38,1,0,191,30,5,0,26,188,1241,588,31,320,288,0.524117,40.03225806451613,0.47381144238517325,9.434327155519743,6.064516129032258,6.601063829787234,40.03225806451613,0.47381144238517325,9.434327155519743,6.064516129032258,6.601063829787234
df173722ae05276988361c65,benchmark://cbench-v1/stringsearch,2,7,-indvars,True,0.660044,4.763785,9e71b9644cb9ff5d,3c24cc57788c23c1,1241,1265,0.027424,0.026117,11708,12303,188,188,31,31,1241,1265,588,588,17,67,121,80,28,99,53,15,36,70,3,66,18,104,84,169,37,19,239,185,163,120,124,99,57,0,52,68,0,17,171,41,169,150,69,66,0,110,0,0,206,11,38,1,0,191,30,5,0,26,188,1241,588,31,320,288,17,67,121,80,28,99,53,15,36,70,3,67,17,104,84,169,37,19,239,154,197,119,124,99,61,0,56,68,0,16,172,41,169,150,69,66,0,110,0,0,205,11,35,1,0,191,30,29,0,26,188,1265,588,31,318,309,0.660044,40.03225806451613,0.47381144238517325,9.434327155519743,6.064516129032258,6.601063829787234,40.806451612903224,0.46482213438735176,9.725691699604743,6.064516129032258,6.7287234042553195
996f46068f2badf46cfc197b,benchmark://cbench-v1/qsort,0,0,-licm,True,1.098379,2.396881,d205025726f2ef82,3462d172b0867407,638,634,0.035645,0.034791,3113,5723,85,86,16,16,638,634,402,325,0,4,54,39,12,46,23,6,12,31,2,4,0,81,4,77,13,15,108,106,75,51,71,46,15,0,9,46,0,13,72,51,77,81,39,31,0,163,2,0,4,6,13,1,0,73,8,1,0,15,85,638,402,16,10,298,9,21,54,39,12,47,24,6,13,31,2,23,7,56,30,78,13,15,109,106,75,51,71,47,15,0,9,46,0,10,76,51,78,81,39,31,0,94,2,0,76,6,13,1,0,65,8,1,0,15,86,634,325,16,137,229,1.098379,39.875,0.6300940438871473,4.879310344827586,5.3125,7.5058823529411764,39.625,0.5126182965299685,9.026813880126182,5.375,7.372093023255814
996f46068f2badf46cfc197b,benchmark://cbench-v1/qsort,0,1,-loop-rotate,True,-2.217562,-2.065321,d205025726f2ef82,f5cfd1f51e34f246,638,660,0.035645,0.036381,3113,3215,85,91,16,16,638,660,402,412,0,4,54,39,12,46,23,6,12,31,2,4,0,81,4,77,13,15,108,106,75,51,71,46,15,0,9,46,0,13,72,51,77,81,39,31,0,163,2,0,4,6,13,1,0,73,8,1,0,15,85,638,402,16,10,298,0,4,54,35,17,47,29,11,12,36,2,4,0,87,4,83,13,25,119,108,75,52,71,47,16,0,10,46,0,13,78,51,83,81,39,36,0,172,2,0,4,6,13,1,0,74,8,1,0,15,91,660,412,16,10,307,-2.217562,39.875,0.6300940438871473,4.879310344827586,5.3125,7.5058823529411764,41.25,0.6242424242424243,4.871212121212121,5.6875,7.252747252747253
996f46068f2badf46cfc197b,benchmark://cbench-v1/qsort,0,2,-loop-unroll,True,0.654153,1.799095,d205025726f2ef82,f78a5af9e2e43f4c,638,639,0.035645,0.035004,3113,3113,85,86,16,16,638,639,402,402,0,4,54,39,12,46,23,6,12,31,2,4,0,81,4,77,13,15,108,106,75,51,71,46,15,0,9,46,0,13,72,51,77,81,39,31,0,163,2,0,4,6,13,1,0,73,8,1,0,15,85,638,402,16,10,298,0,4,54,39,12,47,24,6,13,31,2,4,0,82,4,78,13,15,109,106,75,51,71,47,15,0,9,46,0,13,73,51,78,81,39,31,0,163,2,0,4,6,13,1,0,73,8,1,0,15,86,639,402,16,10,298,0.654153,39.875,0.6300940438871473,4.879310344827586,5.3125,7.5058823529411764,39.9375,0.6291079812206573,4.871674491392802,5.375,7.430232558139535
996f46068f2badf46cfc197b,benchmark://cbench-v1/qsort,0,3,-loop-vectorize,True,1.031285,2.306594,d205025726f2ef82,f78a5af9e2e43f4c,638,639,0.035645,0.034823,3113,3113,85,86,16,16,638,639,402,402,0,4,54,39,12,46,23,6,12,31,2,4,0,81,4,77,13,15,108,106,75,51,71,46,15,0,9,46,0,13,72,51,77,81,39,31,0,163,2,0,4,6,13,1,0,73,8,1,0,15,85,638,402,16,10,298,0,4,54,39,12,47,24,6,13,31,2,4,0,82,4,78,13,15,109,106,75,51,71,47,15,0,9,46,0,13,73,51,78,81,39,31,0,163,2,0,4,6,13,1,0,73,8,1,0,15,86,639,402,16,10,298,1.031285,39.875,0.6300940438871473,4.879310344827586,5.3125,7.5058823529411764,39.9375,0.6291079812206573,4.871674491392802,5.375,7.430232558139535
996f46068f2badf46cfc197b,benchmark://cbench-v1/qsort,0,4,-loop-deletion,True,-0.078973,0.812540,d205025726f2ef82,f78a5af9e2e43f4c,638,639,0.035645,0.035355,3113,3113,85,86,16,16,638,639,402,402,0,4,54,39,12,46,23,6,12,31,2,4,0,81,4,77,13,15,108,106,75,51,71,46,15,0,9,46,0,13,72,51,77,81,39,31,0,163,2,0,4,6,13,1,0,73,8,1,0,15,85,638,402,16,10,298,0,4,54,39,12,47,24,6,13,31,2,4,0,82,4,78,13,15,109,106,75,51,71,47,15,0,9,46,0,13,73,51,78,81,39,31,0,163,2,0,4,6,13,1,0,73,8,1,0,15,86,639,402,16,10,298,-0.078973,39.875,0.6300940438871473,4.879310344827586,5.3125,7.5058823529411764,39.9375,0.6291079812206573,4.871674491392802,5.375,7.430232558139535
996f46068f2badf46cfc197b,benchmark://cbench-v1/qsort,0,5,-loop-unswitch,True,-0.075731,0.816903,d205025726f2ef82,f78a5af9e2e43f4c,638,639,0.035645,0.035354,3113,3113,85,86,16,16,638,639,402,402,0,4,54,39,12,46,23,6,12,31,2,4,0,81,4,77,13,15,108,106,75,51,71,46,15,0,9,46,0,13,72,51,77,81,39,31,0,163,2,0,4,6,13,1,0,73,8,1,0,15,85,638,402,16,10,298,0,4,54,39,12,47,24,6,13,31,2,4,0,82,4,78,13,15,109,106,75,51,71,47,15,0,9,46,0,13,73,51,78,81,39,31,0,163,2,0,4,6,13,1,0,73,8,1,0,15,86,639,402,16,10,298,-0.075731,39.875,0.6300940438871473,4.879310344827586,5.3125,7.5058823529411764,39.9375,0.6291079812206573,4.871674491392802,5.375,7.430232558139535
996f46068f2badf46cfc197b,benchmark://cbench-v1/qsort,0,6,-loop-distribute,True,-0.585155,0.131380,d205025726f2ef82,d9895230b8d46c5e,638,638,0.035645,0.035598,3113,3113,85,85,16,16,638,638,402,402,0,4,54,39,12,46,23,6,12,31,2,4,0,81,4,77,13,15,108,106,75,51,71,46,15,0,9,46,0,13,72,51,77,81,39,31,0,163,2,0,4,6,13,1,0,73,8,1,0,15,85,638,402,16,10,298,0,4,54,39,12,46,23,6,12,31,2,4,0,81,4,77,13,15,108,106,75,51,71,46,15,0,9,46,0,13,72,51,77,81,39,31,0,163,2,0,4,6,13,1,0,73,8,1,0,15,85,638,402,16,10,298,-0.585155,39.875,0.6300940438871473,4.879310344827586,5.3125,7.5058823529411764,39.875,0.6300940438871473,4.879310344827586,5.3125,7.5058823529411764
996f46068f2badf46cfc197b,benchmark://cbench-v1/qsort,0,7,-indvars,True,0.173605,1.152430,d205025726f2ef82,f78a5af9e2e43f4c,638,639,0.035645,0.035234,3113,3113,85,86,16,16,638,639,402,402,0,4,54,39,12,46,23,6,12,31,2,4,0,81,4,77,13,15,108,106,75,51,71,46,15,0,9,46,0,13,72,51,77,81,39,31,0,163,2,0,4,6,13,1,0,73,8,1,0,15,85,638,402,16,10,298,0,4,54,39,12,47,24,6,13,31,2,4,0,82,4,78,13,15,109,106,75,51,71,47,15,0,9,46,0,13,73,51,78,81,39,31,0,163,2,0,4,6,13,1,0,73,8,1,0,15,86,639,402,16,10,298,0.173605,39.875,0.6300940438871473,4.879310344827586,5.3125,7.5058823529411764,39.9375,0.6291079812206573,4.871674491392802,5.375,7.430232558139535
375ffc1c6030973048177fcc,benchmark://cbench-v1/qsort,1,0,-licm,True,-0.678632,-4.576461,92d179ff6af65604,12b13b2a4dab0fac,462,522,0.034666,0.036253,3189,5332,85,86,16,16,462,522,274,264,0,4,54,39,12,46,23,6,12,31,2,4,0,81,4,77,13,15,108,105,67,43,70,46,12,0,8,46,0,6,79,27,77,81,34,30,0,40,2,0,4,6,5,1,0,73,6,1,0,5,85,462,274,16,10,131,7,23,54,39,12,47,24,6,13,31,2,23,7,56,30,78,13,15,109,105,67,43,70,47,12,0,8,46,0,8,78,27,78,81,34,30,0,38,2,0,73,6,5,1,0,65,6,1,0,5,86,522,264,16,125,129,-0.678632,28.875,0.5930735930735931,6.902597402597403,5.3125,5.435294117647059,32.625,0.5057471264367817,10.21455938697318,5.375,6.069767441860465
375ffc1c6030973048177fcc,benchmark://cbench-v1/qsort,1,1,-loop-rotate,True,-2.293736,-8.857548,92d179ff6af65604,636576bb9e06f6ff,462,492,0.034666,0.037737,3189,3744,85,91,16,16,462,492,274,281,0,4,54,39,12,46,23,6,12,31,2,4,0,81,4,77,13,15,108,105,67,43,70,46,12,0,8,46,0,6,79,27,77,81,34,30,0,40,2,0,4,6,5,1,0,73,6,1,0,5,85,462,274,16,10,131,0,11,54,35,17,47,29,11,12,36,2,11,0,80,11,83,13,25,119,107,67,44,70,47,13,0,9,46,0,7,84,27,83,81,34,35,0,46,2,0,15,6,5,1,0,74,6,1,0,5,91,492,281,16,26,137,-2.293736,28.875,0.5930735930735931,6.902597402597403,5.3125,5.435294117647059,30.75,0.5711382113821138,7.609756097560975,5.6875,5.406593406593407
375ffc1c6030973048177fcc,benchmark://cbench-v1/qsort,1,2,-loop-unroll,True,-0.026433,-2.847707,92d179ff6af65604,4421d20c8a2972bf,462,469,0.034666,0.035653,3189,3493,85,86,16,16,462,469,274,274,0,4,54,39,12,46,23,6,12,31,2,4,0,81,4,77,13,15,108,105,67,43,70,46,12,0,8,46,0,6,79,27,77,81,34,30,0,40,2,0,4,6,5,1,0,73,6,1,0,5,85,462,274,16,10,131,0,7,54,39,12,47,24,6,13,31,2,7,0,79,7,78,13,15,109,105,67,43,70,47,12,0,8,46,0,6,80,27,78,81,34,30,0,40,2,0,10,6,5,1,0,73,6,1,0,5,86,469,274,16,16,131,-0.026433,28.875,0.5930735930735931,6.902597402597403,5.3125,5.435294117647059,29.3125,0.5842217484008528,7.447761194029851,5.375,5.453488372093023
375ffc1c6030973048177fcc,benchmark://cbench-v1/qsort,1,3,-loop-vectorize,True,0.206731,-2.229669,92d179ff6af65604,933d3eaeb58ee50f,462,469,0.034666,0.035439,3189,3493,85,86,16,16,462,469,274,274,0,4,54,39,12,46,23,6,12,31,2,4,0,81,4,77,13,15,108,105,67,43,70,46,12,0,8,46,0,6,79,27,77,81,34,30,0,40,2,0,4,6,5,1,0,73,6,1,0,5,85,462,274,16,10,131,0,7,54,39,12,47,24,6,13,31,2,7,0,79,7,78,13,15,109,105,67,43,70,47,12,0,8,46,0,6,80,27,78,81,34,30,0,40,2,0,10,6,5,1,0,73,6,1,0,5,86,469,274,16,16,131,0.206731,28.875,0.5930735930735931,6.902597402597403,5.3125,5.435294117647059,29.3125,0.5842217484008528,7.447761194029851,5.375,5.453488372093023
375ffc1c6030973048177fcc,benchmark://cbench-v1/qsort,1,4,-loop-deletion,True,1.034764,-0.034839,92d179ff6af65604,f08b56e372e31f95,462,469,0.034666,0.034678,3189,3493,85,86,16,16,462,469,274,274,0,4,54,39,12,46,23,6,12,31,2,4,0,81,4,77,13,15,108,105,67,43,70,46,12,0,8,46,0,6,79,27,77,81,34,30,0,40,2,0,4,6,5,1,0,73,6,1,0,5,85,462,274,16,10,131,0,7,54,39,12,47,24,6,13,31,2,7,0,79,7,78,13,15,109,105,67,43,70,47,12,0,8,46,0,6,80,27,78,81,34,30,0,40,2,0,10,6,5,1,0,73,6,1,0,5,86,469,274,16,16,131,1.034764,28.875,0.5930735930735931,6.902597402597403,5.3125,5.435294117647059,29.3125,0.5842217484008528,7.447761194029851,5.375,5.453488372093023
375ffc1c6030973048177fcc,benchmark://cbench-v1/qsort,1,5,-loop-unswitch,True,0.330687,-1.901106,92d179ff6af65604,4421d20c8a2972bf,462,469,0.034666,0.035325,3189,3493,85,86,16,16,462,469,274,274,0,4,54,39,12,46,23,6,12,31,2,4,0,81,4,77,13,15,108,105,67,43,70,46,12,0,8,46,0,6,79,27,77,81,34,30,0,40,2,0,4,6,5,1,0,73,6,1,0,5,85,462,274,16,10,131,0,7,54,39,12,47,24,6,13,31,2,7,0,79,7,78,13,15,109,105,67,43,70,47,12,0,8,46,0,6,80,27,78,81,34,30,0,40,2,0,10,6,5,1,0,73,6,1,0,5,86,469,274,16,16,131,0.330687,28.875,0.5930735930735931,6.902597402597403,5.3125,5.435294117647059,29.3125,0.5842217484008528,7.447761194029851,5.375,5.453488372093023
375ffc1c6030973048177fcc,benchmark://cbench-v1/qsort,1,6,-loop-distribute,True,0.849479,-0.525965,92d179ff6af65604,92d179ff6af65604,462,462,0.034666,0.034849,3189,3189,85,85,16,16,462,462,274,274,0,4,54,39,12,46,23,6,12,31,2,4,0,81,4,77,13,15,108,105,67,43,70,46,12,0,8,46,0,6,79,27,77,81,34,30,0,40,2,0,4,6,5,1,0,73,6,1,0,5,85,462,274,16,10,131,0,4,54,39,12,46,23,6,12,31,2,4,0,81,4,77,13,15,108,105,67,43,70,46,12,0,8,46,0,6,79,27,77,81,34,30,0,40,2,0,4,6,5,1,0,73,6,1,0,5,85,462,274,16,10,131,0.849479,28.875,0.5930735930735931,6.902597402597403,5.3125,5.435294117647059,28.875,0.5930735930735931,6.902597402597403,5.3125,5.435294117647059
375ffc1c6030973048177fcc,benchmark://cbench-v1/qsort,1,7,-indvars,True,0.577140,-1.247842,92d179ff6af65604,4421d20c8a2972bf,462,469,0.034666,0.035099,3189,3493,85,86,16,16,462,469,274,274,0,4,54,39,12,46,23,6,12,31,2,4,0,81,4,77,13,15,108,105,67,43,70,46,12,0,8,46,0,6,79,27,77,81,34,30,0,40,2,0,4,6,5,1,0,73,6,1,0,5,85,462,274,16,10,131,0,7,54,39,12,47,24,6,13,31,2,7,0,79,7,78,13,15,109,105,67,43,70,47,12,0,8,46,0,6,80,27,78,81,34,30,0,40,2,0,10,6,5,1,0,73,6,1,0,5,86,469,274,16,16,131,0.577140,28.875,0.5930735930735931,6.902597402597403,5.3125,5.435294117647059,29.3125,0.5842217484008528,7.447761194029851,5.375,5.453488372093023
956f785118ec2205bd08de4c,benchmark://cbench-v1/qsort,2,0,-licm,True,0.912995,1.879996,8731b3a2099fd01c,8688ed0ff41dc5b5,563,564,0.035454,0.034788,6664,6688,80,80,16,16,563,564,258,258,13,22,47,34,10,41,26,6,15,31,1,22,13,45,35,72,13,15,103,110,68,48,71,41,12,0,8,46,0,9,71,27,72,81,34,30,0,32,2,0,126,6,5,1,0,65,6,1,0,5,80,563,258,16,199,123,13,22,47,34,10,41,26,6,15,31,1,22,13,45,35,72,13,15,103,110,68,48,71,41,12,0,8,46,0,9,71,27,72,81,34,30,0,32,2,0,124,6,5,1,0,65,6,4,0,5,80,564,258,16,197,126,0.912995,35.1875,0.458259325044405,11.83658969804618,5.0,7.0375,35.25,0.4574468085106383,11.858156028368795,5.0,7.05
956f785118ec2205bd08de4c,benchmark://cbench-v1/qsort,2,1,-loop-rotate,True,0.842898,1.719863,8731b3a2099fd01c,99d8428749a4e743,563,594,0.035454,0.034844,6664,7151,80,86,16,16,563,594,258,260,13,22,47,34,10,41,26,6,15,31,1,22,13,45,35,72,13,15,103,110,68,48,71,41,12,0,8,46,0,9,71,27,72,81,34,30,0,32,2,0,126,6,5,1,0,65,6,1,0,5,80,563,258,16,199,123,15,26,47,32,13,41,32,9,17,37,1,28,13,45,41,78,13,27,115,114,70,51,72,41,14,0,10,46,0,11,75,27,78,81,34,36,0,33,2,0,137,6,5,1,0,66,7,2,0,5,86,594,260,16,221,126,0.842898,35.1875,0.458259325044405,11.83658969804618,5.0,7.0375,37.125,0.4377104377104377,12.038720538720538,5.375,6.906976744186046
956f785118ec2205bd08de4c,benchmark://cbench-v1/qsort,2,2,-loop-unroll,True,0.126381,0.083029,8731b3a2099fd01c,8731b3a2099fd01c,563,563,0.035454,0.035425,6664,6664,80,80,16,16,563,563,258,258,13,22,47,34,10,41,26,6,15,31,1,22,13,45,35,72,13,15,103,110,68,48,71,41,12,0,8,46,0,9,71,27,72,81,34,30,0,32,2,0,126,6,5,1,0,65,6,1,0,5,80,563,258,16,199,123,13,22,47,34,10,41,26,6,15,31,1,22,13,45,35,72,13,15,103,110,68,48,71,41,12,0,8,46,0,9,71,27,72,81,34,30,0,32,2,0,126,6,5,1,0,65,6,1,0,5,80,563,258,16,199,123,0.126381,35.1875,0.458259325044405,11.83658969804618,5.0,7.0375,35.1875,0.458259325044405,11.83658969804618,5.0,7.0375
956f785118ec2205bd08de4c,benchmark://cbench-v1/qsort,2,3,-loop-vectorize,True,0.424835,0.764827,8731b3a2099fd01c,8731b3a2099fd01c,563,563,0.035454,0.035183,6664,6664,80,80,16,16,563,563,258,258,13,22,47,34,10,41,26,6,15,31,1,22,13,45,35,72,13,15,103,110,68,48,71,41,12,0,8,46,0,9,71,27,72,81,34,30,0,32,2,0,126,6,5,1,0,65,6,1,0,5,80,563,258,16,199,123,13,22,47,34,10,41,26,6,15,31,1,22,13,45,35,72,13,15,103,110,68,48,71,41,12,0,8,46,0,9,71,27,72,81,34,30,0,32,2,0,126,6,5,1,0,65,6,1,0,5,80,563,258,16,199,123,0.424835,35.1875,0.458259325044405,11.83658969804618,5.0,7.0375,35.1875,0.458259325044405,11.83658969804618,5.0,7.0375
956f785118ec2205bd08de4c,benchmark://cbench-v1/qsort,2,4,-loop-deletion,True,-0.636038,-1.658668,8731b3a2099fd01c,8731b3a2099fd01c,563,563,0.035454,0.036042,6664,6664,80,80,16,16,563,563,258,258,13,22,47,34,10,41,26,6,15,31,1,22,13,45,35,72,13,15,103,110,68,48,71,41,12,0,8,46,0,9,71,27,72,81,34,30,0,32,2,0,126,6,5,1,0,65,6,1,0,5,80,563,258,16,199,123,13,22,47,34,10,41,26,6,15,31,1,22,13,45,35,72,13,15,103,110,68,48,71,41,12,0,8,46,0,9,71,27,72,81,34,30,0,32,2,0,126,6,5,1,0,65,6,1,0,5,80,563,258,16,199,123,-0.636038,35.1875,0.458259325044405,11.83658969804618,5.0,7.0375,35.1875,0.458259325044405,11.83658969804618,5.0,7.0375
956f785118ec2205bd08de4c,benchmark://cbench-v1/qsort,2,5,-loop-unswitch,True,-2.295011,-5.448480,8731b3a2099fd01c,8731b3a2099fd01c,563,563,0.035454,0.037386,6664,6664,80,80,16,16,563,563,258,258,13,22,47,34,10,41,26,6,15,31,1,22,13,45,35,72,13,15,103,110,68,48,71,41,12,0,8,46,0,9,71,27,72,81,34,30,0,32,2,0,126,6,5,1,0,65,6,1,0,5,80,563,258,16,199,123,13,22,47,34,10,41,26,6,15,31,1,22,13,45,35,72,13,15,103,110,68,48,71,41,12,0,8,46,0,9,71,27,72,81,34,30,0,32,2,0,126,6,5,1,0,65,6,1,0,5,80,563,258,16,199,123,-2.295011,35.1875,0.458259325044405,11.83658969804618,5.0,7.0375,35.1875,0.458259325044405,11.83658969804618,5.0,7.0375
956f785118ec2205bd08de4c,benchmark://cbench-v1/qsort,2,6,-loop-distribute,True,0.755387,1.519950,8731b3a2099fd01c,8731b3a2099fd01c,563,563,0.035454,0.034915,6664,6664,80,80,16,16,563,563,258,258,13,22,47,34,10,41,26,6,15,31,1,22,13,45,35,72,13,15,103,110,68,48,71,41,12,0,8,46,0,9,71,27,72,81,34,30,0,32,2,0,126,6,5,1,0,65,6,1,0,5,80,563,258,16,199,123,13,22,47,34,10,41,26,6,15,31,1,22,13,45,35,72,13,15,103,110,68,48,71,41,12,0,8,46,0,9,71,27,72,81,34,30,0,32,2,0,126,6,5,1,0,65,6,1,0,5,80,563,258,16,199,123,0.755387,35.1875,0.458259325044405,11.83658969804618,5.0,7.0375,35.1875,0.458259325044405,11.83658969804618,5.0,7.0375
956f785118ec2205bd08de4c,benchmark://cbench-v1/qsort,2,7,-indvars,True,-0.131447,-0.505962,8731b3a2099fd01c,efe3961a356bb4b9,563,564,0.035454,0.035633,6664,6712,80,80,16,16,563,564,258,258,13,22,47,34,10,41,26,6,15,31,1,22,13,45,35,72,13,15,103,110,68,48,71,41,12,0,8,46,0,9,71,27,72,81,34,30,0,32,2,0,126,6,5,1,0,65,6,1,0,5,80,563,258,16,199,123,13,22,47,34,10,41,26,6,15,31,1,22,13,45,35,72,13,15,103,106,73,49,71,41,13,0,8,46,0,9,71,27,72,81,34,30,0,32,2,0,123,6,5,1,0,65,7,4,0,5,80,564,258,16,195,126,-0.131447,35.1875,0.458259325044405,11.83658969804618,5.0,7.0375,35.25,0.4574468085106383,11.900709219858156,5.0,7.05
1c6581bca25831849a48ca86,benchmark://cbench-v1/sha,0,0,-licm,True,1.003493,2.961517,c47686e9823c10c6,516fc5a7801b38cc,799,836,0.002319,0.002251,3533,5260,68,68,20,20,799,836,549,518,0,0,42,34,3,40,17,3,11,18,0,0,0,68,0,58,8,3,76,168,181,147,69,40,46,0,36,39,6,20,48,49,58,71,104,19,10,225,0,11,0,9,21,0,10,110,7,3,8,1,68,799,549,20,0,338,7,11,42,34,3,40,17,3,11,18,0,8,10,50,18,58,8,3,76,168,181,147,69,40,46,0,36,39,6,24,44,49,58,71,104,19,10,191,0,11,68,9,21,0,10,113,7,3,8,1,68,836,518,20,100,304,1.003493,39.95,0.6871088861076345,4.421777221526908,3.4,11.75,41.8,0.6196172248803827,6.291866028708134,3.4,12.294117647058824
1c6581bca25831849a48ca86,benchmark://cbench-v1/sha,0,1,-loop-rotate,True,-0.134734,-5.080547,c47686e9823c10c6,bcb3a16cace2c642,799,839,0.002319,0.002437,3533,3783,68,79,20,20,799,839,549,565,0,0,42,34,3,40,17,3,11,18,0,0,0,68,0,58,8,3,76,168,181,147,69,40,46,0,36,39,6,20,48,49,58,71,104,19,10,225,0,11,0,9,21,0,10,110,7,3,8,1,68,799,549,20,0,338,0,0,42,28,13,40,28,12,9,29,0,0,0,79,0,69,9,25,98,178,183,149,70,40,47,0,37,39,6,21,58,49,69,72,104,30,10,238,0,11,0,9,21,0,10,112,7,4,8,1,79,839,565,20,0,352,-0.134734,39.95,0.6871088861076345,4.421777221526908,3.4,11.75,41.95,0.6734207389749702,4.508939213349225,3.95,10.620253164556962
1c6581bca25831849a48ca86,benchmark://cbench-v1/sha,0,2,-loop-unroll,True,0.629199,0.316967,c47686e9823c10c6,b2cf250f45f476a8,799,799,0.002319,0.002312,3533,3533,68,68,20,20,799,799,549,549,0,0,42,34,3,40,17,3,11,18,0,0,0,68,0,58,8,3,76,168,181,147,69,40,46,0,36,39,6,20,48,49,58,71,104,19,10,225,0,11,0,9,21,0,10,110,7,3,8,1,68,799,549,20,0,338,0,0,42,34,3,40,17,3,11,18,0,0,0,68,0,58,8,3,76,168,181,147,69,40,46,0,36,39,6,20,48,49,58,71,104,19,10,225,0,11,0,9,21,0,10,110,7,3,8,1,68,799,549,20,0,338,0.629199,39.95,0.6871088861076345,4.421777221526908,3.4,11.75,39.95,0.6871088861076345,4.421777221526908,3.4,11.75
1c6581bca25831849a48ca86,benchmark://cbench-v1/sha,0,3,-loop-vectorize,True,-1.674125,-15.957004,c47686e9823c10c6,b2cf250f45f476a8,799,799,0.002319,0.002690,3533,3533,68,68,20,20,799,799,549,549,0,0,42,34,3,40,17,3,11,18,0,0,0,68,0,58,8,3,76,168,181,147,69,40,46,0,36,39,6,20,48,49,58,71,104,19,10,225,0,11,0,9,21,0,10,110,7,3,8,1,68,799,549,20,0,338,0,0,42,34,3,40,17,3,11,18,0,0,0,68,0,58,8,3,76,168,181,147,69,40,46,0,36,39,6,20,48,49,58,71,104,19,10,225,0,11,0,9,21,0,10,110,7,3,8,1,68,799,549,20,0,338,-1.674125,39.95,0.6871088861076345,4.421777221526908,3.4,11.75,39.95,0.6871088861076345,4.421777221526908,3.4,11.75
1c6581bca25831849a48ca86,benchmark://cbench-v1/sha,0,4,-loop-deletion,True,0.502081,-0.581173,c47686e9823c10c6,b2cf250f45f476a8,799,799,0.002319,0.002333,3533,3533,68,68,20,20,799,799,549,549,0,0,42,34,3,40,17,3,11,18,0,0,0,68,0,58,8,3,76,168,181,147,69,40,46,0,36,39,6,20,48,49,58,71,104,19,10,225,0,11,0,9,21,0,10,110,7,3,8,1,68,799,549,20,0,338,0,0,42,34,3,40,17,3,11,18,0,0,0,68,0,58,8,3,76,168,181,147,69,40,46,0,36,39,6,20,48,49,58,71,104,19,10,225,0,11,0,9,21,0,10,110,7,3,8,1,68,799,549,20,0,338,0.502081,39.95,0.6871088861076345,4.421777221526908,3.4,11.75,39.95,0.6871088861076345,4.421777221526908,3.4,11.75
1c6581bca25831849a48ca86,benchmark://cbench-v1/sha,0,5,-loop-unswitch,True,-1.492087,-14.670827,c47686e9823c10c6,b2cf250f45f476a8,799,799,0.002319,0.002660,3533,3533,68,68,20,20,799,799,549,549,0,0,42,34,3,40,17,3,11,18,0,0,0,68,0,58,8,3,76,168,181,147,69,40,46,0,36,39,6,20,48,49,58,71,104,19,10,225,0,11,0,9,21,0,10,110,7,3,8,1,68,799,549,20,0,338,0,0,42,34,3,40,17,3,11,18,0,0,0,68,0,58,8,3,76,168,181,147,69,40,46,0,36,39,6,20,48,49,58,71,104,19,10,225,0,11,0,9,21,0,10,110,7,3,8,1,68,799,549,20,0,338,-1.492087,39.95,0.6871088861076345,4.421777221526908,3.4,11.75,39.95,0.6871088861076345,4.421777221526908,3.4,11.75
1c6581bca25831849a48ca86,benchmark://cbench-v1/sha,0,6,-loop-distribute,True,1.138908,3.918281,c47686e9823c10c6,b2cf250f45f476a8,799,799,0.002319,0.002229,3533,3533,68,68,20,20,799,799,549,549,0,0,42,34,3,40,17,3,11,18,0,0,0,68,0,58,8,3,76,168,181,147,69,40,46,0,36,39,6,20,48,49,58,71,104,19,10,225,0,11,0,9,21,0,10,110,7,3,8,1,68,799,549,20,0,338,0,0,42,34,3,40,17,3,11,18,0,0,0,68,0,58,8,3,76,168,181,147,69,40,46,0,36,39,6,20,48,49,58,71,104,19,10,225,0,11,0,9,21,0,10,110,7,3,8,1,68,799,549,20,0,338,1.138908,39.95,0.6871088861076345,4.421777221526908,3.4,11.75,39.95,0.6871088861076345,4.421777221526908,3.4,11.75
1c6581bca25831849a48ca86,benchmark://cbench-v1/sha,0,7,-indvars,True,0.027266,-3.935948,c47686e9823c10c6,b2cf250f45f476a8,799,799,0.002319,0.002411,3533,3533,68,68,20,20,799,799,549,549,0,0,42,34,3,40,17,3,11,18,0,0,0,68,0,58,8,3,76,168,181,147,69,40,46,0,36,39,6,20,48,49,58,71,104,19,10,225,0,11,0,9,21,0,10,110,7,3,8,1,68,799,549,20,0,338,0,0,42,34,3,40,17,3,11,18,0,0,0,68,0,58,8,3,76,168,181,147,69,40,46,0,36,39,6,20,48,49,58,71,104,19,10,225,0,11,0,9,21,0,10,110,7,3,8,1,68,799,549,20,0,338,0.027266,39.95,0.6871088861076345,4.421777221526908,3.4,11.75,39.95,0.6871088861076345,4.421777221526908,3.4,11.75
1d4455b01ae3666c31905fd7,benchmark://cbench-v1/sha,1,0,-licm,True,0.605457,-0.181109,0a2ec2c21916ab15,28f3d926edd1272e,582,684,0.002506,0.002511,3446,5998,68,68,20,20,582,684,359,371,0,0,42,34,3,40,17,3,11,18,0,0,0,68,0,58,8,3,76,114,148,82,63,40,44,0,35,39,6,14,54,27,58,71,59,19,10,80,0,11,0,9,18,0,9,110,7,3,8,1,68,582,359,20,0,168,11,11,42,34,3,40,17,3,11,18,0,11,11,46,22,58,8,3,76,114,148,82,63,40,44,0,35,39,6,17,51,27,58,71,59,19,10,89,0,11,90,9,18,0,9,113,7,3,8,1,68,684,371,20,132,177,0.605457,29.1,0.6168384879725086,5.920962199312715,3.4,8.558823529411764,34.2,0.5423976608187134,8.769005847953217,3.4,10.058823529411764
1d4455b01ae3666c31905fd7,benchmark://cbench-v1/sha,1,1,-loop-rotate,True,0.075173,-5.697227,0a2ec2c21916ab15,3100787b7783946d,582,634,0.002506,0.002649,3446,3954,68,79,20,20,582,634,359,373,0,0,42,34,3,40,17,3,11,18,0,0,0,68,0,58,8,3,76,114,148,82,63,40,44,0,35,39,6,14,54,27,58,71,59,19,10,80,0,11,0,9,18,0,9,110,7,3,8,1,68,582,359,20,0,168,0,13,42,28,13,40,28,12,9,29,0,13,0,66,13,69,9,25,98,124,150,84,64,40,45,0,36,39,6,16,63,27,69,72,59,30,10,91,0,11,14,9,18,0,9,112,7,4,8,1,79,634,373,20,26,180,0.075173,29.1,0.6168384879725086,5.920962199312715,3.4,8.558823529411764,31.7,0.5883280757097792,6.236593059936909,3.95,8.025316455696203
1d4455b01ae3666c31905fd7,benchmark://cbench-v1/sha,1,2,-loop-unroll,True,1.219752,6.208894,0a2ec2c21916ab15,32083f99bd79acad,582,584,0.002506,0.002351,3446,3456,68,68,20,20,582,584,359,359,0,0,42,34,3,40,17,3,11,18,0,0,0,68,0,58,8,3,76,114,148,82,63,40,44,0,35,39,6,14,54,27,58,71,59,19,10,80,0,11,0,9,18,0,9,110,7,3,8,1,68,582,359,20,0,168,0,2,42,34,3,40,17,3,11,18,0,2,0,66,2,58,8,3,76,114,148,82,63,40,44,0,35,39,6,14,54,27,58,71,59,19,10,80,0,11,2,9,18,0,9,110,7,3,8,1,68,584,359,20,2,168,1.219752,29.1,0.6168384879725086,5.920962199312715,3.4,8.558823529411764,29.2,0.6147260273972602,5.917808219178082,3.4,8.588235294117647
1d4455b01ae3666c31905fd7,benchmark://cbench-v1/sha,1,3,-loop-vectorize,True,1.638064,10.560255,0a2ec2c21916ab15,32083f99bd79acad,582,584,0.002506,0.002242,3446,3456,68,68,20,20,582,584,359,359,0,0,42,34,3,40,17,3,11,18,0,0,0,68,0,58,8,3,76,114,148,82,63,40,44,0,35,39,6,14,54,27,58,71,59,19,10,80,0,11,0,9,18,0,9,110,7,3,8,1,68,582,359,20,0,168,0,2,42,34,3,40,17,3,11,18,0,2,0,66,2,58,8,3,76,114,148,82,63,40,44,0,35,39,6,14,54,27,58,71,59,19,10,80,0,11,2,9,18,0,9,110,7,3,8,1,68,584,359,20,2,168,1.638064,29.1,0.6168384879725086,5.920962199312715,3.4,8.558823529411764,29.2,0.6147260273972602,5.917808219178082,3.4,8.588235294117647
1d4455b01ae3666c31905fd7,benchmark://cbench-v1/sha,1,4,-loop-deletion,True,-0.807618,-14.880180,0a2ec2c21916ab15,32083f99bd79acad,582,584,0.002506,0.002879,3446,3456,68,68,20,20,582,584,359,359,0,0,42,34,3,40,17,3,11,18,0,0,0,68,0,58,8,3,76,114,148,82,63,40,44,0,35,39,6,14,54,27,58,71,59,19,10,80,0,11,0,9,18,0,9,110,7,3,8,1,68,582,359,20,0,168,0,2,42,34,3,40,17,3,11,18,0,2,0,66,2,58,8,3,76,114,148,82,63,40,44,0,35,39,6,14,54,27,58,71,59,19,10,80,0,11,2,9,18,0,9,110,7,3,8,1,68,584,359,20,2,168,-0.807618,29.1,0.6168384879725086,5.920962199312715,3.4,8.558823529411764,29.2,0.6147260273972602,5.917808219178082,3.4,8.588235294117647
1d4455b01ae3666c31905fd7,benchmark://cbench-v1/sha,1,5,-loop-unswitch,True,-0.656002,-13.303042,0a2ec2c21916ab15,ca9cce3499b0210e,582,613,0.002506,0.002840,3446,3680,68,81,20,20,582,613,359,370,0,0,42,34,3,40,17,3,11,18,0,0,0,68,0,58,8,3,76,114,148,82,63,40,44,0,35,39,6,14,54,27,58,71,59,19,10,80,0,11,0,9,18,0,9,110,7,3,8,1,68,582,359,20,0,168,0,4,51,41,6,49,21,5,12,22,0,4,0,77,4,71,9,4,93,117,148,84,65,49,45,0,36,39,6,14,67,27,71,75,60,21,10,83,0,11,4,9,18,0,9,113,7,3,8,1,81,613,370,20,5,171,-0.656002,29.1,0.6168384879725086,5.920962199312715,3.4,8.558823529411764,30.65,0.6035889070146819,6.00326264274062,4.05,7.567901234567901
1d4455b01ae3666c31905fd7,benchmark://cbench-v1/sha,1,6,-loop-distribute,True,-0.704483,-13.807352,0a2ec2c21916ab15,0a2ec2c21916ab15,582,582,0.002506,0.002852,3446,3446,68,68,20,20,582,582,359,359,0,0,42,34,3,40,17,3,11,18,0,0,0,68,0,58,8,3,76,114,148,82,63,40,44,0,35,39,6,14,54,27,58,71,59,19,10,80,0,11,0,9,18,0,9,110,7,3,8,1,68,582,359,20,0,168,0,0,42,34,3,40,17,3,11,18,0,0,0,68,0,58,8,3,76,114,148,82,63,40,44,0,35,39,6,14,54,27,58,71,59,19,10,80,0,11,0,9,18,0,9,110,7,3,8,1,68,582,359,20,0,168,-0.704483,29.1,0.6168384879725086,5.920962199312715,3.4,8.558823529411764,29.1,0.6168384879725086,5.920962199312715,3.4,8.558823529411764
1d4455b01ae3666c31905fd7,benchmark://cbench-v1/sha,1,7,-indvars,True,-1.370344,-20.733768,0a2ec2c21916ab15,32083f99bd79acad,582,584,0.002506,0.003026,3446,3456,68,68,20,20,582,584,359,359,0,0,42,34,3,40,17,3,11,18,0,0,0,68,0,58,8,3,76,114,148,82,63,40,44,0,35,39,6,14,54,27,58,71,59,19,10,80,0,11,0,9,18,0,9,110,7,3,8,1,68,582,359,20,0,168,0,2,42,34,3,40,17,3,11,18,0,2,0,66,2,58,8,3,76,114,148,82,63,40,44,0,35,39,6,14,54,27,58,71,59,19,10,80,0,11,2,9,18,0,9,110,7,3,8,1,68,584,359,20,2,168,-1.370344,29.1,0.6168384879725086,5.920962199312715,3.4,8.558823529411764,29.2,0.6147260273972602,5.917808219178082,3.4,8.588235294117647
a3133572c7b6ad26be0e312d,benchmark://cbench-v1/sha,2,0,-licm,True,-0.842952,1.615092,1418f2d75d2baee6,097a29729826a0ed,563,705,0.002823,0.002777,4524,6986,60,60,20,20,563,705,314,354,4,8,34,26,3,32,17,3,11,18,0,8,4,48,12,50,8,2,68,125,149,88,64,32,44,0,34,39,6,14,46,27,50,71,60,19,10,34,0,11,35,9,18,0,9,110,7,3,8,1,60,563,314,20,70,122,11,13,34,26,3,32,17,3,11,18,0,11,13,36,24,50,8,2,68,125,149,88,64,32,44,0,34,39,6,21,39,27,50,71,60,19,10,71,0,11,137,9,18,0,9,113,7,3,8,1,60,705,354,20,209,159,-0.842952,28.15,0.5577264653641207,8.035523978685612,3.0,9.383333333333333,35.25,0.502127659574468,9.909219858156028,3.0,11.75
a3133572c7b6ad26be0e312d,benchmark://cbench-v1/sha,2,1,-loop-rotate,True,0.511485,15.550015,1418f2d75d2baee6,e9d5d8b4dc12af85,563,600,0.002823,0.002384,4524,4566,60,59,20,20,563,600,314,318,4,8,34,26,3,32,17,3,11,18,0,8,4,48,12,50,8,2,68,125,149,88,64,32,44,0,34,39,6,14,46,27,50,71,60,19,10,34,0,11,35,9,18,0,9,110,7,3,8,1,60,563,314,20,70,122,4,16,28,22,4,26,22,3,13,23,0,12,8,39,20,49,9,18,72,130,152,92,65,26,45,0,35,39,6,15,44,27,49,72,60,24,10,35,0,11,62,9,18,0,9,112,7,4,8,1,59,600,318,20,101,124,0.511485,28.15,0.5577264653641207,8.035523978685612,3.0,9.383333333333333,30.0,0.53,7.61,2.95,10.169491525423728
a3133572c7b6ad26be0e312d,benchmark://cbench-v1/sha,2,2,-loop-unroll,True,0.671495,17.196254,1418f2d75d2baee6,31168d79c541bf53,563,586,0.002823,0.002337,4524,4886,60,60,20,20,563,586,314,314,4,8,34,26,3,32,17,3,11,18,0,8,4,48,12,50,8,2,68,125,149,88,64,32,44,0,34,39,6,14,46,27,50,71,60,19,10,34,0,11,35,9,18,0,9,110,7,3,8,1,60,563,314,20,70,122,4,14,34,26,3,32,17,3,11,18,0,10,8,42,18,50,8,2,68,125,149,88,64,32,44,0,34,39,6,14,46,27,50,71,60,19,10,34,0,11,58,9,18,0,9,110,7,3,8,1,60,586,314,20,93,122,0.671495,28.15,0.5577264653641207,8.035523978685612,3.0,9.383333333333333,29.3,0.5358361774744027,8.337883959044369,3.0,9.766666666666667
a3133572c7b6ad26be0e312d,benchmark://cbench-v1/sha,2,3,-loop-vectorize,True,0.872265,19.261855,1418f2d75d2baee6,d7c9e046aa03c217,563,586,0.002823,0.002279,4524,4886,60,60,20,20,563,586,314,314,4,8,34,26,3,32,17,3,11,18,0,8,4,48,12,50,8,2,68,125,149,88,64,32,44,0,34,39,6,14,46,27,50,71,60,19,10,34,0,11,35,9,18,0,9,110,7,3,8,1,60,563,314,20,70,122,4,14,34,26,3,32,17,3,11,18,0,10,8,42,18,50,8,2,68,125,149,88,64,32,44,0,34,39,6,14,46,27,50,71,60,19,10,34,0,11,58,9,18,0,9,110,7,3,8,1,60,586,314,20,93,122,0.872265,28.15,0.5577264653641207,8.035523978685612,3.0,9.383333333333333,29.3,0.5358361774744027,8.337883959044369,3.0,9.766666666666667
a3133572c7b6ad26be0e312d,benchmark://cbench-v1/sha,2,4,-loop-deletion,True,0.319443,13.574226,1418f2d75d2baee6,31168d79c541bf53,563,586,0.002823,0.002439,4524,4886,60,60,20,20,563,586,314,314,4,8,34,26,3,32,17,3,11,18,0,8,4,48,12,50,8,2,68,125,149,88,64,32,44,0,34,39,6,14,46,27,50,71,60,19,10,34,0,11,35,9,18,0,9,110,7,3,8,1,60,563,314,20,70,122,4,14,34,26,3,32,17,3,11,18,0,10,8,42,18,50,8,2,68,125,149,88,64,32,44,0,34,39,6,14,46,27,50,71,60,19,10,34,0,11,58,9,18,0,9,110,7,3,8,1,60,586,314,20,93,122,0.319443,28.15,0.5577264653641207,8.035523978685612,3.0,9.383333333333333,29.3,0.5358361774744027,8.337883959044369,3.0,9.766666666666667
a3133572c7b6ad26be0e312d,benchmark://cbench-v1/sha,2,5,-loop-unswitch,True,0.413716,14.544138,1418f2d75d2baee6,2abd87a50c348796,563,614,0.002823,0.002412,4524,5212,60,72,20,20,563,614,314,323,4,8,34,26,3,32,17,3,11,18,0,8,4,48,12,50,8,2,68,125,149,88,64,32,44,0,34,39,6,14,46,27,50,71,60,19,10,34,0,11,35,9,18,0,9,110,7,3,8,1,60,563,314,20,70,122,4,17,42,32,6,40,21,5,12,22,0,13,8,51,21,62,9,3,84,128,149,90,66,40,45,0,35,39,6,14,58,27,62,75,61,21,10,35,0,11,62,9,18,0,9,113,7,3,8,1,72,614,323,20,100,123,0.413716,28.15,0.5577264653641207,8.035523978685612,3.0,9.383333333333333,30.7,0.5260586319218241,8.488599348534201,3.6,8.527777777777779
a3133572c7b6ad26be0e312d,benchmark://cbench-v1/sha,2,6,-loop-distribute,True,-2.323738,-13.619758,1418f2d75d2baee6,1418f2d75d2baee6,563,563,0.002823,0.003207,4524,4524,60,60,20,20,563,563,314,314,4,8,34,26,3,32,17,3,11,18,0,8,4,48,12,50,8,2,68,125,149,88,64,32,44,0,34,39,6,14,46,27,50,71,60,19,10,34,0,11,35,9,18,0,9,110,7,3,8,1,60,563,314,20,70,122,4,8,34,26,3,32,17,3,11,18,0,8,4,48,12,50,8,2,68,125,149,88,64,32,44,0,34,39,6,14,46,27,50,71,60,19,10,34,0,11,35,9,18,0,9,110,7,3,8,1,60,563,314,20,70,122,-2.323738,28.15,0.5577264653641207,8.035523978685612,3.0,9.383333333333333,28.15,0.5577264653641207,8.035523978685612,3.0,9.383333333333333
a3133572c7b6ad26be0e312d,benchmark://cbench-v1/sha,2,7,-indvars,True,0.378285,14.179613,1418f2d75d2baee6,17b62afa0809a86e,563,582,0.002823,0.002422,4524,4966,60,60,20,20,563,582,314,314,4,8,34,26,3,32,17,3,11,18,0,8,4,48,12,50,8,2,68,125,149,88,64,32,44,0,34,39,6,14,46,27,50,71,60,19,10,34,0,11,35,9,18,0,9,110,7,3,8,1,60,563,314,20,70,122,4,14,34,26,3,32,17,3,11,18,0,10,8,42,18,50,8,2,68,103,171,88,64,32,44,0,34,39,6,14,46,27,50,71,60,19,10,34,0,11,58,9,8,0,9,110,7,9,8,1,60,582,314,20,93,118,0.378285,28.15,0.5577264653641207,8.035523978685612,3.0,9.383333333333333,29.1,0.5395189003436426,8.532646048109966,3.0,9.7
74746aba58c8e763014bdaf7,benchmark://cbench-v1/patricia,0,0,-licm,True,-0.683172,-3.644016,55b0f02b0d00c435,d93b80182a43b329,1282,1310,0.573711,0.594618,5069,7193,158,159,22,22,1282,1310,888,867,0,10,109,65,34,82,38,15,20,60,4,10,0,148,10,142,25,21,202,433,108,253,155,82,23,0,10,55,8,24,134,89,142,134,173,61,2,394,2,3,10,7,32,0,3,132,2,1,0,12,158,1282,888,22,20,584,1,34,110,66,34,83,38,15,20,60,4,35,0,124,35,143,25,20,203,433,108,253,155,83,23,0,10,55,8,22,137,89,143,134,173,61,2,361,2,3,58,7,32,0,3,144,2,1,0,12,159,1310,867,22,85,551,-0.683172,58.27272727272727,0.6926677067082684,3.953978159126365,7.181818181818182,8.113924050632912,59.54545454545455,0.6618320610687023,5.490839694656488,7.2272727272727275,8.238993710691824
74746aba58c8e763014bdaf7,benchmark://cbench-v1/patricia,0,1,-loop-rotate,True,-2.135675,-6.310076,55b0f02b0d00c435,c7407e0f8497873d,1282,1319,0.573711,0.609913,5069,5245,158,165,22,22,1282,1319,888,908,0,10,109,65,34,82,38,15,20,60,4,10,0,148,10,142,25,21,202,433,108,253,155,82,23,0,10,55,8,24,134,89,142,134,173,61,2,394,2,3,10,7,32,0,3,132,2,1,0,12,158,1282,888,22,20,584,0,10,110,62,39,83,44,19,21,66,4,10,0,155,10,149,25,32,215,442,108,257,155,83,23,0,10,55,8,25,140,89,149,135,177,67,2,409,2,3,10,7,32,0,3,132,2,1,0,16,165,1319,908,22,20,603,-2.135675,58.27272727272727,0.6926677067082684,3.953978159126365,7.181818181818182,8.113924050632912,59.95454545454545,0.6884003032600455,3.976497346474602,7.5,7.993939393939394
74746aba58c8e763014bdaf7,benchmark://cbench-v1/patricia,0,2,-loop-unroll,True,-0.668248,-3.616622,55b0f02b0d00c435,01c8be2b44dfcf64,1282,1283,0.573711,0.594460,5069,5085,158,159,22,22,1282,1283,888,888,0,10,109,65,34,82,38,15,20,60,4,10,0,148,10,142,25,21,202,433,108,253,155,82,23,0,10,55,8,24,134,89,142,134,173,61,2,394,2,3,10,7,32,0,3,132,2,1,0,12,158,1282,888,22,20,584,0,10,110,66,34,83,38,15,20,60,4,10,0,149,10,143,25,20,203,433,108,253,155,83,23,0,10,55,8,24,135,89,143,134,173,61,2,394,2,3,10,7,32,0,3,132,2,1,0,12,159,1283,888,22,20,584,-0.668248,58.27272727272727,0.6926677067082684,3.953978159126365,7.181818181818182,8.113924050632912,58.31818181818182,0.6921278254091972,3.9633671083398285,7.2272727272727275,8.069182389937106
74746aba58c8e763014bdaf7,benchmark://cbench-v1/patricia,0,3,-loop-vectorize,True,0.712668,-1.081961,55b0f02b0d00c435,01c8be2b44dfcf64,1282,1283,0.573711,0.579919,5069,5085,158,159,22,22,1282,1283,888,888,0,10,109,65,34,82,38,15,20,60,4,10,0,148,10,142,25,21,202,433,108,253,155,82,23,0,10,55,8,24,134,89,142,134,173,61,2,394,2,3,10,7,32,0,3,132,2,1,0,12,158,1282,888,22,20,584,0,10,110,66,34,83,38,15,20,60,4,10,0,149,10,143,25,20,203,433,108,253,155,83,23,0,10,55,8,24,135,89,143,134,173,61,2,394,2,3,10,7,32,0,3,132,2,1,0,12,159,1283,888,22,20,584,0.712668,58.27272727272727,0.6926677067082684,3.953978159126365,7.181818181818182,8.113924050632912,58.31818181818182,0.6921278254091972,3.9633671083398285,7.2272727272727275,8.069182389937106
74746aba58c8e763014bdaf7,benchmark://cbench-v1/patricia,0,4,-loop-deletion,True,0.943195,-0.658830,55b0f02b0d00c435,01c8be2b44dfcf64,1282,1283,0.573711,0.577491,5069,5085,158,159,22,22,1282,1283,888,888,0,10,109,65,34,82,38,15,20,60,4,10,0,148,10,142,25,21,202,433,108,253,155,82,23,0,10,55,8,24,134,89,142,134,173,61,2,394,2,3,10,7,32,0,3,132,2,1,0,12,158,1282,888,22,20,584,0,10,110,66,34,83,38,15,20,60,4,10,0,149,10,143,25,20,203,433,108,253,155,83,23,0,10,55,8,24,135,89,143,134,173,61,2,394,2,3,10,7,32,0,3,132,2,1,0,12,159,1283,888,22,20,584,0.943195,58.27272727272727,0.6926677067082684,3.953978159126365,7.181818181818182,8.113924050632912,58.31818181818182,0.6921278254091972,3.9633671083398285,7.2272727272727275,8.069182389937106
74746aba58c8e763014bdaf7,benchmark://cbench-v1/patricia,0,5,-loop-unswitch,True,0.618127,-1.255489,55b0f02b0d00c435,01c8be2b44dfcf64,1282,1283,0.573711,0.580914,5069,5085,158,159,22,22,1282,1283,888,888,0,10,109,65,34,82,38,15,20,60,4,10,0,148,10,142,25,21,202,433,108,253,155,82,23,0,10,55,8,24,134,89,142,134,173,61,2,394,2,3,10,7,32,0,3,132,2,1,0,12,158,1282,888,22,20,584,0,10,110,66,34,83,38,15,20,60,4,10,0,149,10,143,25,20,203,433,108,253,155,83,23,0,10,55,8,24,135,89,143,134,173,61,2,394,2,3,10,7,32,0,3,132,2,1,0,12,159,1283,888,22,20,584,0.618127,58.27272727272727,0.6926677067082684,3.953978159126365,7.181818181818182,8.113924050632912,58.31818181818182,0.6921278254091972,3.9633671083398285,7.2272727272727275,8.069182389937106
74746aba58c8e763014bdaf7,benchmark://cbench-v1/patricia,0,6,-loop-distribute,True,0.677991,-1.145609,55b0f02b0d00c435,decff2b3968fe707,1282,1282,0.573711,0.580284,5069,5069,158,158,22,22,1282,1282,888,888,0,10,109,65,34,82,38,15,20,60,4,10,0,148,10,142,25,21,202,433,108,253,155,82,23,0,10,55,8,24,134,89,142,134,173,61,2,394,2,3,10,7,32,0,3,132,2,1,0,12,158,1282,888,22,20,584,0,10,109,65,34,82,38,15,20,60,4,10,0,148,10,142,25,21,202,433,108,253,155,82,23,0,10,55,8,24,134,89,142,134,173,61,2,394,2,3,10,7,32,0,3,132,2,1,0,12,158,1282,888,22,20,584,0.677991,58.27272727272727,0.6926677067082684,3.953978159126365,7.181818181818182,8.113924050632912,58.27272727272727,0.6926677067082684,3.953978159126365,7.181818181818182,8.113924050632912
74746aba58c8e763014bdaf7,benchmark://cbench-v1/patricia,0,7,-indvars,True,0.535114,-1.407859,55b0f02b0d00c435,01c8be2b44dfcf64,1282,1283,0.573711,0.581788,5069,5085,158,159,22,22,1282,1283,888,888,0,10,109,65,34,82,38,15,20,60,4,10,0,148,10,142,25,21,202,433,108,253,155,82,23,0,10,55,8,24,134,89,142,134,173,61,2,394,2,3,10,7,32,0,3,132,2,1,0,12,158,1282,888,22,20,584,0,10,110,66,34,83,38,15,20,60,4,10,0,149,10,143,25,20,203,433,108,253,155,83,23,0,10,55,8,24,135,89,143,134,173,61,2,394,2,3,10,7,32,0,3,132,2,1,0,12,159,1283,888,22,20,584,0.535114,58.27272727272727,0.6926677067082684,3.953978159126365,7.181818181818182,8.113924050632912,58.31818181818182,0.6921278254091972,3.9633671083398285,7.2272727272727275,8.069182389937106
28f20197d6bf29bce5ff80cc,benchmark://cbench-v1/patricia,1,0,-licm,True,1.381691,3.108321,fa2a45a4a291af4c,40061e1d044b4f1f,935,1022,0.594848,0.576358,5935,7974,158,159,22,22,935,1022,603,613,0,10,109,65,34,82,38,15,20,60,4,10,0,148,10,142,25,21,202,327,96,187,130,82,14,0,9,55,4,8,150,54,142,134,114,61,0,168,2,0,10,7,22,0,1,132,2,1,0,7,158,935,603,22,20,308,3,40,110,66,34,83,38,15,20,60,4,40,3,116,43,143,25,20,203,331,96,191,130,83,14,0,9,55,4,15,144,53,143,134,116,61,0,163,2,0,87,7,22,0,1,145,2,1,0,7,159,1022,613,22,121,302,1.381691,42.5,0.6449197860962567,6.347593582887701,7.181818181818182,5.917721518987341,46.45454545454545,0.5998043052837574,7.802348336594912,7.2272727272727275,6.427672955974843
28f20197d6bf29bce5ff80cc,benchmark://cbench-v1/patricia,1,1,-loop-rotate,True,-1.958509,0.419051,fa2a45a4a291af4c,4c1681de18c21986,935,991,0.594848,0.592356,5935,6729,158,165,22,22,935,991,603,615,0,10,109,65,34,82,38,15,20,60,4,10,0,148,10,142,25,21,202,327,96,187,130,82,14,0,9,55,4,8,150,54,142,134,114,61,0,168,2,0,10,7,22,0,1,132,2,1,0,7,158,935,603,22,20,308,1,27,110,62,39,83,44,19,21,66,4,27,1,137,28,149,25,32,215,330,96,188,130,83,14,0,9,55,4,10,155,54,149,135,115,67,0,178,2,0,38,7,22,0,1,132,2,1,0,10,165,991,615,22,59,321,-1.958509,42.5,0.6449197860962567,6.347593582887701,7.181818181818182,5.917721518987341,45.04545454545455,0.62058526740666,6.790110998990918,7.5,6.006060606060606
28f20197d6bf29bce5ff80cc,benchmark://cbench-v1/patricia,1,2,-loop-unroll,True,-0.483627,1.606512,fa2a45a4a291af4c,99558f16783c24f9,935,954,0.594848,0.585292,5935,6281,158,159,22,22,935,954,603,603,0,10,109,65,34,82,38,15,20,60,4,10,0,148,10,142,25,21,202,327,96,187,130,82,14,0,9,55,4,8,150,54,142,134,114,61,0,168,2,0,10,7,22,0,1,132,2,1,0,7,158,935,603,22,20,308,1,19,110,66,34,83,38,15,20,60,4,19,1,139,20,143,25,20,203,327,96,187,130,83,14,0,9,55,4,8,151,54,143,134,114,61,0,168,2,0,28,7,22,0,1,132,2,1,0,7,159,954,603,22,39,308,-0.483627,42.5,0.6449197860962567,6.347593582887701,7.181818181818182,5.917721518987341,43.36363636363637,0.6320754716981132,6.583857442348008,7.2272727272727275,6.0
28f20197d6bf29bce5ff80cc,benchmark://cbench-v1/patricia,1,3,-loop-vectorize,True,-0.027345,1.973875,fa2a45a4a291af4c,97eb625fa3dba8a5,935,954,0.594848,0.583107,5935,6281,158,159,22,22,935,954,603,603,0,10,109,65,34,82,38,15,20,60,4,10,0,148,10,142,25,21,202,327,96,187,130,82,14,0,9,55,4,8,150,54,142,134,114,61,0,168,2,0,10,7,22,0,1,132,2,1,0,7,158,935,603,22,20,308,1,19,110,66,34,83,38,15,20,60,4,19,1,139,20,143,25,20,203,327,96,187,130,83,14,0,9,55,4,8,151,54,143,134,114,61,0,168,2,0,28,7,22,0,1,132,2,1,0,7,159,954,603,22,39,308,-0.027345,42.5,0.6449197860962567,6.347593582887701,7.181818181818182,5.917721518987341,43.36363636363637,0.6320754716981132,6.583857442348008,7.2272727272727275,6.0
28f20197d6bf29bce5ff80cc,benchmark://cbench-v1/patricia,1,4,-loop-deletion,True,-0.133096,1.888732,fa2a45a4a291af4c,99558f16783c24f9,935,954,0.594848,0.583613,5935,6281,158,159,22,22,935,954,603,603,0,10,109,65,34,82,38,15,20,60,4,10,0,148,10,142,25,21,202,327,96,187,130,82,14,0,9,55,4,8,150,54,142,134,114,61,0,168,2,0,10,7,22,0,1,132,2,1,0,7,158,935,603,22,20,308,1,19,110,66,34,83,38,15,20,60,4,19,1,139,20,143,25,20,203,327,96,187,130,83,14,0,9,55,4,8,151,54,143,134,114,61,0,168,2,0,28,7,22,0,1,132,2,1,0,7,159,954,603,22,39,308,-0.133096,42.5,0.6449197860962567,6.347593582887701,7.181818181818182,5.917721518987341,43.36363636363637,0.6320754716981132,6.583857442348008,7.2272727272727275,6.0
28f20197d6bf29bce5ff80cc,benchmark://cbench-v1/patricia,1,5,-loop-unswitch,True,0.980136,2.785020,fa2a45a4a291af4c,b2e07d8d7dec2bb2,935,1024,0.594848,0.578282,5935,6937,158,182,22,22,935,1024,603,637,0,10,109,65,34,82,38,15,20,60,4,10,0,148,10,142,25,21,202,327,96,187,130,82,14,0,9,55,4,8,150,54,142,134,114,61,0,168,2,0,10,7,22,0,1,132,2,1,0,7,158,935,603,22,20,308,1,19,125,80,40,98,46,16,22,68,4,19,1,162,20,166,28,22,234,340,105,206,134,98,14,0,9,55,4,9,173,58,166,146,121,67,0,175,2,0,28,7,22,0,1,140,2,1,0,9,182,1024,637,22,39,322,0.980136,42.5,0.6449197860962567,6.347593582887701,7.181818181818182,5.917721518987341,46.54545454545455,0.6220703125,6.7744140625,8.272727272727273,5.626373626373627
28f20197d6bf29bce5ff80cc,benchmark://cbench-v1/patricia,1,6,-loop-distribute,True,0.832122,2.665851,fa2a45a4a291af4c,fa2a45a4a291af4c,935,935,0.594848,0.578990,5935,5935,158,158,22,22,935,935,603,603,0,10,109,65,34,82,38,15,20,60,4,10,0,148,10,142,25,21,202,327,96,187,130,82,14,0,9,55,4,8,150,54,142,134,114,61,0,168,2,0,10,7,22,0,1,132,2,1,0,7,158,935,603,22,20,308,0,10,109,65,34,82,38,15,20,60,4,10,0,148,10,142,25,21,202,327,96,187,130,82,14,0,9,55,4,8,150,54,142,134,114,61,0,168,2,0,10,7,22,0,1,132,2,1,0,7,158,935,603,22,20,308,0.832122,42.5,0.6449197860962567,6.347593582887701,7.181818181818182,5.917721518987341,42.5,0.6449197860962567,6.347593582887701,7.181818181818182,5.917721518987341
28f20197d6bf29bce5ff80cc,benchmark://cbench-v1/patricia,1,7,-indvars,True,-0.591372,1.519764,fa2a45a4a291af4c,c03d8f61d66d0ef8,935,954,0.594848,0.585808,5935,6257,158,159,22,22,935,954,603,603,0,10,109,65,34,82,38,15,20,60,4,10,0,148,10,142,25,21,202,327,96,187,130,82,14,0,9,55,4,8,150,54,142,134,114,61,0,168,2,0,10,7,22,0,1,132,2,1,0,7,158,935,603,22,20,308,0,20,110,66,34,83,38,15,20,60,4,19,1,139,20,143,25,20,203,327,96,187,130,83,14,0,9,55,4,8,151,56,143,134,114,61,0,168,2,0,26,7,22,0,1,132,2,1,0,7,159,954,603,22,37,310,-0.591372,42.5,0.6449197860962567,6.347593582887701,7.181818181818182,5.917721518987341,43.36363636363637,0.6320754716981132,6.558700209643606,7.2272727272727275,6.0
c60f41ab05b6bc9da57811ee,benchmark://cbench-v1/patricia,2,0,-licm,True,-0.298121,-0.295837,b2b779fb64993c33,c3c716d1ba64c942,875,970,0.582363,0.584085,6674,8493,149,150,22,22,875,970,523,549,4,26,100,60,30,73,38,11,24,60,4,30,0,119,30,133,25,20,193,307,97,175,125,73,14,0,9,55,4,7,142,54,133,134,96,60,0,106,2,0,40,7,22,0,1,132,2,1,0,7,149,875,523,22,87,246,8,41,101,61,30,74,38,11,24,60,4,44,5,101,49,134,25,19,194,309,97,178,125,74,14,0,9,55,4,12,138,53,134,134,97,60,0,118,2,0,109,7,22,0,1,145,2,1,0,7,150,970,549,22,172,257,-0.298121,39.77272727272727,0.5977142857142858,7.627428571428571,6.7727272727272725,5.87248322147651,44.09090909090909,0.565979381443299,8.755670103092784,6.818181818181818,6.466666666666667
c60f41ab05b6bc9da57811ee,benchmark://cbench-v1/patricia,2,1,-loop-rotate,True,0.891348,0.977379,b2b779fb64993c33,18c2ac6eecbf8b94,875,922,0.582363,0.576671,6674,7306,149,156,22,22,875,922,523,527,4,26,100,60,30,73,38,11,24,60,4,30,0,119,30,133,25,20,193,307,97,175,125,73,14,0,9,55,4,7,142,54,133,134,96,60,0,106,2,0,40,7,22,0,1,132,2,1,0,7,149,875,523,22,87,246,5,41,101,60,32,74,44,12,28,66,4,45,1,110,46,140,25,31,206,314,98,182,125,74,14,0,9,55,4,8,148,54,140,135,96,66,0,109,2,0,68,7,22,0,1,132,2,1,0,9,156,922,527,22,122,251,0.891348,39.77272727272727,0.5977142857142858,7.627428571428571,6.7727272727272725,5.87248322147651,41.90909090909091,0.571583514099783,7.92407809110629,7.090909090909091,5.910256410256411
c60f41ab05b6bc9da57811ee,benchmark://cbench-v1/patricia,2,2,-loop-unroll,True,-0.583453,-0.601258,b2b779fb64993c33,0932065dda23cc7c,875,898,0.582363,0.585864,6674,7114,149,150,22,22,875,898,523,523,4,26,100,60,30,73,38,11,24,60,4,30,0,119,30,133,25,20,193,307,97,175,125,73,14,0,9,55,4,7,142,54,133,134,96,60,0,106,2,0,40,7,22,0,1,132,2,1,0,7,149,875,523,22,87,246,5,37,101,61,30,74,38,11,24,60,4,41,1,108,42,134,25,19,194,307,97,175,125,74,14,0,9,55,4,8,142,54,134,134,96,60,0,106,2,0,62,7,22,0,1,132,2,1,0,7,150,898,523,22,110,246,-0.583453,39.77272727272727,0.5977142857142858,7.627428571428571,6.7727272727272725,5.87248322147651,40.81818181818182,0.5824053452115813,7.922048997772828,6.818181818181818,5.986666666666666
c60f41ab05b6bc9da57811ee,benchmark://cbench-v1/patricia,2,3,-loop-vectorize,True,-1.997798,-2.115183,b2b779fb64993c33,9f5a452276951447,875,898,0.582363,0.594681,6674,7114,149,150,22,22,875,898,523,523,4,26,100,60,30,73,38,11,24,60,4,30,0,119,30,133,25,20,193,307,97,175,125,73,14,0,9,55,4,7,142,54,133,134,96,60,0,106,2,0,40,7,22,0,1,132,2,1,0,7,149,875,523,22,87,246,5,37,101,61,30,74,38,11,24,60,4,41,1,108,42,134,25,19,194,307,97,175,125,74,14,0,9,55,4,8,142,54,134,134,96,60,0,106,2,0,62,7,22,0,1,132,2,1,0,7,150,898,523,22,110,246,-1.997798,39.77272727272727,0.5977142857142858,7.627428571428571,6.7727272727272725,5.87248322147651,40.81818181818182,0.5824053452115813,7.922048997772828,6.818181818181818,5.986666666666666
c60f41ab05b6bc9da57811ee,benchmark://cbench-v1/patricia,2,4,-loop-deletion,True,-0.018671,0.003288,b2b779fb64993c33,0932065dda23cc7c,875,898,0.582363,0.582343,6674,7114,149,150,22,22,875,898,523,523,4,26,100,60,30,73,38,11,24,60,4,30,0,119,30,133,25,20,193,307,97,175,125,73,14,0,9,55,4,7,142,54,133,134,96,60,0,106,2,0,40,7,22,0,1,132,2,1,0,7,149,875,523,22,87,246,5,37,101,61,30,74,38,11,24,60,4,41,1,108,42,134,25,19,194,307,97,175,125,74,14,0,9,55,4,8,142,54,134,134,96,60,0,106,2,0,62,7,22,0,1,132,2,1,0,7,150,898,523,22,110,246,-0.018671,39.77272727272727,0.5977142857142858,7.627428571428571,6.7727272727272725,5.87248322147651,40.81818181818182,0.5824053452115813,7.922048997772828,6.818181818181818,5.986666666666666
c60f41ab05b6bc9da57811ee,benchmark://cbench-v1/patricia,2,5,-loop-unswitch,True,1.169897,1.275540,b2b779fb64993c33,c22aee90e525be1c,875,966,0.582363,0.574934,6674,7754,149,173,22,22,875,966,523,554,4,26,100,60,30,73,38,11,24,60,4,30,0,119,30,133,25,20,193,307,97,175,125,73,14,0,9,55,4,7,142,54,133,134,96,60,0,106,2,0,40,7,22,0,1,132,2,1,0,7,149,875,523,22,87,246,5,38,116,75,36,89,46,12,26,68,4,42,1,130,43,157,28,21,225,320,106,194,129,89,14,0,9,55,4,9,164,58,157,146,103,66,0,110,2,0,63,7,22,0,1,140,2,1,0,9,173,966,554,22,112,257,1.169897,39.77272727272727,0.5977142857142858,7.627428571428571,6.7727272727272725,5.87248322147651,43.90909090909091,0.5734989648033126,8.026915113871636,7.863636363636363,5.583815028901734
c60f41ab05b6bc9da57811ee,benchmark://cbench-v1/patricia,2,6,-loop-distribute,True,1.148427,1.252558,b2b779fb64993c33,b2b779fb64993c33,875,875,0.582363,0.575068,6674,6674,149,149,22,22,875,875,523,523,4,26,100,60,30,73,38,11,24,60,4,30,0,119,30,133,25,20,193,307,97,175,125,73,14,0,9,55,4,7,142,54,133,134,96,60,0,106,2,0,40,7,22,0,1,132,2,1,0,7,149,875,523,22,87,246,4,26,100,60,30,73,38,11,24,60,4,30,0,119,30,133,25,20,193,307,97,175,125,73,14,0,9,55,4,7,142,54,133,134,96,60,0,106,2,0,40,7,22,0,1,132,2,1,0,7,149,875,523,22,87,246,1.148427,39.77272727272727,0.5977142857142858,7.627428571428571,6.7727272727272725,5.87248322147651,39.77272727272727,0.5977142857142858,7.627428571428571,6.7727272727272725,5.87248322147651
c60f41ab05b6bc9da57811ee,benchmark://cbench-v1/patricia,2,7,-indvars,True,-0.311629,-0.310296,b2b779fb64993c33,8e8adfea67e014dd,875,901,0.582363,0.584170,6674,7170,149,150,22,22,875,901,523,522,4,26,100,60,30,73,38,11,24,60,4,30,0,119,30,133,25,20,193,307,97,175,125,73,14,0,9,55,4,7,142,54,133,134,96,60,0,106,2,0,40,7,22,0,1,132,2,1,0,7,149,875,523,22,87,246,4,37,101,61,30,74,38,11,24,60,4,40,1,109,41,134,25,19,194,299,103,174,125,74,14,0,9,55,4,8,142,56,134,134,95,60,0,106,2,0,59,7,19,0,1,132,2,6,0,10,150,901,522,22,107,253,-0.311629,39.77272727272727,0.5977142857142858,7.627428571428571,6.7727272727272725,5.87248322147651,40.95454545454545,0.5793562708102109,7.9578246392896785,6.818181818181818,6.006666666666667
b884020d56049ca31fe1c4ea,benchmark://cbench-v1/susan,0,0,-licm,True,0.538733,1.314045,ef082b31a9efab79,4d16629baafde8ce,13282,13369,0.477366,0.471093,50367,61792,711,711,45,45,13282,13369,7832,7762,0,6,488,225,237,353,187,106,76,321,13,6,0,705,6,674,53,217,1010,1591,838,601,831,353,1076,0,1013,240,10,140,565,300,674,420,1125,332,0,4592,549,15,6,22,760,0,0,1455,715,9,0,877,711,13282,7832,45,12,6856,13,49,488,225,237,353,187,106,76,321,13,52,10,649,62,674,53,217,1010,1591,838,601,831,353,1076,0,1013,240,10,145,560,300,674,420,1125,332,0,4514,549,15,163,22,760,0,0,1463,715,9,0,877,711,13369,7762,45,334,6778,0.538733,295.15555555555557,0.58967023038699,3.7921246800180697,15.8,18.68073136427567,297.0888888888889,0.580596903283716,4.6220360535567355,15.8,18.80309423347398
b884020d56049ca31fe1c4ea,benchmark://cbench-v1/susan,0,1,-loop-rotate,True,-1.524182,-2.872232,ef082b31a9efab79,be5ee760305926e8,13282,13503,0.477366,0.491077,50367,51484,711,756,45,45,13282,13503,7832,7930,0,6,488,225,237,353,187,106,76,321,13,6,0,705,6,674,53,217,1010,1591,838,601,831,353,1076,0,1013,240,10,140,565,300,674,420,1125,332,0,4592,549,15,6,22,760,0,0,1455,715,9,0,877,711,13282,7832,45,12,6856,0,6,487,212,262,352,233,130,85,367,13,6,0,750,6,719,53,310,1101,1624,838,602,837,352,1102,0,1014,240,10,140,610,300,719,420,1127,378,0,4688,552,15,6,22,761,0,0,1455,742,9,0,877,756,13503,7930,45,12,6953,-1.524182,295.15555555555557,0.58967023038699,3.7921246800180697,15.8,18.68073136427567,300.06666666666666,0.587276901429312,3.8127823446641487,16.8,17.86111111111111
b884020d56049ca31fe1c4ea,benchmark://cbench-v1/susan,0,2,-loop-unroll,True,0.514774,1.265424,ef082b31a9efab79,f26887346c1d68a8,13282,13282,0.477366,0.471325,50367,50367,711,711,45,45,13282,13282,7832,7832,0,6,488,225,237,353,187,106,76,321,13,6,0,705,6,674,53,217,1010,1591,838,601,831,353,1076,0,1013,240,10,140,565,300,674,420,1125,332,0,4592,549,15,6,22,760,0,0,1455,715,9,0,877,711,13282,7832,45,12,6856,0,6,488,225,237,353,187,106,76,321,13,6,0,705,6,674,53,217,1010,1591,838,601,831,353,1076,0,1013,240,10,140,565,300,674,420,1125,332,0,4592,549,15,6,22,760,0,0,1455,715,9,0,877,711,13282,7832,45,12,6856,0.514774,295.15555555555557,0.58967023038699,3.7921246800180697,15.8,18.68073136427567,295.15555555555557,0.58967023038699,3.7921246800180697,15.8,18.68073136427567
b884020d56049ca31fe1c4ea,benchmark://cbench-v1/susan,0,3,-loop-vectorize,True,1.403709,3.069342,ef082b31a9efab79,f26887346c1d68a8,13282,13282,0.477366,0.462714,50367,50367,711,711,45,45,13282,13282,7832,7832,0,6,488,225,237,353,187,106,76,321,13,6,0,705,6,674,53,217,1010,1591,838,601,831,353,1076,0,1013,240,10,140,565,300,674,420,1125,332,0,4592,549,15,6,22,760,0,0,1455,715,9,0,877,711,13282,7832,45,12,6856,0,6,488,225,237,353,187,106,76,321,13,6,0,705,6,674,53,217,1010,1591,838,601,831,353,1076,0,1013,240,10,140,565,300,674,420,1125,332,0,4592,549,15,6,22,760,0,0,1455,715,9,0,877,711,13282,7832,45,12,6856,1.403709,295.15555555555557,0.58967023038699,3.7921246800180697,15.8,18.68073136427567,295.15555555555557,0.58967023038699,3.7921246800180697,15.8,18.68073136427567
b884020d56049ca31fe1c4ea,benchmark://cbench-v1/susan,0,4,-loop-deletion,True,0.143167,0.511321,ef082b31a9efab79,f26887346c1d68a8,13282,13282,0.477366,0.474925,50367,50367,711,711,45,45,13282,13282,7832,7832,0,6,488,225,237,353,187,106,76,321,13,6,0,705,6,674,53,217,1010,1591,838,601,831,353,1076,0,1013,240,10,140,565,300,674,420,1125,332,0,4592,549,15,6,22,760,0,0,1455,715,9,0,877,711,13282,7832,45,12,6856,0,6,488,225,237,353,187,106,76,321,13,6,0,705,6,674,53,217,1010,1591,838,601,831,353,1076,0,1013,240,10,140,565,300,674,420,1125,332,0,4592,549,15,6,22,760,0,0,1455,715,9,0,877,711,13282,7832,45,12,6856,0.143167,295.15555555555557,0.58967023038699,3.7921246800180697,15.8,18.68073136427567,295.15555555555557,0.58967023038699,3.7921246800180697,15.8,18.68073136427567
b884020d56049ca31fe1c4ea,benchmark://cbench-v1/susan,0,5,-loop-unswitch,True,-0.887069,-1.579337,ef082b31a9efab79,f26887346c1d68a8,13282,13282,0.477366,0.484905,50367,50367,711,711,45,45,13282,13282,7832,7832,0,6,488,225,237,353,187,106,76,321,13,6,0,705,6,674,53,217,1010,1591,838,601,831,353,1076,0,1013,240,10,140,565,300,674,420,1125,332,0,4592,549,15,6,22,760,0,0,1455,715,9,0,877,711,13282,7832,45,12,6856,0,6,488,225,237,353,187,106,76,321,13,6,0,705,6,674,53,217,1010,1591,838,601,831,353,1076,0,1013,240,10,140,565,300,674,420,1125,332,0,4592,549,15,6,22,760,0,0,1455,715,9,0,877,711,13282,7832,45,12,6856,-0.887069,295.15555555555557,0.58967023038699,3.7921246800180697,15.8,18.68073136427567,295.15555555555557,0.58967023038699,3.7921246800180697,15.8,18.68073136427567
b884020d56049ca31fe1c4ea,benchmark://cbench-v1/susan,0,6,-loop-distribute,True,-1.172984,-2.159544,ef082b31a9efab79,f26887346c1d68a8,13282,13282,0.477366,0.487675,50367,50367,711,711,45,45,13282,13282,7832,7832,0,6,488,225,237,353,187,106,76,321,13,6,0,705,6,674,53,217,1010,1591,838,601,831,353,1076,0,1013,240,10,140,565,300,674,420,1125,332,0,4592,549,15,6,22,760,0,0,1455,715,9,0,877,711,13282,7832,45,12,6856,0,6,488,225,237,353,187,106,76,321,13,6,0,705,6,674,53,217,1010,1591,838,601,831,353,1076,0,1013,240,10,140,565,300,674,420,1125,332,0,4592,549,15,6,22,760,0,0,1455,715,9,0,877,711,13282,7832,45,12,6856,-1.172984,295.15555555555557,0.58967023038699,3.7921246800180697,15.8,18.68073136427567,295.15555555555557,0.58967023038699,3.7921246800180697,15.8,18.68073136427567
b884020d56049ca31fe1c4ea,benchmark://cbench-v1/susan,0,7,-indvars,True,0.983852,2.217324,ef082b31a9efab79,f26887346c1d68a8,13282,13282,0.477366,0.466781,50367,50367,711,711,45,45,13282,13282,7832,7832,0,6,488,225,237,353,187,106,76,321,13,6,0,705,6,674,53,217,1010,1591,838,601,831,353,1076,0,1013,240,10,140,565,300,674,420,1125,332,0,4592,549,15,6,22,760,0,0,1455,715,9,0,877,711,13282,7832,45,12,6856,0,6,488,225,237,353,187,106,76,321,13,6,0,705,6,674,53,217,1010,1591,838,601,831,353,1076,0,1013,240,10,140,565,300,674,420,1125,332,0,4592,549,15,6,22,760,0,0,1455,715,9,0,877,711,13282,7832,45,12,6856,0.983852,295.15555555555557,0.58967023038699,3.7921246800180697,15.8,18.68073136427567,295.15555555555557,0.58967023038699,3.7921246800180697,15.8,18.68073136427567
b4c5232b18ea3c45b926dfc9,benchmark://cbench-v1/susan,1,0,-licm,True,0.806322,-4.879619,50983b5f7477376a,9cd17f86091f8b68,8877,9067,0.452399,0.474474,52188,64488,711,711,45,45,8877,9067,4443,4275,0,6,488,225,237,353,187,106,76,321,13,6,0,705,6,674,51,217,1010,1335,692,516,701,353,835,0,713,240,10,74,635,155,674,418,979,327,0,1351,321,15,6,22,669,0,0,1455,589,9,0,768,711,8877,4443,45,12,3266,35,68,488,225,237,353,187,106,76,321,13,72,31,608,103,674,51,217,1010,1328,692,509,701,353,835,0,713,240,10,90,619,155,674,418,979,327,0,1324,321,15,364,22,669,0,0,1314,589,9,0,768,711,9067,4275,45,753,3239,0.806322,197.26666666666668,0.5005069280162217,5.879013180128422,15.8,12.485232067510548,201.48888888888888,0.4714900187493107,7.112385574059777,15.8,12.752461322081576
b4c5232b18ea3c45b926dfc9,benchmark://cbench-v1/susan,1,1,-loop-rotate,True,1.004209,-4.014975,50983b5f7477376a,fc8efcf2aa97e444,8877,9139,0.452399,0.470563,52188,54906,711,756,45,45,8877,9139,4443,4524,0,6,488,225,237,353,187,106,76,321,13,6,0,705,6,674,51,217,1010,1335,692,516,701,353,835,0,713,240,10,74,635,155,674,418,979,327,0,1351,321,15,6,22,669,0,0,1455,589,9,0,768,711,8877,4443,45,12,3266,6,44,487,212,262,352,233,130,85,367,13,50,0,706,50,719,51,310,1101,1362,692,517,704,352,855,0,714,240,10,74,680,155,719,418,981,373,0,1430,322,15,72,22,670,0,0,1455,610,9,0,768,756,9139,4524,45,139,3346,1.004209,197.26666666666668,0.5005069280162217,5.879013180128422,15.8,12.485232067510548,203.0888888888889,0.4950213371266003,6.007878323667797,16.8,12.088624338624339
b4c5232b18ea3c45b926dfc9,benchmark://cbench-v1/susan,1,2,-loop-unroll,True,1.094405,-3.620875,50983b5f7477376a,d8dfed949922d274,8877,8883,0.452399,0.468780,52188,52268,711,711,45,45,8877,8883,4443,4443,0,6,488,225,237,353,187,106,76,321,13,6,0,705,6,674,51,217,1010,1335,692,516,701,353,835,0,713,240,10,74,635,155,674,418,979,327,0,1351,321,15,6,22,669,0,0,1455,589,9,0,768,711,8877,4443,45,12,3266,0,12,488,225,237,353,187,106,76,321,13,12,0,699,12,674,51,217,1010,1335,692,516,701,353,835,0,713,240,10,74,635,155,674,418,979,327,0,1351,321,15,12,22,669,0,0,1455,589,9,0,768,711,8883,4443,45,19,3266,1.094405,197.26666666666668,0.5005069280162217,5.879013180128422,15.8,12.485232067510548,197.4,0.5001688618709895,5.884048181920522,15.8,12.49367088607595
b4c5232b18ea3c45b926dfc9,benchmark://cbench-v1/susan,1,3,-loop-vectorize,True,-1.045230,-12.969753,50983b5f7477376a,010e83ad938a3e6f,8877,8879,0.452399,0.511074,52188,52220,711,711,45,45,8877,8879,4443,4443,0,6,488,225,237,353,187,106,76,321,13,6,0,705,6,674,51,217,1010,1335,692,516,701,353,835,0,713,240,10,74,635,155,674,418,979,327,0,1351,321,15,6,22,669,0,0,1455,589,9,0,768,711,8877,4443,45,12,3266,0,8,488,225,237,353,187,106,76,321,13,8,0,703,8,674,51,217,1010,1335,692,516,701,353,835,0,713,240,10,74,635,155,674,418,979,327,0,1351,321,15,8,22,669,0,0,1455,589,9,0,768,711,8879,4443,45,15,3266,-1.045230,197.26666666666668,0.5005069280162217,5.879013180128422,15.8,12.485232067510548,197.3111111111111,0.5003941885347449,5.881292938393964,15.8,12.48804500703235
b4c5232b18ea3c45b926dfc9,benchmark://cbench-v1/susan,1,4,-loop-deletion,True,-1.099690,-13.207709,50983b5f7477376a,d8dfed949922d274,8877,8883,0.452399,0.512150,52188,52268,711,711,45,45,8877,8883,4443,4443,0,6,488,225,237,353,187,106,76,321,13,6,0,705,6,674,51,217,1010,1335,692,516,701,353,835,0,713,240,10,74,635,155,674,418,979,327,0,1351,321,15,6,22,669,0,0,1455,589,9,0,768,711,8877,4443,45,12,3266,0,12,488,225,237,353,187,106,76,321,13,12,0,699,12,674,51,217,1010,1335,692,516,701,353,835,0,713,240,10,74,635,155,674,418,979,327,0,1351,321,15,12,22,669,0,0,1455,589,9,0,768,711,8883,4443,45,19,3266,-1.099690,197.26666666666668,0.5005069280162217,5.879013180128422,15.8,12.485232067510548,197.4,0.5001688618709895,5.884048181920522,15.8,12.49367088607595
b4c5232b18ea3c45b926dfc9,benchmark://cbench-v1/susan,1,5,-loop-unswitch,True,-1.234405,-13.796327,50983b5f7477376a,2f1a5c2b9bb135ca,8877,8995,0.452399,0.514813,52188,52892,711,731,45,45,8877,8995,4443,4509,0,6,488,225,237,353,187,106,76,321,13,6,0,705,6,674,51,217,1010,1335,692,516,701,353,835,0,713,240,10,74,635,155,674,418,979,327,0,1351,321,15,6,22,669,0,0,1455,589,9,0,768,711,8877,4443,45,12,3266,0,12,502,239,239,367,193,108,78,327,13,12,0,719,12,694,51,218,1036,1358,693,527,715,367,841,0,716,240,10,75,654,155,694,419,999,329,0,1368,323,15,12,22,676,0,0,1483,591,9,0,768,731,8995,4509,45,19,3295,-1.234405,197.26666666666668,0.5005069280162217,5.879013180128422,15.8,12.485232067510548,199.88888888888889,0.5012784880489161,5.880155642023347,16.244444444444444,12.305061559507523
b4c5232b18ea3c45b926dfc9,benchmark://cbench-v1/susan,1,6,-loop-distribute,True,-0.539203,-10.758726,50983b5f7477376a,50983b5f7477376a,8877,8877,0.452399,0.501071,52188,52188,711,711,45,45,8877,8877,4443,4443,0,6,488,225,237,353,187,106,76,321,13,6,0,705,6,674,51,217,1010,1335,692,516,701,353,835,0,713,240,10,74,635,155,674,418,979,327,0,1351,321,15,6,22,669,0,0,1455,589,9,0,768,711,8877,4443,45,12,3266,0,6,488,225,237,353,187,106,76,321,13,6,0,705,6,674,51,217,1010,1335,692,516,701,353,835,0,713,240,10,74,635,155,674,418,979,327,0,1351,321,15,6,22,669,0,0,1455,589,9,0,768,711,8877,4443,45,12,3266,-0.539203,197.26666666666668,0.5005069280162217,5.879013180128422,15.8,12.485232067510548,197.26666666666668,0.5005069280162217,5.879013180128422,15.8,12.485232067510548
b4c5232b18ea3c45b926dfc9,benchmark://cbench-v1/susan,1,7,-indvars,True,1.013591,-3.973982,50983b5f7477376a,d8dfed949922d274,8877,8883,0.452399,0.470377,52188,52268,711,711,45,45,8877,8883,4443,4443,0,6,488,225,237,353,187,106,76,321,13,6,0,705,6,674,51,217,1010,1335,692,516,701,353,835,0,713,240,10,74,635,155,674,418,979,327,0,1351,321,15,6,22,669,0,0,1455,589,9,0,768,711,8877,4443,45,12,3266,0,12,488,225,237,353,187,106,76,321,13,12,0,699,12,674,51,217,1010,1335,692,516,701,353,835,0,713,240,10,74,635,155,674,418,979,327,0,1351,321,15,12,22,669,0,0,1455,589,9,0,768,711,8883,4443,45,19,3266,1.013591,197.26666666666668,0.5005069280162217,5.879013180128422,15.8,12.485232067510548,197.4,0.5001688618709895,5.884048181920522,15.8,12.49367088607595
78e639db7c65f3b680dc79a6,benchmark://cbench-v1/susan,2,0,-licm,True,-1.192678,-5.353482,b367f8918b7359c1,e64eabded23d1796,9218,9216,0.458556,0.483105,81294,81422,666,666,45,45,9218,9216,4114,4114,73,95,443,182,235,308,187,104,78,321,13,103,65,498,168,629,51,214,965,1439,692,579,713,308,836,0,709,240,10,100,564,155,629,418,979,327,0,1156,311,15,785,22,638,0,0,1321,580,9,0,758,666,9218,4114,45,2015,3030,73,95,443,182,235,308,187,104,78,321,13,103,65,498,168,629,51,214,965,1437,692,579,711,308,836,0,709,240,10,100,564,155,629,418,979,327,0,1156,311,15,783,22,638,0,0,1321,580,9,0,758,666,9216,4114,45,2011,3030,-1.192678,204.84444444444443,0.44630071599045346,8.819049685398134,14.8,13.84084084084084,204.8,0.4463975694444444,8.834852430555555,14.8,13.837837837837839
78e639db7c65f3b680dc79a6,benchmark://cbench-v1/susan,2,1,-loop-rotate,True,0.262477,-2.134004,b367f8918b7359c1,1b6ad57ea7198f13,9218,9475,0.458556,0.468342,81294,87653,666,705,45,45,9218,9475,4114,4125,73,95,443,182,235,308,187,104,78,321,13,103,65,498,168,629,51,214,965,1439,692,579,713,308,836,0,709,240,10,100,564,155,629,418,979,327,0,1156,311,15,785,22,638,0,0,1321,580,9,0,758,666,9218,4114,45,2015,3030,87,130,439,205,219,304,230,87,127,364,13,145,72,488,217,668,52,304,1047,1502,693,598,722,304,856,0,710,240,10,105,598,155,668,419,980,370,0,1165,312,15,926,22,638,0,0,1321,601,9,0,758,705,9475,4125,45,2359,3039,0.262477,204.84444444444443,0.44630071599045346,8.819049685398134,14.8,13.84084084084084,210.55555555555554,0.43535620052770446,9.250976253298154,15.666666666666666,13.439716312056738
78e639db7c65f3b680dc79a6,benchmark://cbench-v1/susan,2,2,-loop-unroll,True,0.533792,-1.533728,b367f8918b7359c1,7cac1ddacda90a52,9218,9246,0.458556,0.465589,81294,81654,666,675,45,45,9218,9246,4114,4120,73,95,443,182,235,308,187,104,78,321,13,103,65,498,168,629,51,214,965,1439,692,579,713,308,836,0,709,240,10,100,564,155,629,418,979,327,0,1156,311,15,785,22,638,0,0,1321,580,9,0,758,666,9218,4114,45,2015,3030,74,96,450,186,238,313,189,105,78,324,13,104,66,505,170,637,51,217,976,1448,695,584,716,313,838,0,710,240,10,100,573,155,637,418,982,329,0,1159,311,15,792,22,641,0,0,1321,580,9,0,758,675,9246,4120,45,2027,3036,0.533792,204.84444444444443,0.44630071599045346,8.819049685398134,14.8,13.84084084084084,205.46666666666667,0.445598096474151,8.831278390655418,15.0,13.697777777777778
78e639db7c65f3b680dc79a6,benchmark://cbench-v1/susan,2,3,-loop-vectorize,True,1.059157,-0.371377,b367f8918b7359c1,b367f8918b7359c1,9218,9218,0.458556,0.460259,81294,81294,666,666,45,45,9218,9218,4114,4114,73,95,443,182,235,308,187,104,78,321,13,103,65,498,168,629,51,214,965,1439,692,579,713,308,836,0,709,240,10,100,564,155,629,418,979,327,0,1156,311,15,785,22,638,0,0,1321,580,9,0,758,666,9218,4114,45,2015,3030,73,95,443,182,235,308,187,104,78,321,13,103,65,498,168,629,51,214,965,1439,692,579,713,308,836,0,709,240,10,100,564,155,629,418,979,327,0,1156,311,15,785,22,638,0,0,1321,580,9,0,758,666,9218,4114,45,2015,3030,1.059157,204.84444444444443,0.44630071599045346,8.819049685398134,14.8,13.84084084084084,204.84444444444443,0.44630071599045346,8.819049685398134,14.8,13.84084084084084
78e639db7c65f3b680dc79a6,benchmark://cbench-v1/susan,2,4,-loop-deletion,True,0.161742,-2.356877,b367f8918b7359c1,b367f8918b7359c1,9218,9218,0.458556,0.469364,81294,81294,666,666,45,45,9218,9218,4114,4114,73,95,443,182,235,308,187,104,78,321,13,103,65,498,168,629,51,214,965,1439,692,579,713,308,836,0,709,240,10,100,564,155,629,418,979,327,0,1156,311,15,785,22,638,0,0,1321,580,9,0,758,666,9218,4114,45,2015,3030,73,95,443,182,235,308,187,104,78,321,13,103,65,498,168,629,51,214,965,1439,692,579,713,308,836,0,709,240,10,100,564,155,629,418,979,327,0,1156,311,15,785,22,638,0,0,1321,580,9,0,758,666,9218,4114,45,2015,3030,0.161742,204.84444444444443,0.44630071599045346,8.819049685398134,14.8,13.84084084084084,204.84444444444443,0.44630071599045346,8.819049685398134,14.8,13.84084084084084
78e639db7c65f3b680dc79a6,benchmark://cbench-v1/susan,2,5,-loop-unswitch,True,1.165615,-0.135843,b367f8918b7359c1,37e753fd5318e9c6,9218,9315,0.458556,0.459179,81294,82118,666,685,45,45,9218,9315,4114,4152,73,95,443,182,235,308,187,104,78,321,13,103,65,498,168,629,51,214,965,1439,692,579,713,308,836,0,709,240,10,100,564,155,629,418,979,327,0,1156,311,15,785,22,638,0,0,1321,580,9,0,758,666,9218,4114,45,2015,3030,75,101,456,195,237,321,193,106,80,327,13,111,65,509,176,648,51,215,990,1463,693,591,727,321,841,0,712,240,10,101,582,155,648,419,999,329,0,1162,313,15,802,22,644,0,0,1332,581,9,0,758,685,9315,4152,45,2045,3046,1.165615,204.84444444444443,0.44630071599045346,8.819049685398134,14.8,13.84084084084084,207.0,0.4457326892109501,8.815673644659151,15.222222222222221,13.598540145985401
78e639db7c65f3b680dc79a6,benchmark://cbench-v1/susan,2,6,-loop-distribute,True,-1.926933,-6.977996,b367f8918b7359c1,b367f8918b7359c1,9218,9218,0.458556,0.490554,81294,81294,666,666,45,45,9218,9218,4114,4114,73,95,443,182,235,308,187,104,78,321,13,103,65,498,168,629,51,214,965,1439,692,579,713,308,836,0,709,240,10,100,564,155,629,418,979,327,0,1156,311,15,785,22,638,0,0,1321,580,9,0,758,666,9218,4114,45,2015,3030,73,95,443,182,235,308,187,104,78,321,13,103,65,498,168,629,51,214,965,1439,692,579,713,308,836,0,709,240,10,100,564,155,629,418,979,327,0,1156,311,15,785,22,638,0,0,1321,580,9,0,758,666,9218,4114,45,2015,3030,-1.926933,204.84444444444443,0.44630071599045346,8.819049685398134,14.8,13.84084084084084,204.84444444444443,0.44630071599045346,8.819049685398134,14.8,13.84084084084084
78e639db7c65f3b680dc79a6,benchmark://cbench-v1/susan,2,7,-indvars,True,-0.063171,-2.854489,b367f8918b7359c1,50d7b17042b737ad,9218,9233,0.458556,0.471646,81294,81894,666,666,45,45,9218,9233,4114,4113,73,95,443,182,235,308,187,104,78,321,13,103,65,498,168,629,51,214,965,1439,692,579,713,308,836,0,709,240,10,100,564,155,629,418,979,327,0,1156,311,15,785,22,638,0,0,1321,580,9,0,758,666,9218,4114,45,2015,3030,71,97,443,182,235,308,187,104,78,321,13,103,65,498,168,629,51,214,965,1412,719,576,714,308,838,0,712,240,10,100,564,155,629,418,979,327,0,1155,311,15,778,22,636,0,0,1321,579,32,0,758,666,9233,4113,45,2004,3050,-0.063171,204.84444444444443,0.44630071599045346,8.819049685398134,14.8,13.84084084084084,205.17777777777778,0.4454673453915304,8.86970648759883,14.8,13.863363363363364
ee27e03af547d222b64a8405,benchmark://cbench-v1/tiffmedian,0,0,-licm,True,-0.665104,6.328113,efe29a0161459577,76ee0fd55d068ec6,61265,61966,0.113695,0.106500,389650,458108,7480,7509,420,420,61265,61966,40136,39456,0,347,4880,3472,1199,4619,1976,953,833,2278,244,347,0,7133,347,6866,512,1440,10053,18688,4282,8023,5067,4619,2489,137,1210,2567,493,941,6537,3123,6866,3788,7759,2294,77,18186,294,587,347,379,974,32,468,7836,546,482,10,1982,7480,61265,40136,420,698,27543,120,804,4903,3495,1199,4648,1986,959,837,2278,240,817,107,6585,924,6895,512,1417,10082,18693,4282,8024,5069,4648,2490,137,1210,2567,493,923,6585,3123,6895,3788,7759,2294,77,17447,294,587,1709,379,974,32,468,7895,546,482,10,1972,7509,61966,39456,420,2821,26794,-0.665104,145.86904761904762,0.6551211948094344,6.360075083652983,17.80952380952381,8.190508021390375,147.53809523809525,0.6367362747313042,7.392892876738856,17.87857142857143,8.252230656545478
ee27e03af547d222b64a8405,benchmark://cbench-v1/tiffmedian,0,1,-loop-rotate,True,-0.975041,3.335706,efe29a0161459577,9cefbbf47826c42a,61265,62457,0.113695,0.109902,389650,395720,7480,7764,420,420,61265,62457,40136,40668,0,347,4880,3472,1199,4619,1976,953,833,2278,244,347,0,7133,347,6866,512,1440,10053,18688,4282,8023,5067,4619,2489,137,1210,2567,493,941,6537,3123,6866,3788,7759,2294,77,18186,294,587,347,379,974,32,468,7836,546,482,10,1982,7480,61265,40136,420,698,27543,0,347,4899,3436,1317,4644,2245,1094,898,2537,240,347,0,7417,347,7150,513,1939,10596,18948,4322,8182,5075,4644,2565,137,1275,2567,499,984,6778,3123,7150,3789,7802,2553,77,18603,294,587,347,379,995,32,468,7907,551,483,12,1997,7764,62457,40668,420,698,27999,-0.975041,145.86904761904762,0.6551211948094344,6.360075083652983,17.80952380952381,8.190508021390375,148.70714285714286,0.65113598155531,6.335879084810349,18.485714285714284,8.044435857805254
ee27e03af547d222b64a8405,benchmark://cbench-v1/tiffmedian,0,2,-loop-unroll,True,-0.478177,8.132865,efe29a0161459577,91c5ed1db9e2382f,61265,61294,0.113695,0.104448,389650,389826,7480,7509,420,420,61265,61294,40136,40136,0,347,4880,3472,1199,4619,1976,953,833,2278,244,347,0,7133,347,6866,512,1440,10053,18688,4282,8023,5067,4619,2489,137,1210,2567,493,941,6537,3123,6866,3788,7759,2294,77,18186,294,587,347,379,974,32,468,7836,546,482,10,1982,7480,61265,40136,420,698,27543,0,347,4903,3495,1199,4648,1986,959,837,2278,240,347,0,7162,347,6895,512,1417,10082,18688,4282,8023,5067,4648,2489,137,1210,2567,493,941,6566,3123,6895,3788,7759,2294,77,18186,294,587,347,379,974,32,468,7836,546,482,10,1982,7509,61294,40136,420,698,27543,-0.478177,145.86904761904762,0.6551211948094344,6.360075083652983,17.80952380952381,8.190508021390375,145.93809523809523,0.6548112376415309,6.359937351127353,17.87857142857143,8.162738047676122
ee27e03af547d222b64a8405,benchmark://cbench-v1/tiffmedian,0,3,-loop-vectorize,True,-0.562230,7.321350,efe29a0161459577,91c5ed1db9e2382f,61265,61294,0.113695,0.105371,389650,389826,7480,7509,420,420,61265,61294,40136,40136,0,347,4880,3472,1199,4619,1976,953,833,2278,244,347,0,7133,347,6866,512,1440,10053,18688,4282,8023,5067,4619,2489,137,1210,2567,493,941,6537,3123,6866,3788,7759,2294,77,18186,294,587,347,379,974,32,468,7836,546,482,10,1982,7480,61265,40136,420,698,27543,0,347,4903,3495,1199,4648,1986,959,837,2278,240,347,0,7162,347,6895,512,1417,10082,18688,4282,8023,5067,4648,2489,137,1210,2567,493,941,6566,3123,6895,3788,7759,2294,77,18186,294,587,347,379,974,32,468,7836,546,482,10,1982,7509,61294,40136,420,698,27543,-0.562230,145.86904761904762,0.6551211948094344,6.360075083652983,17.80952380952381,8.190508021390375,145.93809523809523,0.6548112376415309,6.359937351127353,17.87857142857143,8.162738047676122
ee27e03af547d222b64a8405,benchmark://cbench-v1/tiffmedian,0,4,-loop-deletion,True,-0.309939,9.757189,efe29a0161459577,91c5ed1db9e2382f,61265,61294,0.113695,0.102601,389650,389826,7480,7509,420,420,61265,61294,40136,40136,0,347,4880,3472,1199,4619,1976,953,833,2278,244,347,0,7133,347,6866,512,1440,10053,18688,4282,8023,5067,4619,2489,137,1210,2567,493,941,6537,3123,6866,3788,7759,2294,77,18186,294,587,347,379,974,32,468,7836,546,482,10,1982,7480,61265,40136,420,698,27543,0,347,4903,3495,1199,4648,1986,959,837,2278,240,347,0,7162,347,6895,512,1417,10082,18688,4282,8023,5067,4648,2489,137,1210,2567,493,941,6566,3123,6895,3788,7759,2294,77,18186,294,587,347,379,974,32,468,7836,546,482,10,1982,7509,61294,40136,420,698,27543,-0.309939,145.86904761904762,0.6551211948094344,6.360075083652983,17.80952380952381,8.190508021390375,145.93809523809523,0.6548112376415309,6.359937351127353,17.87857142857143,8.162738047676122
ee27e03af547d222b64a8405,benchmark://cbench-v1/tiffmedian,0,5,-loop-unswitch,True,-0.404199,8.847115,efe29a0161459577,91c5ed1db9e2382f,61265,61294,0.113695,0.103636,389650,389826,7480,7509,420,420,61265,61294,40136,40136,0,347,4880,3472,1199,4619,1976,953,833,2278,244,347,0,7133,347,6866,512,1440,10053,18688,4282,8023,5067,4619,2489,137,1210,2567,493,941,6537,3123,6866,3788,7759,2294,77,18186,294,587,347,379,974,32,468,7836,546,482,10,1982,7480,61265,40136,420,698,27543,0,347,4903,3495,1199,4648,1986,959,837,2278,240,347,0,7162,347,6895,512,1417,10082,18688,4282,8023,5067,4648,2489,137,1210,2567,493,941,6566,3123,6895,3788,7759,2294,77,18186,294,587,347,379,974,32,468,7836,546,482,10,1982,7509,61294,40136,420,698,27543,-0.404199,145.86904761904762,0.6551211948094344,6.360075083652983,17.80952380952381,8.190508021390375,145.93809523809523,0.6548112376415309,6.359937351127353,17.87857142857143,8.162738047676122
ee27e03af547d222b64a8405,benchmark://cbench-v1/tiffmedian,0,6,-loop-distribute,True,1.554555,27.758677,efe29a0161459577,ec9d88276f6ab86b,61265,61265,0.148654,0.107390,389650,389650,7480,7480,420,420,61265,61265,40136,40136,0,347,4880,3472,1199,4619,1976,953,833,2278,244,347,0,7133,347,6866,512,1440,10053,18688,4282,8023,5067,4619,2489,137,1210,2567,493,941,6537,3123,6866,3788,7759,2294,77,18186,294,587,347,379,974,32,468,7836,546,482,10,1982,7480,61265,40136,420,698,27543,0,347,4880,3472,1199,4619,1976,953,833,2278,244,347,0,7133,347,6866,512,1440,10053,18688,4282,8023,5067,4619,2489,137,1210,2567,493,941,6537,3123,6866,3788,7759,2294,77,18186,294,587,347,379,974,32,468,7836,546,482,10,1982,7480,61265,40136,420,698,27543,1.554555,145.86904761904762,0.6551211948094344,6.360075083652983,17.80952380952381,8.190508021390375,145.86904761904762,0.6551211948094344,6.360075083652983,17.80952380952381,8.190508021390375
ee27e03af547d222b64a8405,benchmark://cbench-v1/tiffmedian,0,7,-indvars,True,1.840135,30.515914,efe29a0161459577,4f01ef075e002188,61265,61294,0.148654,0.103291,389650,389826,7480,7509,420,420,61265,61294,40136,40136,0,347,4880,3472,1199,4619,1976,953,833,2278,244,347,0,7133,347,6866,512,1440,10053,18688,4282,8023,5067,4619,2489,137,1210,2567,493,941,6537,3123,6866,3788,7759,2294,77,18186,294,587,347,379,974,32,468,7836,546,482,10,1982,7480,61265,40136,420,698,27543,0,347,4903,3495,1199,4648,1986,959,837,2278,240,347,0,7162,347,6895,512,1417,10082,18688,4282,8023,5067,4648,2489,137,1210,2567,493,940,6567,3123,6895,3788,7759,2294,77,18186,294,587,347,379,974,32,468,7836,546,482,10,1982,7509,61294,40136,420,698,27543,1.840135,145.86904761904762,0.6551211948094344,6.360075083652983,17.80952380952381,8.190508021390375,145.93809523809523,0.6548112376415309,6.359937351127353,17.87857142857143,8.162738047676122
d1f3a5a32440359a19217da2,benchmark://cbench-v1/tiffmedian,1,0,-licm,True,-0.625668,-4.918011,2dbf76d059629b92,f1c1cc9d66798af7,48511,50240,0.125884,0.132075,411177,463578,7480,7509,420,420,48511,50240,29426,29335,0,347,4880,3472,1199,4619,1976,953,833,2278,244,347,0,7133,347,6866,512,1440,10053,16900,3831,6649,4948,4619,2374,135,1099,2567,492,572,6907,1945,6866,3788,6436,2250,77,8839,271,582,347,379,690,30,465,7796,518,446,10,1667,7480,48511,29426,420,698,16371,152,917,4903,3495,1199,4648,1986,959,837,2278,240,916,153,6440,1069,6895,512,1417,10082,16904,3831,6649,4950,4648,2374,135,1099,2567,492,598,6910,1945,6895,3788,6436,2250,77,8753,271,582,2149,379,690,30,465,7791,511,446,10,1663,7509,50240,29335,420,3385,16281,-0.625668,115.50238095238095,0.6065840737152398,8.475953907361218,17.80952380952381,6.485427807486631,119.61904761904762,0.5838972929936306,9.227269108280256,17.87857142857143,6.690637901185244
d1f3a5a32440359a19217da2,benchmark://cbench-v1/tiffmedian,1,1,-loop-rotate,True,0.677157,13.433337,2dbf76d059629b92,c782c2aee9c200f1,48511,50086,0.125884,0.108974,411177,429260,7480,7766,420,420,48511,50086,29426,29864,0,347,4880,3472,1199,4619,1976,953,833,2278,244,347,0,7133,347,6866,512,1440,10053,16900,3831,6649,4948,4619,2374,135,1099,2567,492,572,6907,1945,6866,3788,6436,2250,77,8839,271,582,347,379,690,30,465,7796,518,446,10,1667,7480,48511,29426,420,698,16371,1,723,4900,3437,1317,4645,2246,1095,898,2538,240,723,1,7042,724,7152,514,1940,10599,17116,3871,6786,4955,4645,2450,135,1165,2567,498,631,7134,1945,7152,3791,6457,2510,77,9180,271,582,821,379,710,30,465,7869,523,447,12,1682,7766,50086,29864,420,1459,16750,0.677157,115.50238095238095,0.6065840737152398,8.475953907361218,17.80952380952381,6.485427807486631,119.25238095238095,0.5962544423591423,8.570458810845347,18.49047619047619,6.4493947978367245
d1f3a5a32440359a19217da2,benchmark://cbench-v1/tiffmedian,1,2,-loop-unroll,True,0.576586,12.016711,2dbf76d059629b92,892238e24ec8a419,48511,48739,0.125884,0.110757,411177,414905,7480,7509,420,420,48511,48739,29426,29426,0,347,4880,3472,1199,4619,1976,953,833,2278,244,347,0,7133,347,6866,512,1440,10053,16900,3831,6649,4948,4619,2374,135,1099,2567,492,572,6907,1945,6866,3788,6436,2250,77,8839,271,582,347,379,690,30,465,7796,518,446,10,1667,7480,48511,29426,420,698,16371,0,487,4903,3495,1199,4648,1986,959,837,2278,240,486,1,7022,487,6895,512,1417,10082,16900,3831,6649,4948,4648,2374,135,1099,2567,492,574,6934,1945,6895,3788,6436,2250,77,8839,271,582,546,379,690,30,465,7796,518,446,10,1667,7509,48739,29426,420,907,16371,0.576586,115.50238095238095,0.6065840737152398,8.475953907361218,17.80952380952381,6.485427807486631,116.04523809523809,0.6037464863866718,8.512792630131926,17.87857142857143,6.490744440005327
d1f3a5a32440359a19217da2,benchmark://cbench-v1/tiffmedian,1,3,-loop-vectorize,True,0.387727,9.356472,2dbf76d059629b92,58edcd5aee725b77,48511,48680,0.125884,0.114106,411177,413721,7480,7509,420,420,48511,48680,29426,29426,0,347,4880,3472,1199,4619,1976,953,833,2278,244,347,0,7133,347,6866,512,1440,10053,16900,3831,6649,4948,4619,2374,135,1099,2567,492,572,6907,1945,6866,3788,6436,2250,77,8839,271,582,347,379,690,30,465,7796,518,446,10,1667,7480,48511,29426,420,698,16371,0,439,4903,3495,1199,4648,1986,959,837,2278,240,438,1,7070,439,6895,512,1417,10082,16900,3831,6649,4948,4648,2374,135,1099,2567,492,574,6934,1945,6895,3788,6436,2250,77,8839,271,582,487,379,690,30,465,7796,518,446,10,1667,7509,48680,29426,420,841,16371,0.387727,115.50238095238095,0.6065840737152398,8.475953907361218,17.80952380952381,6.485427807486631,115.9047619047619,0.6044782251437962,8.498788003286771,17.87857142857143,6.482887202024237
d1f3a5a32440359a19217da2,benchmark://cbench-v1/tiffmedian,1,4,-loop-deletion,True,1.068154,18.940838,2dbf76d059629b92,892238e24ec8a419,48511,48739,0.125884,0.102041,411177,414905,7480,7509,420,420,48511,48739,29426,29426,0,347,4880,3472,1199,4619,1976,953,833,2278,244,347,0,7133,347,6866,512,1440,10053,16900,3831,6649,4948,4619,2374,135,1099,2567,492,572,6907,1945,6866,3788,6436,2250,77,8839,271,582,347,379,690,30,465,7796,518,446,10,1667,7480,48511,29426,420,698,16371,0,487,4903,3495,1199,4648,1986,959,837,2278,240,486,1,7022,487,6895,512,1417,10082,16900,3831,6649,4948,4648,2374,135,1099,2567,492,574,6934,1945,6895,3788,6436,2250,77,8839,271,582,546,379,690,30,465,7796,518,446,10,1667,7509,48739,29426,420,907,16371,1.068154,115.50238095238095,0.6065840737152398,8.475953907361218,17.80952380952381,6.485427807486631,116.04523809523809,0.6037464863866718,8.512792630131926,17.87857142857143,6.490744440005327
d1f3a5a32440359a19217da2,benchmark://cbench-v1/tiffmedian,1,5,-loop-unswitch,True,-1.595978,-18.585611,2dbf76d059629b92,a952af9384095bb2,48511,49527,0.125884,0.149281,411177,419761,7480,7720,420,420,48511,49527,29426,29781,0,347,4880,3472,1199,4619,1976,953,833,2278,244,347,0,7133,347,6866,512,1440,10053,16900,3831,6649,4948,4619,2374,135,1099,2567,492,572,6907,1945,6866,3788,6436,2250,77,8839,271,582,347,379,690,30,465,7796,518,446,10,1667,7480,48511,29426,420,698,16371,0,492,5038,3593,1231,4791,2059,1003,860,2335,243,491,1,7228,492,7094,515,1467,10379,17050,3878,6709,4992,4791,2406,135,1134,2567,499,576,7143,1955,7094,3816,6506,2283,77,8994,277,588,551,379,722,30,465,7898,539,472,10,1697,7720,49527,29781,420,917,16629,-1.595978,115.50238095238095,0.6065840737152398,8.475953907361218,17.80952380952381,6.485427807486631,117.92142857142858,0.6013083772487734,8.475397258061259,18.38095238095238,6.415414507772021
d1f3a5a32440359a19217da2,benchmark://cbench-v1/tiffmedian,1,6,-loop-distribute,True,-1.439826,-16.386074,2dbf76d059629b92,2dbf76d059629b92,48511,48511,0.125884,0.146512,411177,411177,7480,7480,420,420,48511,48511,29426,29426,0,347,4880,3472,1199,4619,1976,953,833,2278,244,347,0,7133,347,6866,512,1440,10053,16900,3831,6649,4948,4619,2374,135,1099,2567,492,572,6907,1945,6866,3788,6436,2250,77,8839,271,582,347,379,690,30,465,7796,518,446,10,1667,7480,48511,29426,420,698,16371,0,347,4880,3472,1199,4619,1976,953,833,2278,244,347,0,7133,347,6866,512,1440,10053,16900,3831,6649,4948,4619,2374,135,1099,2567,492,572,6907,1945,6866,3788,6436,2250,77,8839,271,582,347,379,690,30,465,7796,518,446,10,1667,7480,48511,29426,420,698,16371,-1.439826,115.50238095238095,0.6065840737152398,8.475953907361218,17.80952380952381,6.485427807486631,115.50238095238095,0.6065840737152398,8.475953907361218,17.80952380952381,6.485427807486631
d1f3a5a32440359a19217da2,benchmark://cbench-v1/tiffmedian,1,7,-indvars,True,0.951849,17.302586,2dbf76d059629b92,614412cce0291a90,48511,48739,0.125884,0.104103,411177,414921,7480,7509,420,420,48511,48739,29426,29426,0,347,4880,3472,1199,4619,1976,953,833,2278,244,347,0,7133,347,6866,512,1440,10053,16900,3831,6649,4948,4619,2374,135,1099,2567,492,572,6907,1945,6866,3788,6436,2250,77,8839,271,582,347,379,690,30,465,7796,518,446,10,1667,7480,48511,29426,420,698,16371,0,487,4903,3495,1199,4648,1986,959,837,2278,240,486,1,7022,487,6895,512,1417,10082,16900,3831,6649,4948,4648,2374,135,1099,2567,492,574,6934,1945,6895,3788,6436,2250,77,8839,271,582,545,379,691,30,465,7796,518,446,10,1667,7509,48739,29426,420,906,16372,0.951849,115.50238095238095,0.6065840737152398,8.475953907361218,17.80952380952381,6.485427807486631,116.04523809523809,0.6037464863866718,8.513120909333388,17.87857142857143,6.490744440005327
46b33675ad1e170ee5f62edc,benchmark://cbench-v1/tiffmedian,2,0,-licm,True,-0.194820,-3.332284,3609dcdd881992f9,78487a317b73c384,50685,50681,0.106242,0.109783,582291,582195,6703,6703,420,420,50685,50681,27070,27070,493,1509,4096,2782,1121,3842,1987,876,905,2278,240,1607,395,4701,2002,6089,512,1338,9276,17351,3856,6830,5179,3842,2409,135,1163,2567,489,649,6053,1934,6089,3788,6149,2245,75,6724,272,582,5701,379,682,30,461,7842,467,444,10,1641,6703,50685,27070,420,11103,14209,493,1509,4096,2782,1121,3842,1987,876,905,2278,240,1607,395,4701,2002,6089,512,1338,9276,17351,3856,6830,5179,3842,2409,135,1163,2567,489,649,6053,1934,6089,3788,6149,2245,75,6724,272,582,5697,379,682,30,461,7842,467,444,10,1641,6703,50681,27070,420,11099,14209,-0.194820,120.67857142857143,0.5340830620499162,11.488428529150637,15.959523809523809,7.56153960913024,120.66904761904762,0.5341252145774551,11.487441052860046,15.959523809523809,7.560942861405341
46b33675ad1e170ee5f62edc,benchmark://cbench-v1/tiffmedian,2,1,-loop-rotate,True,-1.393082,-7.753435,3609dcdd881992f9,4effb481fe1c1d14,50685,51911,0.106242,0.114480,582291,604025,6703,6923,420,420,50685,51911,27070,27185,493,1509,4096,2782,1121,3842,1987,876,905,2278,240,1607,395,4701,2002,6089,512,1338,9276,17351,3856,6830,5179,3842,2409,135,1163,2567,489,649,6053,1934,6089,3788,6149,2245,75,6724,272,582,5701,379,682,30,461,7842,467,444,10,1641,6703,50685,27070,420,11103,14209,557,1645,4074,2836,1105,3820,2229,887,1076,2520,240,1779,423,4721,2202,6309,514,1844,9738,17628,3898,7028,5192,3820,2480,135,1227,2567,495,695,6227,1934,6309,3791,6162,2487,75,6766,272,582,6250,379,698,30,461,7899,468,445,12,1649,6923,51911,27185,420,12220,14278,-1.393082,120.67857142857143,0.5340830620499162,11.488428529150637,15.959523809523809,7.56153960913024,123.59761904761905,0.5236847681608907,11.635780470420528,16.483333333333334,7.498338870431894
46b33675ad1e170ee5f62edc,benchmark://cbench-v1/tiffmedian,2,2,-loop-unroll,True,-1.380666,-7.707624,3609dcdd881992f9,f1278e3b3a82a028,50685,50723,0.106242,0.114431,582291,582499,6703,6712,420,420,50685,50723,27070,27096,493,1509,4096,2782,1121,3842,1987,876,905,2278,240,1607,395,4701,2002,6089,512,1338,9276,17351,3856,6830,5179,3842,2409,135,1163,2567,489,649,6053,1934,6089,3788,6149,2245,75,6724,272,582,5701,379,682,30,461,7842,467,444,10,1641,6703,50685,27070,420,11103,14209,493,1507,4107,2789,1123,3849,1985,876,903,2278,240,1605,395,4712,2000,6096,512,1338,9283,17345,3869,6830,5183,3849,2411,135,1160,2567,489,648,6063,1934,6096,3794,6154,2243,75,6733,271,582,5697,379,680,30,464,7848,470,444,10,1647,6712,50723,27096,420,11095,14225,-1.380666,120.67857142857143,0.5340830620499162,11.488428529150637,15.959523809523809,7.56153960913024,120.76904761904763,0.5341955325986238,11.483922480925813,15.980952380952381,7.557061978545888
46b33675ad1e170ee5f62edc,benchmark://cbench-v1/tiffmedian,2,3,-loop-vectorize,True,1.286156,2.131977,3609dcdd881992f9,3609dcdd881992f9,50685,50685,0.106242,0.103977,582291,582291,6703,6703,420,420,50685,50685,27070,27070,493,1509,4096,2782,1121,3842,1987,876,905,2278,240,1607,395,4701,2002,6089,512,1338,9276,17351,3856,6830,5179,3842,2409,135,1163,2567,489,649,6053,1934,6089,3788,6149,2245,75,6724,272,582,5701,379,682,30,461,7842,467,444,10,1641,6703,50685,27070,420,11103,14209,493,1509,4096,2782,1121,3842,1987,876,905,2278,240,1607,395,4701,2002,6089,512,1338,9276,17351,3856,6830,5179,3842,2409,135,1163,2567,489,649,6053,1934,6089,3788,6149,2245,75,6724,272,582,5701,379,682,30,461,7842,467,444,10,1641,6703,50685,27070,420,11103,14209,1.286156,120.67857142857143,0.5340830620499162,11.488428529150637,15.959523809523809,7.56153960913024,120.67857142857143,0.5340830620499162,11.488428529150637,15.959523809523809,7.56153960913024
46b33675ad1e170ee5f62edc,benchmark://cbench-v1/tiffmedian,2,4,-loop-deletion,True,0.078986,-2.322039,3609dcdd881992f9,3609dcdd881992f9,50685,50685,0.106242,0.108709,582291,582291,6703,6703,420,420,50685,50685,27070,27070,493,1509,4096,2782,1121,3842,1987,876,905,2278,240,1607,395,4701,2002,6089,512,1338,9276,17351,3856,6830,5179,3842,2409,135,1163,2567,489,649,6053,1934,6089,3788,6149,2245,75,6724,272,582,5701,379,682,30,461,7842,467,444,10,1641,6703,50685,27070,420,11103,14209,493,1509,4096,2782,1121,3842,1987,876,905,2278,240,1607,395,4701,2002,6089,512,1338,9276,17351,3856,6830,5179,3842,2409,135,1163,2567,489,649,6053,1934,6089,3788,6149,2245,75,6724,272,582,5701,379,682,30,461,7842,467,444,10,1641,6703,50685,27070,420,11103,14209,0.078986,120.67857142857143,0.5340830620499162,11.488428529150637,15.959523809523809,7.56153960913024,120.67857142857143,0.5340830620499162,11.488428529150637,15.959523809523809,7.56153960913024
46b33675ad1e170ee5f62edc,benchmark://cbench-v1/tiffmedian,2,5,-loop-unswitch,True,1.516982,2.983640,3609dcdd881992f9,d1f9ef177be87db7,50685,51801,0.106242,0.103072,582291,596483,6703,6972,420,420,50685,51801,27070,27393,493,1509,4096,2782,1121,3842,1987,876,905,2278,240,1607,395,4701,2002,6089,512,1338,9276,17351,3856,6830,5179,3842,2409,135,1163,2567,489,649,6053,1934,6089,3788,6149,2245,75,6724,272,582,5701,379,682,30,461,7842,467,444,10,1641,6703,50685,27070,420,11103,14209,520,1591,4264,2909,1157,4019,2083,924,946,2358,245,1692,419,4861,2111,6345,525,1387,9658,17517,3886,6901,5233,4019,2444,135,1208,2567,494,655,6316,1934,6345,3827,6219,2295,75,6836,280,588,5971,379,716,31,461,7944,493,473,10,1675,6972,51801,27393,420,11597,14428,1.516982,120.67857142857143,0.5340830620499162,11.488428529150637,15.959523809523809,7.56153960913024,123.33571428571429,0.5288121850929519,11.514893534873844,16.6,7.429862306368331
46b33675ad1e170ee5f62edc,benchmark://cbench-v1/tiffmedian,2,6,-loop-distribute,True,0.316829,-1.444485,3609dcdd881992f9,3609dcdd881992f9,50685,50685,0.106242,0.107777,582291,582291,6703,6703,420,420,50685,50685,27070,27070,493,1509,4096,2782,1121,3842,1987,876,905,2278,240,1607,395,4701,2002,6089,512,1338,9276,17351,3856,6830,5179,3842,2409,135,1163,2567,489,649,6053,1934,6089,3788,6149,2245,75,6724,272,582,5701,379,682,30,461,7842,467,444,10,1641,6703,50685,27070,420,11103,14209,493,1509,4096,2782,1121,3842,1987,876,905,2278,240,1607,395,4701,2002,6089,512,1338,9276,17351,3856,6830,5179,3842,2409,135,1163,2567,489,649,6053,1934,6089,3788,6149,2245,75,6724,272,582,5701,379,682,30,461,7842,467,444,10,1641,6703,50685,27070,420,11103,14209,0.316829,120.67857142857143,0.5340830620499162,11.488428529150637,15.959523809523809,7.56153960913024,120.67857142857143,0.5340830620499162,11.488428529150637,15.959523809523809,7.56153960913024
46b33675ad1e170ee5f62edc,benchmark://cbench-v1/tiffmedian,2,7,-indvars,True,-0.230385,-3.463505,3609dcdd881992f9,546c79038e179169,50685,50798,0.106242,0.109922,582291,584251,6703,6703,420,420,50685,50798,27070,27072,493,1509,4096,2782,1121,3842,1987,876,905,2278,240,1607,395,4701,2002,6089,512,1338,9276,17351,3856,6830,5179,3842,2409,135,1163,2567,489,649,6053,1934,6089,3788,6149,2245,75,6724,272,582,5701,379,682,30,461,7842,467,444,10,1641,6703,50685,27070,420,11103,14209,487,1512,4096,2782,1121,3842,1987,876,905,2278,240,1607,392,4704,1999,6089,512,1338,9276,17234,3998,6831,5197,3842,2428,135,1182,2567,489,653,6049,1934,6089,3788,6151,2245,76,6724,272,582,5674,379,682,30,462,7842,470,552,10,1647,6703,50798,27072,420,11061,14323,-0.230385,120.67857142857143,0.5340830620499162,11.488428529150637,15.959523809523809,7.56153960913024,120.94761904761904,0.5329343674947833,11.501456750265758,15.959523809523809,7.5783977323586456
9587deb34c14c695ec3184fc,benchmark://cbench-v1/tiffdither,0,0,-licm,True,0.228630,-2.572255,214e4ac57aab38b7,8b033b7455ed1273,58450,59107,0.002555,0.002621,380601,440795,7153,7180,414,414,58450,59107,38310,37763,0,344,4668,3297,1167,4415,1874,931,753,2162,237,344,0,6809,344,6546,517,1374,9613,17979,3984,7635,4867,4415,2352,111,1121,2492,494,891,6260,2982,6546,3623,7391,2178,77,17306,266,590,344,373,842,32,455,7498,511,460,10,1938,7153,58450,38310,414,692,26247,103,761,4689,3318,1167,4442,1884,937,757,2162,233,774,90,6316,864,6573,517,1353,9640,17983,3984,7635,4869,4442,2352,111,1121,2492,494,865,6314,2982,6573,3623,7391,2178,77,16667,266,590,1531,373,842,32,455,7590,511,460,10,1928,7180,59107,37763,414,2549,25598,0.228630,141.18357487922705,0.6554319931565441,6.511565440547477,17.27777777777778,8.171396616804138,142.77053140096618,0.6388921785913682,7.457576936741841,17.342995169082126,8.23217270194986
9587deb34c14c695ec3184fc,benchmark://cbench-v1/tiffdither,0,1,-loop-rotate,True,-2.464809,-27.827406,214e4ac57aab38b7,f131e6f7d6a938c4,58450,59404,0.002555,0.003266,380601,385631,7153,7389,414,414,58450,59404,38310,38704,0,344,4668,3297,1167,4415,1874,931,753,2162,237,344,0,6809,344,6546,517,1374,9613,17979,3984,7635,4867,4415,2352,111,1121,2492,494,891,6260,2982,6546,3623,7391,2178,77,17306,266,590,344,373,842,32,455,7498,511,460,10,1938,7153,58450,38310,414,692,26247,0,344,4685,3289,1251,4438,2097,1038,810,2375,233,344,0,7045,344,6782,518,1783,10062,18178,4021,7764,4874,4438,2425,111,1184,2492,500,928,6459,2982,6782,3624,7407,2391,77,17614,266,590,344,373,860,32,455,7567,515,461,12,1953,7389,59404,38704,414,692,26591,-2.464809,141.18357487922705,0.6554319931565441,6.511565440547477,17.27777777777778,8.171396616804138,143.48792270531402,0.651538616928153,6.491667227796108,17.847826086956523,8.039518202733793
9587deb34c14c695ec3184fc,benchmark://cbench-v1/tiffdither,0,2,-loop-unroll,True,-0.307563,-7.599897,214e4ac57aab38b7,f93323b27e947e9f,58450,58477,0.002555,0.002749,380601,380761,7153,7180,414,414,58450,58477,38310,38310,0,344,4668,3297,1167,4415,1874,931,753,2162,237,344,0,6809,344,6546,517,1374,9613,17979,3984,7635,4867,4415,2352,111,1121,2492,494,891,6260,2982,6546,3623,7391,2178,77,17306,266,590,344,373,842,32,455,7498,511,460,10,1938,7153,58450,38310,414,692,26247,0,344,4689,3318,1167,4442,1884,937,757,2162,233,344,0,6836,344,6573,517,1353,9640,17979,3984,7635,4867,4442,2352,111,1121,2492,494,891,6287,2982,6573,3623,7391,2178,77,17306,266,590,344,373,842,32,455,7498,511,460,10,1938,7180,58477,38310,414,692,26247,-0.307563,141.18357487922705,0.6554319931565441,6.511565440547477,17.27777777777778,8.171396616804138,141.2487922705314,0.6551293671015955,6.511295039075192,17.342995169082126,8.144428969359332
9587deb34c14c695ec3184fc,benchmark://cbench-v1/tiffdither,0,3,-loop-vectorize,True,0.060015,-4.153285,214e4ac57aab38b7,f93323b27e947e9f,58450,58477,0.002555,0.002661,380601,380761,7153,7180,414,414,58450,58477,38310,38310,0,344,4668,3297,1167,4415,1874,931,753,2162,237,344,0,6809,344,6546,517,1374,9613,17979,3984,7635,4867,4415,2352,111,1121,2492,494,891,6260,2982,6546,3623,7391,2178,77,17306,266,590,344,373,842,32,455,7498,511,460,10,1938,7153,58450,38310,414,692,26247,0,344,4689,3318,1167,4442,1884,937,757,2162,233,344,0,6836,344,6573,517,1353,9640,17979,3984,7635,4867,4442,2352,111,1121,2492,494,891,6287,2982,6573,3623,7391,2178,77,17306,266,590,344,373,842,32,455,7498,511,460,10,1938,7180,58477,38310,414,692,26247,0.060015,141.18357487922705,0.6554319931565441,6.511565440547477,17.27777777777778,8.171396616804138,141.2487922705314,0.6551293671015955,6.511295039075192,17.342995169082126,8.144428969359332
9587deb34c14c695ec3184fc,benchmark://cbench-v1/tiffdither,0,4,-loop-deletion,True,0.813668,2.913380,214e4ac57aab38b7,f93323b27e947e9f,58450,58477,0.002555,0.002480,380601,380761,7153,7180,414,414,58450,58477,38310,38310,0,344,4668,3297,1167,4415,1874,931,753,2162,237,344,0,6809,344,6546,517,1374,9613,17979,3984,7635,4867,4415,2352,111,1121,2492,494,891,6260,2982,6546,3623,7391,2178,77,17306,266,590,344,373,842,32,455,7498,511,460,10,1938,7153,58450,38310,414,692,26247,0,344,4689,3318,1167,4442,1884,937,757,2162,233,344,0,6836,344,6573,517,1353,9640,17979,3984,7635,4867,4442,2352,111,1121,2492,494,891,6287,2982,6573,3623,7391,2178,77,17306,266,590,344,373,842,32,455,7498,511,460,10,1938,7180,58477,38310,414,692,26247,0.813668,141.18357487922705,0.6554319931565441,6.511565440547477,17.27777777777778,8.171396616804138,141.2487922705314,0.6551293671015955,6.511295039075192,17.342995169082126,8.144428969359332
9587deb34c14c695ec3184fc,benchmark://cbench-v1/tiffdither,0,5,-loop-unswitch,True,0.229874,-2.560590,214e4ac57aab38b7,f93323b27e947e9f,58450,58477,0.002555,0.002620,380601,380761,7153,7180,414,414,58450,58477,38310,38310,0,344,4668,3297,1167,4415,1874,931,753,2162,237,344,0,6809,344,6546,517,1374,9613,17979,3984,7635,4867,4415,2352,111,1121,2492,494,891,6260,2982,6546,3623,7391,2178,77,17306,266,590,344,373,842,32,455,7498,511,460,10,1938,7153,58450,38310,414,692,26247,0,344,4689,3318,1167,4442,1884,937,757,2162,233,344,0,6836,344,6573,517,1353,9640,17979,3984,7635,4867,4442,2352,111,1121,2492,494,891,6287,2982,6573,3623,7391,2178,77,17306,266,590,344,373,842,32,455,7498,511,460,10,1938,7180,58477,38310,414,692,26247,0.229874,141.18357487922705,0.6554319931565441,6.511565440547477,17.27777777777778,8.171396616804138,141.2487922705314,0.6551293671015955,6.511295039075192,17.342995169082126,8.144428969359332
9587deb34c14c695ec3184fc,benchmark://cbench-v1/tiffdither,0,6,-loop-distribute,True,0.614543,1.046268,214e4ac57aab38b7,27f98b824715a87c,58450,58450,0.002555,0.002528,380601,380601,7153,7153,414,414,58450,58450,38310,38310,0,344,4668,3297,1167,4415,1874,931,753,2162,237,344,0,6809,344,6546,517,1374,9613,17979,3984,7635,4867,4415,2352,111,1121,2492,494,891,6260,2982,6546,3623,7391,2178,77,17306,266,590,344,373,842,32,455,7498,511,460,10,1938,7153,58450,38310,414,692,26247,0,344,4668,3297,1167,4415,1874,931,753,2162,237,344,0,6809,344,6546,517,1374,9613,17979,3984,7635,4867,4415,2352,111,1121,2492,494,891,6260,2982,6546,3623,7391,2178,77,17306,266,590,344,373,842,32,455,7498,511,460,10,1938,7153,58450,38310,414,692,26247,0.614543,141.18357487922705,0.6554319931565441,6.511565440547477,17.27777777777778,8.171396616804138,141.18357487922705,0.6554319931565441,6.511565440547477,17.27777777777778,8.171396616804138
9587deb34c14c695ec3184fc,benchmark://cbench-v1/tiffdither,0,7,-indvars,True,0.825642,3.025655,214e4ac57aab38b7,7c97eaf80c64568d,58450,58477,0.002555,0.002478,380601,380761,7153,7180,414,414,58450,58477,38310,38310,0,344,4668,3297,1167,4415,1874,931,753,2162,237,344,0,6809,344,6546,517,1374,9613,17979,3984,7635,4867,4415,2352,111,1121,2492,494,891,6260,2982,6546,3623,7391,2178,77,17306,266,590,344,373,842,32,455,7498,511,460,10,1938,7153,58450,38310,414,692,26247,0,344,4689,3318,1167,4442,1884,937,757,2162,233,344,0,6836,344,6573,517,1353,9640,17979,3984,7635,4867,4442,2352,111,1121,2492,494,890,6288,2982,6573,3623,7391,2178,77,17306,266,590,344,373,842,32,455,7498,511,460,10,1938,7180,58477,38310,414,692,26247,0.825642,141.18357487922705,0.6554319931565441,6.511565440547477,17.27777777777778,8.171396616804138,141.2487922705314,0.6551293671015955,6.511295039075192,17.342995169082126,8.144428969359332
afb6bbb4c21bdc5fdab4ccdd,benchmark://cbench-v1/tiffdither,1,0,-licm,True,0.966113,-11.286240,ac3871a8695b0999,4828d9e32cf2c45c,46393,47904,0.002381,0.002650,399792,444553,7153,7180,414,414,46393,47904,28183,28116,0,344,4668,3297,1167,4415,1874,931,753,2162,237,344,0,6809,344,6546,517,1374,9613,16358,3550,6361,4758,4415,2240,109,1013,2492,493,542,6610,1874,6546,3623,6167,2132,77,8443,243,585,344,373,595,30,452,7458,485,424,10,1627,7153,46393,28183,414,692,15670,130,854,4689,3318,1167,4442,1884,937,757,2162,233,853,131,6196,984,6573,517,1353,9640,16362,3550,6361,4760,4442,2240,109,1013,2492,493,556,6623,1874,6573,3623,6167,2132,77,8355,243,585,1906,373,595,30,452,7479,478,424,10,1623,7180,47904,28116,414,3029,15578,0.966113,112.06038647342996,0.6074838876554652,8.617506951479749,17.27777777777778,6.485810149587586,115.71014492753623,0.5869238476953907,9.280080995323981,17.342995169082126,6.671866295264624
afb6bbb4c21bdc5fdab4ccdd,benchmark://cbench-v1/tiffdither,1,1,-loop-rotate,True,-1.939902,-77.494008,ac3871a8695b0999,612c0fe0106f1217,46393,47696,0.002381,0.004227,399792,414379,7153,7391,414,414,46393,47696,28183,28527,0,344,4668,3297,1167,4415,1874,931,753,2162,237,344,0,6809,344,6546,517,1374,9613,16358,3550,6361,4758,4415,2240,109,1013,2492,493,542,6610,1874,6546,3623,6167,2132,77,8443,243,585,344,373,595,30,452,7458,485,424,10,1627,7153,46393,28183,414,692,15670,1,652,4686,3290,1251,4439,2098,1039,810,2376,233,652,1,6738,653,6784,519,1784,10065,16549,3587,6486,4764,4439,2313,109,1077,2492,499,592,6798,1874,6784,3626,6179,2346,77,8701,243,585,740,373,612,30,452,7529,489,425,12,1642,7391,47696,28527,414,1311,15963,-1.939902,112.06038647342996,0.6074838876554652,8.617506951479749,17.27777777777778,6.485810149587586,115.20772946859903,0.59810046964106,8.687919322375041,17.852657004830917,6.453253957515898
afb6bbb4c21bdc5fdab4ccdd,benchmark://cbench-v1/tiffdither,1,2,-loop-unroll,True,1.189227,-6.203028,ac3871a8695b0999,f2c7f92f27823977,46393,46603,0.002381,0.002529,399792,403328,7153,7180,414,414,46393,46603,28183,28183,0,344,4668,3297,1167,4415,1874,931,753,2162,237,344,0,6809,344,6546,517,1374,9613,16358,3550,6361,4758,4415,2240,109,1013,2492,493,542,6610,1874,6546,3623,6167,2132,77,8443,243,585,344,373,595,30,452,7458,485,424,10,1627,7153,46393,28183,414,692,15670,0,472,4689,3318,1167,4442,1884,937,757,2162,233,471,1,6708,472,6573,517,1353,9640,16358,3550,6361,4758,4442,2240,109,1013,2492,493,544,6635,1874,6573,3623,6167,2132,77,8443,243,585,527,373,595,30,452,7458,485,424,10,1627,7180,46603,28183,414,885,15670,1.189227,112.06038647342996,0.6074838876554652,8.617506951479749,17.27777777777778,6.485810149587586,112.56763285024155,0.6047464755487845,8.654550136257322,17.342995169082126,6.49066852367688
afb6bbb4c21bdc5fdab4ccdd,benchmark://cbench-v1/tiffdither,1,3,-loop-vectorize,True,0.542019,-20.948371,ac3871a8695b0999,d86bb39d322ba6a5,46393,46556,0.002381,0.002880,399792,402256,7153,7180,414,414,46393,46556,28183,28183,0,344,4668,3297,1167,4415,1874,931,753,2162,237,344,0,6809,344,6546,517,1374,9613,16358,3550,6361,4758,4415,2240,109,1013,2492,493,542,6610,1874,6546,3623,6167,2132,77,8443,243,585,344,373,595,30,452,7458,485,424,10,1627,7153,46393,28183,414,692,15670,0,433,4689,3318,1167,4442,1884,937,757,2162,233,432,1,6747,433,6573,517,1353,9640,16358,3550,6361,4758,4442,2240,109,1013,2492,493,544,6635,1874,6573,3623,6167,2132,77,8443,243,585,480,373,595,30,452,7458,485,424,10,1627,7180,46556,28183,414,831,15670,0.542019,112.06038647342996,0.6074838876554652,8.617506951479749,17.27777777777778,6.485810149587586,112.45410628019323,0.6053569894320818,8.640261190823955,17.342995169082126,6.484122562674095
afb6bbb4c21bdc5fdab4ccdd,benchmark://cbench-v1/tiffdither,1,4,-loop-deletion,True,0.107742,-30.842506,ac3871a8695b0999,f2c7f92f27823977,46393,46603,0.002381,0.003116,399792,403328,7153,7180,414,414,46393,46603,28183,28183,0,344,4668,3297,1167,4415,1874,931,753,2162,237,344,0,6809,344,6546,517,1374,9613,16358,3550,6361,4758,4415,2240,109,1013,2492,493,542,6610,1874,6546,3623,6167,2132,77,8443,243,585,344,373,595,30,452,7458,485,424,10,1627,7153,46393,28183,414,692,15670,0,472,4689,3318,1167,4442,1884,937,757,2162,233,471,1,6708,472,6573,517,1353,9640,16358,3550,6361,4758,4442,2240,109,1013,2492,493,544,6635,1874,6573,3623,6167,2132,77,8443,243,585,527,373,595,30,452,7458,485,424,10,1627,7180,46603,28183,414,885,15670,0.107742,112.06038647342996,0.6074838876554652,8.617506951479749,17.27777777777778,6.485810149587586,112.56763285024155,0.6047464755487845,8.654550136257322,17.342995169082126,6.49066852367688
afb6bbb4c21bdc5fdab4ccdd,benchmark://cbench-v1/tiffdither,1,5,-loop-unswitch,True,-0.753395,-50.461819,ac3871a8695b0999,76203e40ca63ed14,46393,47391,0.002381,0.003583,399792,408184,7153,7391,414,414,46393,47391,28183,28538,0,344,4668,3297,1167,4415,1874,931,753,2162,237,344,0,6809,344,6546,517,1374,9613,16358,3550,6361,4758,4415,2240,109,1013,2492,493,542,6610,1874,6546,3623,6167,2132,77,8443,243,585,344,373,595,30,452,7458,485,424,10,1627,7153,46393,28183,414,692,15670,0,477,4824,3416,1199,4585,1957,981,780,2219,236,476,1,6914,477,6772,520,1403,9937,16508,3597,6421,4802,4585,2272,109,1048,2492,500,546,6844,1884,6772,3651,6237,2165,77,8598,249,591,532,373,627,30,452,7560,506,450,10,1657,7391,47391,28538,414,895,15928,-0.753395,112.06038647342996,0.6074838876554652,8.617506951479749,17.27777777777778,6.485810149587586,114.47101449275362,0.6021818488742589,8.613112194298495,17.852657004830917,6.41198755242863
afb6bbb4c21bdc5fdab4ccdd,benchmark://cbench-v1/tiffdither,1,6,-loop-distribute,True,-0.766500,-50.760389,ac3871a8695b0999,ac3871a8695b0999,46393,46393,0.002381,0.003590,399792,399792,7153,7153,414,414,46393,46393,28183,28183,0,344,4668,3297,1167,4415,1874,931,753,2162,237,344,0,6809,344,6546,517,1374,9613,16358,3550,6361,4758,4415,2240,109,1013,2492,493,542,6610,1874,6546,3623,6167,2132,77,8443,243,585,344,373,595,30,452,7458,485,424,10,1627,7153,46393,28183,414,692,15670,0,344,4668,3297,1167,4415,1874,931,753,2162,237,344,0,6809,344,6546,517,1374,9613,16358,3550,6361,4758,4415,2240,109,1013,2492,493,542,6610,1874,6546,3623,6167,2132,77,8443,243,585,344,373,595,30,452,7458,485,424,10,1627,7153,46393,28183,414,692,15670,-0.766500,112.06038647342996,0.6074838876554652,8.617506951479749,17.27777777777778,6.485810149587586,112.06038647342996,0.6074838876554652,8.617506951479749,17.27777777777778,6.485810149587586
afb6bbb4c21bdc5fdab4ccdd,benchmark://cbench-v1/tiffdither,1,7,-indvars,True,0.654697,-18.381226,ac3871a8695b0999,1df9f72c7e67988b,46393,46603,0.002381,0.002819,399792,403344,7153,7180,414,414,46393,46603,28183,28183,0,344,4668,3297,1167,4415,1874,931,753,2162,237,344,0,6809,344,6546,517,1374,9613,16358,3550,6361,4758,4415,2240,109,1013,2492,493,542,6610,1874,6546,3623,6167,2132,77,8443,243,585,344,373,595,30,452,7458,485,424,10,1627,7153,46393,28183,414,692,15670,0,472,4689,3318,1167,4442,1884,937,757,2162,233,471,1,6708,472,6573,517,1353,9640,16358,3550,6361,4758,4442,2240,109,1013,2492,493,544,6635,1874,6573,3623,6167,2132,77,8443,243,585,526,373,596,30,452,7458,485,424,10,1627,7180,46603,28183,414,884,15671,0.654697,112.06038647342996,0.6074838876554652,8.617506951479749,17.27777777777778,6.485810149587586,112.56763285024155,0.6047464755487845,8.654893461794305,17.342995169082126,6.49066852367688
0039bd0c154c0a9b2722549c,benchmark://cbench-v1/tiffdither,2,0,-licm,True,1.569335,0.765838,8356de79120ba6d2,681da33beffee707,48425,48421,0.002427,0.002408,562178,562082,6416,6416,414,414,48425,48421,25969,25969,448,1431,3924,2648,1088,3678,1885,853,826,2162,233,1519,360,4537,1879,5809,517,1274,8876,16808,3590,6552,5001,3678,2280,109,1078,2492,490,614,5801,1863,5809,3623,5904,2129,75,6455,241,585,5360,373,594,30,452,7495,437,422,10,1601,6416,48425,25969,414,10548,13642,448,1431,3924,2648,1088,3678,1885,853,826,2162,233,1519,360,4537,1879,5809,517,1274,8876,16808,3590,6552,5001,3678,2280,109,1078,2492,490,614,5801,1863,5809,3623,5904,2129,75,6455,241,585,5356,373,594,30,452,7495,437,422,10,1601,6416,48421,25969,414,10544,13642,1.569335,116.96859903381643,0.5362725864739287,11.609251419721218,15.497584541062801,7.547537406483791,116.95893719806763,0.5363168873009645,11.608227835030256,15.497584541062801,7.546913965087282
0039bd0c154c0a9b2722549c,benchmark://cbench-v1/tiffdither,2,1,-loop-rotate,True,0.512249,-11.436754,8356de79120ba6d2,d0df94ff7f7cd4c8,48425,49499,0.002427,0.002704,562178,581920,6416,6600,414,414,48425,49499,25969,26069,448,1431,3924,2648,1088,3678,1885,853,826,2162,233,1519,360,4537,1879,5809,517,1274,8876,16808,3590,6552,5001,3678,2280,109,1078,2492,490,614,5801,1863,5809,3623,5904,2129,75,6455,241,585,5360,373,594,30,452,7495,437,422,10,1601,6416,48425,25969,414,10548,13642,504,1538,3907,2707,1069,3661,2086,860,963,2363,233,1653,389,4558,2042,5993,519,1693,9261,17065,3632,6737,5012,3661,2349,109,1141,2492,496,659,5940,1863,5993,3626,5914,2330,75,6486,241,585,5851,373,610,30,452,7551,437,423,12,1609,6600,49499,26069,414,11548,13700,0.512249,116.96859903381643,0.5362725864739287,11.609251419721218,15.497584541062801,7.547537406483791,119.56280193236715,0.5266571041839229,11.756197094890807,15.942028985507246,7.499848484848485
0039bd0c154c0a9b2722549c,benchmark://cbench-v1/tiffdither,2,2,-loop-unroll,True,0.518453,-11.365137,8356de79120ba6d2,14af6b8aa1f168bc,48425,48463,0.002427,0.002702,562178,562386,6416,6425,414,414,48425,48463,25969,25995,448,1431,3924,2648,1088,3678,1885,853,826,2162,233,1519,360,4537,1879,5809,517,1274,8876,16808,3590,6552,5001,3678,2280,109,1078,2492,490,614,5801,1863,5809,3623,5904,2129,75,6455,241,585,5360,373,594,30,452,7495,437,422,10,1601,6416,48425,25969,414,10548,13642,448,1429,3935,2655,1090,3685,1883,853,824,2162,233,1517,360,4548,1877,5816,517,1274,8883,16802,3603,6552,5005,3685,2282,109,1075,2492,490,613,5811,1863,5816,3629,5909,2127,75,6464,240,585,5356,373,592,30,455,7501,440,422,10,1607,6425,48463,25995,414,10540,13658,0.518453,116.96859903381643,0.5362725864739287,11.609251419721218,15.497584541062801,7.547537406483791,117.06038647342996,0.5363885851061635,11.604440501000763,15.519323671497585,7.542879377431906
0039bd0c154c0a9b2722549c,benchmark://cbench-v1/tiffdither,2,3,-loop-vectorize,True,-0.623010,-24.541741,8356de79120ba6d2,8356de79120ba6d2,48425,48425,0.002427,0.003022,562178,562178,6416,6416,414,414,48425,48425,25969,25969,448,1431,3924,2648,1088,3678,1885,853,826,2162,233,1519,360,4537,1879,5809,517,1274,8876,16808,3590,6552,5001,3678,2280,109,1078,2492,490,614,5801,1863,5809,3623,5904,2129,75,6455,241,585,5360,373,594,30,452,7495,437,422,10,1601,6416,48425,25969,414,10548,13642,448,1431,3924,2648,1088,3678,1885,853,826,2162,233,1519,360,4537,1879,5809,517,1274,8876,16808,3590,6552,5001,3678,2280,109,1078,2492,490,614,5801,1863,5809,3623,5904,2129,75,6455,241,585,5360,373,594,30,452,7495,437,422,10,1601,6416,48425,25969,414,10548,13642,-0.623010,116.96859903381643,0.5362725864739287,11.609251419721218,15.497584541062801,7.547537406483791,116.96859903381643,0.5362725864739287,11.609251419721218,15.497584541062801,7.547537406483791
0039bd0c154c0a9b2722549c,benchmark://cbench-v1/tiffdither,2,4,-loop-deletion,True,-0.115606,-18.684466,8356de79120ba6d2,8356de79120ba6d2,48425,48425,0.002427,0.002880,562178,562178,6416,6416,414,414,48425,48425,25969,25969,448,1431,3924,2648,1088,3678,1885,853,826,2162,233,1519,360,4537,1879,5809,517,1274,8876,16808,3590,6552,5001,3678,2280,109,1078,2492,490,614,5801,1863,5809,3623,5904,2129,75,6455,241,585,5360,373,594,30,452,7495,437,422,10,1601,6416,48425,25969,414,10548,13642,448,1431,3924,2648,1088,3678,1885,853,826,2162,233,1519,360,4537,1879,5809,517,1274,8876,16808,3590,6552,5001,3678,2280,109,1078,2492,490,614,5801,1863,5809,3623,5904,2129,75,6455,241,585,5360,373,594,30,452,7495,437,422,10,1601,6416,48425,25969,414,10548,13642,-0.115606,116.96859903381643,0.5362725864739287,11.609251419721218,15.497584541062801,7.547537406483791,116.96859903381643,0.5362725864739287,11.609251419721218,15.497584541062801,7.547537406483791
0039bd0c154c0a9b2722549c,benchmark://cbench-v1/tiffdither,2,5,-loop-unswitch,True,0.694787,-9.329606,8356de79120ba6d2,51162252af90efd8,48425,49647,0.002427,0.002653,562178,577186,6416,6711,414,414,48425,49647,25969,26330,448,1431,3924,2648,1088,3678,1885,853,826,2162,233,1519,360,4537,1879,5809,517,1274,8876,16808,3590,6552,5001,3678,2280,109,1078,2492,490,614,5801,1863,5809,3623,5904,2129,75,6455,241,585,5360,373,594,30,452,7495,437,422,10,1601,6416,48425,25969,414,10548,13642,475,1518,4108,2788,1127,3871,1991,904,874,2252,238,1609,384,4718,1993,6091,530,1328,9294,16997,3623,6630,5061,3871,2325,110,1128,2492,495,620,6090,1863,6091,3664,5978,2186,75,6583,252,592,5638,373,633,31,452,7613,464,456,10,1637,6711,49647,26330,414,11058,13889,0.694787,116.96859903381643,0.5362725864739287,11.609251419721218,15.497584541062801,7.547537406483791,119.92028985507247,0.5303442302656757,11.625798134831914,16.21014492753623,7.397854269110415
0039bd0c154c0a9b2722549c,benchmark://cbench-v1/tiffdither,2,6,-loop-distribute,True,-1.931809,-39.650019,8356de79120ba6d2,8356de79120ba6d2,48425,48425,0.002427,0.003389,562178,562178,6416,6416,414,414,48425,48425,25969,25969,448,1431,3924,2648,1088,3678,1885,853,826,2162,233,1519,360,4537,1879,5809,517,1274,8876,16808,3590,6552,5001,3678,2280,109,1078,2492,490,614,5801,1863,5809,3623,5904,2129,75,6455,241,585,5360,373,594,30,452,7495,437,422,10,1601,6416,48425,25969,414,10548,13642,448,1431,3924,2648,1088,3678,1885,853,826,2162,233,1519,360,4537,1879,5809,517,1274,8876,16808,3590,6552,5001,3678,2280,109,1078,2492,490,614,5801,1863,5809,3623,5904,2129,75,6455,241,585,5360,373,594,30,452,7495,437,422,10,1601,6416,48425,25969,414,10548,13642,-1.931809,116.96859903381643,0.5362725864739287,11.609251419721218,15.497584541062801,7.547537406483791,116.96859903381643,0.5362725864739287,11.609251419721218,15.497584541062801,7.547537406483791
0039bd0c154c0a9b2722549c,benchmark://cbench-v1/tiffdither,2,7,-indvars,True,-0.624399,-24.557784,8356de79120ba6d2,7546ec70422b6c26,48425,48493,0.002427,0.003022,562178,563410,6416,6416,414,414,48425,48493,25969,25971,448,1431,3924,2648,1088,3678,1885,853,826,2162,233,1519,360,4537,1879,5809,517,1274,8876,16808,3590,6552,5001,3678,2280,109,1078,2492,490,614,5801,1863,5809,3623,5904,2129,75,6455,241,585,5360,373,594,30,452,7495,437,422,10,1601,6416,48425,25969,414,10548,13642,448,1429,3924,2648,1088,3678,1885,853,826,2162,233,1517,360,4539,1877,5809,517,1274,8876,16732,3684,6553,5013,3678,2293,109,1091,2492,490,616,5799,1863,5809,3623,5906,2129,76,6455,241,585,5343,373,587,30,453,7495,440,488,10,1607,6416,48493,25971,414,10525,13707,-0.624399,116.96859903381643,0.5362725864739287,11.609251419721218,15.497584541062801,7.547537406483791,117.1328502415459,0.5355618336667148,11.618377910213844,15.497584541062801,7.558135910224439
85e50f02db04231554c2c8a7,benchmark://chstone-v0/adpcm,0,0,-licm,True,0.288446,0.464971,41808ad66f0910b2,16468faf5f3df5d5,1474,1517,0.002307,0.002297,8451,10653,126,127,18,18,1474,1517,974,941,0,0,75,65,5,75,36,3,25,36,0,0,0,126,0,111,29,13,147,248,167,106,120,75,73,27,53,74,2,28,98,86,111,122,81,36,0,406,36,1,0,15,98,0,2,291,12,19,0,0,126,1474,974,18,0,683,7,21,76,66,5,76,36,3,25,36,0,20,8,99,28,112,29,12,148,248,167,106,120,76,73,27,53,74,2,24,103,86,112,122,81,36,0,375,36,1,75,15,98,0,2,289,12,19,0,0,127,1517,941,18,113,652,0.288446,81.88888888888889,0.66078697421981,5.733378561736771,7.0,11.698412698412698,84.27777777777777,0.6203032300593276,7.022412656558998,7.055555555555555,11.94488188976378
85e50f02db04231554c2c8a7,benchmark://chstone-v0/adpcm,0,1,-loop-rotate,True,0.781185,1.678900,41808ad66f0910b2,5c76df3e0eada175,1474,1523,0.002307,0.002269,8451,8715,126,143,18,18,1474,1523,974,990,0,0,75,65,5,75,36,3,25,36,0,0,0,126,0,111,29,13,147,248,167,106,120,75,73,27,53,74,2,28,98,86,111,122,81,36,0,406,36,1,0,15,98,0,2,291,12,19,0,0,126,1474,974,18,0,683,0,0,76,58,18,76,52,18,21,52,0,0,0,143,0,128,29,44,180,264,167,106,120,76,73,27,53,74,2,28,115,86,128,122,81,52,0,422,36,1,0,15,98,0,2,291,12,19,0,0,143,1523,990,18,0,699,0.781185,81.88888888888889,0.66078697421981,5.733378561736771,7.0,11.698412698412698,84.61111111111111,0.650032829940906,5.72225869993434,7.944444444444445,10.65034965034965
85e50f02db04231554c2c8a7,benchmark://chstone-v0/adpcm,0,2,-loop-unroll,True,0.986335,2.184314,41808ad66f0910b2,6f184427a3360b50,1474,1475,0.002307,0.002257,8451,8451,126,127,18,18,1474,1475,974,974,0,0,75,65,5,75,36,3,25,36,0,0,0,126,0,111,29,13,147,248,167,106,120,75,73,27,53,74,2,28,98,86,111,122,81,36,0,406,36,1,0,15,98,0,2,291,12,19,0,0,126,1474,974,18,0,683,0,0,76,66,5,76,36,3,25,36,0,0,0,127,0,112,29,12,148,248,167,106,120,76,73,27,53,74,2,28,99,86,112,122,81,36,0,406,36,1,0,15,98,0,2,291,12,19,0,0,127,1475,974,18,0,683,0.986335,81.88888888888889,0.66078697421981,5.733378561736771,7.0,11.698412698412698,81.94444444444444,0.6603389830508475,5.729491525423729,7.055555555555555,11.614173228346457
85e50f02db04231554c2c8a7,benchmark://chstone-v0/adpcm,0,3,-loop-vectorize,True,0.195095,0.234988,41808ad66f0910b2,6f184427a3360b50,1474,1475,0.002307,0.002302,8451,8451,126,127,18,18,1474,1475,974,974,0,0,75,65,5,75,36,3,25,36,0,0,0,126,0,111,29,13,147,248,167,106,120,75,73,27,53,74,2,28,98,86,111,122,81,36,0,406,36,1,0,15,98,0,2,291,12,19,0,0,126,1474,974,18,0,683,0,0,76,66,5,76,36,3,25,36,0,0,0,127,0,112,29,12,148,248,167,106,120,76,73,27,53,74,2,28,99,86,112,122,81,36,0,406,36,1,0,15,98,0,2,291,12,19,0,0,127,1475,974,18,0,683,0.195095,81.88888888888889,0.66078697421981,5.733378561736771,7.0,11.698412698412698,81.94444444444444,0.6603389830508475,5.729491525423729,7.055555555555555,11.614173228346457
85e50f02db04231554c2c8a7,benchmark://chstone-v0/adpcm,0,4,-loop-deletion,True,0.337366,0.585492,41808ad66f0910b2,6f184427a3360b50,1474,1475,0.002307,0.002294,8451,8451,126,127,18,18,1474,1475,974,974,0,0,75,65,5,75,36,3,25,36,0,0,0,126,0,111,29,13,147,248,167,106,120,75,73,27,53,74,2,28,98,86,111,122,81,36,0,406,36,1,0,15,98,0,2,291,12,19,0,0,126,1474,974,18,0,683,0,0,76,66,5,76,36,3,25,36,0,0,0,127,0,112,29,12,148,248,167,106,120,76,73,27,53,74,2,28,99,86,112,122,81,36,0,406,36,1,0,15,98,0,2,291,12,19,0,0,127,1475,974,18,0,683,0.337366,81.88888888888889,0.66078697421981,5.733378561736771,7.0,11.698412698412698,81.94444444444444,0.6603389830508475,5.729491525423729,7.055555555555555,11.614173228346457
85e50f02db04231554c2c8a7,benchmark://chstone-v0/adpcm,0,5,-loop-unswitch,True,0.754480,1.613110,41808ad66f0910b2,6f184427a3360b50,1474,1475,0.002307,0.002270,8451,8451,126,127,18,18,1474,1475,974,974,0,0,75,65,5,75,36,3,25,36,0,0,0,126,0,111,29,13,147,248,167,106,120,75,73,27,53,74,2,28,98,86,111,122,81,36,0,406,36,1,0,15,98,0,2,291,12,19,0,0,126,1474,974,18,0,683,0,0,76,66,5,76,36,3,25,36,0,0,0,127,0,112,29,12,148,248,167,106,120,76,73,27,53,74,2,28,99,86,112,122,81,36,0,406,36,1,0,15,98,0,2,291,12,19,0,0,127,1475,974,18,0,683,0.754480,81.88888888888889,0.66078697421981,5.733378561736771,7.0,11.698412698412698,81.94444444444444,0.6603389830508475,5.729491525423729,7.055555555555555,11.614173228346457
85e50f02db04231554c2c8a7,benchmark://chstone-v0/adpcm,0,6,-loop-distribute,True,-1.559507,-4.087708,41808ad66f0910b2,57bc6765f0d9235a,1474,1474,0.002307,0.002402,8451,8451,126,126,18,18,1474,1474,974,974,0,0,75,65,5,75,36,3,25,36,0,0,0,126,0,111,29,13,147,248,167,106,120,75,73,27,53,74,2,28,98,86,111,122,81,36,0,406,36,1,0,15,98,0,2,291,12,19,0,0,126,1474,974,18,0,683,0,0,75,65,5,75,36,3,25,36,0,0,0,126,0,111,29,13,147,248,167,106,120,75,73,27,53,74,2,28,98,86,111,122,81,36,0,406,36,1,0,15,98,0,2,291,12,19,0,0,126,1474,974,18,0,683,-1.559507,81.88888888888889,0.66078697421981,5.733378561736771,7.0,11.698412698412698,81.88888888888889,0.66078697421981,5.733378561736771,7.0,11.698412698412698
85e50f02db04231554c2c8a7,benchmark://chstone-v0/adpcm,0,7,-indvars,True,-1.783399,-4.639296,41808ad66f0910b2,6f184427a3360b50,1474,1475,0.002307,0.002414,8451,8451,126,127,18,18,1474,1475,974,974,0,0,75,65,5,75,36,3,25,36,0,0,0,126,0,111,29,13,147,248,167,106,120,75,73,27,53,74,2,28,98,86,111,122,81,36,0,406,36,1,0,15,98,0,2,291,12,19,0,0,126,1474,974,18,0,683,0,0,76,66,5,76,36,3,25,36,0,0,0,127,0,112,29,12,148,248,167,106,120,76,73,27,53,74,2,28,99,86,112,122,81,36,0,406,36,1,0,15,98,0,2,291,12,19,0,0,127,1475,974,18,0,683,-1.783399,81.88888888888889,0.66078697421981,5.733378561736771,7.0,11.698412698412698,81.94444444444444,0.6603389830508475,5.729491525423729,7.055555555555555,11.614173228346457
8136f633c47d6e6c2d10db2f,benchmark://chstone-v0/adpcm,1,0,-licm,True,-1.050699,-23.356330,b30308a90afc49a5,f5ab71555fbe570e,1217,1304,0.002470,0.003046,8635,10944,126,127,18,18,1217,1304,776,776,0,0,75,65,5,75,36,3,25,36,0,0,0,126,0,111,29,13,147,241,161,103,113,75,72,27,53,74,2,23,103,43,111,122,67,36,0,222,36,1,0,15,83,0,2,291,11,19,0,0,126,1217,776,18,0,441,7,30,76,66,5,76,36,3,25,36,0,29,8,90,37,112,29,12,148,241,161,103,113,76,72,27,53,74,2,21,106,43,112,122,67,36,0,224,36,1,86,15,83,0,2,289,11,19,0,0,127,1304,776,18,129,443,-1.050699,67.61111111111111,0.637633525061627,7.09531635168447,7.0,9.658730158730158,72.44444444444444,0.5950920245398773,8.392638036809815,7.055555555555555,10.26771653543307
8136f633c47d6e6c2d10db2f,benchmark://chstone-v0/adpcm,1,1,-loop-rotate,True,-0.425370,-15.288020,b30308a90afc49a5,b3d4e951b242e347,1217,1286,0.002470,0.002847,8635,9359,126,143,18,18,1217,1286,776,792,0,0,75,65,5,75,36,3,25,36,0,0,0,126,0,111,29,13,147,241,161,103,113,75,72,27,53,74,2,23,103,43,111,122,67,36,0,222,36,1,0,15,83,0,2,291,11,19,0,0,126,1217,776,18,0,441,0,20,76,58,18,76,52,18,21,52,0,20,0,123,20,128,29,44,180,257,161,103,113,76,72,27,53,74,2,23,120,43,128,122,67,52,0,238,36,1,20,15,83,0,2,291,11,19,0,0,143,1286,792,18,38,457,-0.425370,67.61111111111111,0.637633525061627,7.09531635168447,7.0,9.658730158730158,71.44444444444444,0.6158631415241057,7.277604976671851,7.944444444444445,8.993006993006993
8136f633c47d6e6c2d10db2f,benchmark://chstone-v0/adpcm,1,2,-loop-unroll,True,-0.883172,-21.194815,b30308a90afc49a5,0552e012972bed5e,1217,1221,0.002470,0.002993,8635,8675,126,127,18,18,1217,1221,776,776,0,0,75,65,5,75,36,3,25,36,0,0,0,126,0,111,29,13,147,241,161,103,113,75,72,27,53,74,2,23,103,43,111,122,67,36,0,222,36,1,0,15,83,0,2,291,11,19,0,0,126,1217,776,18,0,441,0,3,76,66,5,76,36,3,25,36,0,3,0,124,3,112,29,12,148,241,161,103,113,76,72,27,53,74,2,23,104,43,112,122,67,36,0,222,36,1,3,15,83,0,2,291,11,19,0,0,127,1221,776,18,4,441,-0.883172,67.61111111111111,0.637633525061627,7.09531635168447,7.0,9.658730158730158,67.83333333333333,0.6355446355446356,7.104832104832105,7.055555555555555,9.614173228346457
8136f633c47d6e6c2d10db2f,benchmark://chstone-v0/adpcm,1,3,-loop-vectorize,True,1.417146,8.485031,b30308a90afc49a5,0552e012972bed5e,1217,1221,0.002470,0.002260,8635,8675,126,127,18,18,1217,1221,776,776,0,0,75,65,5,75,36,3,25,36,0,0,0,126,0,111,29,13,147,241,161,103,113,75,72,27,53,74,2,23,103,43,111,122,67,36,0,222,36,1,0,15,83,0,2,291,11,19,0,0,126,1217,776,18,0,441,0,3,76,66,5,76,36,3,25,36,0,3,0,124,3,112,29,12,148,241,161,103,113,76,72,27,53,74,2,23,104,43,112,122,67,36,0,222,36,1,3,15,83,0,2,291,11,19,0,0,127,1221,776,18,4,441,1.417146,67.61111111111111,0.637633525061627,7.09531635168447,7.0,9.658730158730158,67.83333333333333,0.6355446355446356,7.104832104832105,7.055555555555555,9.614173228346457
8136f633c47d6e6c2d10db2f,benchmark://chstone-v0/adpcm,1,4,-loop-deletion,True,-0.751637,-19.497688,b30308a90afc49a5,0552e012972bed5e,1217,1221,0.002470,0.002951,8635,8675,126,127,18,18,1217,1221,776,776,0,0,75,65,5,75,36,3,25,36,0,0,0,126,0,111,29,13,147,241,161,103,113,75,72,27,53,74,2,23,103,43,111,122,67,36,0,222,36,1,0,15,83,0,2,291,11,19,0,0,126,1217,776,18,0,441,0,3,76,66,5,76,36,3,25,36,0,3,0,124,3,112,29,12,148,241,161,103,113,76,72,27,53,74,2,23,104,43,112,122,67,36,0,222,36,1,3,15,83,0,2,291,11,19,0,0,127,1221,776,18,4,441,-0.751637,67.61111111111111,0.637633525061627,7.09531635168447,7.0,9.658730158730158,67.83333333333333,0.6355446355446356,7.104832104832105,7.055555555555555,9.614173228346457
8136f633c47d6e6c2d10db2f,benchmark://chstone-v0/adpcm,1,5,-loop-unswitch,True,-0.576885,-17.242948,b30308a90afc49a5,fe84fac518f80ebf,1217,1221,0.002470,0.002895,8635,8691,126,127,18,18,1217,1221,776,776,0,0,75,65,5,75,36,3,25,36,0,0,0,126,0,111,29,13,147,241,161,103,113,75,72,27,53,74,2,23,103,43,111,122,67,36,0,222,36,1,0,15,83,0,2,291,11,19,0,0,126,1217,776,18,0,441,0,3,76,66,5,76,36,3,25,36,0,3,0,124,3,112,29,12,148,241,161,103,113,76,72,27,53,74,2,23,104,43,112,122,67,36,0,222,36,1,3,15,83,0,2,291,11,19,0,0,127,1221,776,18,4,441,-0.576885,67.61111111111111,0.637633525061627,7.09531635168447,7.0,9.658730158730158,67.83333333333333,0.6355446355446356,7.117936117936118,7.055555555555555,9.614173228346457
8136f633c47d6e6c2d10db2f,benchmark://chstone-v0/adpcm,1,6,-loop-distribute,True,0.660340,-1.279652,b30308a90afc49a5,b30308a90afc49a5,1217,1217,0.002470,0.002501,8635,8635,126,126,18,18,1217,1217,776,776,0,0,75,65,5,75,36,3,25,36,0,0,0,126,0,111,29,13,147,241,161,103,113,75,72,27,53,74,2,23,103,43,111,122,67,36,0,222,36,1,0,15,83,0,2,291,11,19,0,0,126,1217,776,18,0,441,0,0,75,65,5,75,36,3,25,36,0,0,0,126,0,111,29,13,147,241,161,103,113,75,72,27,53,74,2,23,103,43,111,122,67,36,0,222,36,1,0,15,83,0,2,291,11,19,0,0,126,1217,776,18,0,441,0.660340,67.61111111111111,0.637633525061627,7.09531635168447,7.0,9.658730158730158,67.61111111111111,0.637633525061627,7.09531635168447,7.0,9.658730158730158
8136f633c47d6e6c2d10db2f,benchmark://chstone-v0/adpcm,1,7,-indvars,True,1.610277,10.976906,b30308a90afc49a5,0552e012972bed5e,1217,1221,0.002470,0.002198,8635,8675,126,127,18,18,1217,1221,776,776,0,0,75,65,5,75,36,3,25,36,0,0,0,126,0,111,29,13,147,241,161,103,113,75,72,27,53,74,2,23,103,43,111,122,67,36,0,222,36,1,0,15,83,0,2,291,11,19,0,0,126,1217,776,18,0,441,0,3,76,66,5,76,36,3,25,36,0,3,0,124,3,112,29,12,148,241,161,103,113,76,72,27,53,74,2,23,104,43,112,122,67,36,0,222,36,1,3,15,83,0,2,291,11,19,0,0,127,1221,776,18,4,441,1.610277,67.61111111111111,0.637633525061627,7.09531635168447,7.0,9.658730158730158,67.83333333333333,0.6355446355446356,7.104832104832105,7.055555555555555,9.614173228346457
4f5463f964d1738a6eff4938,benchmark://chstone-v0/adpcm,2,0,-licm,True,-0.428835,-6.303129,4376353e5fb0c1a9,6c0eb84596ddcfd0,1182,1263,0.002528,0.002688,9773,10806,110,111,18,18,1182,1263,708,728,5,29,59,49,5,59,36,3,25,36,0,30,4,76,34,95,29,13,131,268,165,121,115,59,76,27,53,74,2,22,88,43,95,122,67,36,0,154,36,1,53,15,79,0,2,291,11,19,0,0,110,1182,708,18,106,369,10,42,60,50,5,60,36,3,25,36,0,43,9,59,52,96,29,12,132,266,165,121,115,60,76,27,53,74,2,22,89,43,96,122,67,36,0,173,36,1,113,15,79,0,2,292,11,19,0,0,111,1263,728,18,188,388,-0.428835,65.66666666666667,0.5989847715736041,8.26818950930626,6.111111111111111,10.745454545454546,70.16666666666667,0.5764053840063341,8.55581947743468,6.166666666666667,11.378378378378379
4f5463f964d1738a6eff4938,benchmark://chstone-v0/adpcm,2,1,-loop-rotate,True,-0.438492,-6.414220,4376353e5fb0c1a9,30c7093ec429675e,1182,1184,0.002528,0.002691,9773,9496,110,95,18,18,1182,1184,708,708,5,29,59,49,5,59,36,3,25,36,0,30,4,76,34,95,29,13,131,268,165,121,115,59,76,27,53,74,2,22,88,43,95,122,67,36,0,154,36,1,53,15,79,0,2,291,11,19,0,0,110,1182,708,18,106,369,5,39,44,37,2,44,36,0,28,36,0,39,5,51,44,80,29,28,116,268,165,121,115,44,76,27,53,74,2,24,71,43,80,122,67,36,0,154,36,1,70,15,79,0,2,291,11,19,0,0,95,1184,708,18,123,369,-0.438492,65.66666666666667,0.5989847715736041,8.26818950930626,6.111111111111111,10.745454545454546,65.77777777777777,0.597972972972973,8.02027027027027,5.277777777777778,12.463157894736842
4f5463f964d1738a6eff4938,benchmark://chstone-v0/adpcm,2,2,-loop-unroll,True,-1.980118,-24.148745,4376353e5fb0c1a9,123010d1c7c2248f,1182,1535,0.002528,0.003139,9773,12126,110,169,18,18,1182,1535,708,906,5,29,59,49,5,59,36,3,25,36,0,30,4,76,34,95,29,13,131,268,165,121,115,59,76,27,53,74,2,22,88,43,95,122,67,36,0,154,36,1,53,15,79,0,2,291,11,19,0,0,110,1182,708,18,106,369,4,40,118,92,16,106,36,7,20,42,0,39,5,125,44,148,29,12,190,400,203,188,126,106,94,39,58,74,2,23,146,43,148,122,82,36,0,182,59,1,68,15,108,0,2,446,11,31,0,0,169,1535,906,18,119,438,-1.980118,65.66666666666667,0.5989847715736041,8.26818950930626,6.111111111111111,10.745454545454546,85.27777777777777,0.5902280130293159,7.899674267100977,9.38888888888889,9.08284023668639
4f5463f964d1738a6eff4938,benchmark://chstone-v0/adpcm,2,3,-loop-vectorize,True,-0.078360,-2.271339,4376353e5fb0c1a9,a849ed9e38c3e6b8,1182,1201,0.002528,0.002586,9773,10006,110,111,18,18,1182,1201,708,708,5,29,59,49,5,59,36,3,25,36,0,30,4,76,34,95,29,13,131,268,165,121,115,59,76,27,53,74,2,22,88,43,95,122,67,36,0,154,36,1,53,15,79,0,2,291,11,19,0,0,110,1182,708,18,106,369,5,39,60,50,5,60,36,3,25,36,0,38,6,67,44,96,29,12,132,268,165,121,115,60,76,27,53,74,2,23,88,43,96,122,67,36,0,154,36,1,71,15,79,0,2,291,11,19,0,0,111,1201,708,18,125,369,-0.078360,65.66666666666667,0.5989847715736041,8.26818950930626,6.111111111111111,10.745454545454546,66.72222222222223,0.5895087427144047,8.331390507910076,6.166666666666667,10.81981981981982
4f5463f964d1738a6eff4938,benchmark://chstone-v0/adpcm,2,4,-loop-deletion,True,1.429574,15.075617,4376353e5fb0c1a9,421ad63dcb1fb2bd,1182,1201,0.002528,0.002147,9773,10006,110,111,18,18,1182,1201,708,708,5,29,59,49,5,59,36,3,25,36,0,30,4,76,34,95,29,13,131,268,165,121,115,59,76,27,53,74,2,22,88,43,95,122,67,36,0,154,36,1,53,15,79,0,2,291,11,19,0,0,110,1182,708,18,106,369,5,39,60,50,5,60,36,3,25,36,0,38,6,67,44,96,29,12,132,268,165,121,115,60,76,27,53,74,2,23,88,43,96,122,67,36,0,154,36,1,71,15,79,0,2,291,11,19,0,0,111,1201,708,18,125,369,1.429574,65.66666666666667,0.5989847715736041,8.26818950930626,6.111111111111111,10.745454545454546,66.72222222222223,0.5895087427144047,8.331390507910076,6.166666666666667,10.81981981981982
4f5463f964d1738a6eff4938,benchmark://chstone-v0/adpcm,2,5,-loop-unswitch,True,-0.241530,-4.148406,4376353e5fb0c1a9,da6c9c6d227d5851,1182,1201,0.002528,0.002633,9773,10022,110,111,18,18,1182,1201,708,708,5,29,59,49,5,59,36,3,25,36,0,30,4,76,34,95,29,13,131,268,165,121,115,59,76,27,53,74,2,22,88,43,95,122,67,36,0,154,36,1,53,15,79,0,2,291,11,19,0,0,110,1182,708,18,106,369,5,39,60,50,5,60,36,3,25,36,0,38,6,67,44,96,29,12,132,268,165,121,115,60,76,27,53,74,2,23,88,43,96,122,67,36,0,154,36,1,71,15,79,0,2,291,11,19,0,0,111,1201,708,18,125,369,-0.241530,65.66666666666667,0.5989847715736041,8.26818950930626,6.111111111111111,10.745454545454546,66.72222222222223,0.5895087427144047,8.344712739383846,6.166666666666667,10.81981981981982
4f5463f964d1738a6eff4938,benchmark://chstone-v0/adpcm,2,6,-loop-distribute,True,0.662857,6.255465,4376353e5fb0c1a9,4376353e5fb0c1a9,1182,1182,0.002528,0.002370,9773,9773,110,110,18,18,1182,1182,708,708,5,29,59,49,5,59,36,3,25,36,0,30,4,76,34,95,29,13,131,268,165,121,115,59,76,27,53,74,2,22,88,43,95,122,67,36,0,154,36,1,53,15,79,0,2,291,11,19,0,0,110,1182,708,18,106,369,5,29,59,49,5,59,36,3,25,36,0,30,4,76,34,95,29,13,131,268,165,121,115,59,76,27,53,74,2,22,88,43,95,122,67,36,0,154,36,1,53,15,79,0,2,291,11,19,0,0,110,1182,708,18,106,369,0.662857,65.66666666666667,0.5989847715736041,8.26818950930626,6.111111111111111,10.745454545454546,65.66666666666667,0.5989847715736041,8.26818950930626,6.111111111111111,10.745454545454546
4f5463f964d1738a6eff4938,benchmark://chstone-v0/adpcm,2,7,-indvars,True,1.074905,10.995575,4376353e5fb0c1a9,ef265de6967273dc,1182,1198,0.002528,0.002250,9773,10070,110,111,18,18,1182,1198,708,708,5,29,59,49,5,59,36,3,25,36,0,30,4,76,34,95,29,13,131,268,165,121,115,59,76,27,53,74,2,22,88,43,95,122,67,36,0,154,36,1,53,15,79,0,2,291,11,19,0,0,110,1182,708,18,106,369,5,38,60,50,5,60,36,3,25,36,0,37,6,68,43,96,29,12,132,231,203,121,115,60,76,27,53,74,2,22,89,43,96,122,67,36,0,154,36,1,70,15,64,0,2,291,11,32,0,0,111,1198,708,18,124,367,1.074905,65.66666666666667,0.5989847715736041,8.26818950930626,6.111111111111111,10.745454545454546,66.55555555555556,0.5909849749582637,8.40567612687813,6.166666666666667,10.792792792792794
4f944a5a4d7d6b6b135a9c10,benchmark://chstone-v0/aes,0,0,-licm,True,-0.646585,-7.772295,6b85802168ac0bee,9878d0bc30823f27,4048,4037,0.002380,0.002565,17011,19579,177,177,15,15,4048,4037,2752,2727,0,0,109,98,6,116,46,7,38,44,11,0,0,177,0,160,23,45,252,768,850,417,157,116,527,164,106,46,144,37,138,44,160,71,848,46,0,1367,94,0,0,11,408,0,20,420,11,0,64,2,177,4048,2752,15,0,1867,0,14,109,98,6,116,46,7,38,44,11,14,0,163,14,160,23,45,252,768,850,417,157,116,527,164,106,46,144,38,137,44,160,71,848,46,0,1342,94,0,14,11,408,0,20,420,11,0,64,2,177,4037,2727,15,21,1842,-0.646585,269.8666666666667,0.6798418972332015,4.202322134387352,11.8,22.870056497175142,269.1333333333333,0.6755016101065148,4.849888531087442,11.8,22.807909604519775
4f944a5a4d7d6b6b135a9c10,benchmark://chstone-v0/aes,0,1,-loop-rotate,True,1.208185,21.784681,6b85802168ac0bee,e3470e4127497656,4048,4120,0.002380,0.001862,17011,17395,177,195,15,15,4048,4120,2752,2782,0,0,109,98,6,116,46,7,38,44,11,0,0,177,0,160,23,45,252,768,850,417,157,116,527,164,106,46,144,37,138,44,160,71,848,46,0,1367,94,0,0,11,408,0,20,420,11,0,64,2,177,4048,2752,15,0,1867,0,0,109,89,20,116,64,23,35,62,11,0,0,195,0,178,23,81,288,780,850,417,159,116,532,164,108,46,144,37,156,44,178,71,848,64,0,1397,96,0,0,11,408,0,20,420,11,0,64,2,195,4120,2782,15,0,1897,1.208185,269.8666666666667,0.6798418972332015,4.202322134387352,11.8,22.870056497175142,274.6666666666667,0.675242718446602,4.222087378640777,13.0,21.128205128205128
4f944a5a4d7d6b6b135a9c10,benchmark://chstone-v0/aes,0,2,-loop-unroll,True,-1.425027,-20.177275,6b85802168ac0bee,2b28788ca4d8a87e,4048,4048,0.002380,0.002861,17011,17011,177,177,15,15,4048,4048,2752,2752,0,0,109,98,6,116,46,7,38,44,11,0,0,177,0,160,23,45,252,768,850,417,157,116,527,164,106,46,144,37,138,44,160,71,848,46,0,1367,94,0,0,11,408,0,20,420,11,0,64,2,177,4048,2752,15,0,1867,0,0,109,98,6,116,46,7,38,44,11,0,0,177,0,160,23,45,252,768,850,417,157,116,527,164,106,46,144,37,138,44,160,71,848,46,0,1367,94,0,0,11,408,0,20,420,11,0,64,2,177,4048,2752,15,0,1867,-1.425027,269.8666666666667,0.6798418972332015,4.202322134387352,11.8,22.870056497175142,269.8666666666667,0.6798418972332015,4.202322134387352,11.8,22.870056497175142
4f944a5a4d7d6b6b135a9c10,benchmark://chstone-v0/aes,0,3,-loop-vectorize,True,-1.103437,-15.052532,6b85802168ac0bee,2b28788ca4d8a87e,4048,4048,0.002380,0.002739,17011,17011,177,177,15,15,4048,4048,2752,2752,0,0,109,98,6,116,46,7,38,44,11,0,0,177,0,160,23,45,252,768,850,417,157,116,527,164,106,46,144,37,138,44,160,71,848,46,0,1367,94,0,0,11,408,0,20,420,11,0,64,2,177,4048,2752,15,0,1867,0,0,109,98,6,116,46,7,38,44,11,0,0,177,0,160,23,45,252,768,850,417,157,116,527,164,106,46,144,37,138,44,160,71,848,46,0,1367,94,0,0,11,408,0,20,420,11,0,64,2,177,4048,2752,15,0,1867,-1.103437,269.8666666666667,0.6798418972332015,4.202322134387352,11.8,22.870056497175142,269.8666666666667,0.6798418972332015,4.202322134387352,11.8,22.870056497175142
4f944a5a4d7d6b6b135a9c10,benchmark://chstone-v0/aes,0,4,-loop-deletion,True,1.212506,21.853544,6b85802168ac0bee,2b28788ca4d8a87e,4048,4048,0.002380,0.001860,17011,17011,177,177,15,15,4048,4048,2752,2752,0,0,109,98,6,116,46,7,38,44,11,0,0,177,0,160,23,45,252,768,850,417,157,116,527,164,106,46,144,37,138,44,160,71,848,46,0,1367,94,0,0,11,408,0,20,420,11,0,64,2,177,4048,2752,15,0,1867,0,0,109,98,6,116,46,7,38,44,11,0,0,177,0,160,23,45,252,768,850,417,157,116,527,164,106,46,144,37,138,44,160,71,848,46,0,1367,94,0,0,11,408,0,20,420,11,0,64,2,177,4048,2752,15,0,1867,1.212506,269.8666666666667,0.6798418972332015,4.202322134387352,11.8,22.870056497175142,269.8666666666667,0.6798418972332015,4.202322134387352,11.8,22.870056497175142
4f944a5a4d7d6b6b135a9c10,benchmark://chstone-v0/aes,0,5,-loop-unswitch,True,0.417039,9.177258,6b85802168ac0bee,2b28788ca4d8a87e,4048,4048,0.002380,0.002162,17011,17011,177,177,15,15,4048,4048,2752,2752,0,0,109,98,6,116,46,7,38,44,11,0,0,177,0,160,23,45,252,768,850,417,157,116,527,164,106,46,144,37,138,44,160,71,848,46,0,1367,94,0,0,11,408,0,20,420,11,0,64,2,177,4048,2752,15,0,1867,0,0,109,98,6,116,46,7,38,44,11,0,0,177,0,160,23,45,252,768,850,417,157,116,527,164,106,46,144,37,138,44,160,71,848,46,0,1367,94,0,0,11,408,0,20,420,11,0,64,2,177,4048,2752,15,0,1867,0.417039,269.8666666666667,0.6798418972332015,4.202322134387352,11.8,22.870056497175142,269.8666666666667,0.6798418972332015,4.202322134387352,11.8,22.870056497175142
4f944a5a4d7d6b6b135a9c10,benchmark://chstone-v0/aes,0,6,-loop-distribute,True,0.934478,17.422987,6b85802168ac0bee,2b28788ca4d8a87e,4048,4048,0.002380,0.001966,17011,17011,177,177,15,15,4048,4048,2752,2752,0,0,109,98,6,116,46,7,38,44,11,0,0,177,0,160,23,45,252,768,850,417,157,116,527,164,106,46,144,37,138,44,160,71,848,46,0,1367,94,0,0,11,408,0,20,420,11,0,64,2,177,4048,2752,15,0,1867,0,0,109,98,6,116,46,7,38,44,11,0,0,177,0,160,23,45,252,768,850,417,157,116,527,164,106,46,144,37,138,44,160,71,848,46,0,1367,94,0,0,11,408,0,20,420,11,0,64,2,177,4048,2752,15,0,1867,0.934478,269.8666666666667,0.6798418972332015,4.202322134387352,11.8,22.870056497175142,269.8666666666667,0.6798418972332015,4.202322134387352,11.8,22.870056497175142
4f944a5a4d7d6b6b135a9c10,benchmark://chstone-v0/aes,0,7,-indvars,True,-0.597160,-6.984673,6b85802168ac0bee,2b28788ca4d8a87e,4048,4048,0.002380,0.002547,17011,17011,177,177,15,15,4048,4048,2752,2752,0,0,109,98,6,116,46,7,38,44,11,0,0,177,0,160,23,45,252,768,850,417,157,116,527,164,106,46,144,37,138,44,160,71,848,46,0,1367,94,0,0,11,408,0,20,420,11,0,64,2,177,4048,2752,15,0,1867,0,0,109,98,6,116,46,7,38,44,11,0,0,177,0,160,23,45,252,768,850,417,157,116,527,164,106,46,144,37,138,44,160,71,848,46,0,1367,94,0,0,11,408,0,20,420,11,0,64,2,177,4048,2752,15,0,1867,-0.597160,269.8666666666667,0.6798418972332015,4.202322134387352,11.8,22.870056497175142,269.8666666666667,0.6798418972332015,4.202322134387352,11.8,22.870056497175142
07ff7d157f09874cb5a233fc,benchmark://chstone-v0/aes,1,0,-licm,True,1.490913,14.321465,e92bf42339110121,7a44b250b5ca285c,2575,2590,0.002287,0.001960,14779,15835,177,177,15,15,2575,2590,1510,1479,0,0,109,98,6,116,46,7,38,44,11,0,0,177,0,160,23,45,252,657,535,375,128,116,416,164,50,46,144,23,154,21,160,71,512,46,0,461,21,0,0,11,338,0,20,420,8,0,64,2,177,2575,1510,15,0,868,0,36,109,98,6,116,46,7,38,44,11,36,0,141,36,160,23,45,252,657,535,375,128,116,416,164,50,46,144,24,153,21,160,71,512,46,0,442,21,0,46,11,338,0,20,408,8,0,64,2,177,2590,1479,15,68,849,1.490913,171.66666666666666,0.5864077669902913,5.739417475728155,11.8,14.548022598870057,172.66666666666666,0.5710424710424711,6.113899613899614,11.8,14.63276836158192
07ff7d157f09874cb5a233fc,benchmark://chstone-v0/aes,1,1,-loop-rotate,True,1.413243,13.069701,e92bf42339110121,5050b2749ddc37fe,2575,2662,0.002287,0.001988,14779,15723,177,195,15,15,2575,2662,1510,1534,0,0,109,98,6,116,46,7,38,44,11,0,0,177,0,160,23,45,252,657,535,375,128,116,416,164,50,46,144,23,154,21,160,71,512,46,0,461,21,0,0,11,338,0,20,420,8,0,64,2,177,2575,1510,15,0,868,0,22,109,89,20,116,64,23,35,62,11,22,0,173,22,178,23,81,288,667,535,375,130,116,419,164,52,46,144,24,171,21,178,71,512,64,0,485,23,0,23,11,338,0,20,420,8,0,64,2,195,2662,1534,15,44,892,1.413243,171.66666666666666,0.5864077669902913,5.739417475728155,11.8,14.548022598870057,177.46666666666667,0.5762584522915102,5.906461307287754,13.0,13.65128205128205
07ff7d157f09874cb5a233fc,benchmark://chstone-v0/aes,1,2,-loop-unroll,True,-0.835390,-23.170055,e92bf42339110121,ad4d4a94a7d41c68,2575,2577,0.002287,0.002817,14779,14795,177,177,15,15,2575,2577,1510,1510,0,0,109,98,6,116,46,7,38,44,11,0,0,177,0,160,23,45,252,657,535,375,128,116,416,164,50,46,144,23,154,21,160,71,512,46,0,461,21,0,0,11,338,0,20,420,8,0,64,2,177,2575,1510,15,0,868,0,2,109,98,6,116,46,7,38,44,11,2,0,175,2,160,23,45,252,657,535,375,128,116,416,164,50,46,144,23,154,21,160,71,512,46,0,461,21,0,2,11,338,0,20,420,8,0,64,2,177,2577,1510,15,2,868,-0.835390,171.66666666666666,0.5864077669902913,5.739417475728155,11.8,14.548022598870057,171.8,0.5859526581296081,5.741171905316259,11.8,14.559322033898304
07ff7d157f09874cb5a233fc,benchmark://chstone-v0/aes,1,3,-loop-vectorize,True,-0.171965,-12.478063,e92bf42339110121,720c2441589f85d4,2575,2576,0.002287,0.002573,14779,14795,177,177,15,15,2575,2576,1510,1510,0,0,109,98,6,116,46,7,38,44,11,0,0,177,0,160,23,45,252,657,535,375,128,116,416,164,50,46,144,23,154,21,160,71,512,46,0,461,21,0,0,11,338,0,20,420,8,0,64,2,177,2575,1510,15,0,868,0,1,109,98,6,116,46,7,38,44,11,1,0,176,1,160,23,45,252,657,535,375,128,116,416,164,50,46,144,23,154,21,160,71,512,46,0,461,21,0,1,11,338,0,20,420,8,0,64,2,177,2576,1510,15,1,868,-0.171965,171.66666666666666,0.5864077669902913,5.739417475728155,11.8,14.548022598870057,171.73333333333332,0.5861801242236024,5.743400621118012,11.8,14.55367231638418
07ff7d157f09874cb5a233fc,benchmark://chstone-v0/aes,1,4,-loop-deletion,True,0.515088,-1.405272,e92bf42339110121,ad4d4a94a7d41c68,2575,2577,0.002287,0.002319,14779,14795,177,177,15,15,2575,2577,1510,1510,0,0,109,98,6,116,46,7,38,44,11,0,0,177,0,160,23,45,252,657,535,375,128,116,416,164,50,46,144,23,154,21,160,71,512,46,0,461,21,0,0,11,338,0,20,420,8,0,64,2,177,2575,1510,15,0,868,0,2,109,98,6,116,46,7,38,44,11,2,0,175,2,160,23,45,252,657,535,375,128,116,416,164,50,46,144,23,154,21,160,71,512,46,0,461,21,0,2,11,338,0,20,420,8,0,64,2,177,2577,1510,15,2,868,0.515088,171.66666666666666,0.5864077669902913,5.739417475728155,11.8,14.548022598870057,171.8,0.5859526581296081,5.741171905316259,11.8,14.559322033898304
07ff7d157f09874cb5a233fc,benchmark://chstone-v0/aes,1,5,-loop-unswitch,True,-1.553681,-34.746288,e92bf42339110121,dbdafc15f893f1b4,2575,2577,0.002287,0.003082,14779,14827,177,177,15,15,2575,2577,1510,1510,0,0,109,98,6,116,46,7,38,44,11,0,0,177,0,160,23,45,252,657,535,375,128,116,416,164,50,46,144,23,154,21,160,71,512,46,0,461,21,0,0,11,338,0,20,420,8,0,64,2,177,2575,1510,15,0,868,0,2,109,98,6,116,46,7,38,44,11,2,0,175,2,160,23,45,252,657,535,375,128,116,416,164,50,46,144,23,154,21,160,71,512,46,0,461,21,0,2,11,338,0,20,420,8,0,64,2,177,2577,1510,15,2,868,-1.553681,171.66666666666666,0.5864077669902913,5.739417475728155,11.8,14.548022598870057,171.8,0.5859526581296081,5.753589445091191,11.8,14.559322033898304
07ff7d157f09874cb5a233fc,benchmark://chstone-v0/aes,1,6,-loop-distribute,True,-0.379226,-15.818354,e92bf42339110121,e92bf42339110121,2575,2575,0.002287,0.002649,14779,14779,177,177,15,15,2575,2575,1510,1510,0,0,109,98,6,116,46,7,38,44,11,0,0,177,0,160,23,45,252,657,535,375,128,116,416,164,50,46,144,23,154,21,160,71,512,46,0,461,21,0,0,11,338,0,20,420,8,0,64,2,177,2575,1510,15,0,868,0,0,109,98,6,116,46,7,38,44,11,0,0,177,0,160,23,45,252,657,535,375,128,116,416,164,50,46,144,23,154,21,160,71,512,46,0,461,21,0,0,11,338,0,20,420,8,0,64,2,177,2575,1510,15,0,868,-0.379226,171.66666666666666,0.5864077669902913,5.739417475728155,11.8,14.548022598870057,171.66666666666666,0.5864077669902913,5.739417475728155,11.8,14.548022598870057
07ff7d157f09874cb5a233fc,benchmark://chstone-v0/aes,1,7,-indvars,True,-0.478983,-17.426078,e92bf42339110121,ad4d4a94a7d41c68,2575,2577,0.002287,0.002686,14779,14795,177,177,15,15,2575,2577,1510,1510,0,0,109,98,6,116,46,7,38,44,11,0,0,177,0,160,23,45,252,657,535,375,128,116,416,164,50,46,144,23,154,21,160,71,512,46,0,461,21,0,0,11,338,0,20,420,8,0,64,2,177,2575,1510,15,0,868,0,2,109,98,6,116,46,7,38,44,11,2,0,175,2,160,23,45,252,657,535,375,128,116,416,164,50,46,144,23,154,21,160,71,512,46,0,461,21,0,2,11,338,0,20,420,8,0,64,2,177,2577,1510,15,2,868,-0.478983,171.66666666666666,0.5864077669902913,5.739417475728155,11.8,14.548022598870057,171.8,0.5859526581296081,5.741171905316259,11.8,14.559322033898304
5782fe79fac7c3e48b23fc61,benchmark://chstone-v0/aes,2,0,-licm,True,-1.045979,14.217558,c4f4bd925c7edec5,0e3191a00b97acbe,2478,2504,0.003248,0.002786,15451,16507,160,160,15,15,2478,2504,1411,1388,2,42,92,81,6,99,46,7,38,44,11,44,0,116,44,143,23,44,235,696,531,390,122,99,400,164,47,46,144,22,138,21,143,71,508,46,0,366,12,0,46,11,331,0,16,420,5,0,64,2,160,2478,1411,15,121,766,7,55,92,81,6,99,46,7,38,44,11,61,1,98,62,143,23,44,235,696,531,390,122,99,400,164,47,46,144,20,140,21,143,71,508,46,0,385,12,0,95,11,331,0,16,378,5,0,64,2,160,2504,1388,15,194,785,-1.045979,165.2,0.569410815173527,6.235270379338176,10.666666666666666,15.4875,166.93333333333334,0.5543130990415336,6.592252396166134,10.666666666666666,15.65
5782fe79fac7c3e48b23fc61,benchmark://chstone-v0/aes,2,1,-loop-rotate,True,-0.361572,21.492308,c4f4bd925c7edec5,773441f2a5b6ae3f,2478,2499,0.003248,0.002550,15451,15563,160,164,15,15,2478,2499,1411,1413,2,42,92,81,6,99,46,7,38,44,11,44,0,116,44,143,23,44,235,696,531,390,122,99,400,164,47,46,144,22,138,21,143,71,508,46,0,366,12,0,46,11,331,0,16,420,5,0,64,2,160,2478,1411,15,121,766,2,44,85,78,5,92,57,8,45,55,11,46,0,118,46,147,23,73,250,709,531,398,125,92,402,164,48,46,144,25,139,21,147,71,508,57,0,368,13,0,48,11,331,0,16,420,5,0,64,2,164,2499,1413,15,124,768,-0.361572,165.2,0.569410815173527,6.235270379338176,10.666666666666666,15.4875,166.6,0.5654261704681873,6.227691076430572,10.933333333333334,15.237804878048781
5782fe79fac7c3e48b23fc61,benchmark://chstone-v0/aes,2,2,-loop-unroll,True,1.176629,37.842258,c4f4bd925c7edec5,21c48d3a380044df,2478,2578,0.003248,0.002019,15451,15763,160,172,15,15,2478,2578,1411,1477,2,42,92,81,6,99,46,7,38,44,11,44,0,116,44,143,23,44,235,696,531,390,122,99,400,164,47,46,144,22,138,21,143,71,508,46,0,366,12,0,46,11,331,0,16,420,5,0,64,2,160,2478,1411,15,121,766,2,42,107,90,9,108,43,7,35,44,11,44,0,128,44,152,27,44,244,710,559,410,125,108,405,164,47,46,144,21,151,21,152,75,530,43,0,382,16,0,46,11,344,0,16,444,9,0,68,2,172,2578,1477,15,118,795,1.176629,165.2,0.569410815173527,6.235270379338176,10.666666666666666,15.4875,171.86666666666667,0.5729247478665632,6.114429790535299,11.466666666666667,14.988372093023257
5782fe79fac7c3e48b23fc61,benchmark://chstone-v0/aes,2,3,-loop-vectorize,True,-0.571905,19.256628,c4f4bd925c7edec5,bd2a874b6d1680a6,2478,2479,0.003248,0.002622,15451,15467,160,160,15,15,2478,2479,1411,1411,2,42,92,81,6,99,46,7,38,44,11,44,0,116,44,143,23,44,235,696,531,390,122,99,400,164,47,46,144,22,138,21,143,71,508,46,0,366,12,0,46,11,331,0,16,420,5,0,64,2,160,2478,1411,15,121,766,2,43,92,81,6,99,46,7,38,44,11,45,0,115,45,143,23,44,235,696,531,390,122,99,400,164,47,46,144,22,138,21,143,71,508,46,0,366,12,0,47,11,331,0,16,420,5,0,64,2,160,2479,1411,15,122,766,-0.571905,165.2,0.569410815173527,6.235270379338176,10.666666666666666,15.4875,165.26666666666668,0.5691811214199274,6.239209358612344,10.666666666666666,15.49375
5782fe79fac7c3e48b23fc61,benchmark://chstone-v0/aes,2,4,-loop-deletion,True,-1.376173,10.707844,c4f4bd925c7edec5,bd2a874b6d1680a6,2478,2479,0.003248,0.002900,15451,15467,160,160,15,15,2478,2479,1411,1411,2,42,92,81,6,99,46,7,38,44,11,44,0,116,44,143,23,44,235,696,531,390,122,99,400,164,47,46,144,22,138,21,143,71,508,46,0,366,12,0,46,11,331,0,16,420,5,0,64,2,160,2478,1411,15,121,766,2,43,92,81,6,99,46,7,38,44,11,45,0,115,45,143,23,44,235,696,531,390,122,99,400,164,47,46,144,22,138,21,143,71,508,46,0,366,12,0,47,11,331,0,16,420,5,0,64,2,160,2479,1411,15,122,766,-1.376173,165.2,0.569410815173527,6.235270379338176,10.666666666666666,15.4875,165.26666666666668,0.5691811214199274,6.239209358612344,10.666666666666666,15.49375
5782fe79fac7c3e48b23fc61,benchmark://chstone-v0/aes,2,5,-loop-unswitch,True,1.199581,38.086226,c4f4bd925c7edec5,b3c490f233f784a4,2478,2479,0.003248,0.002011,15451,15515,160,160,15,15,2478,2479,1411,1411,2,42,92,81,6,99,46,7,38,44,11,44,0,116,44,143,23,44,235,696,531,390,122,99,400,164,47,46,144,22,138,21,143,71,508,46,0,366,12,0,46,11,331,0,16,420,5,0,64,2,160,2478,1411,15,121,766,2,43,92,81,6,99,46,7,38,44,11,45,0,115,45,143,23,44,235,696,531,390,122,99,400,164,47,46,144,22,138,21,143,71,508,46,0,366,12,0,47,11,331,0,16,420,5,0,64,2,160,2479,1411,15,122,766,1.199581,165.2,0.569410815173527,6.235270379338176,10.666666666666666,15.4875,165.26666666666668,0.5691811214199274,6.258572004840661,10.666666666666666,15.49375
5782fe79fac7c3e48b23fc61,benchmark://chstone-v0/aes,2,6,-loop-distribute,True,1.280654,38.947969,c4f4bd925c7edec5,c4f4bd925c7edec5,2478,2478,0.003248,0.001983,15451,15451,160,160,15,15,2478,2478,1411,1411,2,42,92,81,6,99,46,7,38,44,11,44,0,116,44,143,23,44,235,696,531,390,122,99,400,164,47,46,144,22,138,21,143,71,508,46,0,366,12,0,46,11,331,0,16,420,5,0,64,2,160,2478,1411,15,121,766,2,42,92,81,6,99,46,7,38,44,11,44,0,116,44,143,23,44,235,696,531,390,122,99,400,164,47,46,144,22,138,21,143,71,508,46,0,366,12,0,46,11,331,0,16,420,5,0,64,2,160,2478,1411,15,121,766,1.280654,165.2,0.569410815173527,6.235270379338176,10.666666666666666,15.4875,165.2,0.569410815173527,6.235270379338176,10.666666666666666,15.4875
5782fe79fac7c3e48b23fc61,benchmark://chstone-v0/aes,2,7,-indvars,True,-0.301234,22.133654,c4f4bd925c7edec5,70d5c66fa8f2175a,2478,2481,0.003248,0.002529,15451,16219,160,160,15,15,2478,2481,1411,1411,2,42,92,81,6,99,46,7,38,44,11,44,0,116,44,143,23,44,235,696,531,390,122,99,400,164,47,46,144,22,138,21,143,71,508,46,0,366,12,0,46,11,331,0,16,420,5,0,64,2,160,2478,1411,15,121,766,2,43,92,81,6,99,46,7,38,44,11,45,0,115,45,143,23,44,235,633,594,390,122,99,400,164,47,46,144,22,138,21,143,71,508,46,0,366,12,0,47,11,306,0,16,420,5,24,64,5,160,2481,1411,15,122,768,-0.301234,165.2,0.569410815173527,6.235270379338176,10.666666666666666,15.4875,165.4,0.5687222893994357,6.537283353486497,10.666666666666666,15.50625
d440a5cf4900a03819cd661f,benchmark://chstone-v0/blowfish,0,0,-licm,True,-0.447135,-20.600795,0defbc82134ff855,256904766dd6c79d,2134,2130,0.002433,0.002934,26845,29709,63,63,9,9,2134,2130,1360,1280,0,1,37,31,3,37,20,4,14,20,0,1,0,62,1,57,2,8,77,139,536,82,120,37,382,0,176,47,148,18,43,62,57,76,250,21,108,738,0,15,1,6,17,0,15,249,0,18,103,27,63,2134,1360,9,2,909,8,19,37,31,3,37,20,4,14,20,0,21,6,36,27,57,2,8,77,139,536,82,120,37,382,0,176,47,148,20,41,62,57,76,250,21,108,685,0,15,77,6,17,0,15,222,0,18,103,27,63,2130,1280,9,120,856,-0.447135,237.11111111111111,0.6373008434864105,12.579662605435802,7.0,33.87301587301587,236.66666666666666,0.6009389671361502,13.947887323943663,7.0,33.80952380952381
d440a5cf4900a03819cd661f,benchmark://chstone-v0/blowfish,0,1,-loop-rotate,True,-1.339124,-37.224060,0defbc82134ff855,b3a709cb488d9879,2134,2168,0.002433,0.003338,26845,27021,63,72,9,9,2134,2168,1360,1373,0,1,37,31,3,37,20,4,14,20,0,1,0,62,1,57,2,8,77,139,536,82,120,37,382,0,176,47,148,18,43,62,57,76,250,21,108,738,0,15,1,6,17,0,15,249,0,18,103,27,63,2134,1360,9,2,909,0,1,37,29,8,37,29,8,16,29,0,1,0,71,1,66,2,26,95,146,540,85,120,37,385,0,179,47,148,19,51,62,66,76,250,30,108,748,0,15,1,6,17,0,15,252,0,18,103,27,72,2168,1373,9,2,919,-1.339124,237.11111111111111,0.6373008434864105,12.579662605435802,7.0,33.87301587301587,240.88888888888889,0.6333025830258303,12.463560885608857,8.0,30.11111111111111
d440a5cf4900a03819cd661f,benchmark://chstone-v0/blowfish,0,2,-loop-unroll,True,1.648818,18.459737,0defbc82134ff855,8ac9aacb647dc416,2134,2134,0.002433,0.001984,26845,26845,63,63,9,9,2134,2134,1360,1360,0,1,37,31,3,37,20,4,14,20,0,1,0,62,1,57,2,8,77,139,536,82,120,37,382,0,176,47,148,18,43,62,57,76,250,21,108,738,0,15,1,6,17,0,15,249,0,18,103,27,63,2134,1360,9,2,909,0,1,37,31,3,37,20,4,14,20,0,1,0,62,1,57,2,8,77,139,536,82,120,37,382,0,176,47,148,18,43,62,57,76,250,21,108,738,0,15,1,6,17,0,15,249,0,18,103,27,63,2134,1360,9,2,909,1.648818,237.11111111111111,0.6373008434864105,12.579662605435802,7.0,33.87301587301587,237.11111111111111,0.6373008434864105,12.579662605435802,7.0,33.87301587301587
d440a5cf4900a03819cd661f,benchmark://chstone-v0/blowfish,0,3,-loop-vectorize,True,-1.033802,-31.534022,0defbc82134ff855,8ac9aacb647dc416,2134,2134,0.002433,0.003200,26845,26845,63,63,9,9,2134,2134,1360,1360,0,1,37,31,3,37,20,4,14,20,0,1,0,62,1,57,2,8,77,139,536,82,120,37,382,0,176,47,148,18,43,62,57,76,250,21,108,738,0,15,1,6,17,0,15,249,0,18,103,27,63,2134,1360,9,2,909,0,1,37,31,3,37,20,4,14,20,0,1,0,62,1,57,2,8,77,139,536,82,120,37,382,0,176,47,148,18,43,62,57,76,250,21,108,738,0,15,1,6,17,0,15,249,0,18,103,27,63,2134,1360,9,2,909,-1.033802,237.11111111111111,0.6373008434864105,12.579662605435802,7.0,33.87301587301587,237.11111111111111,0.6373008434864105,12.579662605435802,7.0,33.87301587301587
d440a5cf4900a03819cd661f,benchmark://chstone-v0/blowfish,0,4,-loop-deletion,True,1.194693,9.996577,0defbc82134ff855,8ac9aacb647dc416,2134,2134,0.002433,0.002189,26845,26845,63,63,9,9,2134,2134,1360,1360,0,1,37,31,3,37,20,4,14,20,0,1,0,62,1,57,2,8,77,139,536,82,120,37,382,0,176,47,148,18,43,62,57,76,250,21,108,738,0,15,1,6,17,0,15,249,0,18,103,27,63,2134,1360,9,2,909,0,1,37,31,3,37,20,4,14,20,0,1,0,62,1,57,2,8,77,139,536,82,120,37,382,0,176,47,148,18,43,62,57,76,250,21,108,738,0,15,1,6,17,0,15,249,0,18,103,27,63,2134,1360,9,2,909,1.194693,237.11111111111111,0.6373008434864105,12.579662605435802,7.0,33.87301587301587,237.11111111111111,0.6373008434864105,12.579662605435802,7.0,33.87301587301587
d440a5cf4900a03819cd661f,benchmark://chstone-v0/blowfish,0,5,-loop-unswitch,True,-0.375889,-19.273037,0defbc82134ff855,8ac9aacb647dc416,2134,2134,0.002433,0.002902,26845,26845,63,63,9,9,2134,2134,1360,1360,0,1,37,31,3,37,20,4,14,20,0,1,0,62,1,57,2,8,77,139,536,82,120,37,382,0,176,47,148,18,43,62,57,76,250,21,108,738,0,15,1,6,17,0,15,249,0,18,103,27,63,2134,1360,9,2,909,0,1,37,31,3,37,20,4,14,20,0,1,0,62,1,57,2,8,77,139,536,82,120,37,382,0,176,47,148,18,43,62,57,76,250,21,108,738,0,15,1,6,17,0,15,249,0,18,103,27,63,2134,1360,9,2,909,-0.375889,237.11111111111111,0.6373008434864105,12.579662605435802,7.0,33.87301587301587,237.11111111111111,0.6373008434864105,12.579662605435802,7.0,33.87301587301587
d440a5cf4900a03819cd661f,benchmark://chstone-v0/blowfish,0,6,-loop-distribute,True,0.718796,1.127686,0defbc82134ff855,8ac9aacb647dc416,2134,2134,0.002433,0.002405,26845,26845,63,63,9,9,2134,2134,1360,1360,0,1,37,31,3,37,20,4,14,20,0,1,0,62,1,57,2,8,77,139,536,82,120,37,382,0,176,47,148,18,43,62,57,76,250,21,108,738,0,15,1,6,17,0,15,249,0,18,103,27,63,2134,1360,9,2,909,0,1,37,31,3,37,20,4,14,20,0,1,0,62,1,57,2,8,77,139,536,82,120,37,382,0,176,47,148,18,43,62,57,76,250,21,108,738,0,15,1,6,17,0,15,249,0,18,103,27,63,2134,1360,9,2,909,0.718796,237.11111111111111,0.6373008434864105,12.579662605435802,7.0,33.87301587301587,237.11111111111111,0.6373008434864105,12.579662605435802,7.0,33.87301587301587
d440a5cf4900a03819cd661f,benchmark://chstone-v0/blowfish,0,7,-indvars,True,-0.366357,-19.095401,0defbc82134ff855,8ac9aacb647dc416,2134,2134,0.002433,0.002897,26845,26845,63,63,9,9,2134,2134,1360,1360,0,1,37,31,3,37,20,4,14,20,0,1,0,62,1,57,2,8,77,139,536,82,120,37,382,0,176,47,148,18,43,62,57,76,250,21,108,738,0,15,1,6,17,0,15,249,0,18,103,27,63,2134,1360,9,2,909,0,1,37,31,3,37,20,4,14,20,0,1,0,62,1,57,2,8,77,139,536,82,120,37,382,0,176,47,148,18,43,62,57,76,250,21,108,738,0,15,1,6,17,0,15,249,0,18,103,27,63,2134,1360,9,2,909,-0.366357,237.11111111111111,0.6373008434864105,12.579662605435802,7.0,33.87301587301587,237.11111111111111,0.6373008434864105,12.579662605435802,7.0,33.87301587301587
102f1f233d500b49ae96eab5,benchmark://chstone-v0/blowfish,1,0,-licm,True,0.041693,6.174807,879653d0a8ed7cc6,21f1517995634d2e,1578,1623,0.002318,0.002175,26471,28887,63,63,10,10,1578,1623,836,799,0,1,37,31,3,37,20,4,14,20,0,1,0,62,1,57,2,8,77,140,471,58,114,37,382,0,176,47,148,13,50,33,57,78,198,21,108,268,0,15,1,6,14,0,15,245,0,18,103,27,63,1578,836,10,2,407,10,17,37,31,3,37,20,4,14,20,0,21,6,36,27,57,2,8,77,140,471,58,114,37,382,0,176,47,148,15,48,33,57,78,198,21,108,260,0,15,83,6,14,0,15,216,0,18,103,27,63,1623,799,10,130,399,0.041693,157.8,0.5297845373891001,16.775031685678073,6.3,25.047619047619047,162.3,0.492298213185459,17.798521256931608,6.3,25.761904761904763
102f1f233d500b49ae96eab5,benchmark://chstone-v0/blowfish,1,1,-loop-rotate,True,0.824481,14.777228,879653d0a8ed7cc6,bd98bbfbd261311e,1578,1616,0.002318,0.001976,26471,26847,63,72,10,10,1578,1616,836,848,0,1,37,31,3,37,20,4,14,20,0,1,0,62,1,57,2,8,77,140,471,58,114,37,382,0,176,47,148,13,50,33,57,78,198,21,108,268,0,15,1,6,14,0,15,245,0,18,103,27,63,1578,836,10,2,407,0,6,37,29,8,37,29,8,16,29,0,6,0,66,6,66,2,26,95,147,475,61,114,37,385,0,179,47,148,13,59,33,66,78,198,30,108,277,0,15,6,6,14,0,15,248,0,18,103,27,72,1616,848,10,12,416,0.824481,157.8,0.5297845373891001,16.775031685678073,6.3,25.047619047619047,161.6,0.5247524752475248,16.613242574257427,7.2,22.444444444444443
102f1f233d500b49ae96eab5,benchmark://chstone-v0/blowfish,1,2,-loop-unroll,True,-0.277347,2.668728,879653d0a8ed7cc6,879653d0a8ed7cc6,1578,1578,0.002318,0.002256,26471,26471,63,63,10,10,1578,1578,836,836,0,1,37,31,3,37,20,4,14,20,0,1,0,62,1,57,2,8,77,140,471,58,114,37,382,0,176,47,148,13,50,33,57,78,198,21,108,268,0,15,1,6,14,0,15,245,0,18,103,27,63,1578,836,10,2,407,0,1,37,31,3,37,20,4,14,20,0,1,0,62,1,57,2,8,77,140,471,58,114,37,382,0,176,47,148,13,50,33,57,78,198,21,108,268,0,15,1,6,14,0,15,245,0,18,103,27,63,1578,836,10,2,407,-0.277347,157.8,0.5297845373891001,16.775031685678073,6.3,25.047619047619047,157.8,0.5297845373891001,16.775031685678073,6.3,25.047619047619047
102f1f233d500b49ae96eab5,benchmark://chstone-v0/blowfish,1,3,-loop-vectorize,True,0.244509,8.403648,879653d0a8ed7cc6,879653d0a8ed7cc6,1578,1578,0.002318,0.002123,26471,26471,63,63,10,10,1578,1578,836,836,0,1,37,31,3,37,20,4,14,20,0,1,0,62,1,57,2,8,77,140,471,58,114,37,382,0,176,47,148,13,50,33,57,78,198,21,108,268,0,15,1,6,14,0,15,245,0,18,103,27,63,1578,836,10,2,407,0,1,37,31,3,37,20,4,14,20,0,1,0,62,1,57,2,8,77,140,471,58,114,37,382,0,176,47,148,13,50,33,57,78,198,21,108,268,0,15,1,6,14,0,15,245,0,18,103,27,63,1578,836,10,2,407,0.244509,157.8,0.5297845373891001,16.775031685678073,6.3,25.047619047619047,157.8,0.5297845373891001,16.775031685678073,6.3,25.047619047619047
102f1f233d500b49ae96eab5,benchmark://chstone-v0/blowfish,1,4,-loop-deletion,True,-2.480606,-21.543935,879653d0a8ed7cc6,879653d0a8ed7cc6,1578,1578,0.002318,0.002818,26471,26471,63,63,10,10,1578,1578,836,836,0,1,37,31,3,37,20,4,14,20,0,1,0,62,1,57,2,8,77,140,471,58,114,37,382,0,176,47,148,13,50,33,57,78,198,21,108,268,0,15,1,6,14,0,15,245,0,18,103,27,63,1578,836,10,2,407,0,1,37,31,3,37,20,4,14,20,0,1,0,62,1,57,2,8,77,140,471,58,114,37,382,0,176,47,148,13,50,33,57,78,198,21,108,268,0,15,1,6,14,0,15,245,0,18,103,27,63,1578,836,10,2,407,-2.480606,157.8,0.5297845373891001,16.775031685678073,6.3,25.047619047619047,157.8,0.5297845373891001,16.775031685678073,6.3,25.047619047619047
102f1f233d500b49ae96eab5,benchmark://chstone-v0/blowfish,1,5,-loop-unswitch,True,0.834599,14.888425,879653d0a8ed7cc6,879653d0a8ed7cc6,1578,1578,0.002318,0.001973,26471,26471,63,63,10,10,1578,1578,836,836,0,1,37,31,3,37,20,4,14,20,0,1,0,62,1,57,2,8,77,140,471,58,114,37,382,0,176,47,148,13,50,33,57,78,198,21,108,268,0,15,1,6,14,0,15,245,0,18,103,27,63,1578,836,10,2,407,0,1,37,31,3,37,20,4,14,20,0,1,0,62,1,57,2,8,77,140,471,58,114,37,382,0,176,47,148,13,50,33,57,78,198,21,108,268,0,15,1,6,14,0,15,245,0,18,103,27,63,1578,836,10,2,407,0.834599,157.8,0.5297845373891001,16.775031685678073,6.3,25.047619047619047,157.8,0.5297845373891001,16.775031685678073,6.3,25.047619047619047
102f1f233d500b49ae96eab5,benchmark://chstone-v0/blowfish,1,6,-loop-distribute,True,0.434677,10.493493,879653d0a8ed7cc6,879653d0a8ed7cc6,1578,1578,0.002318,0.002075,26471,26471,63,63,10,10,1578,1578,836,836,0,1,37,31,3,37,20,4,14,20,0,1,0,62,1,57,2,8,77,140,471,58,114,37,382,0,176,47,148,13,50,33,57,78,198,21,108,268,0,15,1,6,14,0,15,245,0,18,103,27,63,1578,836,10,2,407,0,1,37,31,3,37,20,4,14,20,0,1,0,62,1,57,2,8,77,140,471,58,114,37,382,0,176,47,148,13,50,33,57,78,198,21,108,268,0,15,1,6,14,0,15,245,0,18,103,27,63,1578,836,10,2,407,0.434677,157.8,0.5297845373891001,16.775031685678073,6.3,25.047619047619047,157.8,0.5297845373891001,16.775031685678073,6.3,25.047619047619047
102f1f233d500b49ae96eab5,benchmark://chstone-v0/blowfish,1,7,-indvars,True,0.377994,9.870581,879653d0a8ed7cc6,879653d0a8ed7cc6,1578,1578,0.002318,0.002089,26471,26471,63,63,10,10,1578,1578,836,836,0,1,37,31,3,37,20,4,14,20,0,1,0,62,1,57,2,8,77,140,471,58,114,37,382,0,176,47,148,13,50,33,57,78,198,21,108,268,0,15,1,6,14,0,15,245,0,18,103,27,63,1578,836,10,2,407,0,1,37,31,3,37,20,4,14,20,0,1,0,62,1,57,2,8,77,140,471,58,114,37,382,0,176,47,148,13,50,33,57,78,198,21,108,268,0,15,1,6,14,0,15,245,0,18,103,27,63,1578,836,10,2,407,0.377994,157.8,0.5297845373891001,16.775031685678073,6.3,25.047619047619047,157.8,0.5297845373891001,16.775031685678073,6.3,25.047619047619047
dba1853e400456f11ce957b0,benchmark://chstone-v0/blowfish,2,0,-licm,True,0.889130,0.702181,f461f12b154311b8,5e34ba5c413d0356,1243,1252,0.002121,0.002106,25764,25932,50,56,10,10,1243,1252,462,460,9,16,25,19,3,25,19,4,13,19,0,15,10,25,25,44,2,13,63,96,412,55,60,25,382,0,176,7,148,8,42,9,44,26,188,21,108,204,0,15,76,6,14,1,15,37,0,18,103,27,50,1243,462,10,136,279,9,19,31,25,3,31,19,4,13,19,0,18,10,28,28,50,2,7,69,94,412,55,58,31,382,0,176,7,148,8,48,9,50,26,186,21,108,204,0,15,81,6,14,1,15,37,0,18,103,27,56,1252,460,10,140,279,0.889130,124.3,0.37168141592920356,20.727272727272727,5.0,24.86,125.2,0.36741214057507987,20.712460063897762,5.6,22.357142857142858
dba1853e400456f11ce957b0,benchmark://chstone-v0/blowfish,2,1,-loop-rotate,True,0.625826,-4.943373,f461f12b154311b8,15a6c93324eb4199,1243,1268,0.002121,0.002226,25764,25972,50,56,10,10,1243,1268,462,462,9,16,25,19,3,25,19,4,13,19,0,15,10,25,25,44,2,13,63,96,412,55,60,25,382,0,176,7,148,8,42,9,44,26,188,21,108,204,0,15,76,6,14,1,15,37,0,18,103,27,50,1243,462,10,136,279,11,22,26,22,2,26,24,3,18,24,0,23,10,23,33,50,2,22,74,99,416,59,61,26,385,0,179,7,148,9,47,9,50,26,188,26,108,204,0,15,86,6,14,2,15,37,0,18,103,27,56,1268,462,10,149,279,0.625826,124.3,0.37168141592920356,20.727272727272727,5.0,24.86,126.8,0.3643533123028391,20.482649842271293,5.6,22.642857142857142
dba1853e400456f11ce957b0,benchmark://chstone-v0/blowfish,2,2,-loop-unroll,True,-1.747133,-55.822395,f461f12b154311b8,7879631ae2caa346,1243,1335,0.002121,0.003305,25764,26388,50,73,10,10,1243,1335,462,537,9,16,25,19,3,25,19,4,13,19,0,15,10,25,25,44,2,13,63,96,412,55,60,25,382,0,176,7,148,8,42,9,44,26,188,21,108,204,0,15,76,6,14,1,15,37,0,18,103,27,50,1243,462,10,136,279,9,17,50,40,5,46,17,4,11,19,0,15,11,47,26,65,2,7,84,98,446,87,69,46,379,0,173,7,148,8,65,9,65,35,202,19,108,222,0,15,78,6,11,1,15,71,0,18,103,27,73,1335,537,10,133,294,-1.747133,124.3,0.37168141592920356,20.727272727272727,5.0,24.86,133.5,0.40224719101123596,19.76629213483146,7.3,18.28767123287671
dba1853e400456f11ce957b0,benchmark://chstone-v0/blowfish,2,3,-loop-vectorize,True,-0.791623,-35.335128,f461f12b154311b8,aab6e4d91cf6e649,1243,1255,0.002121,0.002870,25764,25932,50,56,10,10,1243,1255,462,462,9,16,25,19,3,25,19,4,13,19,0,15,10,25,25,44,2,13,63,96,412,55,60,25,382,0,176,7,148,8,42,9,44,26,188,21,108,204,0,15,76,6,14,1,15,37,0,18,103,27,50,1243,462,10,136,279,9,19,31,25,3,31,19,4,13,19,0,17,11,28,28,50,2,7,69,96,412,55,60,31,382,0,176,7,148,8,48,9,50,26,188,21,108,204,0,15,82,6,14,1,15,37,0,18,103,27,56,1255,462,10,141,279,-0.791623,124.3,0.37168141592920356,20.727272727272727,5.0,24.86,125.5,0.36812749003984063,20.662948207171315,5.6,22.410714285714285
dba1853e400456f11ce957b0,benchmark://chstone-v0/blowfish,2,4,-loop-deletion,True,0.857503,0.024065,f461f12b154311b8,f9e6265fc1903b60,1243,1255,0.002121,0.002120,25764,25932,50,56,10,10,1243,1255,462,462,9,16,25,19,3,25,19,4,13,19,0,15,10,25,25,44,2,13,63,96,412,55,60,25,382,0,176,7,148,8,42,9,44,26,188,21,108,204,0,15,76,6,14,1,15,37,0,18,103,27,50,1243,462,10,136,279,9,19,31,25,3,31,19,4,13,19,0,17,11,28,28,50,2,7,69,96,412,55,60,31,382,0,176,7,148,8,48,9,50,26,188,21,108,204,0,15,82,6,14,1,15,37,0,18,103,27,56,1255,462,10,141,279,0.857503,124.3,0.37168141592920356,20.727272727272727,5.0,24.86,125.5,0.36812749003984063,20.662948207171315,5.6,22.410714285714285
dba1853e400456f11ce957b0,benchmark://chstone-v0/blowfish,2,5,-loop-unswitch,True,1.282706,9.140915,f461f12b154311b8,f9e6265fc1903b60,1243,1255,0.002121,0.001927,25764,25932,50,56,10,10,1243,1255,462,462,9,16,25,19,3,25,19,4,13,19,0,15,10,25,25,44,2,13,63,96,412,55,60,25,382,0,176,7,148,8,42,9,44,26,188,21,108,204,0,15,76,6,14,1,15,37,0,18,103,27,50,1243,462,10,136,279,9,19,31,25,3,31,19,4,13,19,0,17,11,28,28,50,2,7,69,96,412,55,60,31,382,0,176,7,148,8,48,9,50,26,188,21,108,204,0,15,82,6,14,1,15,37,0,18,103,27,56,1255,462,10,141,279,1.282706,124.3,0.37168141592920356,20.727272727272727,5.0,24.86,125.5,0.36812749003984063,20.662948207171315,5.6,22.410714285714285
dba1853e400456f11ce957b0,benchmark://chstone-v0/blowfish,2,6,-loop-distribute,True,-0.298570,-24.763502,f461f12b154311b8,f461f12b154311b8,1243,1243,0.002121,0.002646,25764,25764,50,50,10,10,1243,1243,462,462,9,16,25,19,3,25,19,4,13,19,0,15,10,25,25,44,2,13,63,96,412,55,60,25,382,0,176,7,148,8,42,9,44,26,188,21,108,204,0,15,76,6,14,1,15,37,0,18,103,27,50,1243,462,10,136,279,9,16,25,19,3,25,19,4,13,19,0,15,10,25,25,44,2,13,63,96,412,55,60,25,382,0,176,7,148,8,42,9,44,26,188,21,108,204,0,15,76,6,14,1,15,37,0,18,103,27,50,1243,462,10,136,279,-0.298570,124.3,0.37168141592920356,20.727272727272727,5.0,24.86,124.3,0.37168141592920356,20.727272727272727,5.0,24.86
dba1853e400456f11ce957b0,benchmark://chstone-v0/blowfish,2,7,-indvars,True,-0.817838,-35.897224,f461f12b154311b8,fd1fde430012c89c,1243,1252,0.002121,0.002882,25764,26212,50,56,10,10,1243,1252,462,462,9,16,25,19,3,25,19,4,13,19,0,15,10,25,25,44,2,13,63,96,412,55,60,25,382,0,176,7,148,8,42,9,44,26,188,21,108,204,0,15,76,6,14,1,15,37,0,18,103,27,50,1243,462,10,136,279,8,20,31,25,3,31,19,4,13,19,0,18,10,28,28,50,2,7,69,78,434,55,62,31,386,0,180,7,148,8,48,9,50,26,188,21,108,204,0,15,77,6,7,1,15,37,0,23,103,27,56,1252,462,10,133,277,-0.817838,124.3,0.37168141592920356,20.727272727272727,5.0,24.86,125.2,0.36900958466453676,20.936102236421725,5.6,22.357142857142858
8ffd464c35fffa55bcb09930,benchmark://chstone-v0/dfadd,0,0,-licm,True,0.467073,3.537490,a9d37477c6ada4cd,0cfb072179d294a9,991,992,0.002329,0.002246,6398,6606,143,143,21,21,991,992,596,589,0,4,87,53,33,74,35,19,9,51,3,4,0,139,4,125,36,19,176,185,127,64,109,74,55,0,23,75,9,13,130,72,125,116,7,60,8,238,0,15,4,18,14,0,12,160,11,6,4,14,143,991,596,21,8,419,1,5,87,53,33,74,35,19,9,51,3,4,2,137,6,125,36,19,176,185,127,64,109,74,55,0,23,75,9,14,129,72,125,116,7,60,8,231,0,15,12,18,14,0,12,160,11,6,4,14,143,992,589,21,20,412,0.467073,47.19047619047619,0.6014127144298688,6.456104944500504,6.809523809523809,6.93006993006993,47.23809523809524,0.59375,6.659274193548387,6.809523809523809,6.937062937062937
8ffd464c35fffa55bcb09930,benchmark://chstone-v0/dfadd,0,1,-loop-rotate,True,-0.963543,-26.896938,a9d37477c6ada4cd,8b2209cc152b35e1,991,994,0.002329,0.002955,6398,6414,143,144,21,21,991,994,596,597,0,4,87,53,33,74,35,19,9,51,3,4,0,139,4,125,36,19,176,185,127,64,109,74,55,0,23,75,9,13,130,72,125,116,7,60,8,238,0,15,4,18,14,0,12,160,11,6,4,14,143,991,596,21,8,419,0,4,87,53,34,74,36,20,8,52,3,4,0,140,4,126,36,21,178,186,127,64,109,74,55,0,23,75,9,13,131,72,126,116,7,61,8,239,0,15,4,18,14,0,12,160,11,6,4,14,144,994,597,21,8,420,-0.963543,47.19047619047619,0.6014127144298688,6.456104944500504,6.809523809523809,6.93006993006993,47.333333333333336,0.6006036217303823,6.45271629778672,6.857142857142857,6.902777777777778
8ffd464c35fffa55bcb09930,benchmark://chstone-v0/dfadd,0,2,-loop-unroll,True,0.761568,9.802482,a9d37477c6ada4cd,91381bfae0af315e,991,991,0.002329,0.002101,6398,6398,143,143,21,21,991,991,596,596,0,4,87,53,33,74,35,19,9,51,3,4,0,139,4,125,36,19,176,185,127,64,109,74,55,0,23,75,9,13,130,72,125,116,7,60,8,238,0,15,4,18,14,0,12,160,11,6,4,14,143,991,596,21,8,419,0,4,87,53,33,74,35,19,9,51,3,4,0,139,4,125,36,19,176,185,127,64,109,74,55,0,23,75,9,13,130,72,125,116,7,60,8,238,0,15,4,18,14,0,12,160,11,6,4,14,143,991,596,21,8,419,0.761568,47.19047619047619,0.6014127144298688,6.456104944500504,6.809523809523809,6.93006993006993,47.19047619047619,0.6014127144298688,6.456104944500504,6.809523809523809,6.93006993006993
8ffd464c35fffa55bcb09930,benchmark://chstone-v0/dfadd,0,3,-loop-vectorize,True,-1.140107,-30.653102,a9d37477c6ada4cd,91381bfae0af315e,991,991,0.002329,0.003043,6398,6398,143,143,21,21,991,991,596,596,0,4,87,53,33,74,35,19,9,51,3,4,0,139,4,125,36,19,176,185,127,64,109,74,55,0,23,75,9,13,130,72,125,116,7,60,8,238,0,15,4,18,14,0,12,160,11,6,4,14,143,991,596,21,8,419,0,4,87,53,33,74,35,19,9,51,3,4,0,139,4,125,36,19,176,185,127,64,109,74,55,0,23,75,9,13,130,72,125,116,7,60,8,238,0,15,4,18,14,0,12,160,11,6,4,14,143,991,596,21,8,419,-1.140107,47.19047619047619,0.6014127144298688,6.456104944500504,6.809523809523809,6.93006993006993,47.19047619047619,0.6014127144298688,6.456104944500504,6.809523809523809,6.93006993006993
8ffd464c35fffa55bcb09930,benchmark://chstone-v0/dfadd,0,4,-loop-deletion,True,0.537718,5.040371,a9d37477c6ada4cd,91381bfae0af315e,991,991,0.002329,0.002211,6398,6398,143,143,21,21,991,991,596,596,0,4,87,53,33,74,35,19,9,51,3,4,0,139,4,125,36,19,176,185,127,64,109,74,55,0,23,75,9,13,130,72,125,116,7,60,8,238,0,15,4,18,14,0,12,160,11,6,4,14,143,991,596,21,8,419,0,4,87,53,33,74,35,19,9,51,3,4,0,139,4,125,36,19,176,185,127,64,109,74,55,0,23,75,9,13,130,72,125,116,7,60,8,238,0,15,4,18,14,0,12,160,11,6,4,14,143,991,596,21,8,419,0.537718,47.19047619047619,0.6014127144298688,6.456104944500504,6.809523809523809,6.93006993006993,47.19047619047619,0.6014127144298688,6.456104944500504,6.809523809523809,6.93006993006993
8ffd464c35fffa55bcb09930,benchmark://chstone-v0/dfadd,0,5,-loop-unswitch,True,0.822314,11.094768,a9d37477c6ada4cd,91381bfae0af315e,991,991,0.002329,0.002070,6398,6398,143,143,21,21,991,991,596,596,0,4,87,53,33,74,35,19,9,51,3,4,0,139,4,125,36,19,176,185,127,64,109,74,55,0,23,75,9,13,130,72,125,116,7,60,8,238,0,15,4,18,14,0,12,160,11,6,4,14,143,991,596,21,8,419,0,4,87,53,33,74,35,19,9,51,3,4,0,139,4,125,36,19,176,185,127,64,109,74,55,0,23,75,9,13,130,72,125,116,7,60,8,238,0,15,4,18,14,0,12,160,11,6,4,14,143,991,596,21,8,419,0.822314,47.19047619047619,0.6014127144298688,6.456104944500504,6.809523809523809,6.93006993006993,47.19047619047619,0.6014127144298688,6.456104944500504,6.809523809523809,6.93006993006993
8ffd464c35fffa55bcb09930,benchmark://chstone-v0/dfadd,0,6,-loop-distribute,True,1.152234,18.113360,a9d37477c6ada4cd,91381bfae0af315e,991,991,0.002329,0.001907,6398,6398,143,143,21,21,991,991,596,596,0,4,87,53,33,74,35,19,9,51,3,4,0,139,4,125,36,19,176,185,127,64,109,74,55,0,23,75,9,13,130,72,125,116,7,60,8,238,0,15,4,18,14,0,12,160,11,6,4,14,143,991,596,21,8,419,0,4,87,53,33,74,35,19,9,51,3,4,0,139,4,125,36,19,176,185,127,64,109,74,55,0,23,75,9,13,130,72,125,116,7,60,8,238,0,15,4,18,14,0,12,160,11,6,4,14,143,991,596,21,8,419,1.152234,47.19047619047619,0.6014127144298688,6.456104944500504,6.809523809523809,6.93006993006993,47.19047619047619,0.6014127144298688,6.456104944500504,6.809523809523809,6.93006993006993
8ffd464c35fffa55bcb09930,benchmark://chstone-v0/dfadd,0,7,-indvars,True,-1.637258,-41.229339,a9d37477c6ada4cd,91381bfae0af315e,991,991,0.002329,0.003289,6398,6398,143,143,21,21,991,991,596,596,0,4,87,53,33,74,35,19,9,51,3,4,0,139,4,125,36,19,176,185,127,64,109,74,55,0,23,75,9,13,130,72,125,116,7,60,8,238,0,15,4,18,14,0,12,160,11,6,4,14,143,991,596,21,8,419,0,4,87,53,33,74,35,19,9,51,3,4,0,139,4,125,36,19,176,185,127,64,109,74,55,0,23,75,9,13,130,72,125,116,7,60,8,238,0,15,4,18,14,0,12,160,11,6,4,14,143,991,596,21,8,419,-1.637258,47.19047619047619,0.6014127144298688,6.456104944500504,6.809523809523809,6.93006993006993,47.19047619047619,0.6014127144298688,6.456104944500504,6.809523809523809,6.93006993006993
2b23be5dd538173340763e40,benchmark://chstone-v0/dfadd,1,0,-licm,True,-0.023464,7.405786,5a0b70a5b9871a35,c6c41fe0eb111385,763,773,0.002506,0.002320,7283,7491,143,143,21,21,763,773,414,416,0,4,87,53,33,74,35,19,9,51,3,4,0,139,4,125,36,19,176,182,124,59,109,74,52,0,19,75,9,9,134,37,125,116,4,58,8,59,0,15,4,18,9,0,12,160,11,6,4,14,143,763,414,21,8,200,1,5,87,53,33,74,35,19,9,51,3,4,2,137,6,125,36,19,176,182,124,59,109,74,52,0,19,75,9,10,133,37,125,116,4,58,8,61,0,15,12,18,9,0,12,160,11,6,4,14,143,773,416,21,20,202,-0.023464,36.333333333333336,0.5425950196592398,9.54521625163827,6.809523809523809,5.335664335664336,36.80952380952381,0.538163001293661,9.690815006468306,6.809523809523809,5.405594405594406
2b23be5dd538173340763e40,benchmark://chstone-v0/dfadd,1,1,-loop-rotate,True,1.038432,29.048756,5a0b70a5b9871a35,b540cfa0fe5e5e4c,763,767,0.002506,0.001778,7283,7315,143,144,21,21,763,767,414,415,0,4,87,53,33,74,35,19,9,51,3,4,0,139,4,125,36,19,176,182,124,59,109,74,52,0,19,75,9,9,134,37,125,116,4,58,8,59,0,15,4,18,9,0,12,160,11,6,4,14,143,763,414,21,8,200,0,5,87,53,34,74,36,20,8,52,3,5,0,139,5,126,36,21,178,183,124,59,109,74,52,0,19,75,9,9,135,37,126,116,4,59,8,60,0,15,5,18,9,0,12,160,11,6,4,14,144,767,415,21,10,201,1.038432,36.333333333333336,0.5425950196592398,9.54521625163827,6.809523809523809,5.335664335664336,36.523809523809526,0.5410691003911343,9.53715775749674,6.857142857142857,5.326388888888889
2b23be5dd538173340763e40,benchmark://chstone-v0/dfadd,1,2,-loop-unroll,True,-1.302843,-18.669788,5a0b70a5b9871a35,5a0b70a5b9871a35,763,763,0.002506,0.002974,7283,7283,143,143,21,21,763,763,414,414,0,4,87,53,33,74,35,19,9,51,3,4,0,139,4,125,36,19,176,182,124,59,109,74,52,0,19,75,9,9,134,37,125,116,4,58,8,59,0,15,4,18,9,0,12,160,11,6,4,14,143,763,414,21,8,200,0,4,87,53,33,74,35,19,9,51,3,4,0,139,4,125,36,19,176,182,124,59,109,74,52,0,19,75,9,9,134,37,125,116,4,58,8,59,0,15,4,18,9,0,12,160,11,6,4,14,143,763,414,21,8,200,-1.302843,36.333333333333336,0.5425950196592398,9.54521625163827,6.809523809523809,5.335664335664336,36.333333333333336,0.5425950196592398,9.54521625163827,6.809523809523809,5.335664335664336
2b23be5dd538173340763e40,benchmark://chstone-v0/dfadd,1,3,-loop-vectorize,True,1.067956,29.650499,5a0b70a5b9871a35,5a0b70a5b9871a35,763,763,0.002506,0.001763,7283,7283,143,143,21,21,763,763,414,414,0,4,87,53,33,74,35,19,9,51,3,4,0,139,4,125,36,19,176,182,124,59,109,74,52,0,19,75,9,9,134,37,125,116,4,58,8,59,0,15,4,18,9,0,12,160,11,6,4,14,143,763,414,21,8,200,0,4,87,53,33,74,35,19,9,51,3,4,0,139,4,125,36,19,176,182,124,59,109,74,52,0,19,75,9,9,134,37,125,116,4,58,8,59,0,15,4,18,9,0,12,160,11,6,4,14,143,763,414,21,8,200,1.067956,36.333333333333336,0.5425950196592398,9.54521625163827,6.809523809523809,5.335664335664336,36.333333333333336,0.5425950196592398,9.54521625163827,6.809523809523809,5.335664335664336
2b23be5dd538173340763e40,benchmark://chstone-v0/dfadd,1,4,-loop-deletion,True,-1.836869,-29.554012,5a0b70a5b9871a35,5a0b70a5b9871a35,763,763,0.002506,0.003246,7283,7283,143,143,21,21,763,763,414,414,0,4,87,53,33,74,35,19,9,51,3,4,0,139,4,125,36,19,176,182,124,59,109,74,52,0,19,75,9,9,134,37,125,116,4,58,8,59,0,15,4,18,9,0,12,160,11,6,4,14,143,763,414,21,8,200,0,4,87,53,33,74,35,19,9,51,3,4,0,139,4,125,36,19,176,182,124,59,109,74,52,0,19,75,9,9,134,37,125,116,4,58,8,59,0,15,4,18,9,0,12,160,11,6,4,14,143,763,414,21,8,200,-1.836869,36.333333333333336,0.5425950196592398,9.54521625163827,6.809523809523809,5.335664335664336,36.333333333333336,0.5425950196592398,9.54521625163827,6.809523809523809,5.335664335664336
2b23be5dd538173340763e40,benchmark://chstone-v0/dfadd,1,5,-loop-unswitch,True,0.769995,23.577616,5a0b70a5b9871a35,5a0b70a5b9871a35,763,763,0.002506,0.001915,7283,7283,143,143,21,21,763,763,414,414,0,4,87,53,33,74,35,19,9,51,3,4,0,139,4,125,36,19,176,182,124,59,109,74,52,0,19,75,9,9,134,37,125,116,4,58,8,59,0,15,4,18,9,0,12,160,11,6,4,14,143,763,414,21,8,200,0,4,87,53,33,74,35,19,9,51,3,4,0,139,4,125,36,19,176,182,124,59,109,74,52,0,19,75,9,9,134,37,125,116,4,58,8,59,0,15,4,18,9,0,12,160,11,6,4,14,143,763,414,21,8,200,0.769995,36.333333333333336,0.5425950196592398,9.54521625163827,6.809523809523809,5.335664335664336,36.333333333333336,0.5425950196592398,9.54521625163827,6.809523809523809,5.335664335664336
2b23be5dd538173340763e40,benchmark://chstone-v0/dfadd,1,6,-loop-distribute,True,-0.050344,6.857936,5a0b70a5b9871a35,5a0b70a5b9871a35,763,763,0.002506,0.002334,7283,7283,143,143,21,21,763,763,414,414,0,4,87,53,33,74,35,19,9,51,3,4,0,139,4,125,36,19,176,182,124,59,109,74,52,0,19,75,9,9,134,37,125,116,4,58,8,59,0,15,4,18,9,0,12,160,11,6,4,14,143,763,414,21,8,200,0,4,87,53,33,74,35,19,9,51,3,4,0,139,4,125,36,19,176,182,124,59,109,74,52,0,19,75,9,9,134,37,125,116,4,58,8,59,0,15,4,18,9,0,12,160,11,6,4,14,143,763,414,21,8,200,-0.050344,36.333333333333336,0.5425950196592398,9.54521625163827,6.809523809523809,5.335664335664336,36.333333333333336,0.5425950196592398,9.54521625163827,6.809523809523809,5.335664335664336
2b23be5dd538173340763e40,benchmark://chstone-v0/dfadd,1,7,-indvars,True,0.337138,14.755374,5a0b70a5b9871a35,5a0b70a5b9871a35,763,763,0.002506,0.002136,7283,7283,143,143,21,21,763,763,414,414,0,4,87,53,33,74,35,19,9,51,3,4,0,139,4,125,36,19,176,182,124,59,109,74,52,0,19,75,9,9,134,37,125,116,4,58,8,59,0,15,4,18,9,0,12,160,11,6,4,14,143,763,414,21,8,200,0,4,87,53,33,74,35,19,9,51,3,4,0,139,4,125,36,19,176,182,124,59,109,74,52,0,19,75,9,9,134,37,125,116,4,58,8,59,0,15,4,18,9,0,12,160,11,6,4,14,143,763,414,21,8,200,0.337138,36.333333333333336,0.5425950196592398,9.54521625163827,6.809523809523809,5.335664335664336,36.333333333333336,0.5425950196592398,9.54521625163827,6.809523809523809,5.335664335664336
4ac470292417feffab12e62d,benchmark://chstone-v0/dfadd,2,0,-licm,True,0.379671,-12.053834,e77530fd7fab6932,e77530fd7fab6932,778,778,0.001969,0.002207,8610,8610,140,140,21,21,778,778,375,375,6,28,84,50,33,71,35,19,9,51,3,32,2,106,34,122,36,18,173,198,125,68,111,71,52,0,19,75,9,10,130,37,122,116,4,58,8,20,2,15,61,18,9,0,10,160,11,6,4,14,140,778,375,21,129,161,6,28,84,50,33,71,35,19,9,51,3,32,2,106,34,122,36,18,173,198,125,68,111,71,52,0,19,75,9,10,130,37,122,116,4,58,8,20,2,15,61,18,9,0,10,160,11,6,4,14,140,778,375,21,129,161,0.379671,37.04761904761905,0.4820051413881748,11.066838046272494,6.666666666666667,5.557142857142857,37.04761904761905,0.4820051413881748,11.066838046272494,6.666666666666667,5.557142857142857
4ac470292417feffab12e62d,benchmark://chstone-v0/dfadd,2,1,-loop-rotate,True,0.611802,-7.872542,e77530fd7fab6932,fcbbd6263343a3ec,778,773,0.001969,0.002124,8610,8498,140,139,21,21,778,773,375,375,6,28,84,50,33,71,35,19,9,51,3,32,2,106,34,122,36,18,173,198,125,68,111,71,52,0,19,75,9,10,130,37,122,116,4,58,8,20,2,15,61,18,9,0,10,160,11,6,4,14,140,778,375,21,129,161,5,29,83,49,33,70,35,19,9,51,3,33,1,105,34,121,36,19,172,198,125,68,111,70,52,0,19,75,9,10,129,37,121,116,4,58,8,20,2,15,57,18,9,0,10,160,11,6,4,14,139,773,375,21,121,161,0.611802,37.04761904761905,0.4820051413881748,11.066838046272494,6.666666666666667,5.557142857142857,36.80952380952381,0.4851228978007762,10.99353169469599,6.619047619047619,5.561151079136691
4ac470292417feffab12e62d,benchmark://chstone-v0/dfadd,2,2,-loop-unroll,True,0.018401,-18.561239,e77530fd7fab6932,e77530fd7fab6932,778,778,0.001969,0.002335,8610,8610,140,140,21,21,778,778,375,375,6,28,84,50,33,71,35,19,9,51,3,32,2,106,34,122,36,18,173,198,125,68,111,71,52,0,19,75,9,10,130,37,122,116,4,58,8,20,2,15,61,18,9,0,10,160,11,6,4,14,140,778,375,21,129,161,6,28,84,50,33,71,35,19,9,51,3,32,2,106,34,122,36,18,173,198,125,68,111,71,52,0,19,75,9,10,130,37,122,116,4,58,8,20,2,15,61,18,9,0,10,160,11,6,4,14,140,778,375,21,129,161,0.018401,37.04761904761905,0.4820051413881748,11.066838046272494,6.666666666666667,5.557142857142857,37.04761904761905,0.4820051413881748,11.066838046272494,6.666666666666667,5.557142857142857
4ac470292417feffab12e62d,benchmark://chstone-v0/dfadd,2,3,-loop-vectorize,True,-1.099750,-38.702037,e77530fd7fab6932,e77530fd7fab6932,778,778,0.001969,0.002731,8610,8610,140,140,21,21,778,778,375,375,6,28,84,50,33,71,35,19,9,51,3,32,2,106,34,122,36,18,173,198,125,68,111,71,52,0,19,75,9,10,130,37,122,116,4,58,8,20,2,15,61,18,9,0,10,160,11,6,4,14,140,778,375,21,129,161,6,28,84,50,33,71,35,19,9,51,3,32,2,106,34,122,36,18,173,198,125,68,111,71,52,0,19,75,9,10,130,37,122,116,4,58,8,20,2,15,61,18,9,0,10,160,11,6,4,14,140,778,375,21,129,161,-1.099750,37.04761904761905,0.4820051413881748,11.066838046272494,6.666666666666667,5.557142857142857,37.04761904761905,0.4820051413881748,11.066838046272494,6.666666666666667,5.557142857142857
4ac470292417feffab12e62d,benchmark://chstone-v0/dfadd,2,4,-loop-deletion,True,1.130870,1.477219,e77530fd7fab6932,e77530fd7fab6932,778,778,0.001969,0.001940,8610,8610,140,140,21,21,778,778,375,375,6,28,84,50,33,71,35,19,9,51,3,32,2,106,34,122,36,18,173,198,125,68,111,71,52,0,19,75,9,10,130,37,122,116,4,58,8,20,2,15,61,18,9,0,10,160,11,6,4,14,140,778,375,21,129,161,6,28,84,50,33,71,35,19,9,51,3,32,2,106,34,122,36,18,173,198,125,68,111,71,52,0,19,75,9,10,130,37,122,116,4,58,8,20,2,15,61,18,9,0,10,160,11,6,4,14,140,778,375,21,129,161,1.130870,37.04761904761905,0.4820051413881748,11.066838046272494,6.666666666666667,5.557142857142857,37.04761904761905,0.4820051413881748,11.066838046272494,6.666666666666667,5.557142857142857
4ac470292417feffab12e62d,benchmark://chstone-v0/dfadd,2,5,-loop-unswitch,True,0.492132,-10.028120,e77530fd7fab6932,e77530fd7fab6932,778,778,0.001969,0.002167,8610,8610,140,140,21,21,778,778,375,375,6,28,84,50,33,71,35,19,9,51,3,32,2,106,34,122,36,18,173,198,125,68,111,71,52,0,19,75,9,10,130,37,122,116,4,58,8,20,2,15,61,18,9,0,10,160,11,6,4,14,140,778,375,21,129,161,6,28,84,50,33,71,35,19,9,51,3,32,2,106,34,122,36,18,173,198,125,68,111,71,52,0,19,75,9,10,130,37,122,116,4,58,8,20,2,15,61,18,9,0,10,160,11,6,4,14,140,778,375,21,129,161,0.492132,37.04761904761905,0.4820051413881748,11.066838046272494,6.666666666666667,5.557142857142857,37.04761904761905,0.4820051413881748,11.066838046272494,6.666666666666667,5.557142857142857
4ac470292417feffab12e62d,benchmark://chstone-v0/dfadd,2,6,-loop-distribute,True,0.570498,-8.616543,e77530fd7fab6932,e77530fd7fab6932,778,778,0.001969,0.002139,8610,8610,140,140,21,21,778,778,375,375,6,28,84,50,33,71,35,19,9,51,3,32,2,106,34,122,36,18,173,198,125,68,111,71,52,0,19,75,9,10,130,37,122,116,4,58,8,20,2,15,61,18,9,0,10,160,11,6,4,14,140,778,375,21,129,161,6,28,84,50,33,71,35,19,9,51,3,32,2,106,34,122,36,18,173,198,125,68,111,71,52,0,19,75,9,10,130,37,122,116,4,58,8,20,2,15,61,18,9,0,10,160,11,6,4,14,140,778,375,21,129,161,0.570498,37.04761904761905,0.4820051413881748,11.066838046272494,6.666666666666667,5.557142857142857,37.04761904761905,0.4820051413881748,11.066838046272494,6.666666666666667,5.557142857142857
4ac470292417feffab12e62d,benchmark://chstone-v0/dfadd,2,7,-indvars,True,-2.103623,-56.784396,e77530fd7fab6932,04c920a75797f4c0,778,778,0.001969,0.003088,8610,8610,140,140,21,21,778,778,375,375,6,28,84,50,33,71,35,19,9,51,3,32,2,106,34,122,36,18,173,198,125,68,111,71,52,0,19,75,9,10,130,37,122,116,4,58,8,20,2,15,61,18,9,0,10,160,11,6,4,14,140,778,375,21,129,161,6,28,84,50,33,71,35,19,9,51,3,32,2,106,34,122,36,18,173,195,128,68,111,71,52,0,19,75,9,10,130,37,122,116,4,58,8,20,2,15,61,18,8,0,10,160,11,7,4,14,140,778,375,21,129,161,-2.103623,37.04761904761905,0.4820051413881748,11.066838046272494,6.666666666666667,5.557142857142857,37.04761904761905,0.4820051413881748,11.066838046272494,6.666666666666667,5.557142857142857
d96809a1ae1760ecb8e04e31,benchmark://chstone-v0/dfdiv,0,0,-licm,True,1.488948,19.851013,7d51258cdc55bbbc,8c7616de27b9028c,1083,1090,0.002407,0.001929,5990,6534,120,120,23,23,1083,1090,654,647,0,6,66,42,23,57,32,13,12,43,2,6,0,114,6,100,26,21,143,183,170,60,121,57,53,0,23,99,10,16,104,98,100,138,7,56,13,249,4,12,6,20,20,0,16,161,10,10,3,26,120,1083,654,23,12,502,1,11,66,42,23,57,32,13,12,43,2,10,2,108,12,100,26,21,143,183,170,60,121,57,53,0,23,99,10,19,101,98,100,138,7,56,13,242,4,12,20,20,20,0,16,161,10,10,3,26,120,1090,647,23,33,495,1.488948,47.08695652173913,0.6038781163434903,5.530932594644506,5.217391304347826,9.025,47.391304347826086,0.5935779816513761,5.994495412844037,5.217391304347826,9.083333333333334
d96809a1ae1760ecb8e04e31,benchmark://chstone-v0/dfdiv,0,1,-loop-rotate,True,-0.522543,1.987833,7d51258cdc55bbbc,c77457c43d7904ba,1083,1092,0.002407,0.002359,5990,6054,120,123,23,23,1083,1092,654,657,0,6,66,42,23,57,32,13,12,43,2,6,0,114,6,100,26,21,143,183,170,60,121,57,53,0,23,99,10,16,104,98,100,138,7,56,13,249,4,12,6,20,20,0,16,161,10,10,3,26,120,1083,654,23,12,502,0,6,66,42,24,57,35,14,13,46,2,6,0,117,6,103,26,27,149,184,172,62,121,57,53,0,23,99,10,16,107,98,103,138,7,59,13,252,4,12,6,20,20,0,16,161,10,10,3,26,123,1092,657,23,12,505,-0.522543,47.08695652173913,0.6038781163434903,5.530932594644506,5.217391304347826,9.025,47.47826086956522,0.6016483516483516,5.543956043956044,5.3478260869565215,8.878048780487806
d96809a1ae1760ecb8e04e31,benchmark://chstone-v0/dfdiv,0,2,-loop-unroll,True,-1.146341,-3.551847,7d51258cdc55bbbc,c658dc50c2c7132b,1083,1083,0.002407,0.002492,5990,5990,120,120,23,23,1083,1083,654,654,0,6,66,42,23,57,32,13,12,43,2,6,0,114,6,100,26,21,143,183,170,60,121,57,53,0,23,99,10,16,104,98,100,138,7,56,13,249,4,12,6,20,20,0,16,161,10,10,3,26,120,1083,654,23,12,502,0,6,66,42,23,57,32,13,12,43,2,6,0,114,6,100,26,21,143,183,170,60,121,57,53,0,23,99,10,16,104,98,100,138,7,56,13,249,4,12,6,20,20,0,16,161,10,10,3,26,120,1083,654,23,12,502,-1.146341,47.08695652173913,0.6038781163434903,5.530932594644506,5.217391304347826,9.025,47.08695652173913,0.6038781163434903,5.530932594644506,5.217391304347826,9.025
d96809a1ae1760ecb8e04e31,benchmark://chstone-v0/dfdiv,0,3,-loop-vectorize,True,-1.315163,-5.051081,7d51258cdc55bbbc,c658dc50c2c7132b,1083,1083,0.002407,0.002528,5990,5990,120,120,23,23,1083,1083,654,654,0,6,66,42,23,57,32,13,12,43,2,6,0,114,6,100,26,21,143,183,170,60,121,57,53,0,23,99,10,16,104,98,100,138,7,56,13,249,4,12,6,20,20,0,16,161,10,10,3,26,120,1083,654,23,12,502,0,6,66,42,23,57,32,13,12,43,2,6,0,114,6,100,26,21,143,183,170,60,121,57,53,0,23,99,10,16,104,98,100,138,7,56,13,249,4,12,6,20,20,0,16,161,10,10,3,26,120,1083,654,23,12,502,-1.315163,47.08695652173913,0.6038781163434903,5.530932594644506,5.217391304347826,9.025,47.08695652173913,0.6038781163434903,5.530932594644506,5.217391304347826,9.025
d96809a1ae1760ecb8e04e31,benchmark://chstone-v0/dfdiv,0,4,-loop-deletion,True,-0.049884,6.185316,7d51258cdc55bbbc,c658dc50c2c7132b,1083,1083,0.002407,0.002258,5990,5990,120,120,23,23,1083,1083,654,654,0,6,66,42,23,57,32,13,12,43,2,6,0,114,6,100,26,21,143,183,170,60,121,57,53,0,23,99,10,16,104,98,100,138,7,56,13,249,4,12,6,20,20,0,16,161,10,10,3,26,120,1083,654,23,12,502,0,6,66,42,23,57,32,13,12,43,2,6,0,114,6,100,26,21,143,183,170,60,121,57,53,0,23,99,10,16,104,98,100,138,7,56,13,249,4,12,6,20,20,0,16,161,10,10,3,26,120,1083,654,23,12,502,-0.049884,47.08695652173913,0.6038781163434903,5.530932594644506,5.217391304347826,9.025,47.08695652173913,0.6038781163434903,5.530932594644506,5.217391304347826,9.025
d96809a1ae1760ecb8e04e31,benchmark://chstone-v0/dfdiv,0,5,-loop-unswitch,True,1.566190,20.536972,7d51258cdc55bbbc,c658dc50c2c7132b,1083,1083,0.002407,0.001912,5990,5990,120,120,23,23,1083,1083,654,654,0,6,66,42,23,57,32,13,12,43,2,6,0,114,6,100,26,21,143,183,170,60,121,57,53,0,23,99,10,16,104,98,100,138,7,56,13,249,4,12,6,20,20,0,16,161,10,10,3,26,120,1083,654,23,12,502,0,6,66,42,23,57,32,13,12,43,2,6,0,114,6,100,26,21,143,183,170,60,121,57,53,0,23,99,10,16,104,98,100,138,7,56,13,249,4,12,6,20,20,0,16,161,10,10,3,26,120,1083,654,23,12,502,1.566190,47.08695652173913,0.6038781163434903,5.530932594644506,5.217391304347826,9.025,47.08695652173913,0.6038781163434903,5.530932594644506,5.217391304347826,9.025
d96809a1ae1760ecb8e04e31,benchmark://chstone-v0/dfdiv,0,6,-loop-distribute,True,0.062089,7.179698,7d51258cdc55bbbc,c658dc50c2c7132b,1083,1083,0.002407,0.002234,5990,5990,120,120,23,23,1083,1083,654,654,0,6,66,42,23,57,32,13,12,43,2,6,0,114,6,100,26,21,143,183,170,60,121,57,53,0,23,99,10,16,104,98,100,138,7,56,13,249,4,12,6,20,20,0,16,161,10,10,3,26,120,1083,654,23,12,502,0,6,66,42,23,57,32,13,12,43,2,6,0,114,6,100,26,21,143,183,170,60,121,57,53,0,23,99,10,16,104,98,100,138,7,56,13,249,4,12,6,20,20,0,16,161,10,10,3,26,120,1083,654,23,12,502,0.062089,47.08695652173913,0.6038781163434903,5.530932594644506,5.217391304347826,9.025,47.08695652173913,0.6038781163434903,5.530932594644506,5.217391304347826,9.025
d96809a1ae1760ecb8e04e31,benchmark://chstone-v0/dfdiv,0,7,-indvars,True,-0.083298,5.888581,7d51258cdc55bbbc,c658dc50c2c7132b,1083,1083,0.002407,0.002265,5990,5990,120,120,23,23,1083,1083,654,654,0,6,66,42,23,57,32,13,12,43,2,6,0,114,6,100,26,21,143,183,170,60,121,57,53,0,23,99,10,16,104,98,100,138,7,56,13,249,4,12,6,20,20,0,16,161,10,10,3,26,120,1083,654,23,12,502,0,6,66,42,23,57,32,13,12,43,2,6,0,114,6,100,26,21,143,183,170,60,121,57,53,0,23,99,10,16,104,98,100,138,7,56,13,249,4,12,6,20,20,0,16,161,10,10,3,26,120,1083,654,23,12,502,-0.083298,47.08695652173913,0.6038781163434903,5.530932594644506,5.217391304347826,9.025,47.08695652173913,0.6038781163434903,5.530932594644506,5.217391304347826,9.025
3c5e4fa89263668c0a466ab9,benchmark://chstone-v0/dfdiv,1,0,-licm,True,0.462034,6.333412,b8b4813a72a23a7f,0bf06de1cd02cc20,831,849,0.002180,0.002042,6763,7259,120,120,23,23,831,849,464,467,0,6,66,42,23,57,32,13,12,43,2,6,0,114,6,100,26,21,143,181,166,55,122,57,50,0,21,99,10,13,107,50,100,138,4,54,13,62,4,12,6,20,15,0,15,161,10,10,3,22,120,831,464,23,12,258,1,11,66,42,23,57,32,13,12,43,2,10,2,108,12,100,26,21,143,181,166,55,122,57,50,0,21,99,10,14,106,50,100,138,4,54,13,65,4,12,21,20,15,0,15,161,10,10,3,22,120,849,467,23,34,261,0.462034,36.130434782608695,0.5583634175691937,8.138387484957882,5.217391304347826,6.925,36.91304347826087,0.5500588928150766,8.550058892815077,5.217391304347826,7.075
3c5e4fa89263668c0a466ab9,benchmark://chstone-v0/dfdiv,1,1,-loop-rotate,True,-1.529597,-21.156197,b8b4813a72a23a7f,06cdc915db8a6f80,831,845,0.002180,0.002641,6763,6939,120,123,23,23,831,845,464,467,0,6,66,42,23,57,32,13,12,43,2,6,0,114,6,100,26,21,143,181,166,55,122,57,50,0,21,99,10,13,107,50,100,138,4,54,13,62,4,12,6,20,15,0,15,161,10,10,3,22,120,831,464,23,12,258,0,11,66,42,24,57,35,14,13,46,2,11,0,112,11,103,26,27,149,182,168,57,122,57,50,0,21,99,10,13,110,50,103,138,4,57,13,65,4,12,11,20,15,0,15,161,10,10,3,22,123,845,467,23,21,261,-1.529597,36.130434782608695,0.5583634175691937,8.138387484957882,5.217391304347826,6.925,36.73913043478261,0.5526627218934911,8.211834319526627,5.3478260869565215,6.869918699186992
3c5e4fa89263668c0a466ab9,benchmark://chstone-v0/dfdiv,1,2,-loop-unroll,True,0.615937,8.457677,b8b4813a72a23a7f,a42d9a5665d4d390,831,832,0.002180,0.001996,6763,6779,120,120,23,23,831,832,464,464,0,6,66,42,23,57,32,13,12,43,2,6,0,114,6,100,26,21,143,181,166,55,122,57,50,0,21,99,10,13,107,50,100,138,4,54,13,62,4,12,6,20,15,0,15,161,10,10,3,22,120,831,464,23,12,258,0,7,66,42,23,57,32,13,12,43,2,7,0,113,7,100,26,21,143,181,166,55,122,57,50,0,21,99,10,13,107,50,100,138,4,54,13,62,4,12,7,20,15,0,15,161,10,10,3,22,120,832,464,23,13,258,0.615937,36.130434782608695,0.5583634175691937,8.138387484957882,5.217391304347826,6.925,36.17391304347826,0.5576923076923077,8.147836538461538,5.217391304347826,6.933333333333334
3c5e4fa89263668c0a466ab9,benchmark://chstone-v0/dfdiv,1,3,-loop-vectorize,True,-0.273336,-3.816570,b8b4813a72a23a7f,a42d9a5665d4d390,831,832,0.002180,0.002263,6763,6779,120,120,23,23,831,832,464,464,0,6,66,42,23,57,32,13,12,43,2,6,0,114,6,100,26,21,143,181,166,55,122,57,50,0,21,99,10,13,107,50,100,138,4,54,13,62,4,12,6,20,15,0,15,161,10,10,3,22,120,831,464,23,12,258,0,7,66,42,23,57,32,13,12,43,2,7,0,113,7,100,26,21,143,181,166,55,122,57,50,0,21,99,10,13,107,50,100,138,4,54,13,62,4,12,7,20,15,0,15,161,10,10,3,22,120,832,464,23,13,258,-0.273336,36.130434782608695,0.5583634175691937,8.138387484957882,5.217391304347826,6.925,36.17391304347826,0.5576923076923077,8.147836538461538,5.217391304347826,6.933333333333334
3c5e4fa89263668c0a466ab9,benchmark://chstone-v0/dfdiv,1,4,-loop-deletion,True,0.938916,12.915611,b8b4813a72a23a7f,a42d9a5665d4d390,831,832,0.002180,0.001899,6763,6779,120,120,23,23,831,832,464,464,0,6,66,42,23,57,32,13,12,43,2,6,0,114,6,100,26,21,143,181,166,55,122,57,50,0,21,99,10,13,107,50,100,138,4,54,13,62,4,12,6,20,15,0,15,161,10,10,3,22,120,831,464,23,12,258,0,7,66,42,23,57,32,13,12,43,2,7,0,113,7,100,26,21,143,181,166,55,122,57,50,0,21,99,10,13,107,50,100,138,4,54,13,62,4,12,7,20,15,0,15,161,10,10,3,22,120,832,464,23,13,258,0.938916,36.130434782608695,0.5583634175691937,8.138387484957882,5.217391304347826,6.925,36.17391304347826,0.5576923076923077,8.147836538461538,5.217391304347826,6.933333333333334
3c5e4fa89263668c0a466ab9,benchmark://chstone-v0/dfdiv,1,5,-loop-unswitch,True,0.525281,7.206391,b8b4813a72a23a7f,a42d9a5665d4d390,831,832,0.002180,0.002023,6763,6779,120,120,23,23,831,832,464,464,0,6,66,42,23,57,32,13,12,43,2,6,0,114,6,100,26,21,143,181,166,55,122,57,50,0,21,99,10,13,107,50,100,138,4,54,13,62,4,12,6,20,15,0,15,161,10,10,3,22,120,831,464,23,12,258,0,7,66,42,23,57,32,13,12,43,2,7,0,113,7,100,26,21,143,181,166,55,122,57,50,0,21,99,10,13,107,50,100,138,4,54,13,62,4,12,7,20,15,0,15,161,10,10,3,22,120,832,464,23,13,258,0.525281,36.130434782608695,0.5583634175691937,8.138387484957882,5.217391304347826,6.925,36.17391304347826,0.5576923076923077,8.147836538461538,5.217391304347826,6.933333333333334
3c5e4fa89263668c0a466ab9,benchmark://chstone-v0/dfdiv,1,6,-loop-distribute,True,0.964932,13.274696,b8b4813a72a23a7f,b8b4813a72a23a7f,831,831,0.002180,0.001891,6763,6763,120,120,23,23,831,831,464,464,0,6,66,42,23,57,32,13,12,43,2,6,0,114,6,100,26,21,143,181,166,55,122,57,50,0,21,99,10,13,107,50,100,138,4,54,13,62,4,12,6,20,15,0,15,161,10,10,3,22,120,831,464,23,12,258,0,6,66,42,23,57,32,13,12,43,2,6,0,114,6,100,26,21,143,181,166,55,122,57,50,0,21,99,10,13,107,50,100,138,4,54,13,62,4,12,6,20,15,0,15,161,10,10,3,22,120,831,464,23,12,258,0.964932,36.130434782608695,0.5583634175691937,8.138387484957882,5.217391304347826,6.925,36.130434782608695,0.5583634175691937,8.138387484957882,5.217391304347826,6.925
3c5e4fa89263668c0a466ab9,benchmark://chstone-v0/dfdiv,1,7,-indvars,True,-1.704168,-23.565732,b8b4813a72a23a7f,a42d9a5665d4d390,831,832,0.002180,0.002694,6763,6779,120,120,23,23,831,832,464,464,0,6,66,42,23,57,32,13,12,43,2,6,0,114,6,100,26,21,143,181,166,55,122,57,50,0,21,99,10,13,107,50,100,138,4,54,13,62,4,12,6,20,15,0,15,161,10,10,3,22,120,831,464,23,12,258,0,7,66,42,23,57,32,13,12,43,2,7,0,113,7,100,26,21,143,181,166,55,122,57,50,0,21,99,10,13,107,50,100,138,4,54,13,62,4,12,7,20,15,0,15,161,10,10,3,22,120,832,464,23,13,258,-1.704168,36.130434782608695,0.5583634175691937,8.138387484957882,5.217391304347826,6.925,36.17391304347826,0.5576923076923077,8.147836538461538,5.217391304347826,6.933333333333334
494b2e1156c2e64edd581595,benchmark://chstone-v0/dfdiv,2,0,-licm,True,-1.840650,-34.673141,d4556ef453b77b8a,d4556ef453b77b8a,854,854,0.001945,0.002619,8082,8082,120,120,23,23,854,854,437,437,3,29,66,42,23,57,32,13,12,43,2,29,3,88,32,100,26,20,143,195,172,66,122,57,53,0,22,99,10,14,106,50,100,138,4,54,13,35,8,12,54,20,15,0,12,161,10,10,3,22,120,854,437,23,105,231,3,29,66,42,23,57,32,13,12,43,2,29,3,88,32,100,26,20,143,195,172,66,122,57,53,0,22,99,10,14,106,50,100,138,4,54,13,35,8,12,54,20,15,0,12,161,10,10,3,22,120,854,437,23,105,231,-1.840650,37.130434782608695,0.5117096018735363,9.463700234192038,5.217391304347826,7.116666666666666,37.130434782608695,0.5117096018735363,9.463700234192038,5.217391304347826,7.116666666666666
494b2e1156c2e64edd581595,benchmark://chstone-v0/dfdiv,2,1,-loop-rotate,True,0.553580,-6.220160,d4556ef453b77b8a,e6624f6f7dc95479,854,860,0.001945,0.002066,8082,8066,120,121,23,23,854,860,437,439,3,29,66,42,23,57,32,13,12,43,2,29,3,88,32,100,26,20,143,195,172,66,122,57,53,0,22,99,10,14,106,50,100,138,4,54,13,35,8,12,54,20,15,0,12,161,10,10,3,22,120,854,437,23,105,231,2,32,65,41,23,56,34,13,14,45,2,31,3,87,34,101,26,25,146,195,174,68,122,56,53,0,22,99,10,14,107,50,101,138,4,56,13,37,8,12,55,20,15,0,12,161,10,10,3,22,121,860,439,23,107,233,0.553580,37.130434782608695,0.5117096018735363,9.463700234192038,5.217391304347826,7.116666666666666,37.391304347826086,0.5104651162790698,9.37906976744186,5.260869565217392,7.107438016528926
494b2e1156c2e64edd581595,benchmark://chstone-v0/dfdiv,2,2,-loop-unroll,True,0.251391,-9.811370,d4556ef453b77b8a,d4556ef453b77b8a,854,854,0.001945,0.002136,8082,8082,120,120,23,23,854,854,437,437,3,29,66,42,23,57,32,13,12,43,2,29,3,88,32,100,26,20,143,195,172,66,122,57,53,0,22,99,10,14,106,50,100,138,4,54,13,35,8,12,54,20,15,0,12,161,10,10,3,22,120,854,437,23,105,231,3,29,66,42,23,57,32,13,12,43,2,29,3,88,32,100,26,20,143,195,172,66,122,57,53,0,22,99,10,14,106,50,100,138,4,54,13,35,8,12,54,20,15,0,12,161,10,10,3,22,120,854,437,23,105,231,0.251391,37.130434782608695,0.5117096018735363,9.463700234192038,5.217391304347826,7.116666666666666,37.130434782608695,0.5117096018735363,9.463700234192038,5.217391304347826,7.116666666666666
494b2e1156c2e64edd581595,benchmark://chstone-v0/dfdiv,2,3,-loop-vectorize,True,0.161047,-10.885016,d4556ef453b77b8a,d4556ef453b77b8a,854,854,0.001945,0.002156,8082,8082,120,120,23,23,854,854,437,437,3,29,66,42,23,57,32,13,12,43,2,29,3,88,32,100,26,20,143,195,172,66,122,57,53,0,22,99,10,14,106,50,100,138,4,54,13,35,8,12,54,20,15,0,12,161,10,10,3,22,120,854,437,23,105,231,3,29,66,42,23,57,32,13,12,43,2,29,3,88,32,100,26,20,143,195,172,66,122,57,53,0,22,99,10,14,106,50,100,138,4,54,13,35,8,12,54,20,15,0,12,161,10,10,3,22,120,854,437,23,105,231,0.161047,37.130434782608695,0.5117096018735363,9.463700234192038,5.217391304347826,7.116666666666666,37.130434782608695,0.5117096018735363,9.463700234192038,5.217391304347826,7.116666666666666
494b2e1156c2e64edd581595,benchmark://chstone-v0/dfdiv,2,4,-loop-deletion,True,1.003737,-0.870506,d4556ef453b77b8a,d4556ef453b77b8a,854,854,0.001945,0.001962,8082,8082,120,120,23,23,854,854,437,437,3,29,66,42,23,57,32,13,12,43,2,29,3,88,32,100,26,20,143,195,172,66,122,57,53,0,22,99,10,14,106,50,100,138,4,54,13,35,8,12,54,20,15,0,12,161,10,10,3,22,120,854,437,23,105,231,3,29,66,42,23,57,32,13,12,43,2,29,3,88,32,100,26,20,143,195,172,66,122,57,53,0,22,99,10,14,106,50,100,138,4,54,13,35,8,12,54,20,15,0,12,161,10,10,3,22,120,854,437,23,105,231,1.003737,37.130434782608695,0.5117096018735363,9.463700234192038,5.217391304347826,7.116666666666666,37.130434782608695,0.5117096018735363,9.463700234192038,5.217391304347826,7.116666666666666
494b2e1156c2e64edd581595,benchmark://chstone-v0/dfdiv,2,5,-loop-unswitch,True,1.166727,1.066464,d4556ef453b77b8a,d4556ef453b77b8a,854,854,0.001945,0.001924,8082,8082,120,120,23,23,854,854,437,437,3,29,66,42,23,57,32,13,12,43,2,29,3,88,32,100,26,20,143,195,172,66,122,57,53,0,22,99,10,14,106,50,100,138,4,54,13,35,8,12,54,20,15,0,12,161,10,10,3,22,120,854,437,23,105,231,3,29,66,42,23,57,32,13,12,43,2,29,3,88,32,100,26,20,143,195,172,66,122,57,53,0,22,99,10,14,106,50,100,138,4,54,13,35,8,12,54,20,15,0,12,161,10,10,3,22,120,854,437,23,105,231,1.166727,37.130434782608695,0.5117096018735363,9.463700234192038,5.217391304347826,7.116666666666666,37.130434782608695,0.5117096018735363,9.463700234192038,5.217391304347826,7.116666666666666
494b2e1156c2e64edd581595,benchmark://chstone-v0/dfdiv,2,6,-loop-distribute,True,0.062047,-12.061526,d4556ef453b77b8a,d4556ef453b77b8a,854,854,0.001945,0.002179,8082,8082,120,120,23,23,854,854,437,437,3,29,66,42,23,57,32,13,12,43,2,29,3,88,32,100,26,20,143,195,172,66,122,57,53,0,22,99,10,14,106,50,100,138,4,54,13,35,8,12,54,20,15,0,12,161,10,10,3,22,120,854,437,23,105,231,3,29,66,42,23,57,32,13,12,43,2,29,3,88,32,100,26,20,143,195,172,66,122,57,53,0,22,99,10,14,106,50,100,138,4,54,13,35,8,12,54,20,15,0,12,161,10,10,3,22,120,854,437,23,105,231,0.062047,37.130434782608695,0.5117096018735363,9.463700234192038,5.217391304347826,7.116666666666666,37.130434782608695,0.5117096018735363,9.463700234192038,5.217391304347826,7.116666666666666
494b2e1156c2e64edd581595,benchmark://chstone-v0/dfdiv,2,7,-indvars,True,-1.357878,-28.935883,d4556ef453b77b8a,77737021e1d471d9,854,854,0.001945,0.002508,8082,8082,120,120,23,23,854,854,437,437,3,29,66,42,23,57,32,13,12,43,2,29,3,88,32,100,26,20,143,195,172,66,122,57,53,0,22,99,10,14,106,50,100,138,4,54,13,35,8,12,54,20,15,0,12,161,10,10,3,22,120,854,437,23,105,231,3,29,66,42,23,57,32,13,12,43,2,29,3,88,32,100,26,20,143,192,175,66,122,57,53,0,22,99,10,14,106,50,100,138,4,54,13,35,8,12,54,20,14,0,12,161,10,11,3,22,120,854,437,23,105,231,-1.357878,37.130434782608695,0.5117096018735363,9.463700234192038,5.217391304347826,7.116666666666666,37.130434782608695,0.5117096018735363,9.463700234192038,5.217391304347826,7.116666666666666
14aecc5337ad25fc9cd45c3b,benchmark://chstone-v0/dfmul,0,0,-licm,True,0.970151,8.996361,aed0782eb4302ca9,644b7ec8002d27bc,859,860,0.002229,0.002029,5070,5278,100,100,20,20,859,860,503,496,0,4,53,31,21,45,28,12,10,38,2,4,0,96,4,83,24,24,121,151,132,57,90,45,44,0,18,71,9,12,88,76,83,108,7,49,10,190,4,11,4,17,19,0,13,127,6,10,3,24,100,859,503,20,8,390,1,5,53,31,21,45,28,12,10,38,2,4,2,94,6,83,24,24,121,151,132,57,90,45,44,0,18,71,9,13,87,76,83,108,7,49,10,183,4,11,12,17,19,0,13,127,6,10,3,24,100,860,496,20,20,383,0.970151,42.95,0.5855646100116414,5.9022118742724095,5.0,8.59,43.0,0.5767441860465117,6.137209302325582,5.0,8.6
14aecc5337ad25fc9cd45c3b,benchmark://chstone-v0/dfmul,0,1,-loop-rotate,True,-0.676721,-8.802023,aed0782eb4302ca9,ac89a10fe7713a7e,859,862,0.002229,0.002426,5070,5086,100,101,20,20,859,862,503,504,0,4,53,31,21,45,28,12,10,38,2,4,0,96,4,83,24,24,121,151,132,57,90,45,44,0,18,71,9,12,88,76,83,108,7,49,10,190,4,11,4,17,19,0,13,127,6,10,3,24,100,859,503,20,8,390,0,4,53,31,22,45,29,13,9,39,2,4,0,97,4,84,24,26,123,152,132,57,90,45,44,0,18,71,9,12,89,76,84,108,7,50,10,191,4,11,4,17,19,0,13,127,6,10,3,24,101,862,504,20,8,391,-0.676721,42.95,0.5855646100116414,5.9022118742724095,5.0,8.59,43.1,0.5846867749419954,5.900232018561485,5.05,8.534653465346535
14aecc5337ad25fc9cd45c3b,benchmark://chstone-v0/dfmul,0,2,-loop-unroll,True,1.254592,12.070426,aed0782eb4302ca9,28763815b407fe03,859,859,0.002229,0.001960,5070,5070,100,100,20,20,859,859,503,503,0,4,53,31,21,45,28,12,10,38,2,4,0,96,4,83,24,24,121,151,132,57,90,45,44,0,18,71,9,12,88,76,83,108,7,49,10,190,4,11,4,17,19,0,13,127,6,10,3,24,100,859,503,20,8,390,0,4,53,31,21,45,28,12,10,38,2,4,0,96,4,83,24,24,121,151,132,57,90,45,44,0,18,71,9,12,88,76,83,108,7,49,10,190,4,11,4,17,19,0,13,127,6,10,3,24,100,859,503,20,8,390,1.254592,42.95,0.5855646100116414,5.9022118742724095,5.0,8.59,42.95,0.5855646100116414,5.9022118742724095,5.0,8.59
14aecc5337ad25fc9cd45c3b,benchmark://chstone-v0/dfmul,0,3,-loop-vectorize,True,0.124412,-0.143874,aed0782eb4302ca9,28763815b407fe03,859,859,0.002229,0.002233,5070,5070,100,100,20,20,859,859,503,503,0,4,53,31,21,45,28,12,10,38,2,4,0,96,4,83,24,24,121,151,132,57,90,45,44,0,18,71,9,12,88,76,83,108,7,49,10,190,4,11,4,17,19,0,13,127,6,10,3,24,100,859,503,20,8,390,0,4,53,31,21,45,28,12,10,38,2,4,0,96,4,83,24,24,121,151,132,57,90,45,44,0,18,71,9,12,88,76,83,108,7,49,10,190,4,11,4,17,19,0,13,127,6,10,3,24,100,859,503,20,8,390,0.124412,42.95,0.5855646100116414,5.9022118742724095,5.0,8.59,42.95,0.5855646100116414,5.9022118742724095,5.0,8.59
14aecc5337ad25fc9cd45c3b,benchmark://chstone-v0/dfmul,0,4,-loop-deletion,True,-2.211278,-25.386587,aed0782eb4302ca9,28763815b407fe03,859,859,0.002229,0.002795,5070,5070,100,100,20,20,859,859,503,503,0,4,53,31,21,45,28,12,10,38,2,4,0,96,4,83,24,24,121,151,132,57,90,45,44,0,18,71,9,12,88,76,83,108,7,49,10,190,4,11,4,17,19,0,13,127,6,10,3,24,100,859,503,20,8,390,0,4,53,31,21,45,28,12,10,38,2,4,0,96,4,83,24,24,121,151,132,57,90,45,44,0,18,71,9,12,88,76,83,108,7,49,10,190,4,11,4,17,19,0,13,127,6,10,3,24,100,859,503,20,8,390,-2.211278,42.95,0.5855646100116414,5.9022118742724095,5.0,8.59,42.95,0.5855646100116414,5.9022118742724095,5.0,8.59
14aecc5337ad25fc9cd45c3b,benchmark://chstone-v0/dfmul,0,5,-loop-unswitch,True,0.170232,0.351329,aed0782eb4302ca9,28763815b407fe03,859,859,0.002229,0.002222,5070,5070,100,100,20,20,859,859,503,503,0,4,53,31,21,45,28,12,10,38,2,4,0,96,4,83,24,24,121,151,132,57,90,45,44,0,18,71,9,12,88,76,83,108,7,49,10,190,4,11,4,17,19,0,13,127,6,10,3,24,100,859,503,20,8,390,0,4,53,31,21,45,28,12,10,38,2,4,0,96,4,83,24,24,121,151,132,57,90,45,44,0,18,71,9,12,88,76,83,108,7,49,10,190,4,11,4,17,19,0,13,127,6,10,3,24,100,859,503,20,8,390,0.170232,42.95,0.5855646100116414,5.9022118742724095,5.0,8.59,42.95,0.5855646100116414,5.9022118742724095,5.0,8.59
14aecc5337ad25fc9cd45c3b,benchmark://chstone-v0/dfmul,0,6,-loop-distribute,True,0.073156,-0.697812,aed0782eb4302ca9,28763815b407fe03,859,859,0.002229,0.002245,5070,5070,100,100,20,20,859,859,503,503,0,4,53,31,21,45,28,12,10,38,2,4,0,96,4,83,24,24,121,151,132,57,90,45,44,0,18,71,9,12,88,76,83,108,7,49,10,190,4,11,4,17,19,0,13,127,6,10,3,24,100,859,503,20,8,390,0,4,53,31,21,45,28,12,10,38,2,4,0,96,4,83,24,24,121,151,132,57,90,45,44,0,18,71,9,12,88,76,83,108,7,49,10,190,4,11,4,17,19,0,13,127,6,10,3,24,100,859,503,20,8,390,0.073156,42.95,0.5855646100116414,5.9022118742724095,5.0,8.59,42.95,0.5855646100116414,5.9022118742724095,5.0,8.59
14aecc5337ad25fc9cd45c3b,benchmark://chstone-v0/dfmul,0,7,-indvars,True,0.295457,1.704676,aed0782eb4302ca9,28763815b407fe03,859,859,0.002229,0.002191,5070,5070,100,100,20,20,859,859,503,503,0,4,53,31,21,45,28,12,10,38,2,4,0,96,4,83,24,24,121,151,132,57,90,45,44,0,18,71,9,12,88,76,83,108,7,49,10,190,4,11,4,17,19,0,13,127,6,10,3,24,100,859,503,20,8,390,0,4,53,31,21,45,28,12,10,38,2,4,0,96,4,83,24,24,121,151,132,57,90,45,44,0,18,71,9,12,88,76,83,108,7,49,10,190,4,11,4,17,19,0,13,127,6,10,3,24,100,859,503,20,8,390,0.295457,42.95,0.5855646100116414,5.9022118742724095,5.0,8.59,42.95,0.5855646100116414,5.9022118742724095,5.0,8.59
a6450b5b3267aaa974f664fc,benchmark://chstone-v0/dfmul,1,0,-licm,True,-1.713325,-11.889769,3625f3f26db04661,22ea20788f38f668,661,671,0.002493,0.002789,5651,5859,100,100,20,20,661,671,356,358,0,4,53,31,21,45,28,12,10,38,2,4,0,96,4,83,24,24,121,149,128,52,90,45,41,0,16,71,9,9,91,39,83,108,4,47,10,46,4,11,4,17,14,0,12,127,6,10,3,20,100,661,356,20,8,200,1,5,53,31,21,45,28,12,10,38,2,4,2,94,6,83,24,24,121,149,128,52,90,45,41,0,16,71,9,10,90,39,83,108,4,47,10,48,4,11,12,17,14,0,12,127,6,10,3,20,100,671,358,20,20,202,-1.713325,33.05,0.5385779122541604,8.549167927382753,5.0,6.61,33.55,0.533532041728763,8.731743666169896,5.0,6.71
a6450b5b3267aaa974f664fc,benchmark://chstone-v0/dfmul,1,1,-loop-rotate,True,1.122639,26.013661,3625f3f26db04661,a0250a78c1733cb5,661,665,0.002493,0.001844,5651,5683,100,101,20,20,661,665,356,357,0,4,53,31,21,45,28,12,10,38,2,4,0,96,4,83,24,24,121,149,128,52,90,45,41,0,16,71,9,9,91,39,83,108,4,47,10,46,4,11,4,17,14,0,12,127,6,10,3,20,100,661,356,20,8,200,0,5,53,31,22,45,29,13,9,39,2,5,0,96,5,84,24,26,123,150,128,52,90,45,41,0,16,71,9,9,92,39,84,108,4,48,10,47,4,11,5,17,14,0,12,127,6,10,3,20,101,665,357,20,10,201,1.122639,33.05,0.5385779122541604,8.549167927382753,5.0,6.61,33.25,0.5368421052631579,8.545864661654136,5.05,6.584158415841584
a6450b5b3267aaa974f664fc,benchmark://chstone-v0/dfmul,1,2,-loop-unroll,True,-0.376686,5.974774,3625f3f26db04661,3625f3f26db04661,661,661,0.002493,0.002344,5651,5651,100,100,20,20,661,661,356,356,0,4,53,31,21,45,28,12,10,38,2,4,0,96,4,83,24,24,121,149,128,52,90,45,41,0,16,71,9,9,91,39,83,108,4,47,10,46,4,11,4,17,14,0,12,127,6,10,3,20,100,661,356,20,8,200,0,4,53,31,21,45,28,12,10,38,2,4,0,96,4,83,24,24,121,149,128,52,90,45,41,0,16,71,9,9,91,39,83,108,4,47,10,46,4,11,4,17,14,0,12,127,6,10,3,20,100,661,356,20,8,200,-0.376686,33.05,0.5385779122541604,8.549167927382753,5.0,6.61,33.05,0.5385779122541604,8.549167927382753,5.0,6.61
a6450b5b3267aaa974f664fc,benchmark://chstone-v0/dfmul,1,3,-loop-vectorize,True,-1.378968,-7.420999,3625f3f26db04661,3625f3f26db04661,661,661,0.002493,0.002678,5651,5651,100,100,20,20,661,661,356,356,0,4,53,31,21,45,28,12,10,38,2,4,0,96,4,83,24,24,121,149,128,52,90,45,41,0,16,71,9,9,91,39,83,108,4,47,10,46,4,11,4,17,14,0,12,127,6,10,3,20,100,661,356,20,8,200,0,4,53,31,21,45,28,12,10,38,2,4,0,96,4,83,24,24,121,149,128,52,90,45,41,0,16,71,9,9,91,39,83,108,4,47,10,46,4,11,4,17,14,0,12,127,6,10,3,20,100,661,356,20,8,200,-1.378968,33.05,0.5385779122541604,8.549167927382753,5.0,6.61,33.05,0.5385779122541604,8.549167927382753,5.0,6.61
a6450b5b3267aaa974f664fc,benchmark://chstone-v0/dfmul,1,4,-loop-deletion,True,0.390065,16.222614,3625f3f26db04661,3625f3f26db04661,661,661,0.002493,0.002088,5651,5651,100,100,20,20,661,661,356,356,0,4,53,31,21,45,28,12,10,38,2,4,0,96,4,83,24,24,121,149,128,52,90,45,41,0,16,71,9,9,91,39,83,108,4,47,10,46,4,11,4,17,14,0,12,127,6,10,3,20,100,661,356,20,8,200,0,4,53,31,21,45,28,12,10,38,2,4,0,96,4,83,24,24,121,149,128,52,90,45,41,0,16,71,9,9,91,39,83,108,4,47,10,46,4,11,4,17,14,0,12,127,6,10,3,20,100,661,356,20,8,200,0.390065,33.05,0.5385779122541604,8.549167927382753,5.0,6.61,33.05,0.5385779122541604,8.549167927382753,5.0,6.61
a6450b5b3267aaa974f664fc,benchmark://chstone-v0/dfmul,1,5,-loop-unswitch,True,0.208577,13.796971,3625f3f26db04661,3625f3f26db04661,661,661,0.002493,0.002149,5651,5651,100,100,20,20,661,661,356,356,0,4,53,31,21,45,28,12,10,38,2,4,0,96,4,83,24,24,121,149,128,52,90,45,41,0,16,71,9,9,91,39,83,108,4,47,10,46,4,11,4,17,14,0,12,127,6,10,3,20,100,661,356,20,8,200,0,4,53,31,21,45,28,12,10,38,2,4,0,96,4,83,24,24,121,149,128,52,90,45,41,0,16,71,9,9,91,39,83,108,4,47,10,46,4,11,4,17,14,0,12,127,6,10,3,20,100,661,356,20,8,200,0.208577,33.05,0.5385779122541604,8.549167927382753,5.0,6.61,33.05,0.5385779122541604,8.549167927382753,5.0,6.61
a6450b5b3267aaa974f664fc,benchmark://chstone-v0/dfmul,1,6,-loop-distribute,True,0.736236,20.849278,3625f3f26db04661,3625f3f26db04661,661,661,0.002493,0.001973,5651,5651,100,100,20,20,661,661,356,356,0,4,53,31,21,45,28,12,10,38,2,4,0,96,4,83,24,24,121,149,128,52,90,45,41,0,16,71,9,9,91,39,83,108,4,47,10,46,4,11,4,17,14,0,12,127,6,10,3,20,100,661,356,20,8,200,0,4,53,31,21,45,28,12,10,38,2,4,0,96,4,83,24,24,121,149,128,52,90,45,41,0,16,71,9,9,91,39,83,108,4,47,10,46,4,11,4,17,14,0,12,127,6,10,3,20,100,661,356,20,8,200,0.736236,33.05,0.5385779122541604,8.549167927382753,5.0,6.61,33.05,0.5385779122541604,8.549167927382753,5.0,6.61
a6450b5b3267aaa974f664fc,benchmark://chstone-v0/dfmul,1,7,-indvars,True,1.011462,24.527758,3625f3f26db04661,3625f3f26db04661,661,661,0.002493,0.001881,5651,5651,100,100,20,20,661,661,356,356,0,4,53,31,21,45,28,12,10,38,2,4,0,96,4,83,24,24,121,149,128,52,90,45,41,0,16,71,9,9,91,39,83,108,4,47,10,46,4,11,4,17,14,0,12,127,6,10,3,20,100,661,356,20,8,200,0,4,53,31,21,45,28,12,10,38,2,4,0,96,4,83,24,24,121,149,128,52,90,45,41,0,16,71,9,9,91,39,83,108,4,47,10,46,4,11,4,17,14,0,12,127,6,10,3,20,100,661,356,20,8,200,1.011462,33.05,0.5385779122541604,8.549167927382753,5.0,6.61,33.05,0.5385779122541604,8.549167927382753,5.0,6.61
ee9782e664018739c13fd789,benchmark://chstone-v0/dfmul,2,0,-licm,True,0.192968,10.154764,2730a9338f849d52,2730a9338f849d52,644,644,0.002445,0.002197,6186,6186,79,79,20,20,644,644,331,331,4,10,44,25,18,30,14,4,6,32,4,12,2,65,14,62,24,20,94,164,130,62,89,30,41,0,17,71,10,10,69,39,62,108,4,47,10,21,7,11,28,17,14,4,9,127,5,10,3,20,79,644,331,20,67,175,4,10,44,25,18,30,14,4,6,32,4,12,2,65,14,62,24,20,94,164,130,62,89,30,41,0,17,71,10,10,69,39,62,108,4,47,10,21,7,11,28,17,14,4,9,127,5,10,3,20,79,644,331,20,67,175,0.192968,32.2,0.5139751552795031,9.605590062111801,3.95,8.151898734177216,32.2,0.5139751552795031,9.605590062111801,3.95,8.151898734177216
ee9782e664018739c13fd789,benchmark://chstone-v0/dfmul,2,1,-loop-rotate,True,0.003311,8.185839,2730a9338f849d52,442586e525d64aeb,644,639,0.002445,0.002245,6186,6074,79,78,20,20,644,639,331,331,4,10,44,25,18,30,14,4,6,32,4,12,2,65,14,62,24,20,94,164,130,62,89,30,41,0,17,71,10,10,69,39,62,108,4,47,10,21,7,11,28,17,14,4,9,127,5,10,3,20,79,644,331,20,67,175,3,11,43,24,18,29,14,4,6,32,4,13,1,64,14,61,24,21,93,164,130,62,89,29,41,0,17,71,10,10,68,39,61,108,4,47,10,21,7,11,24,17,14,4,9,127,5,10,3,20,78,639,331,20,59,175,0.003311,32.2,0.5139751552795031,9.605590062111801,3.95,8.151898734177216,31.95,0.5179968701095462,9.50547730829421,3.9,8.192307692307692
ee9782e664018739c13fd789,benchmark://chstone-v0/dfmul,2,2,-loop-unroll,True,0.754065,15.979797,2730a9338f849d52,2730a9338f849d52,644,644,0.002445,0.002054,6186,6186,79,79,20,20,644,644,331,331,4,10,44,25,18,30,14,4,6,32,4,12,2,65,14,62,24,20,94,164,130,62,89,30,41,0,17,71,10,10,69,39,62,108,4,47,10,21,7,11,28,17,14,4,9,127,5,10,3,20,79,644,331,20,67,175,4,10,44,25,18,30,14,4,6,32,4,12,2,65,14,62,24,20,94,164,130,62,89,30,41,0,17,71,10,10,69,39,62,108,4,47,10,21,7,11,28,17,14,4,9,127,5,10,3,20,79,644,331,20,67,175,0.754065,32.2,0.5139751552795031,9.605590062111801,3.95,8.151898734177216,32.2,0.5139751552795031,9.605590062111801,3.95,8.151898734177216
ee9782e664018739c13fd789,benchmark://chstone-v0/dfmul,2,3,-loop-vectorize,True,-1.637074,-8.843823,2730a9338f849d52,2730a9338f849d52,644,644,0.002445,0.002661,6186,6186,79,79,20,20,644,644,331,331,4,10,44,25,18,30,14,4,6,32,4,12,2,65,14,62,24,20,94,164,130,62,89,30,41,0,17,71,10,10,69,39,62,108,4,47,10,21,7,11,28,17,14,4,9,127,5,10,3,20,79,644,331,20,67,175,4,10,44,25,18,30,14,4,6,32,4,12,2,65,14,62,24,20,94,164,130,62,89,30,41,0,17,71,10,10,69,39,62,108,4,47,10,21,7,11,28,17,14,4,9,127,5,10,3,20,79,644,331,20,67,175,-1.637074,32.2,0.5139751552795031,9.605590062111801,3.95,8.151898734177216,32.2,0.5139751552795031,9.605590062111801,3.95,8.151898734177216
ee9782e664018739c13fd789,benchmark://chstone-v0/dfmul,2,4,-loop-deletion,True,0.732828,15.759326,2730a9338f849d52,2730a9338f849d52,644,644,0.002445,0.002060,6186,6186,79,79,20,20,644,644,331,331,4,10,44,25,18,30,14,4,6,32,4,12,2,65,14,62,24,20,94,164,130,62,89,30,41,0,17,71,10,10,69,39,62,108,4,47,10,21,7,11,28,17,14,4,9,127,5,10,3,20,79,644,331,20,67,175,4,10,44,25,18,30,14,4,6,32,4,12,2,65,14,62,24,20,94,164,130,62,89,30,41,0,17,71,10,10,69,39,62,108,4,47,10,21,7,11,28,17,14,4,9,127,5,10,3,20,79,644,331,20,67,175,0.732828,32.2,0.5139751552795031,9.605590062111801,3.95,8.151898734177216,32.2,0.5139751552795031,9.605590062111801,3.95,8.151898734177216
ee9782e664018739c13fd789,benchmark://chstone-v0/dfmul,2,5,-loop-unswitch,True,-1.588972,-8.344450,2730a9338f849d52,2730a9338f849d52,644,644,0.002445,0.002649,6186,6186,79,79,20,20,644,644,331,331,4,10,44,25,18,30,14,4,6,32,4,12,2,65,14,62,24,20,94,164,130,62,89,30,41,0,17,71,10,10,69,39,62,108,4,47,10,21,7,11,28,17,14,4,9,127,5,10,3,20,79,644,331,20,67,175,4,10,44,25,18,30,14,4,6,32,4,12,2,65,14,62,24,20,94,164,130,62,89,30,41,0,17,71,10,10,69,39,62,108,4,47,10,21,7,11,28,17,14,4,9,127,5,10,3,20,79,644,331,20,67,175,-1.588972,32.2,0.5139751552795031,9.605590062111801,3.95,8.151898734177216,32.2,0.5139751552795031,9.605590062111801,3.95,8.151898734177216
ee9782e664018739c13fd789,benchmark://chstone-v0/dfmul,2,6,-loop-distribute,True,0.290801,11.170423,2730a9338f849d52,2730a9338f849d52,644,644,0.002445,0.002172,6186,6186,79,79,20,20,644,644,331,331,4,10,44,25,18,30,14,4,6,32,4,12,2,65,14,62,24,20,94,164,130,62,89,30,41,0,17,71,10,10,69,39,62,108,4,47,10,21,7,11,28,17,14,4,9,127,5,10,3,20,79,644,331,20,67,175,4,10,44,25,18,30,14,4,6,32,4,12,2,65,14,62,24,20,94,164,130,62,89,30,41,0,17,71,10,10,69,39,62,108,4,47,10,21,7,11,28,17,14,4,9,127,5,10,3,20,79,644,331,20,67,175,0.290801,32.2,0.5139751552795031,9.605590062111801,3.95,8.151898734177216,32.2,0.5139751552795031,9.605590062111801,3.95,8.151898734177216
ee9782e664018739c13fd789,benchmark://chstone-v0/dfmul,2,7,-indvars,True,1.252075,21.149892,2730a9338f849d52,7f2626ad58c31892,644,644,0.002445,0.001928,6186,6186,79,79,20,20,644,644,331,331,4,10,44,25,18,30,14,4,6,32,4,12,2,65,14,62,24,20,94,164,130,62,89,30,41,0,17,71,10,10,69,39,62,108,4,47,10,21,7,11,28,17,14,4,9,127,5,10,3,20,79,644,331,20,67,175,4,10,44,25,18,30,14,4,6,32,4,12,2,65,14,62,24,20,94,161,133,62,89,30,41,0,17,71,10,10,69,39,62,108,4,47,10,21,7,11,28,17,13,4,9,127,5,11,3,20,79,644,331,20,67,175,1.252075,32.2,0.5139751552795031,9.605590062111801,3.95,8.151898734177216,32.2,0.5139751552795031,9.605590062111801,3.95,8.151898734177216
5dd6bbd1e586f540ed7c107c,benchmark://chstone-v0/dfsin,0,0,-licm,True,1.259920,9.635199,a3106fd8231d07d9,c47567b52b10f4f7,2070,2077,0.002119,0.001915,10082,10698,254,254,35,35,2070,2077,1274,1265,0,9,156,93,61,127,60,31,19,95,6,9,0,245,9,222,82,39,317,363,304,117,246,127,101,0,40,175,14,31,223,174,222,281,5,117,15,484,7,31,9,32,24,0,29,329,22,10,8,40,254,2070,1274,35,18,907,1,16,156,93,61,127,60,31,19,95,6,17,0,237,17,222,82,39,317,363,304,117,246,127,101,0,40,175,14,34,220,174,222,281,5,117,15,475,7,31,25,32,24,0,29,329,22,10,8,40,254,2077,1265,35,42,898,1.259920,59.142857142857146,0.6154589371980677,4.8705314009661835,7.257142857142857,8.149606299212598,59.34285714285714,0.609051516610496,5.150698122291767,7.257142857142857,8.17716535433071
5dd6bbd1e586f540ed7c107c,benchmark://chstone-v0/dfsin,0,1,-loop-rotate,True,-0.085601,-11.051437,a3106fd8231d07d9,b1b01e4ab128cc1d,2070,2079,0.002119,0.002353,10082,10146,254,257,35,35,2070,2079,1274,1277,0,9,156,93,61,127,60,31,19,95,6,9,0,245,9,222,82,39,317,363,304,117,246,127,101,0,40,175,14,31,223,174,222,281,5,117,15,484,7,31,9,32,24,0,29,329,22,10,8,40,254,2070,1274,35,18,907,0,9,156,93,62,127,63,32,20,98,6,9,0,248,9,225,82,45,323,364,306,119,246,127,101,0,40,175,14,31,226,174,225,281,5,120,15,487,7,31,9,32,24,0,29,329,22,10,8,40,257,2079,1277,35,18,910,-0.085601,59.142857142857146,0.6154589371980677,4.8705314009661835,7.257142857142857,8.149606299212598,59.4,0.6142376142376142,4.88023088023088,7.3428571428571425,8.089494163424124
5dd6bbd1e586f540ed7c107c,benchmark://chstone-v0/dfsin,0,2,-loop-unroll,True,1.266363,9.734262,a3106fd8231d07d9,750e1c2d8d1d3fab,2070,2070,0.002119,0.001913,10082,10082,254,254,35,35,2070,2070,1274,1274,0,9,156,93,61,127,60,31,19,95,6,9,0,245,9,222,82,39,317,363,304,117,246,127,101,0,40,175,14,31,223,174,222,281,5,117,15,484,7,31,9,32,24,0,29,329,22,10,8,40,254,2070,1274,35,18,907,0,9,156,93,61,127,60,31,19,95,6,9,0,245,9,222,82,39,317,363,304,117,246,127,101,0,40,175,14,31,223,174,222,281,5,117,15,484,7,31,9,32,24,0,29,329,22,10,8,40,254,2070,1274,35,18,907,1.266363,59.142857142857146,0.6154589371980677,4.8705314009661835,7.257142857142857,8.149606299212598,59.142857142857146,0.6154589371980677,4.8705314009661835,7.257142857142857,8.149606299212598
5dd6bbd1e586f540ed7c107c,benchmark://chstone-v0/dfsin,0,3,-loop-vectorize,True,-1.059672,-26.027238,a3106fd8231d07d9,750e1c2d8d1d3fab,2070,2070,0.002119,0.002671,10082,10082,254,254,35,35,2070,2070,1274,1274,0,9,156,93,61,127,60,31,19,95,6,9,0,245,9,222,82,39,317,363,304,117,246,127,101,0,40,175,14,31,223,174,222,281,5,117,15,484,7,31,9,32,24,0,29,329,22,10,8,40,254,2070,1274,35,18,907,0,9,156,93,61,127,60,31,19,95,6,9,0,245,9,222,82,39,317,363,304,117,246,127,101,0,40,175,14,31,223,174,222,281,5,117,15,484,7,31,9,32,24,0,29,329,22,10,8,40,254,2070,1274,35,18,907,-1.059672,59.142857142857146,0.6154589371980677,4.8705314009661835,7.257142857142857,8.149606299212598,59.142857142857146,0.6154589371980677,4.8705314009661835,7.257142857142857,8.149606299212598
5dd6bbd1e586f540ed7c107c,benchmark://chstone-v0/dfsin,0,4,-loop-deletion,True,-1.582057,-34.058622,a3106fd8231d07d9,750e1c2d8d1d3fab,2070,2070,0.002119,0.002841,10082,10082,254,254,35,35,2070,2070,1274,1274,0,9,156,93,61,127,60,31,19,95,6,9,0,245,9,222,82,39,317,363,304,117,246,127,101,0,40,175,14,31,223,174,222,281,5,117,15,484,7,31,9,32,24,0,29,329,22,10,8,40,254,2070,1274,35,18,907,0,9,156,93,61,127,60,31,19,95,6,9,0,245,9,222,82,39,317,363,304,117,246,127,101,0,40,175,14,31,223,174,222,281,5,117,15,484,7,31,9,32,24,0,29,329,22,10,8,40,254,2070,1274,35,18,907,-1.582057,59.142857142857146,0.6154589371980677,4.8705314009661835,7.257142857142857,8.149606299212598,59.142857142857146,0.6154589371980677,4.8705314009661835,7.257142857142857,8.149606299212598
5dd6bbd1e586f540ed7c107c,benchmark://chstone-v0/dfsin,0,5,-loop-unswitch,True,0.484849,-2.281082,a3106fd8231d07d9,750e1c2d8d1d3fab,2070,2070,0.002119,0.002167,10082,10082,254,254,35,35,2070,2070,1274,1274,0,9,156,93,61,127,60,31,19,95,6,9,0,245,9,222,82,39,317,363,304,117,246,127,101,0,40,175,14,31,223,174,222,281,5,117,15,484,7,31,9,32,24,0,29,329,22,10,8,40,254,2070,1274,35,18,907,0,9,156,93,61,127,60,31,19,95,6,9,0,245,9,222,82,39,317,363,304,117,246,127,101,0,40,175,14,31,223,174,222,281,5,117,15,484,7,31,9,32,24,0,29,329,22,10,8,40,254,2070,1274,35,18,907,0.484849,59.142857142857146,0.6154589371980677,4.8705314009661835,7.257142857142857,8.149606299212598,59.142857142857146,0.6154589371980677,4.8705314009661835,7.257142857142857,8.149606299212598
5dd6bbd1e586f540ed7c107c,benchmark://chstone-v0/dfsin,0,6,-loop-distribute,True,-0.812886,-22.233053,a3106fd8231d07d9,750e1c2d8d1d3fab,2070,2070,0.002119,0.002590,10082,10082,254,254,35,35,2070,2070,1274,1274,0,9,156,93,61,127,60,31,19,95,6,9,0,245,9,222,82,39,317,363,304,117,246,127,101,0,40,175,14,31,223,174,222,281,5,117,15,484,7,31,9,32,24,0,29,329,22,10,8,40,254,2070,1274,35,18,907,0,9,156,93,61,127,60,31,19,95,6,9,0,245,9,222,82,39,317,363,304,117,246,127,101,0,40,175,14,31,223,174,222,281,5,117,15,484,7,31,9,32,24,0,29,329,22,10,8,40,254,2070,1274,35,18,907,-0.812886,59.142857142857146,0.6154589371980677,4.8705314009661835,7.257142857142857,8.149606299212598,59.142857142857146,0.6154589371980677,4.8705314009661835,7.257142857142857,8.149606299212598
5dd6bbd1e586f540ed7c107c,benchmark://chstone-v0/dfsin,0,7,-indvars,True,0.529084,-1.601003,a3106fd8231d07d9,750e1c2d8d1d3fab,2070,2070,0.002119,0.002153,10082,10082,254,254,35,35,2070,2070,1274,1274,0,9,156,93,61,127,60,31,19,95,6,9,0,245,9,222,82,39,317,363,304,117,246,127,101,0,40,175,14,31,223,174,222,281,5,117,15,484,7,31,9,32,24,0,29,329,22,10,8,40,254,2070,1274,35,18,907,0,9,156,93,61,127,60,31,19,95,6,9,0,245,9,222,82,39,317,363,304,117,246,127,101,0,40,175,14,31,223,174,222,281,5,117,15,484,7,31,9,32,24,0,29,329,22,10,8,40,254,2070,1274,35,18,907,0.529084,59.142857142857146,0.6154589371980677,4.8705314009661835,7.257142857142857,8.149606299212598,59.142857142857146,0.6154589371980677,4.8705314009661835,7.257142857142857,8.149606299212598
d8ee4ff5bf0efab02eb8565a,benchmark://chstone-v0/dfsin,1,0,-licm,True,1.661888,9.656145,c43c8201a20def57,a91482015bcff52e,1602,1621,0.002202,0.001989,12169,12729,254,254,35,35,1602,1621,909,910,0,9,156,93,61,127,60,31,19,95,6,9,0,245,9,222,82,39,317,358,300,112,245,127,95,0,36,175,14,23,231,88,222,281,3,114,15,121,6,31,9,32,21,0,27,329,22,10,8,36,254,1602,909,35,18,451,1,16,156,93,61,127,60,31,19,95,6,16,1,237,17,222,82,39,317,358,300,112,245,127,95,0,36,175,14,23,231,88,222,281,3,114,15,122,6,31,27,32,21,0,27,329,22,10,8,36,254,1621,910,35,44,452,1.661888,45.77142857142857,0.5674157303370787,7.596129837702871,7.257142857142857,6.307086614173229,46.31428571428572,0.5613818630475016,7.852560148056755,7.257142857142857,6.381889763779528
d8ee4ff5bf0efab02eb8565a,benchmark://chstone-v0/dfsin,1,1,-loop-rotate,True,-0.560693,-17.640092,c43c8201a20def57,6618ea0fda600ee6,1602,1617,0.002202,0.002590,12169,12393,254,257,35,35,1602,1617,909,912,0,9,156,93,61,127,60,31,19,95,6,9,0,245,9,222,82,39,317,358,300,112,245,127,95,0,36,175,14,23,231,88,222,281,3,114,15,121,6,31,9,32,21,0,27,329,22,10,8,36,254,1602,909,35,18,451,0,15,156,93,62,127,63,32,20,98,6,15,0,242,15,225,82,45,323,359,302,114,245,127,95,0,36,175,14,23,234,88,225,281,3,117,15,124,6,31,15,32,21,0,27,329,22,10,8,36,257,1617,912,35,28,454,-0.560693,45.77142857142857,0.5674157303370787,7.596129837702871,7.257142857142857,6.307086614173229,46.2,0.5640074211502782,7.664192949907235,7.3428571428571425,6.291828793774319
d8ee4ff5bf0efab02eb8565a,benchmark://chstone-v0/dfsin,1,2,-loop-unroll,True,-1.241992,-26.007341,c43c8201a20def57,dfe0692e7413d238,1602,1604,0.002202,0.002774,12169,12217,254,254,35,35,1602,1604,909,909,0,9,156,93,61,127,60,31,19,95,6,9,0,245,9,222,82,39,317,358,300,112,245,127,95,0,36,175,14,23,231,88,222,281,3,114,15,121,6,31,9,32,21,0,27,329,22,10,8,36,254,1602,909,35,18,451,0,11,156,93,61,127,60,31,19,95,6,11,0,243,11,222,82,39,317,358,300,112,245,127,95,0,36,175,14,23,231,88,222,281,3,114,15,121,6,31,11,32,21,0,27,329,22,10,8,36,254,1604,909,35,20,451,-1.241992,45.77142857142857,0.5674157303370787,7.596129837702871,7.257142857142857,6.307086614173229,45.82857142857143,0.566708229426434,7.616583541147132,7.257142857142857,6.31496062992126
d8ee4ff5bf0efab02eb8565a,benchmark://chstone-v0/dfsin,1,3,-loop-vectorize,True,-0.637909,-18.588407,c43c8201a20def57,dfe0692e7413d238,1602,1604,0.002202,0.002611,12169,12217,254,254,35,35,1602,1604,909,909,0,9,156,93,61,127,60,31,19,95,6,9,0,245,9,222,82,39,317,358,300,112,245,127,95,0,36,175,14,23,231,88,222,281,3,114,15,121,6,31,9,32,21,0,27,329,22,10,8,36,254,1602,909,35,18,451,0,11,156,93,61,127,60,31,19,95,6,11,0,243,11,222,82,39,317,358,300,112,245,127,95,0,36,175,14,23,231,88,222,281,3,114,15,121,6,31,11,32,21,0,27,329,22,10,8,36,254,1604,909,35,20,451,-0.637909,45.77142857142857,0.5674157303370787,7.596129837702871,7.257142857142857,6.307086614173229,45.82857142857143,0.566708229426434,7.616583541147132,7.257142857142857,6.31496062992126
d8ee4ff5bf0efab02eb8565a,benchmark://chstone-v0/dfsin,1,4,-loop-deletion,True,0.068462,-9.913230,c43c8201a20def57,dfe0692e7413d238,1602,1604,0.002202,0.002420,12169,12217,254,254,35,35,1602,1604,909,909,0,9,156,93,61,127,60,31,19,95,6,9,0,245,9,222,82,39,317,358,300,112,245,127,95,0,36,175,14,23,231,88,222,281,3,114,15,121,6,31,9,32,21,0,27,329,22,10,8,36,254,1602,909,35,18,451,0,11,156,93,61,127,60,31,19,95,6,11,0,243,11,222,82,39,317,358,300,112,245,127,95,0,36,175,14,23,231,88,222,281,3,114,15,121,6,31,11,32,21,0,27,329,22,10,8,36,254,1604,909,35,20,451,0.068462,45.77142857142857,0.5674157303370787,7.596129837702871,7.257142857142857,6.307086614173229,45.82857142857143,0.566708229426434,7.616583541147132,7.257142857142857,6.31496062992126
d8ee4ff5bf0efab02eb8565a,benchmark://chstone-v0/dfsin,1,5,-loop-unswitch,True,1.228259,4.330609,c43c8201a20def57,dfe0692e7413d238,1602,1604,0.002202,0.002106,12169,12217,254,254,35,35,1602,1604,909,909,0,9,156,93,61,127,60,31,19,95,6,9,0,245,9,222,82,39,317,358,300,112,245,127,95,0,36,175,14,23,231,88,222,281,3,114,15,121,6,31,9,32,21,0,27,329,22,10,8,36,254,1602,909,35,18,451,0,11,156,93,61,127,60,31,19,95,6,11,0,243,11,222,82,39,317,358,300,112,245,127,95,0,36,175,14,23,231,88,222,281,3,114,15,121,6,31,11,32,21,0,27,329,22,10,8,36,254,1604,909,35,20,451,1.228259,45.77142857142857,0.5674157303370787,7.596129837702871,7.257142857142857,6.307086614173229,45.82857142857143,0.566708229426434,7.616583541147132,7.257142857142857,6.31496062992126
d8ee4ff5bf0efab02eb8565a,benchmark://chstone-v0/dfsin,1,6,-loop-distribute,True,-1.073501,-23.938052,c43c8201a20def57,c43c8201a20def57,1602,1602,0.002202,0.002729,12169,12169,254,254,35,35,1602,1602,909,909,0,9,156,93,61,127,60,31,19,95,6,9,0,245,9,222,82,39,317,358,300,112,245,127,95,0,36,175,14,23,231,88,222,281,3,114,15,121,6,31,9,32,21,0,27,329,22,10,8,36,254,1602,909,35,18,451,0,9,156,93,61,127,60,31,19,95,6,9,0,245,9,222,82,39,317,358,300,112,245,127,95,0,36,175,14,23,231,88,222,281,3,114,15,121,6,31,9,32,21,0,27,329,22,10,8,36,254,1602,909,35,18,451,-1.073501,45.77142857142857,0.5674157303370787,7.596129837702871,7.257142857142857,6.307086614173229,45.77142857142857,0.5674157303370787,7.596129837702871,7.257142857142857,6.307086614173229
d8ee4ff5bf0efab02eb8565a,benchmark://chstone-v0/dfsin,1,7,-indvars,True,0.555488,-3.931911,c43c8201a20def57,dfe0692e7413d238,1602,1604,0.002202,0.002288,12169,12217,254,254,35,35,1602,1604,909,909,0,9,156,93,61,127,60,31,19,95,6,9,0,245,9,222,82,39,317,358,300,112,245,127,95,0,36,175,14,23,231,88,222,281,3,114,15,121,6,31,9,32,21,0,27,329,22,10,8,36,254,1602,909,35,18,451,0,11,156,93,61,127,60,31,19,95,6,11,0,243,11,222,82,39,317,358,300,112,245,127,95,0,36,175,14,23,231,88,222,281,3,114,15,121,6,31,11,32,21,0,27,329,22,10,8,36,254,1604,909,35,20,451,0.555488,45.77142857142857,0.5674157303370787,7.596129837702871,7.257142857142857,6.307086614173229,45.82857142857143,0.566708229426434,7.616583541147132,7.257142857142857,6.31496062992126
1e726a4dc65f5d56e048234e,benchmark://chstone-v0/dfsin,2,0,-licm,True,-0.090305,3.727596,ee15087accb7a93a,ee15087accb7a93a,1562,1562,0.002391,0.002302,14035,14035,213,213,35,35,1562,1562,835,835,14,31,132,79,48,98,39,16,16,80,10,43,2,168,45,178,82,37,267,377,311,127,247,98,98,0,38,175,15,25,188,88,178,281,3,108,15,47,10,31,80,32,21,7,24,329,21,10,8,36,213,1562,835,35,189,377,14,31,132,79,48,98,39,16,16,80,10,43,2,168,45,178,82,37,267,377,311,127,247,98,98,0,38,175,15,25,188,88,178,281,3,108,15,47,10,31,80,32,21,7,24,329,21,10,8,36,213,1562,835,35,189,377,-0.090305,44.628571428571426,0.5345710627400768,8.98527528809219,6.085714285714285,7.333333333333333,44.628571428571426,0.5345710627400768,8.98527528809219,6.085714285714285,7.333333333333333
1e726a4dc65f5d56e048234e,benchmark://chstone-v0/dfsin,2,1,-loop-rotate,True,0.635617,11.904688,ee15087accb7a93a,0095ffe4ab8e5c6a,1562,1570,0.002391,0.002106,14035,14091,213,214,35,35,1562,1570,835,837,14,31,132,79,48,98,39,16,16,80,10,43,2,168,45,178,82,37,267,377,311,127,247,98,98,0,38,175,15,25,188,88,178,281,3,108,15,47,10,31,80,32,21,7,24,329,21,10,8,36,213,1562,835,35,189,377,13,34,131,78,48,97,41,16,18,82,10,45,2,167,47,179,82,42,270,377,313,129,247,97,98,0,38,175,15,25,189,88,179,281,3,110,15,49,10,31,83,32,21,7,24,329,21,10,8,36,214,1570,837,35,195,379,0.635617,44.628571428571426,0.5345710627400768,8.98527528809219,6.085714285714285,7.333333333333333,44.857142857142854,0.5331210191082802,8.975159235668789,6.114285714285714,7.336448598130841
1e726a4dc65f5d56e048234e,benchmark://chstone-v0/dfsin,2,2,-loop-unroll,True,0.688950,12.505453,ee15087accb7a93a,ee15087accb7a93a,1562,1562,0.002391,0.002092,14035,14035,213,213,35,35,1562,1562,835,835,14,31,132,79,48,98,39,16,16,80,10,43,2,168,45,178,82,37,267,377,311,127,247,98,98,0,38,175,15,25,188,88,178,281,3,108,15,47,10,31,80,32,21,7,24,329,21,10,8,36,213,1562,835,35,189,377,14,31,132,79,48,98,39,16,16,80,10,43,2,168,45,178,82,37,267,377,311,127,247,98,98,0,38,175,15,25,188,88,178,281,3,108,15,47,10,31,80,32,21,7,24,329,21,10,8,36,213,1562,835,35,189,377,0.688950,44.628571428571426,0.5345710627400768,8.98527528809219,6.085714285714285,7.333333333333333,44.628571428571426,0.5345710627400768,8.98527528809219,6.085714285714285,7.333333333333333
1e726a4dc65f5d56e048234e,benchmark://chstone-v0/dfsin,2,3,-loop-vectorize,True,0.398600,9.234819,ee15087accb7a93a,ee15087accb7a93a,1562,1562,0.002391,0.002170,14035,14035,213,213,35,35,1562,1562,835,835,14,31,132,79,48,98,39,16,16,80,10,43,2,168,45,178,82,37,267,377,311,127,247,98,98,0,38,175,15,25,188,88,178,281,3,108,15,47,10,31,80,32,21,7,24,329,21,10,8,36,213,1562,835,35,189,377,14,31,132,79,48,98,39,16,16,80,10,43,2,168,45,178,82,37,267,377,311,127,247,98,98,0,38,175,15,25,188,88,178,281,3,108,15,47,10,31,80,32,21,7,24,329,21,10,8,36,213,1562,835,35,189,377,0.398600,44.628571428571426,0.5345710627400768,8.98527528809219,6.085714285714285,7.333333333333333,44.628571428571426,0.5345710627400768,8.98527528809219,6.085714285714285,7.333333333333333
1e726a4dc65f5d56e048234e,benchmark://chstone-v0/dfsin,2,4,-loop-deletion,True,-1.917699,-16.856951,ee15087accb7a93a,ee15087accb7a93a,1562,1562,0.002391,0.002794,14035,14035,213,213,35,35,1562,1562,835,835,14,31,132,79,48,98,39,16,16,80,10,43,2,168,45,178,82,37,267,377,311,127,247,98,98,0,38,175,15,25,188,88,178,281,3,108,15,47,10,31,80,32,21,7,24,329,21,10,8,36,213,1562,835,35,189,377,14,31,132,79,48,98,39,16,16,80,10,43,2,168,45,178,82,37,267,377,311,127,247,98,98,0,38,175,15,25,188,88,178,281,3,108,15,47,10,31,80,32,21,7,24,329,21,10,8,36,213,1562,835,35,189,377,-1.917699,44.628571428571426,0.5345710627400768,8.98527528809219,6.085714285714285,7.333333333333333,44.628571428571426,0.5345710627400768,8.98527528809219,6.085714285714285,7.333333333333333
1e726a4dc65f5d56e048234e,benchmark://chstone-v0/dfsin,2,5,-loop-unswitch,True,0.306864,8.201474,ee15087accb7a93a,ee15087accb7a93a,1562,1562,0.002391,0.002195,14035,14035,213,213,35,35,1562,1562,835,835,14,31,132,79,48,98,39,16,16,80,10,43,2,168,45,178,82,37,267,377,311,127,247,98,98,0,38,175,15,25,188,88,178,281,3,108,15,47,10,31,80,32,21,7,24,329,21,10,8,36,213,1562,835,35,189,377,14,31,132,79,48,98,39,16,16,80,10,43,2,168,45,178,82,37,267,377,311,127,247,98,98,0,38,175,15,25,188,88,178,281,3,108,15,47,10,31,80,32,21,7,24,329,21,10,8,36,213,1562,835,35,189,377,0.306864,44.628571428571426,0.5345710627400768,8.98527528809219,6.085714285714285,7.333333333333333,44.628571428571426,0.5345710627400768,8.98527528809219,6.085714285714285,7.333333333333333
1e726a4dc65f5d56e048234e,benchmark://chstone-v0/dfsin,2,6,-loop-distribute,True,1.250399,18.829848,ee15087accb7a93a,ee15087accb7a93a,1562,1562,0.002391,0.001941,14035,14035,213,213,35,35,1562,1562,835,835,14,31,132,79,48,98,39,16,16,80,10,43,2,168,45,178,82,37,267,377,311,127,247,98,98,0,38,175,15,25,188,88,178,281,3,108,15,47,10,31,80,32,21,7,24,329,21,10,8,36,213,1562,835,35,189,377,14,31,132,79,48,98,39,16,16,80,10,43,2,168,45,178,82,37,267,377,311,127,247,98,98,0,38,175,15,25,188,88,178,281,3,108,15,47,10,31,80,32,21,7,24,329,21,10,8,36,213,1562,835,35,189,377,1.250399,44.628571428571426,0.5345710627400768,8.98527528809219,6.085714285714285,7.333333333333333,44.628571428571426,0.5345710627400768,8.98527528809219,6.085714285714285,7.333333333333333
1e726a4dc65f5d56e048234e,benchmark://chstone-v0/dfsin,2,7,-indvars,True,-1.272427,-9.588329,ee15087accb7a93a,8c2a8bfea98324c0,1562,1562,0.002391,0.002620,14035,14035,213,213,35,35,1562,1562,835,835,14,31,132,79,48,98,39,16,16,80,10,43,2,168,45,178,82,37,267,377,311,127,247,98,98,0,38,175,15,25,188,88,178,281,3,108,15,47,10,31,80,32,21,7,24,329,21,10,8,36,213,1562,835,35,189,377,14,31,132,79,48,98,39,16,16,80,10,43,2,168,45,178,82,37,267,374,314,127,247,98,98,0,38,175,15,25,188,88,178,281,3,108,15,47,10,31,80,32,20,7,24,329,21,11,8,36,213,1562,835,35,189,377,-1.272427,44.628571428571426,0.5345710627400768,8.98527528809219,6.085714285714285,7.333333333333333,44.628571428571426,0.5345710627400768,8.98527528809219,6.085714285714285,7.333333333333333
f982ee2185be2809a697f033,benchmark://chstone-v0/gsm,0,0,-licm,True,-0.297963,-8.264877,1020233c14886c2d,ab4e79ef795fc692,1809,1819,0.002295,0.002484,7455,9318,200,200,15,15,1809,1819,1063,1012,0,24,129,102,24,125,57,19,29,61,2,24,0,176,24,186,38,13,250,223,223,109,120,125,72,16,74,55,8,24,176,58,186,101,151,63,0,521,47,0,24,12,192,0,7,235,17,32,1,7,200,1809,1063,15,48,865,3,51,129,102,24,125,57,19,29,61,2,50,4,146,54,186,38,13,250,223,223,109,120,125,72,16,74,55,8,21,179,58,186,101,151,63,0,474,47,0,85,12,192,0,7,231,17,32,1,7,200,1819,1012,15,139,818,-0.297963,120.6,0.5876174682144831,4.12106135986733,13.333333333333334,9.045,121.26666666666667,0.5563496426608027,5.122594832325453,13.333333333333334,9.095
f982ee2185be2809a697f033,benchmark://chstone-v0/gsm,0,1,-loop-rotate,True,-0.290800,-8.179565,1020233c14886c2d,30d14f8cc5072863,1809,1867,0.002295,0.002482,7455,7798,200,218,15,15,1809,1867,1063,1083,0,24,129,102,24,125,57,19,29,61,2,24,0,176,24,186,38,13,250,223,223,109,120,125,72,16,74,55,8,24,176,58,186,101,151,63,0,521,47,0,24,12,192,0,7,235,17,32,1,7,200,1809,1063,15,48,865,0,24,129,86,42,125,75,39,25,79,2,24,0,194,24,204,38,49,286,242,223,114,120,125,74,16,75,55,8,25,193,58,204,101,151,81,0,540,47,0,24,12,192,0,7,236,18,32,1,7,218,1867,1083,15,48,884,-0.290800,120.6,0.5876174682144831,4.12106135986733,13.333333333333334,9.045,124.46666666666667,0.580074986609534,4.176754151044456,14.533333333333333,8.564220183486238
f982ee2185be2809a697f033,benchmark://chstone-v0/gsm,0,2,-loop-unroll,True,-0.487883,-10.526602,1020233c14886c2d,278a253fa2345c36,1809,1809,0.002295,0.002536,7455,7455,200,200,15,15,1809,1809,1063,1063,0,24,129,102,24,125,57,19,29,61,2,24,0,176,24,186,38,13,250,223,223,109,120,125,72,16,74,55,8,24,176,58,186,101,151,63,0,521,47,0,24,12,192,0,7,235,17,32,1,7,200,1809,1063,15,48,865,0,24,129,102,24,125,57,19,29,61,2,24,0,176,24,186,38,13,250,223,223,109,120,125,72,16,74,55,8,24,176,58,186,101,151,63,0,521,47,0,24,12,192,0,7,235,17,32,1,7,200,1809,1063,15,48,865,-0.487883,120.6,0.5876174682144831,4.12106135986733,13.333333333333334,9.045,120.6,0.5876174682144831,4.12106135986733,13.333333333333334,9.045
f982ee2185be2809a697f033,benchmark://chstone-v0/gsm,0,3,-loop-vectorize,True,-0.017395,-4.923632,1020233c14886c2d,278a253fa2345c36,1809,1809,0.002295,0.002408,7455,7455,200,200,15,15,1809,1809,1063,1063,0,24,129,102,24,125,57,19,29,61,2,24,0,176,24,186,38,13,250,223,223,109,120,125,72,16,74,55,8,24,176,58,186,101,151,63,0,521,47,0,24,12,192,0,7,235,17,32,1,7,200,1809,1063,15,48,865,0,24,129,102,24,125,57,19,29,61,2,24,0,176,24,186,38,13,250,223,223,109,120,125,72,16,74,55,8,24,176,58,186,101,151,63,0,521,47,0,24,12,192,0,7,235,17,32,1,7,200,1809,1063,15,48,865,-0.017395,120.6,0.5876174682144831,4.12106135986733,13.333333333333334,9.045,120.6,0.5876174682144831,4.12106135986733,13.333333333333334,9.045
f982ee2185be2809a697f033,benchmark://chstone-v0/gsm,0,4,-loop-deletion,True,1.575190,14.042207,1020233c14886c2d,278a253fa2345c36,1809,1809,0.002295,0.001972,7455,7455,200,200,15,15,1809,1809,1063,1063,0,24,129,102,24,125,57,19,29,61,2,24,0,176,24,186,38,13,250,223,223,109,120,125,72,16,74,55,8,24,176,58,186,101,151,63,0,521,47,0,24,12,192,0,7,235,17,32,1,7,200,1809,1063,15,48,865,0,24,129,102,24,125,57,19,29,61,2,24,0,176,24,186,38,13,250,223,223,109,120,125,72,16,74,55,8,24,176,58,186,101,151,63,0,521,47,0,24,12,192,0,7,235,17,32,1,7,200,1809,1063,15,48,865,1.575190,120.6,0.5876174682144831,4.12106135986733,13.333333333333334,9.045,120.6,0.5876174682144831,4.12106135986733,13.333333333333334,9.045
f982ee2185be2809a697f033,benchmark://chstone-v0/gsm,0,5,-loop-unswitch,True,-1.089733,-17.693939,1020233c14886c2d,278a253fa2345c36,1809,1809,0.002295,0.002701,7455,7455,200,200,15,15,1809,1809,1063,1063,0,24,129,102,24,125,57,19,29,61,2,24,0,176,24,186,38,13,250,223,223,109,120,125,72,16,74,55,8,24,176,58,186,101,151,63,0,521,47,0,24,12,192,0,7,235,17,32,1,7,200,1809,1063,15,48,865,0,24,129,102,24,125,57,19,29,61,2,24,0,176,24,186,38,13,250,223,223,109,120,125,72,16,74,55,8,24,176,58,186,101,151,63,0,521,47,0,24,12,192,0,7,235,17,32,1,7,200,1809,1063,15,48,865,-1.089733,120.6,0.5876174682144831,4.12106135986733,13.333333333333334,9.045,120.6,0.5876174682144831,4.12106135986733,13.333333333333334,9.045
f982ee2185be2809a697f033,benchmark://chstone-v0/gsm,0,6,-loop-distribute,True,1.670746,15.180172,1020233c14886c2d,278a253fa2345c36,1809,1809,0.002295,0.001946,7455,7455,200,200,15,15,1809,1809,1063,1063,0,24,129,102,24,125,57,19,29,61,2,24,0,176,24,186,38,13,250,223,223,109,120,125,72,16,74,55,8,24,176,58,186,101,151,63,0,521,47,0,24,12,192,0,7,235,17,32,1,7,200,1809,1063,15,48,865,0,24,129,102,24,125,57,19,29,61,2,24,0,176,24,186,38,13,250,223,223,109,120,125,72,16,74,55,8,24,176,58,186,101,151,63,0,521,47,0,24,12,192,0,7,235,17,32,1,7,200,1809,1063,15,48,865,1.670746,120.6,0.5876174682144831,4.12106135986733,13.333333333333334,9.045,120.6,0.5876174682144831,4.12106135986733,13.333333333333334,9.045
f982ee2185be2809a697f033,benchmark://chstone-v0/gsm,0,7,-indvars,True,-1.062162,-17.365594,1020233c14886c2d,278a253fa2345c36,1809,1809,0.002295,0.002693,7455,7455,200,200,15,15,1809,1809,1063,1063,0,24,129,102,24,125,57,19,29,61,2,24,0,176,24,186,38,13,250,223,223,109,120,125,72,16,74,55,8,24,176,58,186,101,151,63,0,521,47,0,24,12,192,0,7,235,17,32,1,7,200,1809,1063,15,48,865,0,24,129,102,24,125,57,19,29,61,2,24,0,176,24,186,38,13,250,223,223,109,120,125,72,16,74,55,8,24,176,58,186,101,151,63,0,521,47,0,24,12,192,0,7,235,17,32,1,7,200,1809,1063,15,48,865,-1.062162,120.6,0.5876174682144831,4.12106135986733,13.333333333333334,9.045,120.6,0.5876174682144831,4.12106135986733,13.333333333333334,9.045
dfcc5b433c80af35de847e9e,benchmark://chstone-v0/gsm,1,0,-licm,True,-1.654676,-31.516592,48832bb69fe10ca1,11690ff4bc1bd5b6,1374,1449,0.002043,0.002687,7584,9946,200,200,15,15,1374,1449,733,725,0,24,129,102,24,125,57,19,29,61,2,24,0,176,24,186,38,13,250,220,188,75,116,125,70,16,72,55,8,15,185,29,186,101,122,62,0,220,47,0,24,12,119,0,7,235,17,32,1,7,200,1374,733,15,48,462,4,62,129,102,24,125,57,19,29,61,2,62,4,134,66,186,38,13,250,220,188,75,116,125,70,16,72,55,8,15,185,29,186,101,122,62,0,216,47,0,107,12,119,0,7,231,17,32,1,7,200,1449,725,15,171,458,-1.654676,91.6,0.5334788937409025,5.5196506550218345,13.333333333333334,6.87,96.6,0.5003450655624568,6.864044168391994,13.333333333333334,7.245
dfcc5b433c80af35de847e9e,benchmark://chstone-v0/gsm,1,1,-loop-rotate,True,1.457148,14.192505,48832bb69fe10ca1,fd53c154a2443c51,1374,1445,0.002043,0.001753,7584,8252,200,218,15,15,1374,1445,733,752,0,24,129,102,24,125,57,19,29,61,2,24,0,176,24,186,38,13,250,220,188,75,116,125,70,16,72,55,8,15,185,29,186,101,122,62,0,220,47,0,24,12,119,0,7,235,17,32,1,7,200,1374,733,15,48,462,0,39,129,86,42,125,75,39,25,79,2,39,0,179,39,204,38,49,286,238,188,80,116,125,71,16,73,55,8,15,203,29,204,101,122,80,0,238,47,0,39,12,119,0,7,236,17,32,1,7,218,1445,752,15,77,480,1.457148,91.6,0.5334788937409025,5.5196506550218345,13.333333333333334,6.87,96.33333333333333,0.5204152249134948,5.7107266435986155,14.533333333333333,6.628440366972477
dfcc5b433c80af35de847e9e,benchmark://chstone-v0/gsm,1,2,-loop-unroll,True,0.479840,-0.163025,48832bb69fe10ca1,359d6b790dad3dc0,1374,1375,0.002043,0.002046,7584,7600,200,200,15,15,1374,1375,733,733,0,24,129,102,24,125,57,19,29,61,2,24,0,176,24,186,38,13,250,220,188,75,116,125,70,16,72,55,8,15,185,29,186,101,122,62,0,220,47,0,24,12,119,0,7,235,17,32,1,7,200,1374,733,15,48,462,0,25,129,102,24,125,57,19,29,61,2,25,0,175,25,186,38,13,250,220,188,75,116,125,70,16,72,55,8,15,185,29,186,101,122,62,0,220,47,0,25,12,119,0,7,235,17,32,1,7,200,1375,733,15,49,462,0.479840,91.6,0.5334788937409025,5.5196506550218345,13.333333333333334,6.87,91.66666666666667,0.5330909090909091,5.527272727272727,13.333333333333334,6.875
dfcc5b433c80af35de847e9e,benchmark://chstone-v0/gsm,1,3,-loop-vectorize,True,-0.659472,-16.898197,48832bb69fe10ca1,48832bb69fe10ca1,1374,1374,0.002043,0.002388,7584,7584,200,200,15,15,1374,1374,733,733,0,24,129,102,24,125,57,19,29,61,2,24,0,176,24,186,38,13,250,220,188,75,116,125,70,16,72,55,8,15,185,29,186,101,122,62,0,220,47,0,24,12,119,0,7,235,17,32,1,7,200,1374,733,15,48,462,0,24,129,102,24,125,57,19,29,61,2,24,0,176,24,186,38,13,250,220,188,75,116,125,70,16,72,55,8,15,185,29,186,101,122,62,0,220,47,0,24,12,119,0,7,235,17,32,1,7,200,1374,733,15,48,462,-0.659472,91.6,0.5334788937409025,5.5196506550218345,13.333333333333334,6.87,91.6,0.5334788937409025,5.5196506550218345,13.333333333333334,6.87
dfcc5b433c80af35de847e9e,benchmark://chstone-v0/gsm,1,4,-loop-deletion,True,-1.145761,-24.041223,48832bb69fe10ca1,359d6b790dad3dc0,1374,1375,0.002043,0.002534,7584,7600,200,200,15,15,1374,1375,733,733,0,24,129,102,24,125,57,19,29,61,2,24,0,176,24,186,38,13,250,220,188,75,116,125,70,16,72,55,8,15,185,29,186,101,122,62,0,220,47,0,24,12,119,0,7,235,17,32,1,7,200,1374,733,15,48,462,0,25,129,102,24,125,57,19,29,61,2,25,0,175,25,186,38,13,250,220,188,75,116,125,70,16,72,55,8,15,185,29,186,101,122,62,0,220,47,0,25,12,119,0,7,235,17,32,1,7,200,1375,733,15,49,462,-1.145761,91.6,0.5334788937409025,5.5196506550218345,13.333333333333334,6.87,91.66666666666667,0.5330909090909091,5.527272727272727,13.333333333333334,6.875
dfcc5b433c80af35de847e9e,benchmark://chstone-v0/gsm,1,5,-loop-unswitch,True,-0.000372,-7.216789,48832bb69fe10ca1,359d6b790dad3dc0,1374,1375,0.002043,0.002190,7584,7600,200,200,15,15,1374,1375,733,733,0,24,129,102,24,125,57,19,29,61,2,24,0,176,24,186,38,13,250,220,188,75,116,125,70,16,72,55,8,15,185,29,186,101,122,62,0,220,47,0,24,12,119,0,7,235,17,32,1,7,200,1374,733,15,48,462,0,25,129,102,24,125,57,19,29,61,2,25,0,175,25,186,38,13,250,220,188,75,116,125,70,16,72,55,8,15,185,29,186,101,122,62,0,220,47,0,25,12,119,0,7,235,17,32,1,7,200,1375,733,15,49,462,-0.000372,91.6,0.5334788937409025,5.5196506550218345,13.333333333333334,6.87,91.66666666666667,0.5330909090909091,5.527272727272727,13.333333333333334,6.875
dfcc5b433c80af35de847e9e,benchmark://chstone-v0/gsm,1,6,-loop-distribute,True,0.779514,4.238841,48832bb69fe10ca1,48832bb69fe10ca1,1374,1374,0.002043,0.001956,7584,7584,200,200,15,15,1374,1374,733,733,0,24,129,102,24,125,57,19,29,61,2,24,0,176,24,186,38,13,250,220,188,75,116,125,70,16,72,55,8,15,185,29,186,101,122,62,0,220,47,0,24,12,119,0,7,235,17,32,1,7,200,1374,733,15,48,462,0,24,129,102,24,125,57,19,29,61,2,24,0,176,24,186,38,13,250,220,188,75,116,125,70,16,72,55,8,15,185,29,186,101,122,62,0,220,47,0,24,12,119,0,7,235,17,32,1,7,200,1374,733,15,48,462,0.779514,91.6,0.5334788937409025,5.5196506550218345,13.333333333333334,6.87,91.6,0.5334788937409025,5.5196506550218345,13.333333333333334,6.87
dfcc5b433c80af35de847e9e,benchmark://chstone-v0/gsm,1,7,-indvars,True,0.743779,3.713932,48832bb69fe10ca1,359d6b790dad3dc0,1374,1375,0.002043,0.001967,7584,7600,200,200,15,15,1374,1375,733,733,0,24,129,102,24,125,57,19,29,61,2,24,0,176,24,186,38,13,250,220,188,75,116,125,70,16,72,55,8,15,185,29,186,101,122,62,0,220,47,0,24,12,119,0,7,235,17,32,1,7,200,1374,733,15,48,462,0,25,129,102,24,125,57,19,29,61,2,25,0,175,25,186,38,13,250,220,188,75,116,125,70,16,72,55,8,15,185,29,186,101,122,62,0,220,47,0,25,12,119,0,7,235,17,32,1,7,200,1375,733,15,49,462,0.743779,91.6,0.5334788937409025,5.5196506550218345,13.333333333333334,6.87,91.66666666666667,0.5330909090909091,5.527272727272727,13.333333333333334,6.875
acd7a45470b34aa89d89a5b6,benchmark://chstone-v0/gsm,2,0,-licm,True,-1.180700,-27.007998,daf6f381ac46a7e7,f0d8ae441d0cb061,1291,1353,0.001967,0.002498,8444,9870,183,183,15,15,1291,1353,633,643,2,52,112,85,24,108,57,19,29,61,2,54,0,129,54,169,38,13,233,242,171,90,118,108,70,16,72,55,8,15,168,29,169,101,104,62,0,138,47,0,67,12,110,0,7,235,17,32,1,7,183,1291,633,15,136,371,8,63,112,85,24,108,57,19,29,61,2,65,6,112,71,169,38,13,233,242,171,90,118,108,70,16,72,55,8,15,168,29,169,101,104,62,0,157,47,0,119,12,110,0,7,226,17,32,1,7,183,1353,643,15,210,390,-1.180700,86.06666666666666,0.4903175832687839,6.540666150271107,12.2,7.054644808743169,90.2,0.475240206947524,7.29490022172949,12.2,7.39344262295082
acd7a45470b34aa89d89a5b6,benchmark://chstone-v0/gsm,2,1,-loop-rotate,True,0.708265,0.599431,daf6f381ac46a7e7,4929715ae36d3ce1,1291,1285,0.001967,0.001955,8444,8376,183,169,15,15,1291,1285,633,634,2,52,112,85,24,108,57,19,29,61,2,54,0,129,54,169,38,13,233,242,171,90,118,108,70,16,72,55,8,15,168,29,169,101,104,62,0,138,47,0,67,12,110,0,7,235,17,32,1,7,183,1291,633,15,136,371,1,59,96,71,22,92,59,17,33,63,2,60,0,109,60,155,38,33,221,244,171,89,119,92,70,16,72,55,8,18,151,29,155,101,104,64,0,138,47,0,72,12,110,0,7,236,17,32,1,7,169,1285,634,15,140,371,0.708265,86.06666666666666,0.4903175832687839,6.540666150271107,12.2,7.054644808743169,85.66666666666667,0.4933852140077821,6.518287937743191,11.266666666666667,7.603550295857988
acd7a45470b34aa89d89a5b6,benchmark://chstone-v0/gsm,2,2,-loop-unroll,True,0.661477,-0.084375,daf6f381ac46a7e7,40b40e5210f5f784,1291,1632,0.001967,0.001969,8444,10347,183,234,15,15,1291,1632,633,857,2,52,112,85,24,108,57,19,29,61,2,54,0,129,54,169,38,13,233,242,171,90,118,108,70,16,72,55,8,15,168,29,169,101,104,62,0,138,47,0,67,12,110,0,7,235,17,32,1,7,183,1291,633,15,136,371,2,51,169,130,30,153,51,19,23,61,2,53,0,181,53,214,38,13,278,290,328,155,136,153,82,25,74,55,8,15,219,29,214,101,176,64,0,188,47,0,66,12,120,0,25,337,17,41,1,24,234,1632,857,15,128,457,0.661477,86.06666666666666,0.4903175832687839,6.540666150271107,12.2,7.054644808743169,108.8,0.5251225490196079,6.3400735294117645,15.6,6.9743589743589745
acd7a45470b34aa89d89a5b6,benchmark://chstone-v0/gsm,2,3,-loop-vectorize,True,0.509918,-2.299427,daf6f381ac46a7e7,cbb25c213306be42,1291,1295,0.001967,0.002012,8444,8526,183,183,15,15,1291,1295,633,633,2,52,112,85,24,108,57,19,29,61,2,54,0,129,54,169,38,13,233,242,171,90,118,108,70,16,72,55,8,15,168,29,169,101,104,62,0,138,47,0,67,12,110,0,7,235,17,32,1,7,183,1291,633,15,136,371,2,56,112,85,24,108,57,19,29,61,2,58,0,125,58,169,38,13,233,242,171,90,118,108,70,16,72,55,8,15,168,29,169,101,104,62,0,138,47,0,71,12,110,0,7,235,17,32,1,7,183,1295,633,15,140,371,0.509918,86.06666666666666,0.4903175832687839,6.540666150271107,12.2,7.054644808743169,86.33333333333333,0.4888030888030888,6.583783783783784,12.2,7.076502732240437
acd7a45470b34aa89d89a5b6,benchmark://chstone-v0/gsm,2,4,-loop-deletion,True,1.072717,5.925936,daf6f381ac46a7e7,98b3cb51197e1ac6,1291,1297,0.001967,0.001850,8444,8574,183,183,15,15,1291,1297,633,633,2,52,112,85,24,108,57,19,29,61,2,54,0,129,54,169,38,13,233,242,171,90,118,108,70,16,72,55,8,15,168,29,169,101,104,62,0,138,47,0,67,12,110,0,7,235,17,32,1,7,183,1291,633,15,136,371,2,57,112,85,24,108,57,19,29,61,2,59,0,124,59,169,38,13,233,242,171,90,118,108,70,16,72,55,8,15,168,29,169,101,104,62,0,138,47,0,73,12,110,0,7,235,17,32,1,7,183,1297,633,15,142,371,1.072717,86.06666666666666,0.4903175832687839,6.540666150271107,12.2,7.054644808743169,86.46666666666667,0.48804934464148036,6.610639938319198,12.2,7.087431693989071
acd7a45470b34aa89d89a5b6,benchmark://chstone-v0/gsm,2,5,-loop-unswitch,True,0.453943,-3.117513,daf6f381ac46a7e7,98b3cb51197e1ac6,1291,1297,0.001967,0.002028,8444,8574,183,183,15,15,1291,1297,633,633,2,52,112,85,24,108,57,19,29,61,2,54,0,129,54,169,38,13,233,242,171,90,118,108,70,16,72,55,8,15,168,29,169,101,104,62,0,138,47,0,67,12,110,0,7,235,17,32,1,7,183,1291,633,15,136,371,2,57,112,85,24,108,57,19,29,61,2,59,0,124,59,169,38,13,233,242,171,90,118,108,70,16,72,55,8,15,168,29,169,101,104,62,0,138,47,0,73,12,110,0,7,235,17,32,1,7,183,1297,633,15,142,371,0.453943,86.06666666666666,0.4903175832687839,6.540666150271107,12.2,7.054644808743169,86.46666666666667,0.48804934464148036,6.610639938319198,12.2,7.087431693989071
acd7a45470b34aa89d89a5b6,benchmark://chstone-v0/gsm,2,6,-loop-distribute,True,-1.999732,-38.978241,daf6f381ac46a7e7,daf6f381ac46a7e7,1291,1291,0.001967,0.002734,8444,8444,183,183,15,15,1291,1291,633,633,2,52,112,85,24,108,57,19,29,61,2,54,0,129,54,169,38,13,233,242,171,90,118,108,70,16,72,55,8,15,168,29,169,101,104,62,0,138,47,0,67,12,110,0,7,235,17,32,1,7,183,1291,633,15,136,371,2,52,112,85,24,108,57,19,29,61,2,54,0,129,54,169,38,13,233,242,171,90,118,108,70,16,72,55,8,15,168,29,169,101,104,62,0,138,47,0,67,12,110,0,7,235,17,32,1,7,183,1291,633,15,136,371,-1.999732,86.06666666666666,0.4903175832687839,6.540666150271107,12.2,7.054644808743169,86.06666666666666,0.4903175832687839,6.540666150271107,12.2,7.054644808743169
acd7a45470b34aa89d89a5b6,benchmark://chstone-v0/gsm,2,7,-indvars,True,-0.225886,-13.053290,daf6f381ac46a7e7,a8e7ae83ecbd001b,1291,1296,0.001967,0.002224,8444,8749,183,183,15,15,1291,1296,633,633,2,52,112,85,24,108,57,19,29,61,2,54,0,129,54,169,38,13,233,242,171,90,118,108,70,16,72,55,8,15,168,29,169,101,104,62,0,138,47,0,67,12,110,0,7,235,17,32,1,7,183,1291,633,15,136,371,3,56,112,85,24,108,57,19,29,61,2,59,0,124,59,169,38,13,233,208,205,90,119,108,70,16,73,55,8,15,168,29,169,101,104,61,0,138,47,0,74,12,98,0,7,235,16,43,1,7,183,1296,633,15,144,370,-0.225886,86.06666666666666,0.4903175832687839,6.540666150271107,12.2,7.054644808743169,86.4,0.48842592592592593,6.750771604938271,12.2,7.081967213114754
ad452302ef99423ccaf377bd,benchmark://chstone-v0/jpeg,0,0,-licm,True,1.012220,25.604877,b475bb5e4b44bde2,917331e86451db02,3186,3183,0.002838,0.002111,36061,42941,350,353,34,34,3186,3183,1993,1713,0,2,216,164,37,210,101,31,59,106,3,2,0,348,2,316,73,45,429,487,461,251,289,210,208,27,129,161,14,43,307,202,316,305,218,106,2,835,46,5,2,30,198,0,15,474,51,34,0,9,350,3186,1993,34,4,1439,22,76,219,167,37,213,101,31,59,106,3,77,21,255,98,319,73,42,432,488,461,252,289,213,208,27,129,161,14,49,304,202,319,305,218,106,2,591,46,5,276,30,198,0,15,438,51,34,0,9,353,3183,1713,34,414,1195,1.012220,93.70588235294117,0.625549278091651,11.318581293157564,10.294117647058824,9.102857142857143,93.61764705882354,0.5381715362865221,13.490732013823438,10.382352941176471,9.01699716713881
ad452302ef99423ccaf377bd,benchmark://chstone-v0/jpeg,0,1,-loop-rotate,True,0.754438,19.667395,b475bb5e4b44bde2,03b14b91ccbd0190,3186,3338,0.002838,0.002280,36061,36877,350,392,34,34,3186,3338,1993,2057,0,2,216,164,37,210,101,31,59,106,3,2,0,348,2,316,73,45,429,487,461,251,289,210,208,27,129,161,14,43,307,202,316,305,218,106,2,835,46,5,2,30,198,0,15,474,51,34,0,9,350,3186,1993,34,4,1439,0,2,219,163,52,213,140,47,71,145,3,2,0,390,2,358,73,120,510,515,465,254,289,213,211,27,132,161,14,43,349,202,358,305,224,145,2,892,46,5,2,30,202,0,15,475,51,34,0,9,392,3338,2057,34,4,1500,0.754438,93.70588235294117,0.625549278091651,11.318581293157564,10.294117647058824,9.102857142857143,98.17647058823529,0.616237267825045,11.047633313361294,11.529411764705882,8.51530612244898
ad452302ef99423ccaf377bd,benchmark://chstone-v0/jpeg,0,2,-loop-unroll,True,0.454376,12.756098,b475bb5e4b44bde2,2e59da31028ad104,3186,3189,0.002838,0.002476,36061,36061,350,353,34,34,3186,3189,1993,1993,0,2,216,164,37,210,101,31,59,106,3,2,0,348,2,316,73,45,429,487,461,251,289,210,208,27,129,161,14,43,307,202,316,305,218,106,2,835,46,5,2,30,198,0,15,474,51,34,0,9,350,3186,1993,34,4,1439,0,2,219,167,37,213,101,31,59,106,3,2,0,351,2,319,73,42,432,487,461,251,289,213,208,27,129,161,14,43,310,202,319,305,218,106,2,835,46,5,2,30,198,0,15,474,51,34,0,9,353,3189,1993,34,4,1439,0.454376,93.70588235294117,0.625549278091651,11.318581293157564,10.294117647058824,9.102857142857143,93.79411764705883,0.6249608027594857,11.307933521480088,10.382352941176471,9.03399433427762
ad452302ef99423ccaf377bd,benchmark://chstone-v0/jpeg,0,3,-loop-vectorize,True,0.464216,12.982748,b475bb5e4b44bde2,2e59da31028ad104,3186,3189,0.002838,0.002469,36061,36061,350,353,34,34,3186,3189,1993,1993,0,2,216,164,37,210,101,31,59,106,3,2,0,348,2,316,73,45,429,487,461,251,289,210,208,27,129,161,14,43,307,202,316,305,218,106,2,835,46,5,2,30,198,0,15,474,51,34,0,9,350,3186,1993,34,4,1439,0,2,219,167,37,213,101,31,59,106,3,2,0,351,2,319,73,42,432,487,461,251,289,213,208,27,129,161,14,43,310,202,319,305,218,106,2,835,46,5,2,30,198,0,15,474,51,34,0,9,353,3189,1993,34,4,1439,0.464216,93.70588235294117,0.625549278091651,11.318581293157564,10.294117647058824,9.102857142857143,93.79411764705883,0.6249608027594857,11.307933521480088,10.382352941176471,9.03399433427762
ad452302ef99423ccaf377bd,benchmark://chstone-v0/jpeg,0,4,-loop-deletion,True,-2.340968,-51.628792,b475bb5e4b44bde2,2e59da31028ad104,3186,3189,0.002838,0.004303,36061,36061,350,353,34,34,3186,3189,1993,1993,0,2,216,164,37,210,101,31,59,106,3,2,0,348,2,316,73,45,429,487,461,251,289,210,208,27,129,161,14,43,307,202,316,305,218,106,2,835,46,5,2,30,198,0,15,474,51,34,0,9,350,3186,1993,34,4,1439,0,2,219,167,37,213,101,31,59,106,3,2,0,351,2,319,73,42,432,487,461,251,289,213,208,27,129,161,14,43,310,202,319,305,218,106,2,835,46,5,2,30,198,0,15,474,51,34,0,9,353,3189,1993,34,4,1439,-2.340968,93.70588235294117,0.625549278091651,11.318581293157564,10.294117647058824,9.102857142857143,93.79411764705883,0.6249608027594857,11.307933521480088,10.382352941176471,9.03399433427762
ad452302ef99423ccaf377bd,benchmark://chstone-v0/jpeg,0,5,-loop-unswitch,True,-0.655406,-12.805392,b475bb5e4b44bde2,2e59da31028ad104,3186,3189,0.002838,0.003201,36061,36061,350,353,34,34,3186,3189,1993,1993,0,2,216,164,37,210,101,31,59,106,3,2,0,348,2,316,73,45,429,487,461,251,289,210,208,27,129,161,14,43,307,202,316,305,218,106,2,835,46,5,2,30,198,0,15,474,51,34,0,9,350,3186,1993,34,4,1439,0,2,219,167,37,213,101,31,59,106,3,2,0,351,2,319,73,42,432,487,461,251,289,213,208,27,129,161,14,43,310,202,319,305,218,106,2,835,46,5,2,30,198,0,15,474,51,34,0,9,353,3189,1993,34,4,1439,-0.655406,93.70588235294117,0.625549278091651,11.318581293157564,10.294117647058824,9.102857142857143,93.79411764705883,0.6249608027594857,11.307933521480088,10.382352941176471,9.03399433427762
ad452302ef99423ccaf377bd,benchmark://chstone-v0/jpeg,0,6,-loop-distribute,True,0.041126,3.237761,b475bb5e4b44bde2,ffb83d30cc578873,3186,3186,0.002838,0.002746,36061,36061,350,350,34,34,3186,3186,1993,1993,0,2,216,164,37,210,101,31,59,106,3,2,0,348,2,316,73,45,429,487,461,251,289,210,208,27,129,161,14,43,307,202,316,305,218,106,2,835,46,5,2,30,198,0,15,474,51,34,0,9,350,3186,1993,34,4,1439,0,2,216,164,37,210,101,31,59,106,3,2,0,348,2,316,73,45,429,487,461,251,289,210,208,27,129,161,14,43,307,202,316,305,218,106,2,835,46,5,2,30,198,0,15,474,51,34,0,9,350,3186,1993,34,4,1439,0.041126,93.70588235294117,0.625549278091651,11.318581293157564,10.294117647058824,9.102857142857143,93.70588235294117,0.625549278091651,11.318581293157564,10.294117647058824,9.102857142857143
ad452302ef99423ccaf377bd,benchmark://chstone-v0/jpeg,0,7,-indvars,True,0.269998,8.509338,b475bb5e4b44bde2,2e59da31028ad104,3186,3189,0.002838,0.002596,36061,36061,350,353,34,34,3186,3189,1993,1993,0,2,216,164,37,210,101,31,59,106,3,2,0,348,2,316,73,45,429,487,461,251,289,210,208,27,129,161,14,43,307,202,316,305,218,106,2,835,46,5,2,30,198,0,15,474,51,34,0,9,350,3186,1993,34,4,1439,0,2,219,167,37,213,101,31,59,106,3,2,0,351,2,319,73,42,432,487,461,251,289,213,208,27,129,161,14,43,310,202,319,305,218,106,2,835,46,5,2,30,198,0,15,474,51,34,0,9,353,3189,1993,34,4,1439,0.269998,93.70588235294117,0.625549278091651,11.318581293157564,10.294117647058824,9.102857142857143,93.79411764705883,0.6249608027594857,11.307933521480088,10.382352941176471,9.03399433427762
b42a48ec63b741c3507f96b3,benchmark://chstone-v0/jpeg,1,0,-licm,True,1.096132,12.289603,964c5920a1ac92e9,31a8d8247349717a,2450,2738,0.002325,0.002039,37290,43706,350,353,34,34,2450,2738,1439,1441,0,2,216,164,37,210,101,31,59,106,3,2,0,348,2,316,73,45,429,479,445,237,288,210,201,27,127,161,14,30,320,101,316,305,201,106,2,298,44,5,2,30,125,0,14,474,49,33,0,9,350,2450,1439,34,4,727,23,74,219,167,37,213,101,31,59,106,3,75,22,256,97,319,73,42,432,480,445,238,288,213,201,27,127,161,14,41,312,101,319,305,201,106,2,337,44,5,285,30,125,0,14,437,49,33,0,9,353,2738,1441,34,422,766,1.096132,72.05882352941177,0.5873469387755103,15.220408163265306,10.294117647058824,7.0,80.52941176470588,0.5262965668371073,15.962746530314098,10.382352941176471,7.756373937677054
b42a48ec63b741c3507f96b3,benchmark://chstone-v0/jpeg,1,1,-loop-rotate,True,1.214548,14.149702,964c5920a1ac92e9,7fa8617c63d0db88,2450,2636,0.002325,0.001996,37290,39258,350,392,34,34,2450,2636,1439,1487,0,2,216,164,37,210,101,31,59,106,3,2,0,348,2,316,73,45,429,479,445,237,288,210,201,27,127,161,14,30,320,101,316,305,201,106,2,298,44,5,2,30,125,0,14,474,49,33,0,9,350,2450,1439,34,4,727,0,51,219,163,52,213,140,47,71,145,3,51,0,341,51,358,73,120,510,505,445,240,288,213,202,27,128,161,14,31,361,101,358,305,202,145,2,344,44,5,55,30,128,0,14,475,49,33,0,9,392,2636,1487,34,101,776,1.214548,72.05882352941177,0.5873469387755103,15.220408163265306,10.294117647058824,7.0,77.52941176470588,0.5641122913505311,14.893019726858878,11.529411764705882,6.724489795918367
b42a48ec63b741c3507f96b3,benchmark://chstone-v0/jpeg,1,2,-loop-unroll,True,0.064715,-3.912186,964c5920a1ac92e9,13f3faf9afcbb166,2450,2462,0.002325,0.002416,37290,37386,350,353,34,34,2450,2462,1439,1439,0,2,216,164,37,210,101,31,59,106,3,2,0,348,2,316,73,45,429,479,445,237,288,210,201,27,127,161,14,30,320,101,316,305,201,106,2,298,44,5,2,30,125,0,14,474,49,33,0,9,350,2450,1439,34,4,727,0,9,219,167,37,213,101,31,59,106,3,9,0,344,9,319,73,42,432,479,445,237,288,213,201,27,127,161,14,30,323,101,319,305,201,106,2,298,44,5,11,30,125,0,14,474,49,33,0,9,353,2462,1439,34,13,727,0.064715,72.05882352941177,0.5873469387755103,15.220408163265306,10.294117647058824,7.0,72.41176470588235,0.5844841592201462,15.185215272136475,10.382352941176471,6.974504249291785
b42a48ec63b741c3507f96b3,benchmark://chstone-v0/jpeg,1,3,-loop-vectorize,True,0.235901,-1.223159,964c5920a1ac92e9,13f3faf9afcbb166,2450,2462,0.002325,0.002353,37290,37386,350,353,34,34,2450,2462,1439,1439,0,2,216,164,37,210,101,31,59,106,3,2,0,348,2,316,73,45,429,479,445,237,288,210,201,27,127,161,14,30,320,101,316,305,201,106,2,298,44,5,2,30,125,0,14,474,49,33,0,9,350,2450,1439,34,4,727,0,9,219,167,37,213,101,31,59,106,3,9,0,344,9,319,73,42,432,479,445,237,288,213,201,27,127,161,14,30,323,101,319,305,201,106,2,298,44,5,11,30,125,0,14,474,49,33,0,9,353,2462,1439,34,13,727,0.235901,72.05882352941177,0.5873469387755103,15.220408163265306,10.294117647058824,7.0,72.41176470588235,0.5844841592201462,15.185215272136475,10.382352941176471,6.974504249291785
b42a48ec63b741c3507f96b3,benchmark://chstone-v0/jpeg,1,4,-loop-deletion,True,0.484076,2.675245,964c5920a1ac92e9,13f3faf9afcbb166,2450,2462,0.002325,0.002262,37290,37386,350,353,34,34,2450,2462,1439,1439,0,2,216,164,37,210,101,31,59,106,3,2,0,348,2,316,73,45,429,479,445,237,288,210,201,27,127,161,14,30,320,101,316,305,201,106,2,298,44,5,2,30,125,0,14,474,49,33,0,9,350,2450,1439,34,4,727,0,9,219,167,37,213,101,31,59,106,3,9,0,344,9,319,73,42,432,479,445,237,288,213,201,27,127,161,14,30,323,101,319,305,201,106,2,298,44,5,11,30,125,0,14,474,49,33,0,9,353,2462,1439,34,13,727,0.484076,72.05882352941177,0.5873469387755103,15.220408163265306,10.294117647058824,7.0,72.41176470588235,0.5844841592201462,15.185215272136475,10.382352941176471,6.974504249291785
b42a48ec63b741c3507f96b3,benchmark://chstone-v0/jpeg,1,5,-loop-unswitch,True,-0.507737,-12.904428,964c5920a1ac92e9,d260ef09c6fcada3,2450,2491,0.002325,0.002625,37290,37530,350,364,34,34,2450,2491,1439,1450,0,2,216,164,37,210,101,31,59,106,3,2,0,348,2,316,73,45,429,479,445,237,288,210,201,27,127,161,14,30,320,101,316,305,201,106,2,298,44,5,2,30,125,0,14,474,49,33,0,9,350,2450,1439,34,4,727,0,9,227,175,37,221,104,31,62,109,3,9,0,355,9,330,75,42,446,481,446,239,290,221,202,27,128,161,14,30,334,101,330,307,203,107,2,301,44,5,11,30,128,0,14,478,49,34,0,10,364,2491,1450,34,13,735,-0.507737,72.05882352941177,0.5873469387755103,15.220408163265306,10.294117647058824,7.0,73.26470588235294,0.5820955439582497,15.066238458450421,10.705882352941176,6.843406593406593
b42a48ec63b741c3507f96b3,benchmark://chstone-v0/jpeg,1,6,-loop-distribute,True,-0.450172,-12.000179,964c5920a1ac92e9,964c5920a1ac92e9,2450,2450,0.002325,0.002604,37290,37290,350,350,34,34,2450,2450,1439,1439,0,2,216,164,37,210,101,31,59,106,3,2,0,348,2,316,73,45,429,479,445,237,288,210,201,27,127,161,14,30,320,101,316,305,201,106,2,298,44,5,2,30,125,0,14,474,49,33,0,9,350,2450,1439,34,4,727,0,2,216,164,37,210,101,31,59,106,3,2,0,348,2,316,73,45,429,479,445,237,288,210,201,27,127,161,14,30,320,101,316,305,201,106,2,298,44,5,2,30,125,0,14,474,49,33,0,9,350,2450,1439,34,4,727,-0.450172,72.05882352941177,0.5873469387755103,15.220408163265306,10.294117647058824,7.0,72.05882352941177,0.5873469387755103,15.220408163265306,10.294117647058824,7.0
b42a48ec63b741c3507f96b3,benchmark://chstone-v0/jpeg,1,7,-indvars,True,-2.137463,-38.504629,964c5920a1ac92e9,13f3faf9afcbb166,2450,2462,0.002325,0.003220,37290,37386,350,353,34,34,2450,2462,1439,1439,0,2,216,164,37,210,101,31,59,106,3,2,0,348,2,316,73,45,429,479,445,237,288,210,201,27,127,161,14,30,320,101,316,305,201,106,2,298,44,5,2,30,125,0,14,474,49,33,0,9,350,2450,1439,34,4,727,0,9,219,167,37,213,101,31,59,106,3,9,0,344,9,319,73,42,432,479,445,237,288,213,201,27,127,161,14,30,323,101,319,305,201,106,2,298,44,5,11,30,125,0,14,474,49,33,0,9,353,2462,1439,34,13,727,-2.137463,72.05882352941177,0.5873469387755103,15.220408163265306,10.294117647058824,7.0,72.41176470588235,0.5844841592201462,15.185215272136475,10.382352941176471,6.974504249291785
51d290561ccf16f79ba479b4,benchmark://chstone-v0/jpeg,2,0,-licm,True,1.191742,-23.726028,5eeba6413a18aa63,691fd96b483c330b,2708,2702,0.001938,0.002398,44173,44173,312,312,34,34,2708,2702,1391,1391,34,76,178,129,34,172,101,28,62,106,3,78,32,202,110,278,73,41,391,523,445,268,297,172,202,27,130,161,14,43,269,101,278,305,201,106,2,297,44,5,346,30,124,0,14,427,47,33,0,9,312,2708,1391,34,547,725,34,72,178,129,34,172,101,28,62,106,3,74,32,206,106,278,73,41,391,523,445,268,297,172,202,27,130,161,14,43,269,101,278,305,201,106,2,297,44,5,340,30,124,0,14,427,47,33,0,9,312,2702,1391,34,541,725,1.191742,79.6470588235294,0.5136632200886263,16.312038404726735,9.176470588235293,8.679487179487179,79.47058823529412,0.5148038490007402,16.348260547742413,9.176470588235293,8.66025641025641
51d290561ccf16f79ba479b4,benchmark://chstone-v0/jpeg,2,1,-loop-rotate,True,0.002835,-32.138643,5eeba6413a18aa63,b11f028f611a6d97,2708,2691,0.001938,0.002561,44173,42813,312,297,34,34,2708,2691,1391,1395,34,76,178,129,34,172,101,28,62,106,3,78,32,202,110,278,73,41,391,523,445,268,297,172,202,27,130,161,14,43,269,101,278,305,201,106,2,297,44,5,346,30,124,0,14,427,47,33,0,9,312,2708,1391,34,547,725,25,99,151,114,25,145,113,18,81,118,3,95,29,173,124,263,73,92,388,531,447,274,299,145,202,27,130,161,14,41,256,101,263,305,202,118,2,300,44,5,327,30,125,0,14,427,47,33,0,9,297,2691,1395,34,494,729,0.002835,79.6470588235294,0.5136632200886263,16.312038404726735,9.176470588235293,8.679487179487179,79.1470588235294,0.5183946488294314,15.909698996655518,8.735294117647058,9.06060606060606
51d290561ccf16f79ba479b4,benchmark://chstone-v0/jpeg,2,2,-loop-unroll,True,-0.416777,-35.107784,5eeba6413a18aa63,d56ccbd0579c8e63,2708,2883,0.001938,0.002619,44173,45461,312,372,34,34,2708,2883,1391,1516,34,76,178,129,34,172,101,28,62,106,3,78,32,202,110,278,73,41,391,523,445,268,297,172,202,27,130,161,14,43,269,101,278,305,201,106,2,297,44,5,346,30,124,0,14,427,47,33,0,9,312,2708,1391,34,547,725,32,72,242,170,47,216,97,31,55,112,3,73,31,268,104,328,92,44,447,532,536,322,306,216,198,27,140,161,14,42,330,101,328,341,253,102,2,306,44,5,330,30,118,0,14,455,47,33,0,15,372,2883,1516,34,514,734,-0.416777,79.6470588235294,0.5136632200886263,16.312038404726735,9.176470588235293,8.679487179487179,84.79411764705883,0.5258411377037808,15.768643773846687,10.941176470588236,7.75
51d290561ccf16f79ba479b4,benchmark://chstone-v0/jpeg,2,3,-loop-vectorize,True,1.305279,-22.922649,5eeba6413a18aa63,5eeba6413a18aa63,2708,2708,0.001938,0.002383,44173,44173,312,312,34,34,2708,2708,1391,1391,34,76,178,129,34,172,101,28,62,106,3,78,32,202,110,278,73,41,391,523,445,268,297,172,202,27,130,161,14,43,269,101,278,305,201,106,2,297,44,5,346,30,124,0,14,427,47,33,0,9,312,2708,1391,34,547,725,34,76,178,129,34,172,101,28,62,106,3,78,32,202,110,278,73,41,391,523,445,268,297,172,202,27,130,161,14,43,269,101,278,305,201,106,2,297,44,5,346,30,124,0,14,427,47,33,0,9,312,2708,1391,34,547,725,1.305279,79.6470588235294,0.5136632200886263,16.312038404726735,9.176470588235293,8.679487179487179,79.6470588235294,0.5136632200886263,16.312038404726735,9.176470588235293,8.679487179487179
51d290561ccf16f79ba479b4,benchmark://chstone-v0/jpeg,2,4,-loop-deletion,True,-0.641569,-36.698398,5eeba6413a18aa63,5eeba6413a18aa63,2708,2708,0.001938,0.002650,44173,44173,312,312,34,34,2708,2708,1391,1391,34,76,178,129,34,172,101,28,62,106,3,78,32,202,110,278,73,41,391,523,445,268,297,172,202,27,130,161,14,43,269,101,278,305,201,106,2,297,44,5,346,30,124,0,14,427,47,33,0,9,312,2708,1391,34,547,725,34,76,178,129,34,172,101,28,62,106,3,78,32,202,110,278,73,41,391,523,445,268,297,172,202,27,130,161,14,43,269,101,278,305,201,106,2,297,44,5,346,30,124,0,14,427,47,33,0,9,312,2708,1391,34,547,725,-0.641569,79.6470588235294,0.5136632200886263,16.312038404726735,9.176470588235293,8.679487179487179,79.6470588235294,0.5136632200886263,16.312038404726735,9.176470588235293,8.679487179487179
51d290561ccf16f79ba479b4,benchmark://chstone-v0/jpeg,2,5,-loop-unswitch,True,-1.104124,-39.971401,5eeba6413a18aa63,af96e178e05ed6e2,2708,2739,0.001938,0.002713,44173,44413,312,322,34,34,2708,2739,1391,1397,34,76,178,129,34,172,101,28,62,106,3,78,32,202,110,278,73,41,391,523,445,268,297,172,202,27,130,161,14,43,269,101,278,305,201,106,2,297,44,5,346,30,124,0,14,427,47,33,0,9,312,2708,1391,34,547,725,35,79,185,136,34,179,104,28,65,109,3,82,32,208,114,288,75,41,404,527,446,272,299,179,203,27,131,161,14,43,279,101,288,307,203,107,2,298,44,5,354,30,127,0,14,428,47,34,0,10,322,2739,1397,34,561,731,-1.104124,79.6470588235294,0.5136632200886263,16.312038404726735,9.176470588235293,8.679487179487179,80.55882352941177,0.5100401606425703,16.215041986126323,9.470588235294118,8.506211180124224
51d290561ccf16f79ba479b4,benchmark://chstone-v0/jpeg,2,6,-loop-distribute,True,1.059042,-24.665002,5eeba6413a18aa63,5eeba6413a18aa63,2708,2708,0.001938,0.002416,44173,44173,312,312,34,34,2708,2708,1391,1391,34,76,178,129,34,172,101,28,62,106,3,78,32,202,110,278,73,41,391,523,445,268,297,172,202,27,130,161,14,43,269,101,278,305,201,106,2,297,44,5,346,30,124,0,14,427,47,33,0,9,312,2708,1391,34,547,725,34,76,178,129,34,172,101,28,62,106,3,78,32,202,110,278,73,41,391,523,445,268,297,172,202,27,130,161,14,43,269,101,278,305,201,106,2,297,44,5,346,30,124,0,14,427,47,33,0,9,312,2708,1391,34,547,725,1.059042,79.6470588235294,0.5136632200886263,16.312038404726735,9.176470588235293,8.679487179487179,79.6470588235294,0.5136632200886263,16.312038404726735,9.176470588235293,8.679487179487179
51d290561ccf16f79ba479b4,benchmark://chstone-v0/jpeg,2,7,-indvars,True,-1.396428,-42.039719,5eeba6413a18aa63,3584adcbe4453bbd,2708,2706,0.001938,0.002753,44173,44597,312,312,34,34,2708,2706,1391,1390,34,76,178,129,34,172,101,28,62,106,3,78,32,202,110,278,73,41,391,523,445,268,297,172,202,27,130,161,14,43,269,101,278,305,201,106,2,297,44,5,346,30,124,0,14,427,47,33,0,9,312,2708,1391,34,547,725,32,71,178,129,34,172,101,28,62,106,3,72,31,209,103,278,73,41,391,455,518,262,300,172,206,27,134,161,14,43,269,101,278,305,201,106,2,296,44,5,326,30,110,0,14,427,47,62,0,9,312,2706,1390,34,518,739,-1.396428,79.6470588235294,0.5136632200886263,16.312038404726735,9.176470588235293,8.679487179487179,79.58823529411765,0.5136733185513673,16.480783444198078,9.176470588235293,8.673076923076923
420aba05df4af92439d963e3,benchmark://chstone-v0/mips,0,0,-licm,True,1.494747,2.029978,8d7439e3f37b3d66,7e4be811daa95101,636,622,0.001905,0.001866,3272,7044,61,61,4,4,636,622,361,294,0,0,50,43,4,50,7,3,3,7,3,0,0,61,0,57,1,4,98,108,116,89,24,50,43,7,14,19,19,10,51,36,57,37,71,13,7,164,2,2,0,1,80,0,8,70,4,8,2,12,61,636,361,4,0,319,5,9,50,43,4,50,7,3,3,7,3,10,4,47,14,57,1,4,98,108,116,89,24,50,43,7,14,19,19,9,52,36,57,37,71,13,7,109,2,2,53,1,80,0,8,58,4,8,2,12,61,622,294,4,225,264,1.494747,159.0,0.5676100628930818,5.144654088050315,15.25,10.426229508196721,155.5,0.47266881028938906,11.32475884244373,15.25,10.19672131147541
420aba05df4af92439d963e3,benchmark://chstone-v0/mips,0,1,-loop-rotate,True,0.553676,-15.882947,8d7439e3f37b3d66,1827495fda76824d,636,645,0.001905,0.002207,3272,3320,61,64,4,4,636,645,361,364,0,0,50,43,4,50,7,3,3,7,3,0,0,61,0,57,1,4,98,108,116,89,24,50,43,7,14,19,19,10,51,36,57,37,71,13,7,164,2,2,0,1,80,0,8,70,4,8,2,12,61,636,361,4,0,319,0,0,50,39,9,50,10,7,1,10,3,0,0,64,0,60,1,10,104,111,116,89,24,50,43,7,14,19,19,10,54,36,60,37,71,16,7,167,2,2,0,1,80,0,8,70,4,8,2,12,64,645,364,4,0,322,0.553676,159.0,0.5676100628930818,5.144654088050315,15.25,10.426229508196721,161.25,0.5643410852713179,5.147286821705427,16.0,10.078125
420aba05df4af92439d963e3,benchmark://chstone-v0/mips,0,2,-loop-unroll,True,0.875486,-9.757412,8d7439e3f37b3d66,b958c8dbdda62134,636,636,0.001905,0.002090,3272,3272,61,61,4,4,636,636,361,361,0,0,50,43,4,50,7,3,3,7,3,0,0,61,0,57,1,4,98,108,116,89,24,50,43,7,14,19,19,10,51,36,57,37,71,13,7,164,2,2,0,1,80,0,8,70,4,8,2,12,61,636,361,4,0,319,0,0,50,43,4,50,7,3,3,7,3,0,0,61,0,57,1,4,98,108,116,89,24,50,43,7,14,19,19,10,51,36,57,37,71,13,7,164,2,2,0,1,80,0,8,70,4,8,2,12,61,636,361,4,0,319,0.875486,159.0,0.5676100628930818,5.144654088050315,15.25,10.426229508196721,159.0,0.5676100628930818,5.144654088050315,15.25,10.426229508196721
420aba05df4af92439d963e3,benchmark://chstone-v0/mips,0,3,-loop-vectorize,True,0.891676,-9.449238,8d7439e3f37b3d66,b958c8dbdda62134,636,636,0.001905,0.002084,3272,3272,61,61,4,4,636,636,361,361,0,0,50,43,4,50,7,3,3,7,3,0,0,61,0,57,1,4,98,108,116,89,24,50,43,7,14,19,19,10,51,36,57,37,71,13,7,164,2,2,0,1,80,0,8,70,4,8,2,12,61,636,361,4,0,319,0,0,50,43,4,50,7,3,3,7,3,0,0,61,0,57,1,4,98,108,116,89,24,50,43,7,14,19,19,10,51,36,57,37,71,13,7,164,2,2,0,1,80,0,8,70,4,8,2,12,61,636,361,4,0,319,0.891676,159.0,0.5676100628930818,5.144654088050315,15.25,10.426229508196721,159.0,0.5676100628930818,5.144654088050315,15.25,10.426229508196721
420aba05df4af92439d963e3,benchmark://chstone-v0/mips,0,4,-loop-deletion,True,-0.817040,-41.973977,8d7439e3f37b3d66,b958c8dbdda62134,636,636,0.001905,0.002704,3272,3272,61,61,4,4,636,636,361,361,0,0,50,43,4,50,7,3,3,7,3,0,0,61,0,57,1,4,98,108,116,89,24,50,43,7,14,19,19,10,51,36,57,37,71,13,7,164,2,2,0,1,80,0,8,70,4,8,2,12,61,636,361,4,0,319,0,0,50,43,4,50,7,3,3,7,3,0,0,61,0,57,1,4,98,108,116,89,24,50,43,7,14,19,19,10,51,36,57,37,71,13,7,164,2,2,0,1,80,0,8,70,4,8,2,12,61,636,361,4,0,319,-0.817040,159.0,0.5676100628930818,5.144654088050315,15.25,10.426229508196721,159.0,0.5676100628930818,5.144654088050315,15.25,10.426229508196721
420aba05df4af92439d963e3,benchmark://chstone-v0/mips,0,5,-loop-unswitch,True,-0.620086,-38.225031,8d7439e3f37b3d66,b958c8dbdda62134,636,636,0.001905,0.002633,3272,3272,61,61,4,4,636,636,361,361,0,0,50,43,4,50,7,3,3,7,3,0,0,61,0,57,1,4,98,108,116,89,24,50,43,7,14,19,19,10,51,36,57,37,71,13,7,164,2,2,0,1,80,0,8,70,4,8,2,12,61,636,361,4,0,319,0,0,50,43,4,50,7,3,3,7,3,0,0,61,0,57,1,4,98,108,116,89,24,50,43,7,14,19,19,10,51,36,57,37,71,13,7,164,2,2,0,1,80,0,8,70,4,8,2,12,61,636,361,4,0,319,-0.620086,159.0,0.5676100628930818,5.144654088050315,15.25,10.426229508196721,159.0,0.5676100628930818,5.144654088050315,15.25,10.426229508196721
420aba05df4af92439d963e3,benchmark://chstone-v0/mips,0,6,-loop-distribute,True,-1.281464,-50.814104,8d7439e3f37b3d66,b958c8dbdda62134,636,636,0.001905,0.002872,3272,3272,61,61,4,4,636,636,361,361,0,0,50,43,4,50,7,3,3,7,3,0,0,61,0,57,1,4,98,108,116,89,24,50,43,7,14,19,19,10,51,36,57,37,71,13,7,164,2,2,0,1,80,0,8,70,4,8,2,12,61,636,361,4,0,319,0,0,50,43,4,50,7,3,3,7,3,0,0,61,0,57,1,4,98,108,116,89,24,50,43,7,14,19,19,10,51,36,57,37,71,13,7,164,2,2,0,1,80,0,8,70,4,8,2,12,61,636,361,4,0,319,-1.281464,159.0,0.5676100628930818,5.144654088050315,15.25,10.426229508196721,159.0,0.5676100628930818,5.144654088050315,15.25,10.426229508196721
420aba05df4af92439d963e3,benchmark://chstone-v0/mips,0,7,-indvars,True,-1.096996,-47.302817,8d7439e3f37b3d66,b958c8dbdda62134,636,636,0.001905,0.002805,3272,3272,61,61,4,4,636,636,361,361,0,0,50,43,4,50,7,3,3,7,3,0,0,61,0,57,1,4,98,108,116,89,24,50,43,7,14,19,19,10,51,36,57,37,71,13,7,164,2,2,0,1,80,0,8,70,4,8,2,12,61,636,361,4,0,319,0,0,50,43,4,50,7,3,3,7,3,0,0,61,0,57,1,4,98,108,116,89,24,50,43,7,14,19,19,10,51,36,57,37,71,13,7,164,2,2,0,1,80,0,8,70,4,8,2,12,61,636,361,4,0,319,-1.096996,159.0,0.5676100628930818,5.144654088050315,15.25,10.426229508196721,159.0,0.5676100628930818,5.144654088050315,15.25,10.426229508196721
a1c88fd1c0754776d6aae82b,benchmark://chstone-v0/mips,1,0,-licm,True,-1.173998,40.828128,aecb69241a2a3a22,e6d67116e6faa315,505,550,0.004500,0.002663,3632,6791,61,61,4,4,505,550,253,246,0,0,50,43,4,50,7,3,3,7,3,0,0,61,0,57,1,4,98,105,116,89,24,50,40,7,14,19,19,5,56,18,57,37,71,13,7,56,2,2,0,1,78,0,8,70,1,8,2,12,61,505,253,4,0,191,5,9,50,43,4,50,7,3,3,7,3,10,4,47,14,57,1,4,98,105,116,89,24,50,40,7,14,19,19,7,54,18,57,37,71,13,7,63,2,2,52,1,78,0,8,56,1,8,2,12,61,550,246,4,179,198,-1.173998,126.25,0.500990099009901,7.192079207920792,15.25,8.278688524590164,137.5,0.44727272727272727,12.347272727272728,15.25,9.01639344262295
a1c88fd1c0754776d6aae82b,benchmark://chstone-v0/mips,1,1,-loop-rotate,True,-2.021022,34.230424,aecb69241a2a3a22,1fa8b0f94cee88b5,505,518,0.004500,0.002959,3632,3826,61,64,4,4,505,518,253,256,0,0,50,43,4,50,7,3,3,7,3,0,0,61,0,57,1,4,98,105,116,89,24,50,40,7,14,19,19,5,56,18,57,37,71,13,7,56,2,2,0,1,78,0,8,70,1,8,2,12,61,505,253,4,0,191,0,4,50,39,9,50,10,7,1,10,3,4,0,60,4,60,1,10,104,108,116,89,24,50,40,7,14,19,19,5,59,18,60,37,71,16,7,59,2,2,4,1,78,0,8,70,1,8,2,12,64,518,256,4,7,194,-2.021022,126.25,0.500990099009901,7.192079207920792,15.25,8.278688524590164,129.5,0.4942084942084942,7.386100386100386,16.0,8.09375
a1c88fd1c0754776d6aae82b,benchmark://chstone-v0/mips,1,2,-loop-unroll,True,0.826780,56.412756,aecb69241a2a3a22,9aa9455222058fb8,505,506,0.004500,0.001961,3632,3639,61,61,4,4,505,506,253,253,0,0,50,43,4,50,7,3,3,7,3,0,0,61,0,57,1,4,98,105,116,89,24,50,40,7,14,19,19,5,56,18,57,37,71,13,7,56,2,2,0,1,78,0,8,70,1,8,2,12,61,505,253,4,0,191,0,1,50,43,4,50,7,3,3,7,3,1,0,60,1,57,1,4,98,105,116,89,24,50,40,7,14,19,19,5,56,18,57,37,71,13,7,56,2,2,1,1,78,0,8,70,1,8,2,12,61,506,253,4,1,191,0.826780,126.25,0.500990099009901,7.192079207920792,15.25,8.278688524590164,126.5,0.5,7.191699604743083,15.25,8.295081967213115
a1c88fd1c0754776d6aae82b,benchmark://chstone-v0/mips,1,3,-loop-vectorize,True,0.321934,52.480369,aecb69241a2a3a22,9aa9455222058fb8,505,506,0.004500,0.002138,3632,3639,61,61,4,4,505,506,253,253,0,0,50,43,4,50,7,3,3,7,3,0,0,61,0,57,1,4,98,105,116,89,24,50,40,7,14,19,19,5,56,18,57,37,71,13,7,56,2,2,0,1,78,0,8,70,1,8,2,12,61,505,253,4,0,191,0,1,50,43,4,50,7,3,3,7,3,1,0,60,1,57,1,4,98,105,116,89,24,50,40,7,14,19,19,5,56,18,57,37,71,13,7,56,2,2,1,1,78,0,8,70,1,8,2,12,61,506,253,4,1,191,0.321934,126.25,0.500990099009901,7.192079207920792,15.25,8.278688524590164,126.5,0.5,7.191699604743083,15.25,8.295081967213115
a1c88fd1c0754776d6aae82b,benchmark://chstone-v0/mips,1,4,-loop-deletion,True,0.670069,55.192089,aecb69241a2a3a22,9aa9455222058fb8,505,506,0.004500,0.002016,3632,3639,61,61,4,4,505,506,253,253,0,0,50,43,4,50,7,3,3,7,3,0,0,61,0,57,1,4,98,105,116,89,24,50,40,7,14,19,19,5,56,18,57,37,71,13,7,56,2,2,0,1,78,0,8,70,1,8,2,12,61,505,253,4,0,191,0,1,50,43,4,50,7,3,3,7,3,1,0,60,1,57,1,4,98,105,116,89,24,50,40,7,14,19,19,5,56,18,57,37,71,13,7,56,2,2,1,1,78,0,8,70,1,8,2,12,61,506,253,4,1,191,0.670069,126.25,0.500990099009901,7.192079207920792,15.25,8.278688524590164,126.5,0.5,7.191699604743083,15.25,8.295081967213115
a1c88fd1c0754776d6aae82b,benchmark://chstone-v0/mips,1,5,-loop-unswitch,True,0.185757,51.419648,aecb69241a2a3a22,9aa9455222058fb8,505,506,0.004500,0.002186,3632,3639,61,61,4,4,505,506,253,253,0,0,50,43,4,50,7,3,3,7,3,0,0,61,0,57,1,4,98,105,116,89,24,50,40,7,14,19,19,5,56,18,57,37,71,13,7,56,2,2,0,1,78,0,8,70,1,8,2,12,61,505,253,4,0,191,0,1,50,43,4,50,7,3,3,7,3,1,0,60,1,57,1,4,98,105,116,89,24,50,40,7,14,19,19,5,56,18,57,37,71,13,7,56,2,2,1,1,78,0,8,70,1,8,2,12,61,506,253,4,1,191,0.185757,126.25,0.500990099009901,7.192079207920792,15.25,8.278688524590164,126.5,0.5,7.191699604743083,15.25,8.295081967213115
a1c88fd1c0754776d6aae82b,benchmark://chstone-v0/mips,1,6,-loop-distribute,True,1.123383,58.723078,aecb69241a2a3a22,aecb69241a2a3a22,505,505,0.004500,0.001857,3632,3632,61,61,4,4,505,505,253,253,0,0,50,43,4,50,7,3,3,7,3,0,0,61,0,57,1,4,98,105,116,89,24,50,40,7,14,19,19,5,56,18,57,37,71,13,7,56,2,2,0,1,78,0,8,70,1,8,2,12,61,505,253,4,0,191,0,0,50,43,4,50,7,3,3,7,3,0,0,61,0,57,1,4,98,105,116,89,24,50,40,7,14,19,19,5,56,18,57,37,71,13,7,56,2,2,0,1,78,0,8,70,1,8,2,12,61,505,253,4,0,191,1.123383,126.25,0.500990099009901,7.192079207920792,15.25,8.278688524590164,126.25,0.500990099009901,7.192079207920792,15.25,8.278688524590164
a1c88fd1c0754776d6aae82b,benchmark://chstone-v0/mips,1,7,-indvars,True,0.067096,50.495362,aecb69241a2a3a22,9aa9455222058fb8,505,506,0.004500,0.002228,3632,3639,61,61,4,4,505,506,253,253,0,0,50,43,4,50,7,3,3,7,3,0,0,61,0,57,1,4,98,105,116,89,24,50,40,7,14,19,19,5,56,18,57,37,71,13,7,56,2,2,0,1,78,0,8,70,1,8,2,12,61,505,253,4,0,191,0,1,50,43,4,50,7,3,3,7,3,1,0,60,1,57,1,4,98,105,116,89,24,50,40,7,14,19,19,5,56,18,57,37,71,13,7,56,2,2,1,1,78,0,8,70,1,8,2,12,61,506,253,4,1,191,0.067096,126.25,0.500990099009901,7.192079207920792,15.25,8.278688524590164,126.5,0.5,7.191699604743083,15.25,8.295081967213115
a7a1ef143ff73b6393fe0ba8,benchmark://chstone-v0/mips,2,0,-licm,True,-2.007138,-39.391009,746b5b120f80e1bc,11c45bf39454f8fd,552,553,0.001886,0.002629,7599,7658,55,55,4,4,552,553,242,242,6,8,44,38,3,44,7,3,3,7,3,9,5,41,14,51,1,4,92,112,116,95,24,44,40,7,13,19,19,8,47,18,51,37,71,13,7,59,2,2,65,1,78,0,8,56,1,8,2,12,55,552,242,4,237,194,6,8,44,38,3,44,7,3,3,7,3,9,5,41,14,51,1,4,92,112,116,95,24,44,40,7,13,19,19,8,47,18,51,37,71,13,7,59,2,2,65,1,78,0,8,56,1,9,2,12,55,553,242,4,237,195,-2.007138,138.0,0.4384057971014493,13.766304347826088,13.75,10.036363636363637,138.25,0.4376130198915009,13.848101265822784,13.75,10.054545454545455
a7a1ef143ff73b6393fe0ba8,benchmark://chstone-v0/mips,2,1,-loop-rotate,True,0.709230,-14.355252,746b5b120f80e1bc,10a2194f612590c0,552,545,0.001886,0.002156,7599,7411,55,52,4,4,552,545,242,242,6,8,44,38,3,44,7,3,3,7,3,9,5,41,14,51,1,4,92,112,116,95,24,44,40,7,13,19,19,8,47,18,51,37,71,13,7,59,2,2,65,1,78,0,8,56,1,8,2,12,55,552,242,4,237,194,5,9,41,35,3,41,7,3,3,7,3,10,4,38,14,48,1,7,89,112,116,95,24,41,40,7,13,19,19,8,44,18,48,37,71,13,7,59,2,2,61,1,78,0,8,56,1,8,2,12,52,545,242,4,229,194,0.709230,138.0,0.4384057971014493,13.766304347826088,13.75,10.036363636363637,136.25,0.44403669724770645,13.598165137614679,13.0,10.48076923076923
a7a1ef143ff73b6393fe0ba8,benchmark://chstone-v0/mips,2,2,-loop-unroll,True,0.656555,-14.840734,746b5b120f80e1bc,3068afcc9f233575,552,588,0.001886,0.002166,7599,7683,55,63,4,4,552,588,242,256,6,8,44,38,3,44,7,3,3,7,3,9,5,41,14,51,1,4,92,112,116,95,24,44,40,7,13,19,19,8,47,18,51,37,71,13,7,59,2,2,65,1,78,0,8,56,1,8,2,12,55,552,242,4,237,194,5,8,53,45,4,51,6,3,2,7,3,9,4,50,13,58,1,4,99,118,132,104,24,51,39,7,19,19,19,8,55,18,58,37,78,19,7,66,2,2,61,1,77,0,8,56,1,8,2,19,63,588,256,4,229,207,0.656555,138.0,0.4384057971014493,13.766304347826088,13.75,10.036363636363637,147.0,0.43537414965986393,13.066326530612244,15.75,9.333333333333334
a7a1ef143ff73b6393fe0ba8,benchmark://chstone-v0/mips,2,3,-loop-vectorize,True,-0.011388,-20.996922,746b5b120f80e1bc,746b5b120f80e1bc,552,552,0.001886,0.002282,7599,7599,55,55,4,4,552,552,242,242,6,8,44,38,3,44,7,3,3,7,3,9,5,41,14,51,1,4,92,112,116,95,24,44,40,7,13,19,19,8,47,18,51,37,71,13,7,59,2,2,65,1,78,0,8,56,1,8,2,12,55,552,242,4,237,194,6,8,44,38,3,44,7,3,3,7,3,9,5,41,14,51,1,4,92,112,116,95,24,44,40,7,13,19,19,8,47,18,51,37,71,13,7,59,2,2,65,1,78,0,8,56,1,8,2,12,55,552,242,4,237,194,-0.011388,138.0,0.4384057971014493,13.766304347826088,13.75,10.036363636363637,138.0,0.4384057971014493,13.766304347826088,13.75,10.036363636363637
a7a1ef143ff73b6393fe0ba8,benchmark://chstone-v0/mips,2,4,-loop-deletion,True,0.742989,-14.044109,746b5b120f80e1bc,746b5b120f80e1bc,552,552,0.001886,0.002151,7599,7599,55,55,4,4,552,552,242,242,6,8,44,38,3,44,7,3,3,7,3,9,5,41,14,51,1,4,92,112,116,95,24,44,40,7,13,19,19,8,47,18,51,37,71,13,7,59,2,2,65,1,78,0,8,56,1,8,2,12,55,552,242,4,237,194,6,8,44,38,3,44,7,3,3,7,3,9,5,41,14,51,1,4,92,112,116,95,24,44,40,7,13,19,19,8,47,18,51,37,71,13,7,59,2,2,65,1,78,0,8,56,1,8,2,12,55,552,242,4,237,194,0.742989,138.0,0.4384057971014493,13.766304347826088,13.75,10.036363636363637,138.0,0.4384057971014493,13.766304347826088,13.75,10.036363636363637
a7a1ef143ff73b6393fe0ba8,benchmark://chstone-v0/mips,2,5,-loop-unswitch,True,1.255952,-9.316315,746b5b120f80e1bc,746b5b120f80e1bc,552,552,0.001886,0.002061,7599,7599,55,55,4,4,552,552,242,242,6,8,44,38,3,44,7,3,3,7,3,9,5,41,14,51,1,4,92,112,116,95,24,44,40,7,13,19,19,8,47,18,51,37,71,13,7,59,2,2,65,1,78,0,8,56,1,8,2,12,55,552,242,4,237,194,6,8,44,38,3,44,7,3,3,7,3,9,5,41,14,51,1,4,92,112,116,95,24,44,40,7,13,19,19,8,47,18,51,37,71,13,7,59,2,2,65,1,78,0,8,56,1,8,2,12,55,552,242,4,237,194,1.255952,138.0,0.4384057971014493,13.766304347826088,13.75,10.036363636363637,138.0,0.4384057971014493,13.766304347826088,13.75,10.036363636363637
a7a1ef143ff73b6393fe0ba8,benchmark://chstone-v0/mips,2,6,-loop-distribute,True,-0.701559,-27.357971,746b5b120f80e1bc,746b5b120f80e1bc,552,552,0.001886,0.002402,7599,7599,55,55,4,4,552,552,242,242,6,8,44,38,3,44,7,3,3,7,3,9,5,41,14,51,1,4,92,112,116,95,24,44,40,7,13,19,19,8,47,18,51,37,71,13,7,59,2,2,65,1,78,0,8,56,1,8,2,12,55,552,242,4,237,194,6,8,44,38,3,44,7,3,3,7,3,9,5,41,14,51,1,4,92,112,116,95,24,44,40,7,13,19,19,8,47,18,51,37,71,13,7,59,2,2,65,1,78,0,8,56,1,8,2,12,55,552,242,4,237,194,-0.701559,138.0,0.4384057971014493,13.766304347826088,13.75,10.036363636363637,138.0,0.4384057971014493,13.766304347826088,13.75,10.036363636363637
a7a1ef143ff73b6393fe0ba8,benchmark://chstone-v0/mips,2,7,-indvars,True,-0.644641,-26.833374,746b5b120f80e1bc,c48b49fcc2ae5dc1,552,552,0.001886,0.002392,7599,7635,55,55,4,4,552,552,242,242,6,8,44,38,3,44,7,3,3,7,3,9,5,41,14,51,1,4,92,112,116,95,24,44,40,7,13,19,19,8,47,18,51,37,71,13,7,59,2,2,65,1,78,0,8,56,1,8,2,12,55,552,242,4,237,194,6,8,44,38,3,44,7,3,3,7,3,9,5,41,14,51,1,4,92,103,125,95,24,44,40,7,13,19,19,8,47,18,51,37,71,13,7,59,2,2,65,1,75,0,8,56,1,11,2,12,55,552,242,4,237,194,-0.644641,138.0,0.4384057971014493,13.766304347826088,13.75,10.036363636363637,138.0,0.4384057971014493,13.831521739130435,13.75,10.036363636363637
c76fce1018ee046e76db9eb4,benchmark://chstone-v0/motion,0,0,-licm,True,0.448120,-0.253397,ce7a99bdc721116f,08b8a0fbddbb5593,925,922,0.002080,0.002086,8122,9145,123,123,16,16,925,922,581,534,0,7,72,53,17,68,36,12,18,42,2,7,0,116,7,110,20,20,152,183,154,145,111,68,37,4,24,58,1,17,106,52,110,85,87,45,1,220,0,2,7,13,55,1,8,131,14,0,0,5,123,925,581,16,14,390,4,25,72,53,17,68,36,12,18,42,2,27,2,94,29,110,20,20,152,183,154,145,111,68,37,4,24,58,1,12,111,52,110,85,87,45,1,181,0,2,51,13,55,1,8,123,14,0,0,5,123,922,534,16,80,351,0.448120,57.8125,0.6281081081081081,8.78054054054054,7.6875,7.520325203252033,57.625,0.579175704989154,9.918655097613883,7.6875,7.495934959349594
c76fce1018ee046e76db9eb4,benchmark://chstone-v0/motion,0,1,-loop-rotate,True,-0.414347,-18.523314,ce7a99bdc721116f,27fdc6f4c16031ed,925,955,0.002080,0.002466,8122,8300,123,132,16,16,925,955,581,591,0,7,72,53,17,68,36,12,18,42,2,7,0,116,7,110,20,20,152,183,154,145,111,68,37,4,24,58,1,17,106,52,110,85,87,45,1,220,0,2,7,13,55,1,8,131,14,0,0,5,123,925,581,16,14,390,0,7,72,49,23,68,45,18,19,51,2,7,0,125,7,119,20,38,170,194,154,147,111,68,39,4,25,58,2,19,113,52,119,85,87,54,1,229,0,2,7,13,55,1,8,132,14,0,0,5,132,955,591,16,14,399,-0.414347,57.8125,0.6281081081081081,8.78054054054054,7.6875,7.520325203252033,59.6875,0.618848167539267,8.69109947643979,8.25,7.234848484848484
c76fce1018ee046e76db9eb4,benchmark://chstone-v0/motion,0,2,-loop-unroll,True,0.803230,7.268999,ce7a99bdc721116f,984d6724e64ca466,925,925,0.002080,0.001929,8122,8122,123,123,16,16,925,925,581,581,0,7,72,53,17,68,36,12,18,42,2,7,0,116,7,110,20,20,152,183,154,145,111,68,37,4,24,58,1,17,106,52,110,85,87,45,1,220,0,2,7,13,55,1,8,131,14,0,0,5,123,925,581,16,14,390,0,7,72,53,17,68,36,12,18,42,2,7,0,116,7,110,20,20,152,183,154,145,111,68,37,4,24,58,1,17,106,52,110,85,87,45,1,220,0,2,7,13,55,1,8,131,14,0,0,5,123,925,581,16,14,390,0.803230,57.8125,0.6281081081081081,8.78054054054054,7.6875,7.520325203252033,57.8125,0.6281081081081081,8.78054054054054,7.6875,7.520325203252033
c76fce1018ee046e76db9eb4,benchmark://chstone-v0/motion,0,3,-loop-vectorize,True,-0.413489,-18.505137,ce7a99bdc721116f,984d6724e64ca466,925,925,0.002080,0.002465,8122,8122,123,123,16,16,925,925,581,581,0,7,72,53,17,68,36,12,18,42,2,7,0,116,7,110,20,20,152,183,154,145,111,68,37,4,24,58,1,17,106,52,110,85,87,45,1,220,0,2,7,13,55,1,8,131,14,0,0,5,123,925,581,16,14,390,0,7,72,53,17,68,36,12,18,42,2,7,0,116,7,110,20,20,152,183,154,145,111,68,37,4,24,58,1,17,106,52,110,85,87,45,1,220,0,2,7,13,55,1,8,131,14,0,0,5,123,925,581,16,14,390,-0.413489,57.8125,0.6281081081081081,8.78054054054054,7.6875,7.520325203252033,57.8125,0.6281081081081081,8.78054054054054,7.6875,7.520325203252033
c76fce1018ee046e76db9eb4,benchmark://chstone-v0/motion,0,4,-loop-deletion,True,0.892113,9.151837,ce7a99bdc721116f,984d6724e64ca466,925,925,0.002080,0.001890,8122,8122,123,123,16,16,925,925,581,581,0,7,72,53,17,68,36,12,18,42,2,7,0,116,7,110,20,20,152,183,154,145,111,68,37,4,24,58,1,17,106,52,110,85,87,45,1,220,0,2,7,13,55,1,8,131,14,0,0,5,123,925,581,16,14,390,0,7,72,53,17,68,36,12,18,42,2,7,0,116,7,110,20,20,152,183,154,145,111,68,37,4,24,58,1,17,106,52,110,85,87,45,1,220,0,2,7,13,55,1,8,131,14,0,0,5,123,925,581,16,14,390,0.892113,57.8125,0.6281081081081081,8.78054054054054,7.6875,7.520325203252033,57.8125,0.6281081081081081,8.78054054054054,7.6875,7.520325203252033
c76fce1018ee046e76db9eb4,benchmark://chstone-v0/motion,0,5,-loop-unswitch,True,0.281991,-3.772570,ce7a99bdc721116f,984d6724e64ca466,925,925,0.002080,0.002159,8122,8122,123,123,16,16,925,925,581,581,0,7,72,53,17,68,36,12,18,42,2,7,0,116,7,110,20,20,152,183,154,145,111,68,37,4,24,58,1,17,106,52,110,85,87,45,1,220,0,2,7,13,55,1,8,131,14,0,0,5,123,925,581,16,14,390,0,7,72,53,17,68,36,12,18,42,2,7,0,116,7,110,20,20,152,183,154,145,111,68,37,4,24,58,1,17,106,52,110,85,87,45,1,220,0,2,7,13,55,1,8,131,14,0,0,5,123,925,581,16,14,390,0.281991,57.8125,0.6281081081081081,8.78054054054054,7.6875,7.520325203252033,57.8125,0.6281081081081081,8.78054054054054,7.6875,7.520325203252033
c76fce1018ee046e76db9eb4,benchmark://chstone-v0/motion,0,6,-loop-distribute,True,0.727589,5.666689,ce7a99bdc721116f,984d6724e64ca466,925,925,0.002080,0.001962,8122,8122,123,123,16,16,925,925,581,581,0,7,72,53,17,68,36,12,18,42,2,7,0,116,7,110,20,20,152,183,154,145,111,68,37,4,24,58,1,17,106,52,110,85,87,45,1,220,0,2,7,13,55,1,8,131,14,0,0,5,123,925,581,16,14,390,0,7,72,53,17,68,36,12,18,42,2,7,0,116,7,110,20,20,152,183,154,145,111,68,37,4,24,58,1,17,106,52,110,85,87,45,1,220,0,2,7,13,55,1,8,131,14,0,0,5,123,925,581,16,14,390,0.727589,57.8125,0.6281081081081081,8.78054054054054,7.6875,7.520325203252033,57.8125,0.6281081081081081,8.78054054054054,7.6875,7.520325203252033
c76fce1018ee046e76db9eb4,benchmark://chstone-v0/motion,0,7,-indvars,True,-2.325206,-59.001634,ce7a99bdc721116f,984d6724e64ca466,925,925,0.002080,0.003308,8122,8122,123,123,16,16,925,925,581,581,0,7,72,53,17,68,36,12,18,42,2,7,0,116,7,110,20,20,152,183,154,145,111,68,37,4,24,58,1,17,106,52,110,85,87,45,1,220,0,2,7,13,55,1,8,131,14,0,0,5,123,925,581,16,14,390,0,7,72,53,17,68,36,12,18,42,2,7,0,116,7,110,20,20,152,183,154,145,111,68,37,4,24,58,1,17,106,52,110,85,87,45,1,220,0,2,7,13,55,1,8,131,14,0,0,5,123,925,581,16,14,390,-2.325206,57.8125,0.6281081081081081,8.78054054054054,7.6875,7.520325203252033,57.8125,0.6281081081081081,8.78054054054054,7.6875,7.520325203252033
04fecee5f47995ac9afa84c1,benchmark://chstone-v0/motion,1,0,-licm,True,1.044873,13.690142,9a31245b0927f099,ce8c4639f5173ff3,682,717,0.002215,0.001912,8639,9609,123,123,16,16,682,717,397,388,0,7,72,53,17,68,36,12,18,42,2,7,0,116,7,110,20,20,152,187,133,126,111,68,37,4,24,58,1,10,113,26,110,85,67,42,1,56,0,2,7,13,26,1,8,131,14,0,0,4,123,682,397,16,14,170,4,25,72,53,17,68,36,12,18,42,2,27,2,94,29,110,20,20,152,187,133,126,111,68,37,4,24,58,1,9,114,26,110,85,67,42,1,55,0,2,51,13,26,1,8,123,14,0,0,4,123,717,388,16,80,169,1.044873,42.625,0.5821114369501467,12.667155425219942,7.6875,5.544715447154472,44.8125,0.5411436541143654,13.401673640167363,7.6875,5.829268292682927
04fecee5f47995ac9afa84c1,benchmark://chstone-v0/motion,1,1,-loop-rotate,True,-0.197105,-8.729669,9a31245b0927f099,356b7166a004ebda,682,720,0.002215,0.002408,8639,9033,123,132,16,16,682,720,397,407,0,7,72,53,17,68,36,12,18,42,2,7,0,116,7,110,20,20,152,187,133,126,111,68,37,4,24,58,1,10,113,26,110,85,67,42,1,56,0,2,7,13,26,1,8,131,14,0,0,4,123,682,397,16,14,170,0,15,72,49,23,68,45,18,19,51,2,15,0,117,15,119,20,38,170,198,133,128,111,68,39,4,25,58,2,10,122,26,119,85,67,51,1,65,0,2,15,13,26,1,8,132,14,0,0,4,132,720,407,16,30,179,-0.197105,42.625,0.5821114369501467,12.667155425219942,7.6875,5.544715447154472,45.0,0.5652777777777778,12.545833333333333,8.25,5.454545454545454
04fecee5f47995ac9afa84c1,benchmark://chstone-v0/motion,1,2,-loop-unroll,True,-1.466994,-31.653323,9a31245b0927f099,9a31245b0927f099,682,682,0.002215,0.002916,8639,8639,123,123,16,16,682,682,397,397,0,7,72,53,17,68,36,12,18,42,2,7,0,116,7,110,20,20,152,187,133,126,111,68,37,4,24,58,1,10,113,26,110,85,67,42,1,56,0,2,7,13,26,1,8,131,14,0,0,4,123,682,397,16,14,170,0,7,72,53,17,68,36,12,18,42,2,7,0,116,7,110,20,20,152,187,133,126,111,68,37,4,24,58,1,10,113,26,110,85,67,42,1,56,0,2,7,13,26,1,8,131,14,0,0,4,123,682,397,16,14,170,-1.466994,42.625,0.5821114369501467,12.667155425219942,7.6875,5.544715447154472,42.625,0.5821114369501467,12.667155425219942,7.6875,5.544715447154472
04fecee5f47995ac9afa84c1,benchmark://chstone-v0/motion,1,3,-loop-vectorize,True,-0.888337,-21.207593,9a31245b0927f099,9a31245b0927f099,682,682,0.002215,0.002685,8639,8639,123,123,16,16,682,682,397,397,0,7,72,53,17,68,36,12,18,42,2,7,0,116,7,110,20,20,152,187,133,126,111,68,37,4,24,58,1,10,113,26,110,85,67,42,1,56,0,2,7,13,26,1,8,131,14,0,0,4,123,682,397,16,14,170,0,7,72,53,17,68,36,12,18,42,2,7,0,116,7,110,20,20,152,187,133,126,111,68,37,4,24,58,1,10,113,26,110,85,67,42,1,56,0,2,7,13,26,1,8,131,14,0,0,4,123,682,397,16,14,170,-0.888337,42.625,0.5821114369501467,12.667155425219942,7.6875,5.544715447154472,42.625,0.5821114369501467,12.667155425219942,7.6875,5.544715447154472
04fecee5f47995ac9afa84c1,benchmark://chstone-v0/motion,1,4,-loop-deletion,True,0.975620,12.439995,9a31245b0927f099,9a31245b0927f099,682,682,0.002215,0.001939,8639,8639,123,123,16,16,682,682,397,397,0,7,72,53,17,68,36,12,18,42,2,7,0,116,7,110,20,20,152,187,133,126,111,68,37,4,24,58,1,10,113,26,110,85,67,42,1,56,0,2,7,13,26,1,8,131,14,0,0,4,123,682,397,16,14,170,0,7,72,53,17,68,36,12,18,42,2,7,0,116,7,110,20,20,152,187,133,126,111,68,37,4,24,58,1,10,113,26,110,85,67,42,1,56,0,2,7,13,26,1,8,131,14,0,0,4,123,682,397,16,14,170,0.975620,42.625,0.5821114369501467,12.667155425219942,7.6875,5.544715447154472,42.625,0.5821114369501467,12.667155425219942,7.6875,5.544715447154472
04fecee5f47995ac9afa84c1,benchmark://chstone-v0/motion,1,5,-loop-unswitch,True,0.185908,-1.815636,9a31245b0927f099,9a31245b0927f099,682,682,0.002215,0.002255,8639,8639,123,123,16,16,682,682,397,397,0,7,72,53,17,68,36,12,18,42,2,7,0,116,7,110,20,20,152,187,133,126,111,68,37,4,24,58,1,10,113,26,110,85,67,42,1,56,0,2,7,13,26,1,8,131,14,0,0,4,123,682,397,16,14,170,0,7,72,53,17,68,36,12,18,42,2,7,0,116,7,110,20,20,152,187,133,126,111,68,37,4,24,58,1,10,113,26,110,85,67,42,1,56,0,2,7,13,26,1,8,131,14,0,0,4,123,682,397,16,14,170,0.185908,42.625,0.5821114369501467,12.667155425219942,7.6875,5.544715447154472,42.625,0.5821114369501467,12.667155425219942,7.6875,5.544715447154472
04fecee5f47995ac9afa84c1,benchmark://chstone-v0/motion,1,6,-loop-distribute,True,1.373415,19.620877,9a31245b0927f099,9a31245b0927f099,682,682,0.002215,0.001780,8639,8639,123,123,16,16,682,682,397,397,0,7,72,53,17,68,36,12,18,42,2,7,0,116,7,110,20,20,152,187,133,126,111,68,37,4,24,58,1,10,113,26,110,85,67,42,1,56,0,2,7,13,26,1,8,131,14,0,0,4,123,682,397,16,14,170,0,7,72,53,17,68,36,12,18,42,2,7,0,116,7,110,20,20,152,187,133,126,111,68,37,4,24,58,1,10,113,26,110,85,67,42,1,56,0,2,7,13,26,1,8,131,14,0,0,4,123,682,397,16,14,170,1.373415,42.625,0.5821114369501467,12.667155425219942,7.6875,5.544715447154472,42.625,0.5821114369501467,12.667155425219942,7.6875,5.544715447154472
04fecee5f47995ac9afa84c1,benchmark://chstone-v0/motion,1,7,-indvars,True,-1.027381,-23.717558,9a31245b0927f099,9a31245b0927f099,682,682,0.002215,0.002740,8639,8639,123,123,16,16,682,682,397,397,0,7,72,53,17,68,36,12,18,42,2,7,0,116,7,110,20,20,152,187,133,126,111,68,37,4,24,58,1,10,113,26,110,85,67,42,1,56,0,2,7,13,26,1,8,131,14,0,0,4,123,682,397,16,14,170,0,7,72,53,17,68,36,12,18,42,2,7,0,116,7,110,20,20,152,187,133,126,111,68,37,4,24,58,1,10,113,26,110,85,67,42,1,56,0,2,7,13,26,1,8,131,14,0,0,4,123,682,397,16,14,170,-1.027381,42.625,0.5821114369501467,12.667155425219942,7.6875,5.544715447154472,42.625,0.5821114369501467,12.667155425219942,7.6875,5.544715447154472
b385a9ad85fd0d916cdd8e66,benchmark://chstone-v0/motion,2,0,-licm,True,-1.573865,-33.148306,54e96cdb54dc5325,54e96cdb54dc5325,723,723,0.002245,0.002990,9892,9892,115,115,16,16,723,723,374,374,8,29,64,47,15,60,36,10,20,42,2,31,6,78,37,102,20,20,144,202,133,139,109,60,41,4,25,58,1,10,105,26,102,85,67,42,1,41,2,2,77,13,26,1,8,123,13,0,0,4,115,723,374,16,134,155,8,29,64,47,15,60,36,10,20,42,2,31,6,78,37,102,20,20,144,202,133,139,109,60,41,4,25,58,1,10,105,26,102,85,67,42,1,41,2,2,77,13,26,1,8,123,13,0,0,4,115,723,374,16,134,155,-1.573865,45.1875,0.5172890733056709,13.681881051175656,7.1875,6.28695652173913,45.1875,0.5172890733056709,13.681881051175656,7.1875,6.28695652173913
b385a9ad85fd0d916cdd8e66,benchmark://chstone-v0/motion,2,1,-loop-rotate,True,-0.523075,-16.989157,54e96cdb54dc5325,e7490510df5cf58a,723,712,0.002245,0.002627,9892,9466,115,112,16,16,723,712,374,375,8,29,64,47,15,60,36,10,20,42,2,31,6,78,37,102,20,20,144,202,133,139,109,60,41,4,25,58,1,10,105,26,102,85,67,42,1,41,2,2,77,13,26,1,8,123,13,0,0,4,115,723,374,16,134,155,3,36,58,38,19,54,39,14,18,45,2,37,2,73,39,99,20,32,144,203,133,137,109,54,43,4,26,58,2,10,102,26,99,85,67,45,1,41,2,2,63,13,26,1,8,124,13,0,0,4,112,712,375,16,106,155,-0.523075,45.1875,0.5172890733056709,13.681881051175656,7.1875,6.28695652173913,44.5,0.526685393258427,13.294943820224718,7.0,6.357142857142857
b385a9ad85fd0d916cdd8e66,benchmark://chstone-v0/motion,2,2,-loop-unroll,True,-0.115720,-10.724816,54e96cdb54dc5325,35d5b967fe40bc27,723,740,0.002245,0.002486,9892,9976,115,119,16,16,723,740,374,390,8,29,64,47,15,60,36,10,20,42,2,31,6,78,37,102,20,20,144,202,133,139,109,60,41,4,25,58,1,10,105,26,102,85,67,42,1,41,2,2,77,13,26,1,8,123,13,0,0,4,115,723,374,16,134,155,7,30,70,49,17,62,34,10,18,42,2,32,5,82,37,104,20,20,146,196,153,149,111,62,39,4,24,58,1,10,109,26,104,85,75,42,1,47,2,2,75,13,24,1,8,125,13,0,0,6,119,740,390,16,126,161,-0.115720,45.1875,0.5172890733056709,13.681881051175656,7.1875,6.28695652173913,46.25,0.527027027027027,13.481081081081081,7.4375,6.218487394957983
b385a9ad85fd0d916cdd8e66,benchmark://chstone-v0/motion,2,3,-loop-vectorize,True,1.476642,13.762703,54e96cdb54dc5325,54e96cdb54dc5325,723,723,0.002245,0.001936,9892,9892,115,115,16,16,723,723,374,374,8,29,64,47,15,60,36,10,20,42,2,31,6,78,37,102,20,20,144,202,133,139,109,60,41,4,25,58,1,10,105,26,102,85,67,42,1,41,2,2,77,13,26,1,8,123,13,0,0,4,115,723,374,16,134,155,8,29,64,47,15,60,36,10,20,42,2,31,6,78,37,102,20,20,144,202,133,139,109,60,41,4,25,58,1,10,105,26,102,85,67,42,1,41,2,2,77,13,26,1,8,123,13,0,0,4,115,723,374,16,134,155,1.476642,45.1875,0.5172890733056709,13.681881051175656,7.1875,6.28695652173913,45.1875,0.5172890733056709,13.681881051175656,7.1875,6.28695652173913
b385a9ad85fd0d916cdd8e66,benchmark://chstone-v0/motion,2,4,-loop-deletion,True,0.396393,-2.849487,54e96cdb54dc5325,54e96cdb54dc5325,723,723,0.002245,0.002309,9892,9892,115,115,16,16,723,723,374,374,8,29,64,47,15,60,36,10,20,42,2,31,6,78,37,102,20,20,144,202,133,139,109,60,41,4,25,58,1,10,105,26,102,85,67,42,1,41,2,2,77,13,26,1,8,123,13,0,0,4,115,723,374,16,134,155,8,29,64,47,15,60,36,10,20,42,2,31,6,78,37,102,20,20,144,202,133,139,109,60,41,4,25,58,1,10,105,26,102,85,67,42,1,41,2,2,77,13,26,1,8,123,13,0,0,4,115,723,374,16,134,155,0.396393,45.1875,0.5172890733056709,13.681881051175656,7.1875,6.28695652173913,45.1875,0.5172890733056709,13.681881051175656,7.1875,6.28695652173913
b385a9ad85fd0d916cdd8e66,benchmark://chstone-v0/motion,2,5,-loop-unswitch,True,1.124275,8.343966,54e96cdb54dc5325,54e96cdb54dc5325,723,723,0.002245,0.002058,9892,9892,115,115,16,16,723,723,374,374,8,29,64,47,15,60,36,10,20,42,2,31,6,78,37,102,20,20,144,202,133,139,109,60,41,4,25,58,1,10,105,26,102,85,67,42,1,41,2,2,77,13,26,1,8,123,13,0,0,4,115,723,374,16,134,155,8,29,64,47,15,60,36,10,20,42,2,31,6,78,37,102,20,20,144,202,133,139,109,60,41,4,25,58,1,10,105,26,102,85,67,42,1,41,2,2,77,13,26,1,8,123,13,0,0,4,115,723,374,16,134,155,1.124275,45.1875,0.5172890733056709,13.681881051175656,7.1875,6.28695652173913,45.1875,0.5172890733056709,13.681881051175656,7.1875,6.28695652173913
b385a9ad85fd0d916cdd8e66,benchmark://chstone-v0/motion,2,6,-loop-distribute,True,0.422082,-2.454435,54e96cdb54dc5325,54e96cdb54dc5325,723,723,0.002245,0.002300,9892,9892,115,115,16,16,723,723,374,374,8,29,64,47,15,60,36,10,20,42,2,31,6,78,37,102,20,20,144,202,133,139,109,60,41,4,25,58,1,10,105,26,102,85,67,42,1,41,2,2,77,13,26,1,8,123,13,0,0,4,115,723,374,16,134,155,8,29,64,47,15,60,36,10,20,42,2,31,6,78,37,102,20,20,144,202,133,139,109,60,41,4,25,58,1,10,105,26,102,85,67,42,1,41,2,2,77,13,26,1,8,123,13,0,0,4,115,723,374,16,134,155,0.422082,45.1875,0.5172890733056709,13.681881051175656,7.1875,6.28695652173913,45.1875,0.5172890733056709,13.681881051175656,7.1875,6.28695652173913
b385a9ad85fd0d916cdd8e66,benchmark://chstone-v0/motion,2,7,-indvars,True,-1.206732,-27.502510,54e96cdb54dc5325,9289ebd984471b22,723,696,0.002245,0.002863,9892,9624,115,115,16,16,723,696,374,370,8,29,64,47,15,60,36,10,20,42,2,31,6,78,37,102,20,20,144,202,133,139,109,60,41,4,25,58,1,10,105,26,102,85,67,42,1,41,2,2,77,13,26,1,8,123,13,0,0,4,115,723,374,16,134,155,6,29,64,47,15,60,36,10,20,42,2,34,1,80,35,102,20,20,144,178,157,135,108,60,41,4,25,58,1,8,107,26,102,85,67,42,1,37,2,2,57,13,15,1,8,123,13,6,0,6,115,696,370,16,104,148,-1.206732,45.1875,0.5172890733056709,13.681881051175656,7.1875,6.28695652173913,43.5,0.5316091954022989,13.827586206896552,7.1875,6.052173913043478
fad8199895511e10294a23d3,benchmark://chstone-v0/sha,0,0,-licm,True,0.191210,14.727610,ce7a0b2369c1cef3,d1a1aca872cccfdd,642,671,0.002590,0.002208,19118,20234,57,57,11,11,642,671,392,351,0,0,35,29,0,35,14,1,12,14,0,0,0,57,0,49,1,1,63,129,69,34,50,35,55,0,38,33,10,11,46,46,49,59,25,15,10,167,0,15,0,8,16,0,13,108,7,4,8,9,57,642,392,11,0,275,6,14,35,29,0,35,14,1,12,14,0,10,10,37,20,49,1,1,63,129,69,34,50,35,56,0,38,33,10,17,40,46,49,59,25,15,10,133,0,15,70,8,16,0,13,101,7,4,8,9,57,671,351,11,105,241,0.191210,58.36363636363637,0.6105919003115264,29.778816199376948,5.181818181818182,11.263157894736842,61.0,0.5230998509687034,30.15499254843517,5.181818181818182,11.771929824561404
fad8199895511e10294a23d3,benchmark://chstone-v0/sha,0,1,-loop-rotate,True,0.478624,17.816421,ce7a0b2369c1cef3,6ed97c31fd5d4434,642,684,0.002590,0.002128,19118,19360,57,69,11,11,642,684,392,407,0,0,35,29,0,35,14,1,12,14,0,0,0,57,0,49,1,1,63,129,69,34,50,35,55,0,38,33,10,11,46,46,49,59,25,15,10,167,0,15,0,8,16,0,13,108,7,4,8,9,57,642,392,11,0,275,0,0,35,27,8,35,26,8,11,26,0,0,0,69,0,61,1,25,87,144,69,37,50,35,58,0,41,33,10,11,58,46,61,59,25,27,10,179,0,15,0,8,16,0,13,111,7,4,8,9,69,684,407,11,0,287,0.478624,58.36363636363637,0.6105919003115264,29.778816199376948,5.181818181818182,11.263157894736842,62.18181818181818,0.5950292397660819,28.304093567251464,6.2727272727272725,9.91304347826087
fad8199895511e10294a23d3,benchmark://chstone-v0/sha,0,2,-loop-unroll,True,0.553367,18.619677,ce7a0b2369c1cef3,b805bf402d5d1c45,642,642,0.002590,0.002108,19118,19118,57,57,11,11,642,642,392,392,0,0,35,29,0,35,14,1,12,14,0,0,0,57,0,49,1,1,63,129,69,34,50,35,55,0,38,33,10,11,46,46,49,59,25,15,10,167,0,15,0,8,16,0,13,108,7,4,8,9,57,642,392,11,0,275,0,0,35,29,0,35,14,1,12,14,0,0,0,57,0,49,1,1,63,129,69,34,50,35,55,0,38,33,10,11,46,46,49,59,25,15,10,167,0,15,0,8,16,0,13,108,7,4,8,9,57,642,392,11,0,275,0.553367,58.36363636363637,0.6105919003115264,29.778816199376948,5.181818181818182,11.263157894736842,58.36363636363637,0.6105919003115264,29.778816199376948,5.181818181818182,11.263157894736842
fad8199895511e10294a23d3,benchmark://chstone-v0/sha,0,3,-loop-vectorize,True,-0.096559,11.634987,ce7a0b2369c1cef3,b805bf402d5d1c45,642,642,0.002590,0.002288,19118,19118,57,57,11,11,642,642,392,392,0,0,35,29,0,35,14,1,12,14,0,0,0,57,0,49,1,1,63,129,69,34,50,35,55,0,38,33,10,11,46,46,49,59,25,15,10,167,0,15,0,8,16,0,13,108,7,4,8,9,57,642,392,11,0,275,0,0,35,29,0,35,14,1,12,14,0,0,0,57,0,49,1,1,63,129,69,34,50,35,55,0,38,33,10,11,46,46,49,59,25,15,10,167,0,15,0,8,16,0,13,108,7,4,8,9,57,642,392,11,0,275,-0.096559,58.36363636363637,0.6105919003115264,29.778816199376948,5.181818181818182,11.263157894736842,58.36363636363637,0.6105919003115264,29.778816199376948,5.181818181818182,11.263157894736842
fad8199895511e10294a23d3,benchmark://chstone-v0/sha,0,4,-loop-deletion,True,-2.193743,-10.903224,ce7a0b2369c1cef3,b805bf402d5d1c45,642,642,0.002590,0.002872,19118,19118,57,57,11,11,642,642,392,392,0,0,35,29,0,35,14,1,12,14,0,0,0,57,0,49,1,1,63,129,69,34,50,35,55,0,38,33,10,11,46,46,49,59,25,15,10,167,0,15,0,8,16,0,13,108,7,4,8,9,57,642,392,11,0,275,0,0,35,29,0,35,14,1,12,14,0,0,0,57,0,49,1,1,63,129,69,34,50,35,55,0,38,33,10,11,46,46,49,59,25,15,10,167,0,15,0,8,16,0,13,108,7,4,8,9,57,642,392,11,0,275,-2.193743,58.36363636363637,0.6105919003115264,29.778816199376948,5.181818181818182,11.263157894736842,58.36363636363637,0.6105919003115264,29.778816199376948,5.181818181818182,11.263157894736842
fad8199895511e10294a23d3,benchmark://chstone-v0/sha,0,5,-loop-unswitch,True,0.701354,20.210078,ce7a0b2369c1cef3,b805bf402d5d1c45,642,642,0.002590,0.002066,19118,19118,57,57,11,11,642,642,392,392,0,0,35,29,0,35,14,1,12,14,0,0,0,57,0,49,1,1,63,129,69,34,50,35,55,0,38,33,10,11,46,46,49,59,25,15,10,167,0,15,0,8,16,0,13,108,7,4,8,9,57,642,392,11,0,275,0,0,35,29,0,35,14,1,12,14,0,0,0,57,0,49,1,1,63,129,69,34,50,35,55,0,38,33,10,11,46,46,49,59,25,15,10,167,0,15,0,8,16,0,13,108,7,4,8,9,57,642,392,11,0,275,0.701354,58.36363636363637,0.6105919003115264,29.778816199376948,5.181818181818182,11.263157894736842,58.36363636363637,0.6105919003115264,29.778816199376948,5.181818181818182,11.263157894736842
fad8199895511e10294a23d3,benchmark://chstone-v0/sha,0,6,-loop-distribute,True,1.194686,25.511871,ce7a0b2369c1cef3,b805bf402d5d1c45,642,642,0.002590,0.001929,19118,19118,57,57,11,11,642,642,392,392,0,0,35,29,0,35,14,1,12,14,0,0,0,57,0,49,1,1,63,129,69,34,50,35,55,0,38,33,10,11,46,46,49,59,25,15,10,167,0,15,0,8,16,0,13,108,7,4,8,9,57,642,392,11,0,275,0,0,35,29,0,35,14,1,12,14,0,0,0,57,0,49,1,1,63,129,69,34,50,35,55,0,38,33,10,11,46,46,49,59,25,15,10,167,0,15,0,8,16,0,13,108,7,4,8,9,57,642,392,11,0,275,1.194686,58.36363636363637,0.6105919003115264,29.778816199376948,5.181818181818182,11.263157894736842,58.36363636363637,0.6105919003115264,29.778816199376948,5.181818181818182,11.263157894736842
fad8199895511e10294a23d3,benchmark://chstone-v0/sha,0,7,-indvars,True,-0.828939,3.764184,ce7a0b2369c1cef3,b805bf402d5d1c45,642,642,0.002590,0.002492,19118,19118,57,57,11,11,642,642,392,392,0,0,35,29,0,35,14,1,12,14,0,0,0,57,0,49,1,1,63,129,69,34,50,35,55,0,38,33,10,11,46,46,49,59,25,15,10,167,0,15,0,8,16,0,13,108,7,4,8,9,57,642,392,11,0,275,0,0,35,29,0,35,14,1,12,14,0,0,0,57,0,49,1,1,63,129,69,34,50,35,55,0,38,33,10,11,46,46,49,59,25,15,10,167,0,15,0,8,16,0,13,108,7,4,8,9,57,642,392,11,0,275,-0.828939,58.36363636363637,0.6105919003115264,29.778816199376948,5.181818181818182,11.263157894736842,58.36363636363637,0.6105919003115264,29.778816199376948,5.181818181818182,11.263157894736842
75301afe8ae8a1ec48d80986,benchmark://chstone-v0/sha,1,0,-licm,True,0.895326,10.795200,28c021e34283775c,361adb51f410fce5,517,608,0.002186,0.001950,19142,21045,57,57,11,11,517,608,296,296,0,0,35,29,0,35,14,1,12,14,0,0,0,57,0,49,1,1,63,128,69,34,50,35,54,0,37,33,10,11,46,23,49,59,25,15,10,71,0,14,0,8,13,0,12,108,7,4,8,9,57,517,296,11,0,153,10,14,35,29,0,35,14,1,12,14,0,14,10,33,24,49,1,1,63,127,69,33,50,35,54,0,37,33,10,16,41,23,49,59,25,15,10,78,0,14,91,8,13,0,12,101,7,4,8,9,57,608,296,11,136,160,0.895326,47.0,0.5725338491295938,37.02514506769826,5.181818181818182,9.070175438596491,55.27272727272727,0.4868421052631579,34.61348684210526,5.181818181818182,10.666666666666666
75301afe8ae8a1ec48d80986,benchmark://chstone-v0/sha,1,1,-loop-rotate,True,0.758465,7.943313,28c021e34283775c,e88a0330782553c7,517,570,0.002186,0.002012,19142,19583,57,69,11,11,517,570,296,311,0,0,35,29,0,35,14,1,12,14,0,0,0,57,0,49,1,1,63,128,69,34,50,35,54,0,37,33,10,11,46,23,49,59,25,15,10,71,0,14,0,8,13,0,12,108,7,4,8,9,57,517,296,11,0,153,0,11,35,27,8,35,26,8,11,26,0,11,0,58,11,61,1,25,87,143,69,37,50,35,57,0,40,33,10,11,58,23,61,59,25,27,10,83,0,14,11,8,13,0,12,111,7,4,8,9,69,570,311,11,21,165,0.758465,47.0,0.5725338491295938,37.02514506769826,5.181818181818182,9.070175438596491,51.81818181818182,0.5456140350877193,34.35614035087719,6.2727272727272725,8.26086956521739
75301afe8ae8a1ec48d80986,benchmark://chstone-v0/sha,1,2,-loop-unroll,True,0.773606,8.258817,28c021e34283775c,5cb0a2066135fa50,517,518,0.002186,0.002006,19142,19142,57,57,11,11,517,518,296,296,0,0,35,29,0,35,14,1,12,14,0,0,0,57,0,49,1,1,63,128,69,34,50,35,54,0,37,33,10,11,46,23,49,59,25,15,10,71,0,14,0,8,13,0,12,108,7,4,8,9,57,517,296,11,0,153,0,1,35,29,0,35,14,1,12,14,0,1,0,56,1,49,1,1,63,128,69,34,50,35,54,0,37,33,10,11,46,23,49,59,25,15,10,71,0,14,1,8,13,0,12,108,7,4,8,9,57,518,296,11,1,153,0.773606,47.0,0.5725338491295938,37.02514506769826,5.181818181818182,9.070175438596491,47.09090909090909,0.5714285714285714,36.95366795366795,5.181818181818182,9.087719298245615
75301afe8ae8a1ec48d80986,benchmark://chstone-v0/sha,1,3,-loop-vectorize,True,-1.654002,-42.327331,28c021e34283775c,5cb0a2066135fa50,517,518,0.002186,0.003111,19142,19142,57,57,11,11,517,518,296,296,0,0,35,29,0,35,14,1,12,14,0,0,0,57,0,49,1,1,63,128,69,34,50,35,54,0,37,33,10,11,46,23,49,59,25,15,10,71,0,14,0,8,13,0,12,108,7,4,8,9,57,517,296,11,0,153,0,1,35,29,0,35,14,1,12,14,0,1,0,56,1,49,1,1,63,128,69,34,50,35,54,0,37,33,10,11,46,23,49,59,25,15,10,71,0,14,1,8,13,0,12,108,7,4,8,9,57,518,296,11,1,153,-1.654002,47.0,0.5725338491295938,37.02514506769826,5.181818181818182,9.070175438596491,47.09090909090909,0.5714285714285714,36.95366795366795,5.181818181818182,9.087719298245615
75301afe8ae8a1ec48d80986,benchmark://chstone-v0/sha,1,4,-loop-deletion,True,-1.601166,-41.226349,28c021e34283775c,5cb0a2066135fa50,517,518,0.002186,0.003087,19142,19142,57,57,11,11,517,518,296,296,0,0,35,29,0,35,14,1,12,14,0,0,0,57,0,49,1,1,63,128,69,34,50,35,54,0,37,33,10,11,46,23,49,59,25,15,10,71,0,14,0,8,13,0,12,108,7,4,8,9,57,517,296,11,0,153,0,1,35,29,0,35,14,1,12,14,0,1,0,56,1,49,1,1,63,128,69,34,50,35,54,0,37,33,10,11,46,23,49,59,25,15,10,71,0,14,1,8,13,0,12,108,7,4,8,9,57,518,296,11,1,153,-1.601166,47.0,0.5725338491295938,37.02514506769826,5.181818181818182,9.070175438596491,47.09090909090909,0.5714285714285714,36.95366795366795,5.181818181818182,9.087719298245615
75301afe8ae8a1ec48d80986,benchmark://chstone-v0/sha,1,5,-loop-unswitch,True,-0.299373,-14.099767,28c021e34283775c,5cb0a2066135fa50,517,518,0.002186,0.002494,19142,19142,57,57,11,11,517,518,296,296,0,0,35,29,0,35,14,1,12,14,0,0,0,57,0,49,1,1,63,128,69,34,50,35,54,0,37,33,10,11,46,23,49,59,25,15,10,71,0,14,0,8,13,0,12,108,7,4,8,9,57,517,296,11,0,153,0,1,35,29,0,35,14,1,12,14,0,1,0,56,1,49,1,1,63,128,69,34,50,35,54,0,37,33,10,11,46,23,49,59,25,15,10,71,0,14,1,8,13,0,12,108,7,4,8,9,57,518,296,11,1,153,-0.299373,47.0,0.5725338491295938,37.02514506769826,5.181818181818182,9.070175438596491,47.09090909090909,0.5714285714285714,36.95366795366795,5.181818181818182,9.087719298245615
75301afe8ae8a1ec48d80986,benchmark://chstone-v0/sha,1,6,-loop-distribute,True,0.550402,3.607716,28c021e34283775c,28c021e34283775c,517,517,0.002186,0.002107,19142,19142,57,57,11,11,517,517,296,296,0,0,35,29,0,35,14,1,12,14,0,0,0,57,0,49,1,1,63,128,69,34,50,35,54,0,37,33,10,11,46,23,49,59,25,15,10,71,0,14,0,8,13,0,12,108,7,4,8,9,57,517,296,11,0,153,0,0,35,29,0,35,14,1,12,14,0,0,0,57,0,49,1,1,63,128,69,34,50,35,54,0,37,33,10,11,46,23,49,59,25,15,10,71,0,14,0,8,13,0,12,108,7,4,8,9,57,517,296,11,0,153,0.550402,47.0,0.5725338491295938,37.02514506769826,5.181818181818182,9.070175438596491,47.0,0.5725338491295938,37.02514506769826,5.181818181818182,9.070175438596491
75301afe8ae8a1ec48d80986,benchmark://chstone-v0/sha,1,7,-indvars,True,0.576742,4.156588,28c021e34283775c,5cb0a2066135fa50,517,518,0.002186,0.002095,19142,19142,57,57,11,11,517,518,296,296,0,0,35,29,0,35,14,1,12,14,0,0,0,57,0,49,1,1,63,128,69,34,50,35,54,0,37,33,10,11,46,23,49,59,25,15,10,71,0,14,0,8,13,0,12,108,7,4,8,9,57,517,296,11,0,153,0,1,35,29,0,35,14,1,12,14,0,1,0,56,1,49,1,1,63,128,69,34,50,35,54,0,37,33,10,11,46,23,49,59,25,15,10,71,0,14,1,8,13,0,12,108,7,4,8,9,57,518,296,11,1,153,0.576742,47.0,0.5725338491295938,37.02514506769826,5.181818181818182,9.070175438596491,47.09090909090909,0.5714285714285714,36.95366795366795,5.181818181818182,9.087719298245615
79899a5c62865e7a1994183e,benchmark://chstone-v0/sha,2,0,-licm,True,0.102687,7.533753,1e638d381ba9af72,14e6c6868142209a,504,643,0.002520,0.002330,19810,21970,50,50,11,11,504,643,251,289,5,8,28,22,0,28,14,1,12,14,0,9,4,37,13,42,1,0,56,137,69,39,50,28,54,0,37,33,10,11,39,23,42,59,25,15,10,26,0,14,39,8,13,0,12,108,7,4,8,9,50,504,251,11,78,108,13,10,28,22,0,28,14,1,12,14,0,11,12,27,23,42,1,0,56,137,69,39,50,28,54,0,37,33,10,20,30,23,42,59,25,15,10,64,0,14,140,8,13,0,12,108,7,4,8,9,50,643,289,11,217,146,0.102687,45.81818181818182,0.498015873015873,39.30555555555556,4.545454545454546,10.08,58.45454545454545,0.4494556765163297,34.16796267496112,4.545454545454546,12.86
79899a5c62865e7a1994183e,benchmark://chstone-v0/sha,2,1,-loop-rotate,True,0.880686,18.126126,1e638d381ba9af72,3e9f1037834ab3ce,504,537,0.002520,0.002063,19810,19890,50,46,11,11,504,537,251,254,5,8,28,22,0,28,14,1,12,14,0,9,4,37,13,42,1,0,56,137,69,39,50,28,54,0,37,33,10,11,39,23,42,59,25,15,10,26,0,14,39,8,13,0,12,108,7,4,8,9,50,504,251,11,78,108,5,17,20,17,0,20,18,0,14,18,0,14,8,24,22,38,1,16,56,144,69,42,50,20,57,0,40,33,10,12,34,23,38,59,25,19,10,26,0,14,66,8,13,0,12,111,7,4,8,9,46,537,254,11,108,108,0.880686,45.81818181818182,0.498015873015873,39.30555555555556,4.545454545454546,10.08,48.81818181818182,0.4729981378026071,37.039106145251395,4.181818181818182,11.673913043478262
79899a5c62865e7a1994183e,benchmark://chstone-v0/sha,2,2,-loop-unroll,True,0.021697,6.431083,1e638d381ba9af72,f9ded85b2b2bcfe0,504,628,0.002520,0.002358,19810,20740,50,73,11,11,504,628,251,330,5,8,28,22,0,28,14,1,12,14,0,9,4,37,13,42,1,0,56,137,69,39,50,28,54,0,37,33,10,11,39,23,42,59,25,15,10,26,0,14,39,8,13,0,12,108,7,4,8,9,50,504,251,11,78,108,5,12,54,42,3,48,11,1,9,14,0,9,8,56,17,62,1,0,76,162,95,48,51,48,51,0,37,33,10,11,62,23,62,61,35,16,10,45,0,14,59,8,10,0,12,156,7,4,8,13,73,628,330,11,94,128,0.021697,45.81818181818182,0.498015873015873,39.30555555555556,4.545454545454546,10.08,57.09090909090909,0.5254777070063694,33.02547770700637,6.636363636363637,8.602739726027398
79899a5c62865e7a1994183e,benchmark://chstone-v0/sha,2,3,-loop-vectorize,True,1.250119,23.155922,1e638d381ba9af72,b641ce652815b6bb,504,528,0.002520,0.001936,19810,20167,50,50,11,11,504,528,251,251,5,8,28,22,0,28,14,1,12,14,0,9,4,37,13,42,1,0,56,137,69,39,50,28,54,0,37,33,10,11,39,23,42,59,25,15,10,26,0,14,39,8,13,0,12,108,7,4,8,9,50,504,251,11,78,108,5,15,28,22,0,28,14,1,12,14,0,12,8,30,20,42,1,0,56,137,69,39,50,28,54,0,37,33,10,11,39,23,42,59,25,15,10,26,0,14,63,8,13,0,12,108,7,4,8,9,50,528,251,11,102,108,1.250119,45.81818181818182,0.498015873015873,39.30555555555556,4.545454545454546,10.08,48.0,0.4753787878787879,38.19507575757576,4.545454545454546,10.56
79899a5c62865e7a1994183e,benchmark://chstone-v0/sha,2,4,-loop-deletion,True,-0.976150,-7.154494,1e638d381ba9af72,0ce4b4cc33d53cbe,504,528,0.002520,0.002700,19810,20167,50,50,11,11,504,528,251,251,5,8,28,22,0,28,14,1,12,14,0,9,4,37,13,42,1,0,56,137,69,39,50,28,54,0,37,33,10,11,39,23,42,59,25,15,10,26,0,14,39,8,13,0,12,108,7,4,8,9,50,504,251,11,78,108,5,15,28,22,0,28,14,1,12,14,0,12,8,30,20,42,1,0,56,137,69,39,50,28,54,0,37,33,10,11,39,23,42,59,25,15,10,26,0,14,63,8,13,0,12,108,7,4,8,9,50,528,251,11,102,108,-0.976150,45.81818181818182,0.498015873015873,39.30555555555556,4.545454545454546,10.08,48.0,0.4753787878787879,38.19507575757576,4.545454545454546,10.56
79899a5c62865e7a1994183e,benchmark://chstone-v0/sha,2,5,-loop-unswitch,True,-1.353808,-12.296271,1e638d381ba9af72,0ce4b4cc33d53cbe,504,528,0.002520,0.002830,19810,20167,50,50,11,11,504,528,251,251,5,8,28,22,0,28,14,1,12,14,0,9,4,37,13,42,1,0,56,137,69,39,50,28,54,0,37,33,10,11,39,23,42,59,25,15,10,26,0,14,39,8,13,0,12,108,7,4,8,9,50,504,251,11,78,108,5,15,28,22,0,28,14,1,12,14,0,12,8,30,20,42,1,0,56,137,69,39,50,28,54,0,37,33,10,11,39,23,42,59,25,15,10,26,0,14,63,8,13,0,12,108,7,4,8,9,50,528,251,11,102,108,-1.353808,45.81818181818182,0.498015873015873,39.30555555555556,4.545454545454546,10.08,48.0,0.4753787878787879,38.19507575757576,4.545454545454546,10.56
79899a5c62865e7a1994183e,benchmark://chstone-v0/sha,2,6,-loop-distribute,True,1.233653,22.931736,1e638d381ba9af72,1e638d381ba9af72,504,504,0.002520,0.001942,19810,19810,50,50,11,11,504,504,251,251,5,8,28,22,0,28,14,1,12,14,0,9,4,37,13,42,1,0,56,137,69,39,50,28,54,0,37,33,10,11,39,23,42,59,25,15,10,26,0,14,39,8,13,0,12,108,7,4,8,9,50,504,251,11,78,108,5,8,28,22,0,28,14,1,12,14,0,9,4,37,13,42,1,0,56,137,69,39,50,28,54,0,37,33,10,11,39,23,42,59,25,15,10,26,0,14,39,8,13,0,12,108,7,4,8,9,50,504,251,11,78,108,1.233653,45.81818181818182,0.498015873015873,39.30555555555556,4.545454545454546,10.08,45.81818181818182,0.498015873015873,39.30555555555556,4.545454545454546,10.08
79899a5c62865e7a1994183e,benchmark://chstone-v0/sha,2,7,-indvars,True,-1.158885,-9.642412,1e638d381ba9af72,94ac58bbe843d70c,504,524,0.002520,0.002763,19810,20279,50,50,11,11,504,524,251,251,5,8,28,22,0,28,14,1,12,14,0,9,4,37,13,42,1,0,56,137,69,39,50,28,54,0,37,33,10,11,39,23,42,59,25,15,10,26,0,14,39,8,13,0,12,108,7,4,8,9,50,504,251,11,78,108,5,15,28,22,0,28,14,1,12,14,0,12,8,30,20,42,1,0,56,109,97,39,50,28,54,0,37,33,10,11,39,23,42,59,25,15,10,26,0,14,63,8,1,0,12,108,7,12,8,9,50,524,251,11,102,104,-1.158885,45.81818181818182,0.498015873015873,39.30555555555556,4.545454545454546,10.08,47.63636363636363,0.47900763358778625,38.70038167938932,4.545454545454546,10.48
