episode_id,transition_key,run_id,generated_at_utc,benchmark_suite,compiler_gym_version,compiler_version,host_name,python_version,benchmark_uri,episode_index,step_index,pass_id,pass_name,pass_flag,pass_position,previous_pass_sequence,reward_space,raw_step_reward,hybrid_reward,runtime_improvement,ir_improvement,size_improvement,cumulative_reward,pass_success,action_had_no_effect,done,termination_reason,step_walltime_sec,error_type,error_message,pre_state_id,pre_ir_instruction_count,pre_object_text_size_bytes,pre_total_basic_blocks,pre_total_functions,pre_total_instructions,pre_total_memory_instructions,post_state_id,post_ir_instruction_count,post_object_text_size_bytes,post_total_basic_blocks,post_total_functions,post_total_instructions,post_total_memory_instructions,pre_autophase_BBNumArgsHi,pre_autophase_BBNumArgsLo,pre_autophase_onePred,pre_autophase_onePredOneSuc,pre_autophase_onePredTwoSuc,pre_autophase_oneSuccessor,pre_autophase_twoPred,pre_autophase_twoPredOneSuc,pre_autophase_twoEach,pre_autophase_twoSuccessor,pre_autophase_morePreds,pre_autophase_BB03Phi,pre_autophase_BBHiPhi,pre_autophase_BBNoPhi,pre_autophase_BeginPhi,pre_autophase_BranchCount,pre_autophase_returnInt,pre_autophase_CriticalCount,pre_autophase_NumEdges,pre_autophase_const32Bit,pre_autophase_const64Bit,pre_autophase_numConstZeroes,pre_autophase_numConstOnes,pre_autophase_UncondBranches,pre_autophase_binaryConstArg,pre_autophase_NumAShrInst,pre_autophase_NumAddInst,pre_autophase_NumAllocaInst,pre_autophase_NumAndInst,pre_autophase_BlockMid,pre_autophase_BlockLow,pre_autophase_NumBitCastInst,pre_autophase_NumBrInst,pre_autophase_NumCallInst,pre_autophase_NumGetElementPtrInst,pre_autophase_NumICmpInst,pre_autophase_NumLShrInst,pre_autophase_NumLoadInst,pre_autophase_NumMulInst,pre_autophase_NumOrInst,pre_autophase_NumPHIInst,pre_autophase_NumRetInst,pre_autophase_NumSExtInst,pre_autophase_NumSelectInst,pre_autophase_NumShlInst,pre_autophase_NumStoreInst,pre_autophase_NumSubInst,pre_autophase_NumTruncInst,pre_autophase_NumXorInst,pre_autophase_NumZExtInst,pre_autophase_TotalBlocks,pre_autophase_TotalInsts,pre_autophase_TotalMemInst,pre_autophase_TotalFuncs,pre_autophase_ArgsPhi,pre_autophase_testUnary,post_autophase_BBNumArgsHi,post_autophase_BBNumArgsLo,post_autophase_onePred,post_autophase_onePredOneSuc,post_autophase_onePredTwoSuc,post_autophase_oneSuccessor,post_autophase_twoPred,post_autophase_twoPredOneSuc,post_autophase_twoEach,post_autophase_twoSuccessor,post_autophase_morePreds,post_autophase_BB03Phi,post_autophase_BBHiPhi,post_autophase_BBNoPhi,post_autophase_BeginPhi,post_autophase_BranchCount,post_autophase_returnInt,post_autophase_CriticalCount,post_autophase_NumEdges,post_autophase_const32Bit,post_autophase_const64Bit,post_autophase_numConstZeroes,post_autophase_numConstOnes,post_autophase_UncondBranches,post_autophase_binaryConstArg,post_autophase_NumAShrInst,post_autophase_NumAddInst,post_autophase_NumAllocaInst,post_autophase_NumAndInst,post_autophase_BlockMid,post_autophase_BlockLow,post_autophase_NumBitCastInst,post_autophase_NumBrInst,post_autophase_NumCallInst,post_autophase_NumGetElementPtrInst,post_autophase_NumICmpInst,post_autophase_NumLShrInst,post_autophase_NumLoadInst,post_autophase_NumMulInst,post_autophase_NumOrInst,post_autophase_NumPHIInst,post_autophase_NumRetInst,post_autophase_NumSExtInst,post_autophase_NumSelectInst,post_autophase_NumShlInst,post_autophase_NumStoreInst,post_autophase_NumSubInst,post_autophase_NumTruncInst,post_autophase_NumXorInst,post_autophase_NumZExtInst,post_autophase_TotalBlocks,post_autophase_TotalInsts,post_autophase_TotalMemInst,post_autophase_TotalFuncs,post_autophase_ArgsPhi,post_autophase_testUnary,delta_ir_instruction_count,delta_object_text_size_bytes,pre_runtime_median_sec,post_runtime_median_sec
e197e4ddea822211a34554b9,b4b81205303be2d5,3c479f8b47354c76a1827a0744e0ae47,2026-08-10T14:07:21.360916+00:00,benchmark://cbench-v1,0.2.5,10.0.0 x86_64-unknown-linux-gnu,76e7858e-a631-41cd-b7f6-29d0024630e7,3.10.12,benchmark://cbench-v1/blowfish,0,0,1,-adce,-adce,0,[],IrInstructionCountO3,0.0,4.295092216317601,0.07158487027196,0.0,0.0,4.295092216317601,True,True,True,action_no_effect,0.028120290488004684,,,ae3ca982f7cfe329696b91fa22feba31270193da,3898,,136,22,3898,2551,ae3ca982f7cfe329696b91fa22feba31270193da,3898,,136,22,3898,2551,0,2,75,49,18,77,53,27,20,43,0,2,0,134,2,120,15,38,181,373,933,201,337,77,590,0,183,93,231,33,101,114,120,159,457,43,168,1205,0,63,2,8,28,0,65,637,7,102,113,91,136,3898,2551,22,4,1633,0,2,75,49,18,77,53,27,20,43,0,2,0,134,2,120,15,38,181,373,933,201,337,77,590,0,183,93,231,33,101,114,120,159,457,43,168,1205,0,63,2,8,28,0,65,637,7,102,113,91,136,3898,2551,22,4,1633,0,,0.003199,0.00297
12321a7e99268bd4b725c4a1,147beccf96db5e70,3c479f8b47354c76a1827a0744e0ae47,2026-08-10T14:07:21.360916+00:00,benchmark://cbench-v1,0.2.5,10.0.0 x86_64-unknown-linux-gnu,76e7858e-a631-41cd-b7f6-29d0024630e7,3.10.12,benchmark://cbench-v1/blowfish,1,0,30,-early-cse,-early-cse,0,[],IrInstructionCountO3,0.19583333333333333,9.52253420301521,0.11047904191616766,0.09645972293483839,0.0,9.52253420301521,True,False,False,,0.08550332486629486,,,ae3ca982f7cfe329696b91fa22feba31270193da,3898,,136,22,3898,2551,a14467854649d2cccd89f54453f29df534a79dab,3522,,136,22,3522,2239,0,2,75,49,18,77,53,27,20,43,0,2,0,134,2,120,15,38,181,373,933,201,337,77,590,0,183,93,231,33,101,114,120,159,457,43,168,1205,0,63,2,8,28,0,65,637,7,102,113,91,136,3898,2551,22,4,1633,0,2,75,49,18,77,53,27,20,43,0,2,0,134,2,120,15,38,181,373,846,130,321,77,590,0,183,93,231,32,102,57,120,159,410,43,168,941,0,63,2,8,21,0,65,636,7,102,113,91,136,3522,2239,22,4,1305,-376,,0.00334,0.002971
12321a7e99268bd4b725c4a1,043401a9a2f9d8fe,3c479f8b47354c76a1827a0744e0ae47,2026-08-10T14:07:21.360916+00:00,benchmark://cbench-v1,0.2.5,10.0.0 x86_64-unknown-linux-gnu,76e7858e-a631-41cd-b7f6-29d0024630e7,3.10.12,benchmark://cbench-v1/blowfish,1,1,21,-correlated-propagation,-correlated-propagation,1,[30],IrInstructionCountO3,0.0,17.246718276674525,0.28744530461124207,0.0,0.0,26.769252479689733,True,False,True,no_ir_change,0.0864177830517292,,,a14467854649d2cccd89f54453f29df534a79dab,3522,,136,22,3522,2239,f5dc9bfccb49308edcf3d2e98496a53135264ac3,3522,,136,22,3522,2239,0,2,75,49,18,77,53,27,20,43,0,2,0,134,2,120,15,38,181,373,846,130,321,77,590,0,183,93,231,32,102,57,120,159,410,43,168,941,0,63,2,8,21,0,65,636,7,102,113,91,136,3522,2239,22,4,1305,0,2,75,49,18,77,53,27,20,43,0,2,0,134,2,120,15,38,181,373,846,130,321,77,590,0,183,93,231,32,102,57,120,159,410,43,168,941,0,63,2,8,21,0,65,636,7,102,113,91,136,3522,2239,22,4,1305,0,,0.002971,0.002117
2519e2bcca828e803492322e,75c337495410f9bb,3c479f8b47354c76a1827a0744e0ae47,2026-08-10T14:07:21.360916+00:00,benchmark://cbench-v1,0.2.5,10.0.0 x86_64-unknown-linux-gnu,76e7858e-a631-41cd-b7f6-29d0024630e7,3.10.12,benchmark://cbench-v1/blowfish,2,0,15,-constmerge,-constmerge,0,[],IrInstructionCountO3,0.0,3.4826711749788672,0.058044519582981124,0.0,0.0,3.4826711749788672,True,True,True,action_no_effect,0.027574528008699417,,,ae3ca982f7cfe329696b91fa22feba31270193da,3898,,136,22,3898,2551,ae3ca982f7cfe329696b91fa22feba31270193da,3898,,136,22,3898,2551,0,2,75,49,18,77,53,27,20,43,0,2,0,134,2,120,15,38,181,373,933,201,337,77,590,0,183,93,231,33,101,114,120,159,457,43,168,1205,0,63,2,8,28,0,65,637,7,102,113,91,136,3898,2551,22,4,1633,0,2,75,49,18,77,53,27,20,43,0,2,0,134,2,120,15,38,181,373,933,201,337,77,590,0,183,93,231,33,101,114,120,159,457,43,168,1205,0,63,2,8,28,0,65,637,7,102,113,91,136,3898,2551,22,4,1633,0,,0.003549,0.003343
1cbab812c36664223641a382,2a8e1600ef1e989d,3c479f8b47354c76a1827a0744e0ae47,2026-08-10T14:07:21.360916+00:00,benchmark://cbench-v1,0.2.5,10.0.0 x86_64-unknown-linux-gnu,76e7858e-a631-41cd-b7f6-29d0024630e7,3.10.12,benchmark://cbench-v1/blowfish,3,0,77,-loop-unroll,-loop-unroll,0,[],IrInstructionCountO3,0.0,13.932021466905192,0.2322003577817532,0.0,0.0,13.932021466905192,True,True,True,action_no_effect,0.02071055769920349,,,ae3ca982f7cfe329696b91fa22feba31270193da,3898,,136,22,3898,2551,ae3ca982f7cfe329696b91fa22feba31270193da,3898,,136,22,3898,2551,0,2,75,49,18,77,53,27,20,43,0,2,0,134,2,120,15,38,181,373,933,201,337,77,590,0,183,93,231,33,101,114,120,159,457,43,168,1205,0,63,2,8,28,0,65,637,7,102,113,91,136,3898,2551,22,4,1633,0,2,75,49,18,77,53,27,20,43,0,2,0,134,2,120,15,38,181,373,933,201,337,77,590,0,183,93,231,33,101,114,120,159,457,43,168,1205,0,63,2,8,28,0,65,637,7,102,113,91,136,3898,2551,22,4,1633,0,,0.002795,0.002146
0bbe9c684924d497dc5994f9,eed8b0515f1185bc,3c479f8b47354c76a1827a0744e0ae47,2026-08-10T14:07:21.360916+00:00,benchmark://cbench-v1,0.2.5,10.0.0 x86_64-unknown-linux-gnu,76e7858e-a631-41cd-b7f6-29d0024630e7,3.10.12,benchmark://cbench-v1/blowfish,4,0,5,-argpromotion,-argpromotion,0,[],IrInstructionCountO3,0.0,-8.311944718657452,-0.1385324119776242,0.0,0.0,-8.311944718657452,True,True,True,action_no_effect,0.03737269714474678,,,ae3ca982f7cfe329696b91fa22feba31270193da,3898,,136,22,3898,2551,ae3ca982f7cfe329696b91fa22feba31270193da,3898,,136,22,3898,2551,0,2,75,49,18,77,53,27,20,43,0,2,0,134,2,120,15,38,181,373,933,201,337,77,590,0,183,93,231,33,101,114,120,159,457,43,168,1205,0,63,2,8,28,0,65,637,7,102,113,91,136,3898,2551,22,4,1633,0,2,75,49,18,77,53,27,20,43,0,2,0,134,2,120,15,38,181,373,933,201,337,77,590,0,183,93,231,33,101,114,120,159,457,43,168,1205,0,63,2,8,28,0,65,637,7,102,113,91,136,3898,2551,22,4,1633,0,,0.003039,0.00346
60b28c3960786143d554c1ea,a2a551091aa94e67,3c479f8b47354c76a1827a0744e0ae47,2026-08-10T14:07:21.360916+00:00,benchmark://cbench-v1,0.2.5,10.0.0 x86_64-unknown-linux-gnu,76e7858e-a631-41cd-b7f6-29d0024630e7,3.10.12,benchmark://cbench-v1/bzip2,0,0,79,-loop-vectorize,-loop-vectorize,0,[],IrInstructionCountO3,-0.0019835055851341477,6.498670176701092,0.10864162738266024,-0.0006609155419507444,0.0,6.498670176701092,True,False,False,,0.6114706918597221,,,49deb7a721cce9d543a7e756ae05d08d4437e266,28748,,3311,153,28748,19304,ff33660953dae92eb7a42bde5dfa80c8af1310f9,28767,,3330,153,28767,19304,0,16,2242,1401,769,1872,856,422,378,1248,102,16,0,3295,16,3117,309,704,4529,9201,2218,5042,2319,1872,1452,51,1053,773,151,396,2912,926,3117,1647,4146,1294,104,9363,30,98,16,101,782,17,147,3375,279,172,36,940,3311,28748,19304,153,32,12966,0,16,2250,1409,769,1891,872,435,380,1248,97,16,0,3314,16,3136,309,696,4548,9201,2218,5042,2319,1891,1452,51,1053,773,151,396,2931,926,3136,1647,4146,1294,104,9363,30,98,16,101,782,17,147,3375,279,172,36,940,3330,28767,19304,153,32,12966,19,,0.078064,0.069583
60b28c3960786143d554c1ea,232407a7a2d01b2f,3c479f8b47354c76a1827a0744e0ae47,2026-08-10T14:07:21.360916+00:00,benchmark://cbench-v1,0.2.5,10.0.0 x86_64-unknown-linux-gnu,76e7858e-a631-41cd-b7f6-29d0024630e7,3.10.12,benchmark://cbench-v1/bzip2,0,1,1,-adce,-adce,1,[79],IrInstructionCountO3,0.0017747155235410795,2.393308889709057,0.0395930040383428,0.0005909549136162964,0.0,8.891979066410148,True,False,False,,0.5864791013300419,,,ff33660953dae92eb7a42bde5dfa80c8af1310f9,28767,,3330,153,28767,19304,9e42b8f94726ccf97072e3af8e324f2979dabb34,28750,,3330,153,28750,19304,0,16,2250,1409,769,1891,872,435,380,1248,97,16,0,3314,16,3136,309,696,4548,9201,2218,5042,2319,1891,1452,51,1053,773,151,396,2931,926,3136,1647,4146,1294,104,9363,30,98,16,101,782,17,147,3375,279,172,36,940,3330,28767,19304,153,32,12966,0,16,2250,1409,769,1891,872,435,380,1248,97,16,0,3314,16,3136,309,696,4548,9201,2218,5042,2319,1891,1452,51,1053,773,151,396,2931,926,3136,1647,4146,1294,104,9363,30,98,16,101,782,17,147,3375,279,172,36,923,3330,28750,19304,153,32,12949,-17,,0.069583,0.066828
7c87e37c2d17669b07377dd7,2437089749b0efdc,3c479f8b47354c76a1827a0744e0ae47,2026-08-10T14:07:21.360916+00:00,benchmark://cbench-v1,0.2.5,10.0.0 x86_64-unknown-linux-gnu,76e7858e-a631-41cd-b7f6-29d0024630e7,3.10.12,benchmark://cbench-v1/bzip2,1,0,26,-dse,-dse,0,[],IrInstructionCountO3,0.0009395552771688068,5.930664194020388,0.09868787060531639,0.0003130652567135105,0.0,5.930664194020388,True,False,False,,0.6971997879445553,,,49deb7a721cce9d543a7e756ae05d08d4437e266,28748,,3311,153,28748,19304,1e397658644358833a4f98cff34c39ae85478dc9,28739,,3311,153,28739,19295,0,16,2242,1401,769,1872,856,422,378,1248,102,16,0,3295,16,3117,309,704,4529,9201,2218,5042,2319,1872,1452,51,1053,773,151,396,2912,926,3117,1647,4146,1294,104,9363,30,98,16,101,782,17,147,3375,279,172,36,940,3311,28748,19304,153,32,12966,0,16,2242,1401,769,1872,856,422,378,1248,102,16,0,3295,16,3117,309,704,4529,9197,2218,5042,2315,1872,1452,51,1053,769,151,396,2912,926,3117,1647,4146,1294,104,9363,30,98,16,101,782,17,147,3370,279,172,36,940,3311,28739,19295,153,32,12962,-9,,0.073697,0.066424
7c87e37c2d17669b07377dd7,35125860700a84f0,3c479f8b47354c76a1827a0744e0ae47,2026-08-10T14:07:21.360916+00:00,benchmark://cbench-v1,0.2.5,10.0.0 x86_64-unknown-linux-gnu,76e7858e-a631-41cd-b7f6-29d0024630e7,3.10.12,benchmark://cbench-v1/bzip2,1,1,1,-adce,-adce,1,[26],IrInstructionCountO3,0.0017747155235410795,-7.588842060069946,-0.12677646633746836,0.0005915306726051707,0.0,-1.6581778660495576,True,False,False,,0.5682060979306698,,,1e397658644358833a4f98cff34c39ae85478dc9,28739,,3311,153,28739,19295,7387672e6990e7a15277811b621afc177d1af3b4,28722,,3311,153,28722,19295,0,16,2242,1401,769,1872,856,422,378,1248,102,16,0,3295,16,3117,309,704,4529,9197,2218,5042,2315,1872,1452,51,1053,769,151,396,2912,926,3117,1647,4146,1294,104,9363,30,98,16,101,782,17,147,3370,279,172,36,940,3311,28739,19295,153,32,12962,0,16,2242,1401,769,1872,856,422,378,1248,102,16,0,3295,16,3117,309,704,4529,9197,2218,5042,2315,1872,1452,51,1053,769,151,396,2912,926,3117,1647,4146,1294,104,9363,30,98,16,101,782,17,147,3370,279,172,36,923,3311,28722,19295,153,32,12945,-17,,0.066424,0.074845
7c87e37c2d17669b07377dd7,91e9074cce8e925e,3c479f8b47354c76a1827a0744e0ae47,2026-08-10T14:07:21.360916+00:00,benchmark://cbench-v1,0.2.5,10.0.0 x86_64-unknown-linux-gnu,76e7858e-a631-41cd-b7f6-29d0024630e7,3.10.12,benchmark://cbench-v1/bzip2,1,2,77,-loop-unroll,-loop-unroll,2,"[26, 1]",IrInstructionCountO3,-0.0019835055851341477,0.011419198869919203,0.0005210768922439357,-0.0006615138221572314,0.0,-1.6467586671796384,True,False,False,,0.6272327303886414,,,7387672e6990e7a15277811b621afc177d1af3b4,28722,,3311,153,28722,19295,9e55830dca117ccb49e552db23a24c0fe572abf9,28741,,3330,153,28741,19295,0,16,2242,1401,769,1872,856,422,378,1248,102,16,0,3295,16,3117,309,704,4529,9197,2218,5042,2315,1872,1452,51,1053,769,151,396,2912,926,3117,1647,4146,1294,104,9363,30,98,16,101,782,17,147,3370,279,172,36,923,3311,28722,19295,153,32,12945,0,16,2250,1409,769,1891,872,435,380,1248,97,16,0,3314,16,3136,309,696,4548,9197,2218,5042,2315,1891,1452,51,1053,769,151,396,2931,926,3136,1647,4146,1294,104,9363,30,98,16,101,782,17,147,3370,279,172,36,923,3330,28741,19295,153,32,12945,19,,0.074845,0.074806
7c87e37c2d17669b07377dd7,b756227e632a8d28,3c479f8b47354c76a1827a0744e0ae47,2026-08-10T14:07:21.360916+00:00,benchmark://cbench-v1,0.2.5,10.0.0 x86_64-unknown-linux-gnu,76e7858e-a631-41cd-b7f6-29d0024630e7,3.10.12,benchmark://cbench-v1/bzip2,1,3,53,-instcombine,-instcombine,3,"[26, 1, 77]",IrInstructionCountO3,0.32696523645474473,8.624650085109845,0.08925754618613484,0.10897324379805852,0.0,6.977891417930207,True,False,False,,0.6271989420056343,,,9e55830dca117ccb49e552db23a24c0fe572abf9,28741,,3330,153,28741,19295,5529db16852bf246753f99cf8c9ea70fb767f8d9,25609,,3330,154,25609,16408,0,16,2250,1409,769,1891,872,435,380,1248,97,16,0,3314,16,3136,309,696,4548,9197,2218,5042,2315,1891,1452,51,1053,769,151,396,2931,926,3136,1647,4146,1294,104,9363,30,98,16,101,782,17,147,3370,279,172,36,923,3330,28741,19295,153,32,12945,0,174,2250,1409,769,1891,872,435,380,1248,97,174,0,3156,174,3136,313,696,4548,6071,4070,4376,1923,1891,1365,44,1185,632,108,338,2989,904,3136,1516,3454,1294,112,7865,12,100,174,101,741,5,160,2941,102,111,39,735,3330,25609,16408,154,348,11009,-3132,,0.074806,0.068129
7c87e37c2d17669b07377dd7,97990ecb158feccb,3c479f8b47354c76a1827a0744e0ae47,2026-08-10T14:07:21.360916+00:00,benchmark://cbench-v1,0.2.5,10.0.0 x86_64-unknown-linux-gnu,76e7858e-a631-41cd-b7f6-29d0024630e7,3.10.12,benchmark://cbench-v1/bzip2,1,4,1,-adce,-adce,4,"[26, 1, 77, 53]",IrInstructionCountO3,0.0,5.9023323401194725,0.09837220566865788,0.0,0.0,12.88022375804968,True,True,True,action_no_effect,0.432214867323637,,,5529db16852bf246753f99cf8c9ea70fb767f8d9,25609,,3330,154,25609,16408,5529db16852bf246753f99cf8c9ea70fb767f8d9,25609,,3330,154,25609,16408,0,174,2250,1409,769,1891,872,435,380,1248,97,174,0,3156,174,3136,313,696,4548,6071,4070,4376,1923,1891,1365,44,1185,632,108,338,2989,904,3136,1516,3454,1294,112,7865,12,100,174,101,741,5,160,2941,102,111,39,735,3330,25609,16408,154,348,11009,0,174,2250,1409,769,1891,872,435,380,1248,97,174,0,3156,174,3136,313,696,4548,6071,4070,4376,1923,1891,1365,44,1185,632,108,338,2989,904,3136,1516,3454,1294,112,7865,12,100,174,101,741,5,160,2941,102,111,39,735,3330,25609,16408,154,348,11009,0,,0.068129,0.061427
ac031942a162a7e4da8d4ad9,fe20f657784fc09c,3c479f8b47354c76a1827a0744e0ae47,2026-08-10T14:07:21.360916+00:00,benchmark://cbench-v1,0.2.5,10.0.0 x86_64-unknown-linux-gnu,76e7858e-a631-41cd-b7f6-29d0024630e7,3.10.12,benchmark://cbench-v1/bzip2,2,0,24,-dce,-dce,0,[],IrInstructionCountO3,0.0017747155235410795,1.706380662855796,0.028144004971811618,0.0005913454849032976,0.0,1.706380662855796,True,False,False,,0.5801571942865849,,,49deb7a721cce9d543a7e756ae05d08d4437e266,28748,,3311,153,28748,19304,67849b4217f6aed7874047fea62bc96fcdb5dd28,28731,,3311,153,28731,19304,0,16,2242,1401,769,1872,856,422,378,1248,102,16,0,3295,16,3117,309,704,4529,9201,2218,5042,2319,1872,1452,51,1053,773,151,396,2912,926,3117,1647,4146,1294,104,9363,30,98,16,101,782,17,147,3375,279,172,36,940,3311,28748,19304,153,32,12966,0,16,2242,1401,769,1872,856,422,378,1248,102,16,0,3295,16,3117,309,704,4529,9201,2218,5042,2319,1872,1452,51,1053,773,151,396,2912,926,3117,1647,4146,1294,104,9363,30,98,16,101,782,17,147,3375,279,172,36,923,3311,28731,19304,153,32,12949,-17,,0.067581,0.065679
ac031942a162a7e4da8d4ad9,3454fbb46c96f243,3c479f8b47354c76a1827a0744e0ae47,2026-08-10T14:07:21.360916+00:00,benchmark://cbench-v1,0.2.5,10.0.0 x86_64-unknown-linux-gnu,76e7858e-a631-41cd-b7f6-29d0024630e7,3.10.12,benchmark://cbench-v1/bzip2,2,1,41,-globalopt,-globalopt,1,[24],IrInstructionCountO3,0.002192295646727216,0.5919727546519082,0.009500753665555193,0.0007309178239532213,0.0,2.2983534175077045,True,False,False,,0.5842244438827038,,,67849b4217f6aed7874047fea62bc96fcdb5dd28,28731,,3311,153,28731,19304,d11f8a6f64777f851d29e3effdc61dda726860e3,28710,,3299,153,28710,19292,0,16,2242,1401,769,1872,856,422,378,1248,102,16,0,3295,16,3117,309,704,4529,9201,2218,5042,2319,1872,1452,51,1053,773,151,396,2912,926,3117,1647,4146,1294,104,9363,30,98,16,101,782,17,147,3375,279,172,36,923,3311,28731,19304,153,32,12949,0,16,2242,1401,769,1884,844,427,378,1248,102,16,0,3283,16,3132,309,680,4505,9177,2218,5030,2307,1884,1452,51,1053,773,151,396,2900,926,3132,1647,4146,1297,104,9351,30,98,16,101,782,17,147,3375,279,172,36,923,3299,28710,19292,153,32,12937,-21,,0.065679,0.065055
ac031942a162a7e4da8d4ad9,9e42b9f6d067af89,3c479f8b47354c76a1827a0744e0ae47,2026-08-10T14:07:21.360916+00:00,benchmark://cbench-v1,0.2.5,10.0.0 x86_64-unknown-linux-gnu,76e7858e-a631-41cd-b7f6-29d0024630e7,3.10.12,benchmark://cbench-v1/bzip2,2,2,23,-deadargelim,-deadargelim,2,"[24, 41]",IrInstructionCountO3,0.0,-3.4641457228498913,-0.057735762047498196,0.0,0.0,-1.1657923053421868,True,True,True,action_no_effect,0.43456675857305527,,,d11f8a6f64777f851d29e3effdc61dda726860e3,28710,,3299,153,28710,19292,d11f8a6f64777f851d29e3effdc61dda726860e3,28710,,3299,153,28710,19292,0,16,2242,1401,769,1884,844,427,378,1248,102,16,0,3283,16,3132,309,680,4505,9177,2218,5030,2307,1884,1452,51,1053,773,151,396,2900,926,3132,1647,4146,1297,104,9351,30,98,16,101,782,17,147,3375,279,172,36,923,3299,28710,19292,153,32,12937,0,16,2242,1401,769,1884,844,427,378,1248,102,16,0,3283,16,3132,309,680,4505,9177,2218,5030,2307,1884,1452,51,1053,773,151,396,2900,926,3132,1647,4146,1297,104,9351,30,98,16,101,782,17,147,3375,279,172,36,923,3299,28710,19292,153,32,12937,0,,0.065055,0.068811
3b16d9dd4a8b95958feb1b7e,003c7d43243c60b4,3c479f8b47354c76a1827a0744e0ae47,2026-08-10T14:07:21.360916+00:00,benchmark://cbench-v1,0.2.5,10.0.0 x86_64-unknown-linux-gnu,76e7858e-a631-41cd-b7f6-29d0024630e7,3.10.12,benchmark://cbench-v1/bzip2,3,0,41,-globalopt,-globalopt,0,[],IrInstructionCountO3,0.002192295646727216,-2.751771219768808,-0.04622809646231256,0.0007304855989981912,0.0,-2.751771219768808,True,False,False,,0.5495088063180447,,,49deb7a721cce9d543a7e756ae05d08d4437e266,28748,,3311,153,28748,19304,6b8e6d0e62df26a238847d7fc0db88828e9904c3,28727,,3299,153,28727,19292,0,16,2242,1401,769,1872,856,422,378,1248,102,16,0,3295,16,3117,309,704,4529,9201,2218,5042,2319,1872,1452,51,1053,773,151,396,2912,926,3117,1647,4146,1294,104,9363,30,98,16,101,782,17,147,3375,279,172,36,940,3311,28748,19304,153,32,12966,0,16,2242,1401,769,1884,844,427,378,1248,102,16,0,3283,16,3132,309,680,4505,9177,2218,5030,2307,1884,1452,51,1053,773,151,396,2900,926,3132,1647,4146,1297,104,9351,30,98,16,101,782,17,147,3375,279,172,36,940,3299,28727,19292,153,32,12954,-21,,0.063403,0.066334
3b16d9dd4a8b95958feb1b7e,1c2250dcdc7729e9,3c479f8b47354c76a1827a0744e0ae47,2026-08-10T14:07:21.360916+00:00,benchmark://cbench-v1,0.2.5,10.0.0 x86_64-unknown-linux-gnu,76e7858e-a631-41cd-b7f6-29d0024630e7,3.10.12,benchmark://cbench-v1/bzip2,3,1,47,-indvars,-indvars,1,[41],IrInstructionCountO3,-0.0019835055851341477,-9.905270247677828,-0.16475713811921477,-0.000661398684164723,0.0,-12.657041467446636,True,False,False,,0.6631908044219017,,,6b8e6d0e62df26a238847d7fc0db88828e9904c3,28727,,3299,153,28727,19292,378e7624b3336857bae5e5021124e3d260f4b242,28746,,3318,153,28746,19292,0,16,2242,1401,769,1884,844,427,378,1248,102,16,0,3283,16,3132,309,680,4505,9177,2218,5030,2307,1884,1452,51,1053,773,151,396,2900,926,3132,1647,4146,1297,104,9351,30,98,16,101,782,17,147,3375,279,172,36,940,3299,28727,19292,153,32,12954,0,16,2250,1409,769,1903,860,440,380,1248,97,16,0,3302,16,3151,309,672,4524,9177,2218,5030,2307,1903,1452,51,1053,773,151,396,2919,926,3151,1647,4146,1297,104,9351,30,98,16,101,782,17,147,3375,279,172,36,940,3318,28746,19292,153,32,12954,19,,0.066334,0.077263
e87dac99ae9945b78d31ee06,1ac9dd1f99178e28,3c479f8b47354c76a1827a0744e0ae47,2026-08-10T14:07:21.360916+00:00,benchmark://cbench-v1,0.2.5,10.0.0 x86_64-unknown-linux-gnu,76e7858e-a631-41cd-b7f6-29d0024630e7,3.10.12,benchmark://cbench-v1/bzip2,4,0,39,-gvn,-gvn,0,[],IrInstructionCountO3,0.7261718342206911,-42.26394835027886,-0.8253814683768244,0.24196465841101988,0.0,-42.26394835027886,True,False,False,,1.20486256852746,,,49deb7a721cce9d543a7e756ae05d08d4437e266,28748,,3311,153,28748,19304,69a6da5cda8f9728f2ad29b656f744b7c8091d5c,21792,,3067,153,21792,12170,0,16,2242,1401,769,1872,856,422,378,1248,102,16,0,3295,16,3117,309,704,4529,9201,2218,5042,2319,1872,1452,51,1053,773,151,396,2912,926,3117,1647,4146,1294,104,9363,30,98,16,101,782,17,147,3375,279,172,36,940,3311,28748,19304,153,32,12966,167,390,1998,1239,687,1628,856,346,454,1248,102,464,93,2510,557,2873,308,659,4285,7600,1933,3768,2367,1628,1360,41,1023,773,143,288,2776,482,2873,1645,2909,1219,104,3468,25,98,1509,101,612,17,142,3375,212,170,36,685,3067,21792,12170,153,5169,6200,-6956,,0.072352,0.13207
e87dac99ae9945b78d31ee06,1a54854dcd73b2d0,3c479f8b47354c76a1827a0744e0ae47,2026-08-10T14:07:21.360916+00:00,benchmark://cbench-v1,0.2.5,10.0.0 x86_64-unknown-linux-gnu,76e7858e-a631-41cd-b7f6-29d0024630e7,3.10.12,benchmark://cbench-v1/bzip2,4,1,2,-aggressive-instcombine,-aggressive-instcombine,1,[39],IrInstructionCountO3,0.0057417266938093745,-2.447037226454134,-0.04204588475808285,0.002523861967694567,0.0,-44.710985576732995,True,False,False,,1.0140416026115417,,,69a6da5cda8f9728f2ad29b656f744b7c8091d5c,21792,,3067,153,21792,12170,57ace684553f81309c94fd3f1a2dcd274b44f989,21737,,3067,153,21737,12170,167,390,1998,1239,687,1628,856,346,454,1248,102,464,93,2510,557,2873,308,659,4285,7600,1933,3768,2367,1628,1360,41,1023,773,143,288,2776,482,2873,1645,2909,1219,104,3468,25,98,1509,101,612,17,142,3375,212,170,36,685,3067,21792,12170,153,5169,6200,167,390,1998,1239,687,1628,856,346,454,1248,102,464,93,2510,557,2873,308,659,4285,7608,1925,3768,2367,1628,1360,41,1023,773,143,286,2778,482,2873,1645,2909,1219,104,3468,25,98,1509,101,608,17,142,3375,212,128,36,676,3067,21737,12170,153,5169,6145,-55,,0.13207,0.137623
e87dac99ae9945b78d31ee06,5846849f95ae22e0,3c479f8b47354c76a1827a0744e0ae47,2026-08-10T14:07:21.360916+00:00,benchmark://cbench-v1,0.2.5,10.0.0 x86_64-unknown-linux-gnu,76e7858e-a631-41cd-b7f6-29d0024630e7,3.10.12,benchmark://cbench-v1/bzip2,4,2,77,-loop-unroll,-loop-unroll,2,"[39, 2]",IrInstructionCountO3,-0.10063680968785886,-1.5048398393885898,-0.002906490920849069,-0.04434834613792152,0.0,-46.21582541612158,True,False,False,,1.040591012686491,,,57ace684553f81309c94fd3f1a2dcd274b44f989,21737,,3067,153,21737,12170,72b102ae30da559247e6a1d025e365f82387557e,22701,,3144,153,22701,12414,167,390,1998,1239,687,1628,856,346,454,1248,102,464,93,2510,557,2873,308,659,4285,7608,1925,3768,2367,1628,1360,41,1023,773,143,286,2778,482,2873,1645,2909,1219,104,3468,25,98,1509,101,608,17,142,3375,212,128,36,676,3067,21737,12170,153,5169,6145,191,579,2069,1302,691,1703,868,356,455,1246,96,642,128,2374,770,2946,308,651,4356,7764,2005,3864,2370,1703,1384,41,1025,773,143,299,2842,482,2946,1645,2985,1214,104,3484,31,99,2099,101,604,17,142,3527,212,136,36,684,3144,22701,12414,153,5768,6181,964,,0.137623,0.138023
e87dac99ae9945b78d31ee06,cbaa07b41efc77d2,3c479f8b47354c76a1827a0744e0ae47,2026-08-10T14:07:21.360916+00:00,benchmark://cbench-v1,0.2.5,10.0.0 x86_64-unknown-linux-gnu,76e7858e-a631-41cd-b7f6-29d0024630e7,3.10.12,benchmark://cbench-v1/bzip2,4,3,47,-indvars,-indvars,3,"[39, 2, 77]",IrInstructionCountO3,-0.013780144065142498,-2.2336636682750095,-0.03432036689537245,-0.005814721818422096,0.0,-48.44948908439659,True,False,False,,1.007931213825941,,,72b102ae30da559247e6a1d025e365f82387557e,22701,,3144,153,22701,12414,9f4f30b02ad846fba37ca9b76171993d5213a79b,22833,,3144,153,22833,12406,191,579,2069,1302,691,1703,868,356,455,1246,96,642,128,2374,770,2946,308,651,4356,7764,2005,3864,2370,1703,1384,41,1025,773,143,299,2842,482,2946,1645,2985,1214,104,3484,31,99,2099,101,604,17,142,3527,212,136,36,684,3144,22701,12414,153,5768,6181,191,579,2069,1302,691,1703,868,356,455,1246,96,644,126,2374,770,2946,308,651,4356,7604,2163,3857,2370,1703,1392,41,1036,773,143,303,2838,483,2946,1645,2977,1214,104,3484,31,99,2095,101,582,17,142,3527,214,286,36,686,3144,22833,12406,153,5763,6312,132,,0.138023,0.14276
ce6351427d0f81ba26d61720,4c95a10b55a5b8f2,3c479f8b47354c76a1827a0744e0ae47,2026-08-10T14:07:21.360916+00:00,benchmark://cbench-v1,0.2.5,10.0.0 x86_64-unknown-linux-gnu,76e7858e-a631-41cd-b7f6-29d0024630e7,3.10.12,benchmark://cbench-v1/crc32,0,0,40,-globaldce,-globaldce,0,[],IrInstructionCountO3,0.0,-6.229646859801228,-0.1038274476633538,0.0,0.0,-6.229646859801228,True,True,True,action_no_effect,0.04224953055381775,,,e5efa705b8c39ee74b1bfe5dded14e1533f611c4,242,,29,15,242,157,e5efa705b8c39ee74b1bfe5dded14e1533f611c4,242,,29,15,242,157,0,0,16,12,2,16,8,2,4,8,0,0,0,29,0,24,9,2,32,44,41,14,36,16,13,0,5,26,3,5,24,20,24,33,5,10,3,51,0,1,0,5,0,0,0,42,0,1,8,5,29,242,157,15,0,103,0,0,16,12,2,16,8,2,4,8,0,0,0,29,0,24,9,2,32,44,41,14,36,16,13,0,5,26,3,5,24,20,24,33,5,10,3,51,0,1,0,5,0,0,0,42,0,1,8,5,29,242,157,15,0,103,0,,0.004729,0.00522
b51e0354fbea99758a945804,2a370e412f3ab75d,3c479f8b47354c76a1827a0744e0ae47,2026-08-10T14:07:21.360916+00:00,benchmark://cbench-v1,0.2.5,10.0.0 x86_64-unknown-linux-gnu,76e7858e-a631-41cd-b7f6-29d0024630e7,3.10.12,benchmark://cbench-v1/crc32,1,0,111,-sroa,-sroa,0,[],IrInstructionCountO3,1.5128205128205128,11.941349733293178,-0.04477915733767567,0.48760330578512395,0.0,11.941349733293178,True,False,False,,0.08038830757141113,,,e5efa705b8c39ee74b1bfe5dded14e1533f611c4,242,,29,15,242,157,52ea5e58e52eff6d65534526ed61068e67f80710,124,,29,15,124,43,0,0,16,12,2,16,8,2,4,8,0,0,0,29,0,24,9,2,32,44,41,14,36,16,13,0,5,26,3,5,24,20,24,33,5,10,3,51,0,1,0,5,0,0,0,42,0,1,8,5,29,242,157,15,0,103,2,4,16,12,2,16,8,2,4,8,0,6,0,23,6,24,9,2,32,16,27,13,9,16,13,0,5,3,3,0,29,6,24,19,5,10,3,12,0,1,10,5,0,0,0,4,0,1,8,5,29,124,43,15,20,27,-118,,0.004913,0.005133
b51e0354fbea99758a945804,9d28d6b6063e3f0a,3c479f8b47354c76a1827a0744e0ae47,2026-08-10T14:07:21.360916+00:00,benchmark://cbench-v1,0.2.5,10.0.0 x86_64-unknown-linux-gnu,76e7858e-a631-41cd-b7f6-29d0024630e7,3.10.12,benchmark://cbench-v1/crc32,1,1,39,-gvn,-gvn,1,[111],IrInstructionCountO3,0.08974358974358974,-0.6442657566787913,-0.03896356906292609,0.056451612903225805,0.0,11.297083976614386,True,False,False,,0.10696477815508842,,,52ea5e58e52eff6d65534526ed61068e67f80710,124,,29,15,124,43,07ff277c5c182ea1e9446bd478489e4febe733b0,117,,27,15,117,42,2,4,16,12,2,16,8,2,4,8,0,6,0,23,6,24,9,2,32,16,27,13,9,16,13,0,5,3,3,0,29,6,24,19,5,10,3,12,0,1,10,5,0,0,0,4,0,1,8,5,29,124,43,15,20,27,2,4,14,10,2,14,8,2,4,8,0,6,0,21,6,22,9,2,30,16,26,13,8,14,12,0,4,3,3,0,27,3,22,19,5,10,3,11,0,1,10,5,0,0,0,4,0,1,8,5,27,117,42,15,20,23,-7,,0.005133,0.005333
b51e0354fbea99758a945804,523b7d34179d7004,3c479f8b47354c76a1827a0744e0ae47,2026-08-10T14:07:21.360916+00:00,benchmark://cbench-v1,0.2.5,10.0.0 x86_64-unknown-linux-gnu,76e7858e-a631-41cd-b7f6-29d0024630e7,3.10.12,benchmark://cbench-v1/crc32,1,2,5,-argpromotion,-argpromotion,2,"[111, 39]",IrInstructionCountO3,0.0,7.335458466154132,0.12225764110256887,0.0,0.0,18.632542442768518,True,True,True,action_no_effect,0.03325357288122177,,,07ff277c5c182ea1e9446bd478489e4febe733b0,117,,27,15,117,42,07ff277c5c182ea1e9446bd478489e4febe733b0,117,,27,15,117,42,2,4,14,10,2,14,8,2,4,8,0,6,0,21,6,22,9,2,30,16,26,13,8,14,12,0,4,3,3,0,27,3,22,19,5,10,3,11,0,1,10,5,0,0,0,4,0,1,8,5,27,117,42,15,20,23,2,4,14,10,2,14,8,2,4,8,0,6,0,21,6,22,9,2,30,16,26,13,8,14,12,0,4,3,3,0,27,3,22,19,5,10,3,11,0,1,10,5,0,0,0,4,0,1,8,5,27,117,42,15,20,23,0,,0.005333,0.004681
bac645bfd8d2e22ccc9c1438,bc182fae3456c69e,3c479f8b47354c76a1827a0744e0ae47,2026-08-10T14:07:21.360916+00:00,benchmark://cbench-v1,0.2.5,10.0.0 x86_64-unknown-linux-gnu,76e7858e-a631-41cd-b7f6-29d0024630e7,3.10.12,benchmark://cbench-v1/crc32,2,0,2,-aggressive-instcombine,-aggressive-instcombine,0,[],IrInstructionCountO3,0.0,-6.5943691345151265,-0.10990615224191878,0.0,0.0,-6.5943691345151265,True,True,True,action_no_effect,0.041595637798309326,,,e5efa705b8c39ee74b1bfe5dded14e1533f611c4,242,,29,15,242,157,e5efa705b8c39ee74b1bfe5dded14e1533f611c4,242,,29,15,242,157,0,0,16,12,2,16,8,2,4,8,0,0,0,29,0,24,9,2,32,44,41,14,36,16,13,0,5,26,3,5,24,20,24,33,5,10,3,51,0,1,0,5,0,0,0,42,0,1,8,5,29,242,157,15,0,103,0,0,16,12,2,16,8,2,4,8,0,0,0,29,0,24,9,2,32,44,41,14,36,16,13,0,5,26,3,5,24,20,24,33,5,10,3,51,0,1,0,5,0,0,0,42,0,1,8,5,29,242,157,15,0,103,0,,0.004795,0.005322
0cabff51e3076238664d9c86,6f94747a87f8b59d,3c479f8b47354c76a1827a0744e0ae47,2026-08-10T14:07:21.360916+00:00,benchmark://cbench-v1,0.2.5,10.0.0 x86_64-unknown-linux-gnu,76e7858e-a631-41cd-b7f6-29d0024630e7,3.10.12,benchmark://cbench-v1/crc32,3,0,26,-dse,-dse,0,[],IrInstructionCountO3,0.01282051282051282,-18.21742904955822,-0.30568993319511634,0.004132231404958678,0.0,-18.21742904955822,True,False,False,,0.08477747812867165,,,e5efa705b8c39ee74b1bfe5dded14e1533f611c4,242,,29,15,242,157,c54af86bcc19a2bb4cec90bbe808c530fd834c76,241,,29,15,241,156,0,0,16,12,2,16,8,2,4,8,0,0,0,29,0,24,9,2,32,44,41,14,36,16,13,0,5,26,3,5,24,20,24,33,5,10,3,51,0,1,0,5,0,0,0,42,0,1,8,5,29,242,157,15,0,103,0,0,16,12,2,16,8,2,4,8,0,0,0,29,0,24,9,2,32,44,41,14,36,16,13,0,5,26,3,5,24,20,24,33,5,10,3,51,0,1,0,5,0,0,0,41,0,1,8,5,29,241,156,15,0,103,-1,,0.004341,0.005668
0cabff51e3076238664d9c86,d8be4c26389c0450,3c479f8b47354c76a1827a0744e0ae47,2026-08-10T14:07:21.360916+00:00,benchmark://cbench-v1,0.2.5,10.0.0 x86_64-unknown-linux-gnu,76e7858e-a631-41cd-b7f6-29d0024630e7,3.10.12,benchmark://cbench-v1/crc32,3,1,5,-argpromotion,-argpromotion,1,[26],IrInstructionCountO3,0.0,6.393789696541993,0.10656316160903323,0.0,0.0,-11.823639353016226,True,True,True,action_no_effect,0.03873254731297493,,,c54af86bcc19a2bb4cec90bbe808c530fd834c76,241,,29,15,241,156,c54af86bcc19a2bb4cec90bbe808c530fd834c76,241,,29,15,241,156,0,0,16,12,2,16,8,2,4,8,0,0,0,29,0,24,9,2,32,44,41,14,36,16,13,0,5,26,3,5,24,20,24,33,5,10,3,51,0,1,0,5,0,0,0,41,0,1,8,5,29,241,156,15,0,103,0,0,16,12,2,16,8,2,4,8,0,0,0,29,0,24,9,2,32,44,41,14,36,16,13,0,5,26,3,5,24,20,24,33,5,10,3,51,0,1,0,5,0,0,0,41,0,1,8,5,29,241,156,15,0,103,0,,0.005668,0.005064
dc599e7e48a5acced8bf7b3b,4343d8dc8584222b,3c479f8b47354c76a1827a0744e0ae47,2026-08-10T14:07:21.360916+00:00,benchmark://cbench-v1,0.2.5,10.0.0 x86_64-unknown-linux-gnu,76e7858e-a631-41cd-b7f6-29d0024630e7,3.10.12,benchmark://cbench-v1/crc32,4,0,26,-dse,-dse,0,[],IrInstructionCountO3,0.01282051282051282,9.33326926773015,0.15348837209302316,0.004132231404958678,0.0,9.33326926773015,True,False,False,,0.07419521734118462,,,e5efa705b8c39ee74b1bfe5dded14e1533f611c4,242,,29,15,242,157,c54af86bcc19a2bb4cec90bbe808c530fd834c76,241,,29,15,241,156,0,0,16,12,2,16,8,2,4,8,0,0,0,29,0,24,9,2,32,44,41,14,36,16,13,0,5,26,3,5,24,20,24,33,5,10,3,51,0,1,0,5,0,0,0,42,0,1,8,5,29,242,157,15,0,103,0,0,16,12,2,16,8,2,4,8,0,0,0,29,0,24,9,2,32,44,41,14,36,16,13,0,5,26,3,5,24,20,24,33,5,10,3,51,0,1,0,5,0,0,0,41,0,1,8,5,29,241,156,15,0,103,-1,,0.005375,0.00455
dc599e7e48a5acced8bf7b3b,0f64ba8a1f8ee08d,3c479f8b47354c76a1827a0744e0ae47,2026-08-10T14:07:21.360916+00:00,benchmark://cbench-v1,0.2.5,10.0.0 x86_64-unknown-linux-gnu,76e7858e-a631-41cd-b7f6-29d0024630e7,3.10.12,benchmark://cbench-v1/crc32,4,1,47,-indvars,-indvars,1,[26],IrInstructionCountO3,0.0,7.397802197802196,0.12329670329670327,0.0,0.0,16.731071465532345,True,True,True,action_no_effect,0.031246677041053772,,,c54af86bcc19a2bb4cec90bbe808c530fd834c76,241,,29,15,241,156,c54af86bcc19a2bb4cec90bbe808c530fd834c76,241,,29,15,241,156,0,0,16,12,2,16,8,2,4,8,0,0,0,29,0,24,9,2,32,44,41,14,36,16,13,0,5,26,3,5,24,20,24,33,5,10,3,51,0,1,0,5,0,0,0,41,0,1,8,5,29,241,156,15,0,103,0,0,16,12,2,16,8,2,4,8,0,0,0,29,0,24,9,2,32,44,41,14,36,16,13,0,5,26,3,5,24,20,24,33,5,10,3,51,0,1,0,5,0,0,0,41,0,1,8,5,29,241,156,15,0,103,0,,0.00455,0.003989
b150ef4c950919773a95ef33,c0916121b744a8e6,3c479f8b47354c76a1827a0744e0ae47,2026-08-10T14:07:21.360916+00:00,benchmark://cbench-v1,0.2.5,10.0.0 x86_64-unknown-linux-gnu,76e7858e-a631-41cd-b7f6-29d0024630e7,3.10.12,benchmark://cbench-v1/jpeg-c,0,0,30,-early-cse,-early-cse,0,[],IrInstructionCountO3,0.36321160703307515,5.344027151403605,0.04176679253919221,0.09460065330173573,0.0,5.344027151403605,True,False,False,,0.33532434329390526,,,47993927b0d3228a0682d09b4759d051b2af737e,62452,,5746,423,62452,44549,ddfd1c3bb30571e3c427c791ce94f669a8441781,56544,,5746,423,56544,40551,0,45,3549,2418,983,3298,1612,661,802,1984,188,45,0,5701,45,5275,274,1207,7525,21944,6735,12180,5636,3298,1852,195,1445,2751,128,1101,4645,4530,5275,4883,9683,1998,7,19524,479,62,45,395,1356,14,174,7708,399,316,8,739,5746,62452,44549,423,93,29246,0,45,3549,2418,983,3298,1612,661,802,1984,188,45,0,5701,45,5275,274,1207,7525,21456,6411,11647,5574,3298,1815,195,1439,2751,128,948,4798,2780,5275,4881,9183,1995,7,16039,458,62,45,395,1278,14,164,7697,390,310,8,712,5746,56544,40551,423,93,23900,-5908,,0.008739,0.008374
b150ef4c950919773a95ef33,a177f777b762874c,3c479f8b47354c76a1827a0744e0ae47,2026-08-10T14:07:21.360916+00:00,benchmark://cbench-v1,0.2.5,10.0.0 x86_64-unknown-linux-gnu,76e7858e-a631-41cd-b7f6-29d0024630e7,3.10.12,benchmark://cbench-v1/jpeg-c,0,1,39,-gvn,-gvn,1,[30],IrInstructionCountO3,0.5563137833517767,-24.06688463016947,-0.4811320754716983,0.16003466327108093,0.0,-18.722857478765864,True,False,False,,0.49630776792764664,,,ddfd1c3bb30571e3c427c791ce94f669a8441781,56544,,5746,423,56544,40551,46a10f9ed7d6e942b70b1fd3487eae7e252ee974,47495,,5254,423,47495,29013,0,45,3549,2418,983,3298,1612,661,802,1984,188,45,0,5701,45,5275,274,1207,7525,21456,6411,11647,5574,3298,1815,195,1439,2751,128,948,4798,2780,5275,4881,9183,1995,7,16039,458,62,45,395,1278,14,164,7697,390,310,8,712,5746,56544,40551,423,93,23900,432,717,3057,1970,940,2806,1612,626,836,1984,188,861,288,4105,1149,4783,274,1170,7033,19334,6274,10106,5572,2806,1792,190,1430,2751,128,806,4448,2706,4783,4881,7571,1970,7,6113,450,62,3467,395,1025,14,162,7697,385,300,8,662,5254,47495,29013,423,7291,13587,-9049,,0.008374,0.012403
b150ef4c950919773a95ef33,742db75ea3071999,3c479f8b47354c76a1827a0744e0ae47,2026-08-10T14:07:21.360916+00:00,benchmark://cbench-v1,0.2.5,10.0.0 x86_64-unknown-linux-gnu,76e7858e-a631-41cd-b7f6-29d0024630e7,3.10.12,benchmark://cbench-v1/jpeg-c,0,2,39,-gvn,-gvn,2,"[30, 39]",IrInstructionCountO3,0.01813598917988442,-21.103675077608443,-0.35483350802225255,0.006211180124223602,0.0,-39.8265325563743,True,False,False,,0.39163433015346527,,,46a10f9ed7d6e942b70b1fd3487eae7e252ee974,47495,,5254,423,47495,29013,401049401731af5e5280030a98818bd8d68646ca,47200,,5256,423,47200,28720,432,717,3057,1970,940,2806,1612,626,836,1984,188,861,288,4105,1149,4783,274,1170,7033,19334,6274,10106,5572,2806,1792,190,1430,2751,128,806,4448,2706,4783,4881,7571,1970,7,6113,450,62,3467,395,1025,14,162,7697,385,300,8,662,5254,47495,29013,423,7291,13587,436,688,3059,1972,940,2808,1612,626,836,1984,188,834,290,4132,1124,4785,274,1168,7035,19141,6253,9968,5554,2808,1792,190,1430,2751,128,801,4455,2674,4785,4881,7453,1969,7,5938,450,62,3496,395,1025,14,162,7697,385,300,8,662,5256,47200,28720,423,7345,13380,-295,,0.012403,0.016804
b150ef4c950919773a95ef33,848edf37ed11094b,3c479f8b47354c76a1827a0744e0ae47,2026-08-10T14:07:21.360916+00:00,benchmark://cbench-v1,0.2.5,10.0.0 x86_64-unknown-linux-gnu,76e7858e-a631-41cd-b7f6-29d0024630e7,3.10.12,benchmark://cbench-v1/jpeg-c,0,3,30,-early-cse,-early-cse,3,"[30, 39, 39]",IrInstructionCountO3,0.002643550965203492,13.881174831254867,0.2308974053796715,0.0009110169491525423,0.0,-25.945357725119436,True,False,False,,0.34704602509737015,,,401049401731af5e5280030a98818bd8d68646ca,47200,,5256,423,47200,28720,b3368dca261d48a4231fbd1597b172d49d79bb47,47157,,5256,423,47157,28686,436,688,3059,1972,940,2808,1612,626,836,1984,188,834,290,4132,1124,4785,274,1168,7035,19141,6253,9968,5554,2808,1792,190,1430,2751,128,801,4455,2674,4785,4881,7453,1969,7,5938,450,62,3496,395,1025,14,162,7697,385,300,8,662,5256,47200,28720,423,7345,13380,434,690,3059,1972,940,2808,1612,626,836,1984,188,834,290,4132,1124,4785,274,1168,7035,19121,6245,9951,5553,2808,1792,190,1430,2751,128,800,4456,2674,4785,4881,7436,1969,7,5937,450,62,3491,395,1025,14,162,7681,385,300,8,658,5256,47157,28686,423,7333,13375,-43,,0.016804,0.012924
b150ef4c950919773a95ef33,5b1a3ef41873b8ce,3c479f8b47354c76a1827a0744e0ae47,2026-08-10T14:07:21.360916+00:00,benchmark://cbench-v1,0.2.5,10.0.0 x86_64-unknown-linux-gnu,76e7858e-a631-41cd-b7f6-29d0024630e7,3.10.12,benchmark://cbench-v1/jpeg-c,0,4,5,-argpromotion,-argpromotion,4,"[30, 39, 39, 30]",IrInstructionCountO3,0.0,-5.840297121634171,-0.09733828536056952,0.0,0.0,-31.78565484675361,True,True,True,action_no_effect,0.14830364286899567,,,b3368dca261d48a4231fbd1597b172d49d79bb47,47157,,5256,423,47157,28686,b3368dca261d48a4231fbd1597b172d49d79bb47,47157,,5256,423,47157,28686,434,690,3059,1972,940,2808,1612,626,836,1984,188,834,290,4132,1124,4785,274,1168,7035,19121,6245,9951,5553,2808,1792,190,1430,2751,128,800,4456,2674,4785,4881,7436,1969,7,5937,450,62,3491,395,1025,14,162,7681,385,300,8,658,5256,47157,28686,423,7333,13375,434,690,3059,1972,940,2808,1612,626,836,1984,188,834,290,4132,1124,4785,274,1168,7035,19121,6245,9951,5553,2808,1792,190,1430,2751,128,800,4456,2674,4785,4881,7436,1969,7,5937,450,62,3491,395,1025,14,162,7681,385,300,8,658,5256,47157,28686,423,7333,13375,0,,0.012924,0.014182
b7768a2964cc27189937fe64,14759a703ef409f9,3c479f8b47354c76a1827a0744e0ae47,2026-08-10T14:07:21.360916+00:00,benchmark://cbench-v1,0.2.5,10.0.0 x86_64-unknown-linux-gnu,76e7858e-a631-41cd-b7f6-29d0024630e7,3.10.12,benchmark://cbench-v1/jpeg-c,1,0,111,-sroa,-sroa,0,[],IrInstructionCountO3,1.6121357432681667,15.727586759785876,0.05218120805369122,0.41989047588548006,0.0,15.727586759785876,True,False,False,,0.31465449929237366,,,47993927b0d3228a0682d09b4759d051b2af737e,62452,,5746,423,62452,44549,39d67383eac74b80c3d4bd4c630fd8bacad9ba20,36229,,5746,423,36229,20019,0,45,3549,2418,983,3298,1612,661,802,1984,188,45,0,5701,45,5275,274,1207,7525,21944,6735,12180,5636,3298,1852,195,1445,2751,128,1101,4645,4530,5275,4883,9683,1998,7,19524,479,62,45,395,1356,14,174,7708,399,316,8,739,5746,62452,44549,423,93,29246,184,731,3549,2418,983,3298,1612,661,802,1984,188,846,69,4831,915,5275,274,1207,7525,19103,3391,12191,2763,3298,1852,195,1445,75,128,552,5194,1204,5275,1539,9683,1998,7,6156,479,62,1678,395,1356,14,174,2566,399,316,8,739,5746,36229,20019,423,3583,9876,-26223,,0.01192,0.011298
b7768a2964cc27189937fe64,33b96770f3cc645d,3c479f8b47354c76a1827a0744e0ae47,2026-08-10T14:07:21.360916+00:00,benchmark://cbench-v1,0.2.5,10.0.0 x86_64-unknown-linux-gnu,76e7858e-a631-41cd-b7f6-29d0024630e7,3.10.12,benchmark://cbench-v1/jpeg-c,1,1,77,-loop-unroll,-loop-unroll,1,[111],IrInstructionCountO3,-0.09904094430099594,-12.04564456458721,-0.17852717295096474,-0.04446713958431091,0.0,3.6819421951986655,True,False,False,,0.3375342860817909,,,39d67383eac74b80c3d4bd4c630fd8bacad9ba20,36229,,5746,423,36229,20019,5af0f5a6d4d63fbf1b15438b6a4c43b1e125aea8,37840,,6114,423,37840,20750,184,731,3549,2418,983,3298,1612,661,802,1984,188,846,69,4831,915,5275,274,1207,7525,19103,3391,12191,2763,3298,1852,195,1445,75,128,552,5194,1204,5275,1539,9683,1998,7,6156,479,62,1678,395,1356,14,174,2566,399,316,8,739,5746,36229,20019,423,3583,9876,188,898,3907,2699,1035,3605,1623,687,786,2019,187,992,94,5028,1086,5617,278,1211,7902,19443,3829,12608,2830,3605,1901,201,1471,75,134,572,5542,1204,5617,1554,10126,2007,7,6274,487,68,1996,395,1384,14,176,2721,401,325,8,761,6114,37840,20750,423,3893,10083,1611,,0.011298,0.013315
b7768a2964cc27189937fe64,cb70a98d44215278,3c479f8b47354c76a1827a0744e0ae47,2026-08-10T14:07:21.360916+00:00,benchmark://cbench-v1,0.2.5,10.0.0 x86_64-unknown-linux-gnu,76e7858e-a631-41cd-b7f6-29d0024630e7,3.10.12,benchmark://cbench-v1/jpeg-c,1,2,24,-dce,-dce,2,"[111, 77]",IrInstructionCountO3,0.0041190212713635805,-0.6543543818310392,-0.011791212917761858,0.0017706131078224102,0.0,3.027587813367626,True,False,False,,0.2853945940732956,,,5af0f5a6d4d63fbf1b15438b6a4c43b1e125aea8,37840,,6114,423,37840,20750,b9452324c58ad45f95d0f36b099119e8656148b6,37773,,6114,423,37773,20723,188,898,3907,2699,1035,3605,1623,687,786,2019,187,992,94,5028,1086,5617,278,1211,7902,19443,3829,12608,2830,3605,1901,201,1471,75,134,572,5542,1204,5617,1554,10126,2007,7,6274,487,68,1996,395,1384,14,176,2721,401,325,8,761,6114,37840,20750,423,3893,10083,188,898,3907,2699,1035,3605,1623,687,786,2019,187,994,92,5028,1086,5617,278,1211,7902,19427,3812,12592,2825,3605,1894,201,1470,75,130,569,5545,1204,5617,1554,10108,2007,7,6265,487,66,1992,395,1376,14,174,2721,401,325,8,746,6114,37773,20723,423,3889,10049,-67,,0.013315,0.013472
b7768a2964cc27189937fe64,eda3d07f3ccb58cc,3c479f8b47354c76a1827a0744e0ae47,2026-08-10T14:07:21.360916+00:00,benchmark://cbench-v1,0.2.5,10.0.0 x86_64-unknown-linux-gnu,76e7858e-a631-41cd-b7f6-29d0024630e7,3.10.12,benchmark://cbench-v1/jpeg-c,1,3,30,-early-cse,-early-cse,3,"[111, 77, 24]",IrInstructionCountO3,0.2575310463543588,2.997407142039204,-0.005492874109263743,0.11089931961983428,0.0,6.0249949554068305,True,False,False,,0.31777843832969666,,,b9452324c58ad45f95d0f36b099119e8656148b6,37773,,6114,423,37773,20723,78d140f18a4583990b7bb16805dc90c5b28cd1a6,33584,,6114,423,33584,17609,188,898,3907,2699,1035,3605,1623,687,786,2019,187,994,92,5028,1086,5617,278,1211,7902,19427,3812,12592,2825,3605,1894,201,1470,75,130,569,5545,1204,5617,1554,10108,2007,7,6265,487,66,1992,395,1376,14,174,2721,401,325,8,746,6114,37773,20723,423,3889,10049,184,716,3907,2699,1035,3605,1623,687,786,2019,187,829,71,5214,900,5617,278,1211,7902,15034,3248,9271,2534,3605,1830,196,1449,75,130,469,5645,996,5617,1552,7435,1975,7,5831,456,66,1666,395,1025,14,162,2716,385,310,8,688,6114,33584,17609,423,3559,8983,-4189,,0.013472,0.013546
b7768a2964cc27189937fe64,446c13667433475c,3c479f8b47354c76a1827a0744e0ae47,2026-08-10T14:07:21.360916+00:00,benchmark://cbench-v1,0.2.5,10.0.0 x86_64-unknown-linux-gnu,76e7858e-a631-41cd-b7f6-29d0024630e7,3.10.12,benchmark://cbench-v1/jpeg-c,1,4,77,-loop-unroll,-loop-unroll,4,"[111, 77, 24, 30]",IrInstructionCountO3,-0.0338743391122587,-2.8131790292382868,-0.03868300605344739,-0.01640662220104812,0.0,3.2118159261685437,True,False,False,,0.39212435111403465,,,78d140f18a4583990b7bb16805dc90c5b28cd1a6,33584,,6114,423,33584,17609,1b813f53a0de3c582286348cb108522c2deb98be,34135,,6170,423,34135,17745,184,716,3907,2699,1035,3605,1623,687,786,2019,187,829,71,5214,900,5617,278,1211,7902,15034,3248,9271,2534,3605,1830,196,1449,75,130,469,5645,996,5617,1552,7435,1975,7,5831,456,66,1666,395,1025,14,162,2716,385,310,8,688,6114,33584,17609,423,3559,8983,187,901,3957,2737,1045,3651,1629,695,784,2027,187,996,92,5082,1088,5671,278,1219,7964,15104,3319,9366,2539,3651,1828,196,1447,75,130,471,5699,1008,5671,1560,7503,1981,7,5867,456,66,2011,395,1023,14,162,2740,385,310,8,688,6170,34135,17745,423,3902,9029,551,,0.013546,0.01407
b7768a2964cc27189937fe64,0b1ce4f4d15734e4,3c479f8b47354c76a1827a0744e0ae47,2026-08-10T14:07:21.360916+00:00,benchmark://cbench-v1,0.2.5,10.0.0 x86_64-unknown-linux-gnu,76e7858e-a631-41cd-b7f6-29d0024630e7,3.10.12,benchmark://cbench-v1/jpeg-c,1,5,41,-globalopt,-globalopt,5,"[111, 77, 24, 30, 77]",IrInstructionCountO3,0.01819746710930776,20.055452716121824,0.3299218194740582,0.008671451589277868,0.0,23.267268642290368,True,False,False,,0.3106563538312912,,,1b813f53a0de3c582286348cb108522c2deb98be,34135,,6170,423,34135,17745,cf8bded5c10eb0fd50541c98c79bdc84680952bb,33839,,6082,423,33839,17603,187,901,3957,2737,1045,3651,1629,695,784,2027,187,996,92,5082,1088,5671,278,1219,7964,15104,3319,9366,2539,3651,1828,196,1447,75,130,471,5699,1008,5671,1560,7503,1981,7,5867,456,66,2011,395,1023,14,162,2740,385,310,8,688,6170,34135,17745,423,3902,9029,187,887,3892,2737,1007,3650,1606,691,780,1984,187,983,91,5008,1074,5634,277,1186,7851,15022,3229,9258,2512,3650,1813,193,1439,75,127,469,5613,1004,5634,1552,7439,1977,7,5836,452,63,1990,395,1012,14,161,2701,384,306,8,689,6082,33839,17603,423,3867,8980,-296,,0.01407,0.009428
b7768a2964cc27189937fe64,38a3db9db68bc40e,3c479f8b47354c76a1827a0744e0ae47,2026-08-10T14:07:21.360916+00:00,benchmark://cbench-v1,0.2.5,10.0.0 x86_64-unknown-linux-gnu,76e7858e-a631-41cd-b7f6-29d0024630e7,3.10.12,benchmark://cbench-v1/jpeg-c,1,6,2,-aggressive-instcombine,-aggressive-instcombine,6,"[111, 77, 24, 30, 77, 41]",IrInstructionCountO3,0.0014139923767367516,-34.459880858124706,-0.5746711921934662,0.0006796891161086321,0.0,-11.192612215834338,True,False,False,,0.3572336658835411,,,cf8bded5c10eb0fd50541c98c79bdc84680952bb,33839,,6082,423,33839,17603,34d85a49394e61eb4134a5ed1afbcb825f77cebe,33816,,6082,423,33816,17603,187,887,3892,2737,1007,3650,1606,691,780,1984,187,983,91,5008,1074,5634,277,1186,7851,15022,3229,9258,2512,3650,1813,193,1439,75,127,469,5613,1004,5634,1552,7439,1977,7,5836,452,63,1990,395,1012,14,161,2701,384,306,8,689,6082,33839,17603,423,3867,8980,187,887,3892,2737,1007,3650,1606,691,780,1984,187,983,91,5008,1074,5634,277,1186,7851,15014,3229,9258,2512,3650,1813,193,1439,75,127,469,5613,1004,5634,1552,7439,1977,7,5836,452,63,1990,395,1012,14,161,2701,384,295,8,677,6082,33816,17603,423,3867,8957,-23,,0.009428,0.014846
b7768a2964cc27189937fe64,3e23a77f39392021,3c479f8b47354c76a1827a0744e0ae47,2026-08-10T14:07:21.360916+00:00,benchmark://cbench-v1,0.2.5,10.0.0 x86_64-unknown-linux-gnu,76e7858e-a631-41cd-b7f6-29d0024630e7,3.10.12,benchmark://cbench-v1/jpeg-c,1,7,2,-aggressive-instcombine,-aggressive-instcombine,7,"[111, 77, 24, 30, 77, 41, 2]",IrInstructionCountO3,0.0,5.747002559612016,0.09578337599353359,0.0,0.0,-5.445609656222322,True,True,True,action_no_effect,0.12646770477294922,,,34d85a49394e61eb4134a5ed1afbcb825f77cebe,33816,,6082,423,33816,17603,34d85a49394e61eb4134a5ed1afbcb825f77cebe,33816,,6082,423,33816,17603,187,887,3892,2737,1007,3650,1606,691,780,1984,187,983,91,5008,1074,5634,277,1186,7851,15014,3229,9258,2512,3650,1813,193,1439,75,127,469,5613,1004,5634,1552,7439,1977,7,5836,452,63,1990,395,1012,14,161,2701,384,295,8,677,6082,33816,17603,423,3867,8957,187,887,3892,2737,1007,3650,1606,691,780,1984,187,983,91,5008,1074,5634,277,1186,7851,15014,3229,9258,2512,3650,1813,193,1439,75,127,469,5613,1004,5634,1552,7439,1977,7,5836,452,63,1990,395,1012,14,161,2701,384,295,8,677,6082,33816,17603,423,3867,8957,0,,0.014846,0.013424
84ea5ef12a09b2b9479b607a,8a699d32199ed15c,3c479f8b47354c76a1827a0744e0ae47,2026-08-10T14:07:21.360916+00:00,benchmark://cbench-v1,0.2.5,10.0.0 x86_64-unknown-linux-gnu,76e7858e-a631-41cd-b7f6-29d0024630e7,3.10.12,benchmark://cbench-v1/jpeg-c,2,0,41,-globalopt,-globalopt,0,[],IrInstructionCountO3,0.00043034550596335916,8.160700391702184,0.13595563015398088,0.0001120860821110613,0.0,8.160700391702184,True,False,False,,0.37093014642596245,,,47993927b0d3228a0682d09b4759d051b2af737e,62452,,5746,423,62452,44549,f2db7e8af9deeda1fb8db1e2d32d8a70a3eaebd4,62445,,5738,423,62445,44541,0,45,3549,2418,983,3298,1612,661,802,1984,188,45,0,5701,45,5275,274,1207,7525,21944,6735,12180,5636,3298,1852,195,1445,2751,128,1101,4645,4530,5275,4883,9683,1998,7,19524,479,62,45,395,1356,14,174,7708,399,316,8,739,5746,62452,44549,423,93,29246,0,45,3549,2418,983,3306,1604,667,802,1984,188,45,0,5693,45,5290,274,1189,7507,21923,6735,12170,5628,3306,1852,195,1445,2751,128,1101,4637,4530,5290,4883,9683,2005,7,19516,479,62,45,395,1356,14,174,7708,399,316,8,741,5738,62445,44541,423,93,29240,-7,,0.013703,0.01184
84ea5ef12a09b2b9479b607a,196b71a7e4dd95cc,3c479f8b47354c76a1827a0744e0ae47,2026-08-10T14:07:21.360916+00:00,benchmark://cbench-v1,0.2.5,10.0.0 x86_64-unknown-linux-gnu,76e7858e-a631-41cd-b7f6-29d0024630e7,3.10.12,benchmark://cbench-v1/jpeg-c,2,1,5,-argpromotion,-argpromotion,1,[41],IrInstructionCountO3,0.0,0.3243243243243234,0.00540540540540539,0.0,0.0,8.485024716026507,True,True,True,action_no_effect,0.15621574223041534,,,f2db7e8af9deeda1fb8db1e2d32d8a70a3eaebd4,62445,,5738,423,62445,44541,f2db7e8af9deeda1fb8db1e2d32d8a70a3eaebd4,62445,,5738,423,62445,44541,0,45,3549,2418,983,3306,1604,667,802,1984,188,45,0,5693,45,5290,274,1189,7507,21923,6735,12170,5628,3306,1852,195,1445,2751,128,1101,4637,4530,5290,4883,9683,2005,7,19516,479,62,45,395,1356,14,174,7708,399,316,8,741,5738,62445,44541,423,93,29240,0,45,3549,2418,983,3306,1604,667,802,1984,188,45,0,5693,45,5290,274,1189,7507,21923,6735,12170,5628,3306,1852,195,1445,2751,128,1101,4637,4530,5290,4883,9683,2005,7,19516,479,62,45,395,1356,14,174,7708,399,316,8,741,5738,62445,44541,423,93,29240,0,,0.01184,0.011776
7496d856676b29c70303f808,19b84d8458655815,3c479f8b47354c76a1827a0744e0ae47,2026-08-10T14:07:21.360916+00:00,benchmark://cbench-v1,0.2.5,10.0.0 x86_64-unknown-linux-gnu,76e7858e-a631-41cd-b7f6-29d0024630e7,3.10.12,benchmark://cbench-v1/jpeg-c,3,0,23,-deadargelim,-deadargelim,0,[],IrInstructionCountO3,0.0,-34.61077844311376,-0.5768463073852294,0.0,0.0,-34.61077844311376,True,True,True,action_no_effect,0.13271395862102509,,,47993927b0d3228a0682d09b4759d051b2af737e,62452,,5746,423,62452,44549,47993927b0d3228a0682d09b4759d051b2af737e,62452,,5746,423,62452,44549,0,45,3549,2418,983,3298,1612,661,802,1984,188,45,0,5701,45,5275,274,1207,7525,21944,6735,12180,5636,3298,1852,195,1445,2751,128,1101,4645,4530,5275,4883,9683,1998,7,19524,479,62,45,395,1356,14,174,7708,399,316,8,739,5746,62452,44549,423,93,29246,0,45,3549,2418,983,3298,1612,661,802,1984,188,45,0,5701,45,5275,274,1207,7525,21944,6735,12180,5636,3298,1852,195,1445,2751,128,1101,4645,4530,5275,4883,9683,1998,7,19524,479,62,45,395,1356,14,174,7708,399,316,8,739,5746,62452,44549,423,93,29246,0,,0.008517,0.01343
4804e0a8f4f624be32e560ac,96f75409b23e537d,3c479f8b47354c76a1827a0744e0ae47,2026-08-10T14:07:21.360916+00:00,benchmark://cbench-v1,0.2.5,10.0.0 x86_64-unknown-linux-gnu,76e7858e-a631-41cd-b7f6-29d0024630e7,3.10.12,benchmark://cbench-v1/jpeg-c,4,0,79,-loop-vectorize,-loop-vectorize,0,[],IrInstructionCountO3,-0.0018443378827001106,17.388069202874984,0.2900413378429163,-0.0004803689233331198,0.0,17.388069202874984,True,False,False,,0.4073903486132622,,,47993927b0d3228a0682d09b4759d051b2af737e,62452,,5746,423,62452,44549,655bee8eea6b3756768c076b6cbb28cbcf71b58a,62482,,5776,423,62482,44549,0,45,3549,2418,983,3298,1612,661,802,1984,188,45,0,5701,45,5275,274,1207,7525,21944,6735,12180,5636,3298,1852,195,1445,2751,128,1101,4645,4530,5275,4883,9683,1998,7,19524,479,62,45,395,1356,14,174,7708,399,316,8,739,5746,62452,44549,423,93,29246,0,45,3578,2447,983,3328,1614,662,803,1984,187,45,0,5731,45,5305,274,1178,7555,21944,6735,12180,5636,3328,1852,195,1445,2751,128,1101,4675,4530,5305,4883,9683,1998,7,19524,479,62,45,395,1356,14,174,7708,399,316,8,739,5776,62482,44549,423,93,29246,30,,0.013305,0.009446
4804e0a8f4f624be32e560ac,09e174336be37244,3c479f8b47354c76a1827a0744e0ae47,2026-08-10T14:07:21.360916+00:00,benchmark://cbench-v1,0.2.5,10.0.0 x86_64-unknown-linux-gnu,76e7858e-a631-41cd-b7f6-29d0024630e7,3.10.12,benchmark://cbench-v1/jpeg-c,4,1,41,-globalopt,-globalopt,1,[79],IrInstructionCountO3,0.00043034550596335916,-19.782791900980463,-0.32976921448232055,0.00011203226529240422,0.0,-2.394722698105479,True,False,False,,0.31614696606993675,,,655bee8eea6b3756768c076b6cbb28cbcf71b58a,62482,,5776,423,62482,44549,6a239a49c0f6d0e21613556781f3b1005e117463,62475,,5768,423,62475,44541,0,45,3578,2447,983,3328,1614,662,803,1984,187,45,0,5731,45,5305,274,1178,7555,21944,6735,12180,5636,3328,1852,195,1445,2751,128,1101,4675,4530,5305,4883,9683,1998,7,19524,479,62,45,395,1356,14,174,7708,399,316,8,739,5776,62482,44549,423,93,29246,0,45,3578,2447,983,3336,1606,668,803,1984,187,45,0,5723,45,5320,274,1160,7537,21923,6735,12170,5628,3336,1852,195,1445,2751,128,1101,4667,4530,5320,4883,9683,2005,7,19516,479,62,45,395,1356,14,174,7708,399,316,8,741,5768,62475,44541,423,93,29240,-7,,0.009446,0.012561
4804e0a8f4f624be32e560ac,79d95c9c4036ef1f,3c479f8b47354c76a1827a0744e0ae47,2026-08-10T14:07:21.360916+00:00,benchmark://cbench-v1,0.2.5,10.0.0 x86_64-unknown-linux-gnu,76e7858e-a631-41cd-b7f6-29d0024630e7,3.10.12,benchmark://cbench-v1/jpeg-c,4,2,55,-jump-threading,-jump-threading,2,"[79, 41]",IrInstructionCountO3,0.056805606787163405,0.7398522437396242,0.0049359127458004585,0.014789915966386555,0.0,-1.6548704543658548,True,False,False,,0.37227216362953186,,,6a239a49c0f6d0e21613556781f3b1005e117463,62475,,5768,423,62475,44541,fe843b2e82134f0e884a08db81d31d554ee38500,61551,,4840,423,61551,44352,0,45,3578,2447,983,3336,1606,668,803,1984,187,45,0,5723,45,5320,274,1160,7537,21923,6735,12170,5628,3336,1852,195,1445,2751,128,1101,4667,4530,5320,4883,9683,2005,7,19516,479,62,45,395,1356,14,174,7708,399,316,8,741,5768,62475,44541,423,93,29240,0,225,2869,1788,946,2423,1299,387,791,1978,275,225,0,4615,225,4401,274,1303,6595,22007,6755,12214,5639,2423,1852,195,1445,2751,128,1140,3700,4549,4401,4902,9683,1999,7,19308,479,62,225,395,1356,14,174,7708,399,316,8,741,4840,61551,44352,423,448,29051,-924,,0.012561,0.012499
4804e0a8f4f624be32e560ac,f383752315b74579,3c479f8b47354c76a1827a0744e0ae47,2026-08-10T14:07:21.360916+00:00,benchmark://cbench-v1,0.2.5,10.0.0 x86_64-unknown-linux-gnu,76e7858e-a631-41cd-b7f6-29d0024630e7,3.10.12,benchmark://cbench-v1/jpeg-c,4,3,53,-instcombine,-instcombine,3,"[79, 41, 55]",IrInstructionCountO3,0.3431698020410673,20.65970578616216,0.298983918713497,0.09068902211174473,0.0,19.004835331796304,True,False,False,,0.4722248539328575,,,fe843b2e82134f0e884a08db81d31d554ee38500,61551,,4840,423,61551,44352,f76e91ab72676da95fea70ddffe74cd40ab438db,55969,,4840,423,55969,37749,0,225,2869,1788,946,2423,1299,387,791,1978,275,225,0,4615,225,4401,274,1303,6595,22007,6755,12214,5639,2423,1852,195,1445,2751,128,1140,3700,4549,4401,4902,9683,1999,7,19308,479,62,225,395,1356,14,174,7708,399,316,8,741,4840,61551,44352,423,448,29051,0,459,2869,1788,946,2423,1299,387,791,1978,275,459,0,4381,459,4401,290,1303,6595,13803,12516,10518,5091,2423,1804,59,1490,2460,113,988,3852,5401,4401,4746,8249,1992,149,15514,353,117,613,395,1140,10,286,6780,251,271,31,696,4840,55969,37749,423,1227,25665,-5582,,0.012499,0.008762
4804e0a8f4f624be32e560ac,c00a331001d325a6,3c479f8b47354c76a1827a0744e0ae47,2026-08-10T14:07:21.360916+00:00,benchmark://cbench-v1,0.2.5,10.0.0 x86_64-unknown-linux-gnu,76e7858e-a631-41cd-b7f6-29d0024630e7,3.10.12,benchmark://cbench-v1/jpeg-c,4,4,21,-correlated-propagation,-correlated-propagation,4,"[79, 41, 55, 53]",IrInstructionCountO3,0.0,-1.1024880164346018,-0.01837480027391003,0.0,0.0,17.902347315361702,True,False,True,no_ir_change,0.2770926095545292,,,f76e91ab72676da95fea70ddffe74cd40ab438db,55969,,4840,423,55969,37749,1a5936665d5b2af3632ef2f7aa981051ae1d8db2,55969,,4840,423,55969,37749,0,459,2869,1788,946,2423,1299,387,791,1978,275,459,0,4381,459,4401,290,1303,6595,13803,12516,10518,5091,2423,1804,59,1490,2460,113,988,3852,5401,4401,4746,8249,1992,149,15514,353,117,613,395,1140,10,286,6780,251,271,31,696,4840,55969,37749,423,1227,25665,0,459,2869,1788,946,2423,1299,387,791,1978,275,459,0,4381,459,4401,290,1303,6595,13803,12516,10518,5091,2423,1804,59,1490,2460,113,988,3852,5401,4401,4746,8249,1992,149,15514,353,117,613,395,1140,10,286,6780,251,271,31,696,4840,55969,37749,423,1227,25665,0,,0.008762,0.008923
168a7ec2109d58d0d71e3e35,62b6734b9cf97e67,3c479f8b47354c76a1827a0744e0ae47,2026-08-10T14:07:21.360916+00:00,benchmark://cbench-v1,0.2.5,10.0.0 x86_64-unknown-linux-gnu,76e7858e-a631-41cd-b7f6-29d0024630e7,3.10.12,benchmark://cbench-v1/jpeg-d,0,0,26,-dse,-dse,0,[],IrInstructionCountO3,0.00453327838450443,-14.47206157681177,-0.24175155846130458,0.0011010643622168096,0.0,-14.47206157681177,True,False,False,,0.35372404009103775,,,adabbeb2f66f47aba9cce5889d604589e780c09e,59942,,5549,411,59942,42733,e76d68e3b9e6982ddaf40bdb037181a2d0152e04,59876,,5549,411,59876,42668,0,41,3423,2345,938,3197,1573,646,775,1904,168,41,0,5508,41,5094,274,1136,7243,20959,6439,11639,5322,3197,1846,216,1389,2640,147,1039,4510,4279,5094,4674,9252,1917,14,18794,483,56,41,383,1275,13,137,7373,403,335,8,690,5549,59942,42733,411,85,28043,0,41,3423,2345,938,3197,1573,646,775,1904,168,41,0,5508,41,5094,274,1136,7243,20925,6442,11639,5288,3197,1846,216,1389,2606,147,1038,4511,4279,5094,4674,9255,1917,14,18794,483,56,41,383,1275,13,137,7339,403,335,8,689,5549,59876,42668,411,85,28008,-66,,0.006577,0.008167
168a7ec2109d58d0d71e3e35,8e1eab3d731ff489,3c479f8b47354c76a1827a0744e0ae47,2026-08-10T14:07:21.360916+00:00,benchmark://cbench-v1,0.2.5,10.0.0 x86_64-unknown-linux-gnu,76e7858e-a631-41cd-b7f6-29d0024630e7,3.10.12,benchmark://cbench-v1/jpeg-d,0,1,77,-loop-unroll,-loop-unroll,1,[26],IrInstructionCountO3,-0.00192320901160794,-12.709021034393889,-0.21158320068568612,-0.0004676331084240764,0.0,-27.18108261120566,True,False,False,,0.34737788513302803,,,e76d68e3b9e6982ddaf40bdb037181a2d0152e04,59876,,5549,411,59876,42668,7e69b62afc80866f8f6b71ffb42f3c9fdaed1bc1,59904,,5577,411,59904,42668,0,41,3423,2345,938,3197,1573,646,775,1904,168,41,0,5508,41,5094,274,1136,7243,20925,6442,11639,5288,3197,1846,216,1389,2606,147,1038,4511,4279,5094,4674,9255,1917,14,18794,483,56,41,383,1275,13,137,7339,403,335,8,689,5549,59876,42668,411,85,28008,0,41,3451,2373,938,3225,1573,646,775,1904,168,41,0,5536,41,5122,274,1108,7271,20925,6442,11639,5288,3225,1846,216,1389,2606,147,1038,4539,4279,5122,4674,9255,1917,14,18794,483,56,41,383,1275,13,137,7339,403,335,8,689,5577,59904,42668,411,85,28008,28,,0.008167,0.009895
168a7ec2109d58d0d71e3e35,e4b657e409836dc2,3c479f8b47354c76a1827a0744e0ae47,2026-08-10T14:07:21.360916+00:00,benchmark://cbench-v1,0.2.5,10.0.0 x86_64-unknown-linux-gnu,76e7858e-a631-41cd-b7f6-29d0024630e7,3.10.12,benchmark://cbench-v1/jpeg-d,0,2,79,-loop-vectorize,-loop-vectorize,2,"[26, 77]",IrInstructionCountO3,0.0,1.7342091965639197,0.028903486609398666,0.0,0.0,-25.44687341464174,True,True,True,action_no_effect,0.14092573150992393,,,7e69b62afc80866f8f6b71ffb42f3c9fdaed1bc1,59904,,5577,411,59904,42668,7e69b62afc80866f8f6b71ffb42f3c9fdaed1bc1,59904,,5577,411,59904,42668,0,41,3451,2373,938,3225,1573,646,775,1904,168,41,0,5536,41,5122,274,1108,7271,20925,6442,11639,5288,3225,1846,216,1389,2606,147,1038,4539,4279,5122,4674,9255,1917,14,18794,483,56,41,383,1275,13,137,7339,403,335,8,689,5577,59904,42668,411,85,28008,0,41,3451,2373,938,3225,1573,646,775,1904,168,41,0,5536,41,5122,274,1108,7271,20925,6442,11639,5288,3225,1846,216,1389,2606,147,1038,4539,4279,5122,4674,9255,1917,14,18794,483,56,41,383,1275,13,137,7339,403,335,8,689,5577,59904,42668,411,85,28008,0,,0.009895,0.009609
76e34656a7d6331af0134b0f,2c4c3d9f5802d598,3c479f8b47354c76a1827a0744e0ae47,2026-08-10T14:07:21.360916+00:00,benchmark://cbench-v1,0.2.5,10.0.0 x86_64-unknown-linux-gnu,76e7858e-a631-41cd-b7f6-29d0024630e7,3.10.12,benchmark://cbench-v1/jpeg-d,1,0,36,-inline,-inline,0,[],IrInstructionCountO3,-0.6312933580603063,3.4099254962243926,0.13349786852142698,-0.1533315538353742,0.0,3.4099254962243926,True,False,False,,0.3159630596637726,,,adabbeb2f66f47aba9cce5889d604589e780c09e,59942,,5549,411,59942,42733,c55975bbffecfc52b65454089cd31644dbf83fd9,69133,,5769,329,69133,49402,0,41,3423,2345,938,3197,1573,646,775,1904,168,41,0,5508,41,5094,274,1136,7243,20959,6439,11639,5322,3197,1846,216,1389,2640,147,1039,4510,4279,5094,4674,9252,1917,14,18794,483,56,41,383,1275,13,137,7373,403,335,8,690,5549,59942,42733,411,85,28043,0,45,3515,2359,1037,3290,1783,752,901,2115,168,45,0,5724,45,5398,239,1293,7755,23837,8324,13212,6283,3290,1991,214,1521,3278,153,1228,4541,6001,5398,6268,10328,2128,19,20980,481,56,45,301,1346,13,134,8548,451,397,8,708,5769,69133,49402,329,93,32740,9191,,0.008914,0.007724
76e34656a7d6331af0134b0f,48007962dec32efb,3c479f8b47354c76a1827a0744e0ae47,2026-08-10T14:07:21.360916+00:00,benchmark://cbench-v1,0.2.5,10.0.0 x86_64-unknown-linux-gnu,76e7858e-a631-41cd-b7f6-29d0024630e7,3.10.12,benchmark://cbench-v1/jpeg-d,1,1,47,-indvars,-indvars,1,[36],IrInstructionCountO3,-0.0020605810838656502,-4.984535733376466,-0.08285862247540134,-0.00043394616174619933,0.0,-1.5746102371520738,True,False,False,,0.3770523890852928,,,c55975bbffecfc52b65454089cd31644dbf83fd9,69133,,5769,329,69133,49402,f5cfc26029e2ae63bce9cd106c9755e9257943ae,69163,,5799,329,69163,49402,0,45,3515,2359,1037,3290,1783,752,901,2115,168,45,0,5724,45,5398,239,1293,7755,23837,8324,13212,6283,3290,1991,214,1521,3278,153,1228,4541,6001,5398,6268,10328,2128,19,20980,481,56,45,301,1346,13,134,8548,451,397,8,708,5769,69133,49402,329,93,32740,0,45,3545,2389,1037,3320,1783,752,901,2115,168,45,0,5754,45,5428,239,1263,7785,23837,8324,13212,6283,3320,1991,214,1521,3278,153,1228,4571,6001,5428,6268,10328,2128,19,20980,481,56,45,301,1346,13,134,8548,451,397,8,708,5799,69163,49402,329,93,32740,30,,0.007724,0.008364
76e34656a7d6331af0134b0f,af1f612da428b836,3c479f8b47354c76a1827a0744e0ae47,2026-08-10T14:07:21.360916+00:00,benchmark://cbench-v1,0.2.5,10.0.0 x86_64-unknown-linux-gnu,76e7858e-a631-41cd-b7f6-29d0024630e7,3.10.12,benchmark://cbench-v1/jpeg-d,1,2,21,-correlated-propagation,-correlated-propagation,2,"[36, 47]",IrInstructionCountO3,6.868603612885501e-05,0.9186547048495044,0.01530368244858915,1.4458597805184853e-05,0.0,-0.6559555323025694,True,False,False,,0.41925831884145737,,,f5cfc26029e2ae63bce9cd106c9755e9257943ae,69163,,5799,329,69163,49402,bc9f8332da03fae2ee0b0abc8b53aac37fe1f1c1,69162,,5799,329,69162,49402,0,45,3545,2389,1037,3320,1783,752,901,2115,168,45,0,5754,45,5428,239,1263,7785,23837,8324,13212,6283,3320,1991,214,1521,3278,153,1228,4571,6001,5428,6268,10328,2128,19,20980,481,56,45,301,1346,13,134,8548,451,397,8,708,5799,69163,49402,329,93,32740,0,45,3545,2389,1037,3320,1783,752,901,2115,168,45,0,5754,45,5428,239,1263,7785,23836,8321,13211,6283,3320,1989,214,1521,3278,151,1228,4571,6001,5428,6268,10328,2127,19,20980,481,56,45,301,1346,13,134,8548,451,398,8,709,5799,69162,49402,329,93,32742,-1,,0.008364,0.008236
76e34656a7d6331af0134b0f,0b999c57fc353709,3c479f8b47354c76a1827a0744e0ae47,2026-08-10T14:07:21.360916+00:00,benchmark://cbench-v1,0.2.5,10.0.0 x86_64-unknown-linux-gnu,76e7858e-a631-41cd-b7f6-29d0024630e7,3.10.12,benchmark://cbench-v1/jpeg-d,1,3,5,-argpromotion,-argpromotion,3,"[36, 47, 21]",IrInstructionCountO3,0.0,-3.4021369596891717,-0.056702282661486206,0.0,0.0,-4.058092491991741,True,True,True,action_no_effect,0.11704136058688164,,,bc9f8332da03fae2ee0b0abc8b53aac37fe1f1c1,69162,,5799,329,69162,49402,bc9f8332da03fae2ee0b0abc8b53aac37fe1f1c1,69162,,5799,329,69162,49402,0,45,3545,2389,1037,3320,1783,752,901,2115,168,45,0,5754,45,5428,239,1263,7785,23836,8321,13211,6283,3320,1989,214,1521,3278,151,1228,4571,6001,5428,6268,10328,2127,19,20980,481,56,45,301,1346,13,134,8548,451,398,8,709,5799,69162,49402,329,93,32742,0,45,3545,2389,1037,3320,1783,752,901,2115,168,45,0,5754,45,5428,239,1263,7785,23836,8321,13211,6283,3320,1989,214,1521,3278,151,1228,4571,6001,5428,6268,10328,2127,19,20980,481,56,45,301,1346,13,134,8548,451,398,8,709,5799,69162,49402,329,93,32742,0,,0.008236,0.008703
edbf3b4cbd5c9bf2fd134e12,0293edd4daac3b7d,3c479f8b47354c76a1827a0744e0ae47,2026-08-10T14:07:21.360916+00:00,benchmark://cbench-v1,0.2.5,10.0.0 x86_64-unknown-linux-gnu,76e7858e-a631-41cd-b7f6-29d0024630e7,3.10.12,benchmark://cbench-v1/jpeg-d,2,0,2,-aggressive-instcombine,-aggressive-instcombine,0,[],IrInstructionCountO3,0.00288481351741191,-12.83957597366952,-0.21434327155519733,0.000700677321410697,0.0,-12.83957597366952,True,False,False,,0.32544177025556564,,,adabbeb2f66f47aba9cce5889d604589e780c09e,59942,,5549,411,59942,42733,df1583653c93b57f75bc4d6ae161950bbcc654ac,59900,,5549,411,59900,42733,0,41,3423,2345,938,3197,1573,646,775,1904,168,41,0,5508,41,5094,274,1136,7243,20959,6439,11639,5322,3197,1846,216,1389,2640,147,1039,4510,4279,5094,4674,9252,1917,14,18794,483,56,41,383,1275,13,137,7373,403,335,8,690,5549,59942,42733,411,85,28043,0,41,3423,2345,938,3197,1573,646,775,1904,168,41,0,5508,41,5094,274,1136,7243,20950,6437,11639,5322,3197,1846,216,1389,2640,147,1037,4512,4279,5094,4674,9252,1917,14,18794,483,56,41,383,1270,13,137,7373,403,317,8,671,5549,59900,42733,411,85,28001,-42,,0.007446,0.009042
edbf3b4cbd5c9bf2fd134e12,38a35473b6941b78,3c479f8b47354c76a1827a0744e0ae47,2026-08-10T14:07:21.360916+00:00,benchmark://cbench-v1,0.2.5,10.0.0 x86_64-unknown-linux-gnu,76e7858e-a631-41cd-b7f6-29d0024630e7,3.10.12,benchmark://cbench-v1/jpeg-d,2,1,21,-correlated-propagation,-correlated-propagation,1,[2],IrInstructionCountO3,0.00041211621677313,-4.004957831732385,-0.06679938066799385,0.0001001669449081803,0.0,-16.844533805401905,True,False,False,,0.3985591158270836,,,df1583653c93b57f75bc4d6ae161950bbcc654ac,59900,,5549,411,59900,42733,a6fd55a6891d9de7a8085aaf26e398f5c706df75,59894,,5549,411,59894,42733,0,41,3423,2345,938,3197,1573,646,775,1904,168,41,0,5508,41,5094,274,1136,7243,20950,6437,11639,5322,3197,1846,216,1389,2640,147,1037,4512,4279,5094,4674,9252,1917,14,18794,483,56,41,383,1270,13,137,7373,403,317,8,671,5549,59900,42733,411,85,28001,0,41,3423,2345,938,3197,1573,646,775,1904,168,41,0,5508,41,5094,274,1136,7243,20949,6432,11639,5322,3197,1838,216,1389,2640,139,1037,4512,4279,5094,4674,9252,1917,14,18794,483,56,41,383,1270,13,137,7373,403,318,8,672,5549,59894,42733,411,85,28003,-6,,0.009042,0.009646
edbf3b4cbd5c9bf2fd134e12,e88508203fa27ac8,3c479f8b47354c76a1827a0744e0ae47,2026-08-10T14:07:21.360916+00:00,benchmark://cbench-v1,0.2.5,10.0.0 x86_64-unknown-linux-gnu,76e7858e-a631-41cd-b7f6-29d0024630e7,3.10.12,benchmark://cbench-v1/jpeg-d,2,2,36,-inline,-inline,2,"[2, 21]",IrInstructionCountO3,-0.6315681022048217,-2.9448445865531148,0.0276798673025088,-0.15352122082345476,0.0,-19.78937839195502,True,False,False,,0.3834521733224392,,,a6fd55a6891d9de7a8085aaf26e398f5c706df75,59894,,5549,411,59894,42733,e13f5ed00468d32ed03be72ecf34255cb85c6155,69089,,5769,329,69089,49402,0,41,3423,2345,938,3197,1573,646,775,1904,168,41,0,5508,41,5094,274,1136,7243,20949,6432,11639,5322,3197,1838,216,1389,2640,139,1037,4512,4279,5094,4674,9252,1917,14,18794,483,56,41,383,1270,13,137,7373,403,318,8,672,5549,59894,42733,411,85,28003,0,45,3515,2359,1037,3290,1783,752,901,2115,168,45,0,5724,45,5398,239,1293,7755,23829,8319,13212,6283,3290,1987,214,1521,3278,149,1226,4543,6001,5398,6268,10328,2128,19,20980,481,56,45,301,1341,13,134,8548,451,380,8,690,5769,69089,49402,329,93,32700,9195,,0.009646,0.009379
edbf3b4cbd5c9bf2fd134e12,56a2b3f2d4aabc07,3c479f8b47354c76a1827a0744e0ae47,2026-08-10T14:07:21.360916+00:00,benchmark://cbench-v1,0.2.5,10.0.0 x86_64-unknown-linux-gnu,76e7858e-a631-41cd-b7f6-29d0024630e7,3.10.12,benchmark://cbench-v1/jpeg-d,2,3,47,-indvars,-indvars,3,"[2, 21, 36]",IrInstructionCountO3,-0.0020605810838656502,-2.936579293286932,-0.04872587695916399,-0.00043422252456975786,0.0,-22.72595768524195,True,False,False,,0.3385147228837013,,,e13f5ed00468d32ed03be72ecf34255cb85c6155,69089,,5769,329,69089,49402,e723481aa18d3680d7c19a5b3a8d48f9592088e8,69119,,5799,329,69119,49402,0,45,3515,2359,1037,3290,1783,752,901,2115,168,45,0,5724,45,5398,239,1293,7755,23829,8319,13212,6283,3290,1987,214,1521,3278,149,1226,4543,6001,5398,6268,10328,2128,19,20980,481,56,45,301,1341,13,134,8548,451,380,8,690,5769,69089,49402,329,93,32700,0,45,3545,2389,1037,3320,1783,752,901,2115,168,45,0,5754,45,5428,239,1263,7785,23829,8319,13212,6283,3320,1987,214,1521,3278,149,1226,4573,6001,5428,6268,10328,2128,19,20980,481,56,45,301,1341,13,134,8548,451,380,8,690,5799,69119,49402,329,93,32700,30,,0.009379,0.009836
edbf3b4cbd5c9bf2fd134e12,01c196bb03b0eeda,3c479f8b47354c76a1827a0744e0ae47,2026-08-10T14:07:21.360916+00:00,benchmark://cbench-v1,0.2.5,10.0.0 x86_64-unknown-linux-gnu,76e7858e-a631-41cd-b7f6-29d0024630e7,3.10.12,benchmark://cbench-v1/jpeg-d,2,4,53,-instcombine,-instcombine,4,"[2, 21, 36, 47]",IrInstructionCountO3,0.4153444604711862,4.064213541320116,0.02399349328995528,0.08748679813075999,0.0,-18.661744143921837,True,False,False,,0.4417242929339409,,,e723481aa18d3680d7c19a5b3a8d48f9592088e8,69119,,5799,329,69119,49402,227201ea1df4ef1423cd638f515aa66d8545e5a3,63072,,5799,330,63072,41640,0,45,3545,2389,1037,3320,1783,752,901,2115,168,45,0,5754,45,5428,239,1263,7785,23829,8319,13212,6283,3320,1987,214,1521,3278,149,1226,4573,6001,5428,6268,10328,2128,19,20980,481,56,45,301,1341,13,134,8548,451,380,8,690,5799,69119,49402,329,93,32700,0,486,3545,2389,1037,3320,1783,752,901,2115,168,486,0,5313,486,5428,257,1263,7785,14892,14360,11443,5674,3320,1915,56,1632,2887,106,1083,4716,7200,5428,5802,8850,2113,182,16560,354,75,492,301,1194,9,249,7541,264,343,31,641,5799,63072,41640,330,987,29269,-6047,,0.009836,0.0096
edbf3b4cbd5c9bf2fd134e12,b27ddc7f9da50edc,3c479f8b47354c76a1827a0744e0ae47,2026-08-10T14:07:21.360916+00:00,benchmark://cbench-v1,0.2.5,10.0.0 x86_64-unknown-linux-gnu,76e7858e-a631-41cd-b7f6-29d0024630e7,3.10.12,benchmark://cbench-v1/jpeg-d,2,5,77,-loop-unroll,-loop-unroll,5,"[2, 21, 36, 47, 53]",IrInstructionCountO3,0.0,3.406249999999991,0.056770833333333194,0.0,0.0,-15.255494143921846,True,True,True,action_no_effect,0.14026211574673653,,,227201ea1df4ef1423cd638f515aa66d8545e5a3,63072,,5799,330,63072,41640,227201ea1df4ef1423cd638f515aa66d8545e5a3,63072,,5799,330,63072,41640,0,486,3545,2389,1037,3320,1783,752,901,2115,168,486,0,5313,486,5428,257,1263,7785,14892,14360,11443,5674,3320,1915,56,1632,2887,106,1083,4716,7200,5428,5802,8850,2113,182,16560,354,75,492,301,1194,9,249,7541,264,343,31,641,5799,63072,41640,330,987,29269,0,486,3545,2389,1037,3320,1783,752,901,2115,168,486,0,5313,486,5428,257,1263,7785,14892,14360,11443,5674,3320,1915,56,1632,2887,106,1083,4716,7200,5428,5802,8850,2113,182,16560,354,75,492,301,1194,9,249,7541,264,343,31,641,5799,63072,41640,330,987,29269,0,,0.0096,0.009055
7febc11dbef32eb8c7f2a952,1c936b8190fbb0dc,3c479f8b47354c76a1827a0744e0ae47,2026-08-10T14:07:21.360916+00:00,benchmark://cbench-v1,0.2.5,10.0.0 x86_64-unknown-linux-gnu,76e7858e-a631-41cd-b7f6-29d0024630e7,3.10.12,benchmark://cbench-v1/jpeg-d,3,0,1,-adce,-adce,0,[],IrInstructionCountO3,0.000892918469675115,-23.129579565408786,-0.38560143091369814,0.00021687631376997765,0.0,-23.129579565408786,True,False,False,,0.3747818358242512,,,adabbeb2f66f47aba9cce5889d604589e780c09e,59942,,5549,411,59942,42733,db7d12857a26e7fdca735bd8e032aa346598dc39,59929,,5549,411,59929,42733,0,41,3423,2345,938,3197,1573,646,775,1904,168,41,0,5508,41,5094,274,1136,7243,20959,6439,11639,5322,3197,1846,216,1389,2640,147,1039,4510,4279,5094,4674,9252,1917,14,18794,483,56,41,383,1275,13,137,7373,403,335,8,690,5549,59942,42733,411,85,28043,0,41,3423,2345,938,3197,1573,646,775,1904,168,41,0,5508,41,5094,274,1136,7243,20959,6439,11639,5322,3197,1846,216,1389,2640,147,1039,4510,4279,5094,4674,9252,1917,14,18794,483,56,41,383,1275,13,137,7373,403,335,8,677,5549,59929,42733,411,85,28030,-13,,0.006709,0.009296
7febc11dbef32eb8c7f2a952,dc63efdd794da492,3c479f8b47354c76a1827a0744e0ae47,2026-08-10T14:07:21.360916+00:00,benchmark://cbench-v1,0.2.5,10.0.0 x86_64-unknown-linux-gnu,76e7858e-a631-41cd-b7f6-29d0024630e7,3.10.12,benchmark://cbench-v1/jpeg-d,3,1,15,-constmerge,-constmerge,1,[1],IrInstructionCountO3,0.0,17.097676419965577,0.284961273666093,0.0,0.0,-6.031903145443209,True,False,True,no_ir_change,0.32540661096572876,,,db7d12857a26e7fdca735bd8e032aa346598dc39,59929,,5549,411,59929,42733,35d5efa5ea03da3859781c9d6fe9e539f4c0b476,59929,,5549,411,59929,42733,0,41,3423,2345,938,3197,1573,646,775,1904,168,41,0,5508,41,5094,274,1136,7243,20959,6439,11639,5322,3197,1846,216,1389,2640,147,1039,4510,4279,5094,4674,9252,1917,14,18794,483,56,41,383,1275,13,137,7373,403,335,8,677,5549,59929,42733,411,85,28030,0,41,3423,2345,938,3197,1573,646,775,1904,168,41,0,5508,41,5094,274,1136,7243,20959,6439,11639,5322,3197,1846,216,1389,2640,147,1039,4510,4279,5094,4674,9252,1917,14,18794,483,56,41,383,1275,13,137,7373,403,335,8,677,5549,59929,42733,411,85,28030,0,,0.009296,0.006647
73e66af7a25510d482cb870c,01d9c05fe3406b4e,3c479f8b47354c76a1827a0744e0ae47,2026-08-10T14:07:21.360916+00:00,benchmark://cbench-v1,0.2.5,10.0.0 x86_64-unknown-linux-gnu,76e7858e-a631-41cd-b7f6-29d0024630e7,3.10.12,benchmark://cbench-v1/jpeg-d,4,0,77,-loop-unroll,-loop-unroll,0,[],IrInstructionCountO3,-0.00192320901160794,-12.372930024983523,-0.20598194130925515,-0.000467118214273798,0.0,-12.372930024983523,True,False,False,,0.3107939101755619,,,adabbeb2f66f47aba9cce5889d604589e780c09e,59942,,5549,411,59942,42733,601653a8a6cab6d8e0f9ddac89da50356ee34885,59970,,5577,411,59970,42733,0,41,3423,2345,938,3197,1573,646,775,1904,168,41,0,5508,41,5094,274,1136,7243,20959,6439,11639,5322,3197,1846,216,1389,2640,147,1039,4510,4279,5094,4674,9252,1917,14,18794,483,56,41,383,1275,13,137,7373,403,335,8,690,5549,59942,42733,411,85,28043,0,41,3451,2373,938,3225,1573,646,775,1904,168,41,0,5536,41,5122,274,1108,7271,20959,6439,11639,5322,3225,1846,216,1389,2640,147,1039,4538,4279,5122,4674,9252,1917,14,18794,483,56,41,383,1275,13,137,7373,403,335,8,690,5577,59970,42733,411,85,28043,28,,0.007088,0.008548
73e66af7a25510d482cb870c,763014a9a80c511b,3c479f8b47354c76a1827a0744e0ae47,2026-08-10T14:07:21.360916+00:00,benchmark://cbench-v1,0.2.5,10.0.0 x86_64-unknown-linux-gnu,76e7858e-a631-41cd-b7f6-29d0024630e7,3.10.12,benchmark://cbench-v1/jpeg-d,4,1,41,-globalopt,-globalopt,1,[77],IrInstructionCountO3,0.00068686036128855,9.221193423103689,0.1536031820308844,0.00016675004168751042,0.0,-3.1517366018798345,True,False,False,,0.317713838070631,,,601653a8a6cab6d8e0f9ddac89da50356ee34885,59970,,5577,411,59970,42733,47dc0e969a6ace7b2c911d93e47d0ba8020c566a,59960,,5568,411,59960,42724,0,41,3451,2373,938,3225,1573,646,775,1904,168,41,0,5536,41,5122,274,1108,7271,20959,6439,11639,5322,3225,1846,216,1389,2640,147,1039,4538,4279,5122,4674,9252,1917,14,18794,483,56,41,383,1275,13,137,7373,403,335,8,690,5577,59970,42733,411,85,28043,0,41,3451,2373,938,3234,1564,652,775,1904,168,41,0,5527,41,5138,274,1088,7251,20938,6439,11628,5313,3234,1846,216,1389,2640,147,1039,4529,4279,5138,4674,9252,1924,14,18785,483,56,41,383,1275,13,137,7373,403,335,8,691,5568,59960,42724,411,85,28035,-10,,0.008548,0.007235
73e66af7a25510d482cb870c,6c08a95bd4839e9c,3c479f8b47354c76a1827a0744e0ae47,2026-08-10T14:07:21.360916+00:00,benchmark://cbench-v1,0.2.5,10.0.0 x86_64-unknown-linux-gnu,76e7858e-a631-41cd-b7f6-29d0024630e7,3.10.12,benchmark://cbench-v1/jpeg-d,4,2,36,-inline,-inline,2,"[77, 41]",IrInstructionCountO3,-0.6314994161686929,-23.234482744312846,-0.3105736005528681,-0.15333555703802534,0.0,-26.386219346192682,True,False,False,,0.41989168897271156,,,47dc0e969a6ace7b2c911d93e47d0ba8020c566a,59960,,5568,411,59960,42724,63db0d92d19678bf61d421495bd6bd093e087368,69154,,5791,329,69154,49393,0,41,3451,2373,938,3234,1564,652,775,1904,168,41,0,5527,41,5138,274,1088,7251,20938,6439,11628,5313,3234,1846,216,1389,2640,147,1039,4529,4279,5138,4674,9252,1924,14,18785,483,56,41,383,1275,13,137,7373,403,335,8,691,5568,59960,42724,411,85,28035,0,45,3545,2389,1037,3328,1775,758,901,2115,168,45,0,5746,45,5443,239,1245,7767,23818,8324,13202,6275,3328,1991,214,1521,3278,153,1228,4563,6001,5443,6268,10328,2135,19,20971,481,56,45,301,1346,13,134,8548,451,397,8,709,5791,69154,49393,329,93,32732,9194,,0.007235,0.009482
73e66af7a25510d482cb870c,cb4a48fe773aca61,3c479f8b47354c76a1827a0744e0ae47,2026-08-10T14:07:21.360916+00:00,benchmark://cbench-v1,0.2.5,10.0.0 x86_64-unknown-linux-gnu,76e7858e-a631-41cd-b7f6-29d0024630e7,3.10.12,benchmark://cbench-v1/jpeg-d,4,3,1,-adce,-adce,3,"[77, 41, 36]",IrInstructionCountO3,0.001717150903221375,14.020547954021497,0.23349504323982287,0.0003615119877375134,0.0,-12.365671392171185,True,False,False,,0.3488004319369793,,,63db0d92d19678bf61d421495bd6bd093e087368,69154,,5791,329,69154,49393,cfcacff6f6d31572850f0ac7f41021ef01ca240d,69129,,5791,329,69129,49387,0,45,3545,2389,1037,3328,1775,758,901,2115,168,45,0,5746,45,5443,239,1245,7767,23818,8324,13202,6275,3328,1991,214,1521,3278,153,1228,4563,6001,5443,6268,10328,2135,19,20971,481,56,45,301,1346,13,134,8548,451,397,8,709,5791,69154,49393,329,93,32732,0,45,3545,2389,1037,3328,1775,758,901,2115,168,45,0,5746,45,5443,239,1245,7767,23812,8324,13200,6275,3328,1989,214,1521,3278,153,1228,4563,6001,5443,6268,10326,2135,19,20967,479,56,45,301,1344,13,134,8548,451,397,8,694,5791,69129,49387,329,93,32711,-25,,0.009482,0.007268
73e66af7a25510d482cb870c,8597b323673472e2,3c479f8b47354c76a1827a0744e0ae47,2026-08-10T14:07:21.360916+00:00,benchmark://cbench-v1,0.2.5,10.0.0 x86_64-unknown-linux-gnu,76e7858e-a631-41cd-b7f6-29d0024630e7,3.10.12,benchmark://cbench-v1/jpeg-d,4,4,30,-early-cse,-early-cse,4,"[77, 41, 36, 1]",IrInstructionCountO3,0.47372759118071295,-1.7867570502000596,-0.079664281783159,0.09976999522631602,0.0,-14.152428442371244,True,False,False,,0.3176804482936859,,,cfcacff6f6d31572850f0ac7f41021ef01ca240d,69129,,5791,329,69129,49387,76c2f142140f58d77343a6fa3df117ff097791af,62232,,5791,329,62232,45127,0,45,3545,2389,1037,3328,1775,758,901,2115,168,45,0,5746,45,5443,239,1245,7767,23812,8324,13200,6275,3328,1989,214,1521,3278,153,1228,4563,6001,5443,6268,10326,2135,19,20967,479,56,45,301,1344,13,134,8548,451,397,8,694,5791,69129,49387,329,93,32711,0,45,3545,2389,1037,3328,1775,758,901,2115,168,45,0,5746,45,5443,239,1245,7767,23339,8066,12712,6226,3328,1967,214,1515,3278,151,1065,4726,3524,5443,6268,9870,2130,19,17176,464,56,45,301,1257,13,123,8535,441,385,8,682,5791,62232,45127,329,93,26332,-6897,,0.007268,0.007847
73e66af7a25510d482cb870c,98f3bb85d0f4c40d,3c479f8b47354c76a1827a0744e0ae47,2026-08-10T14:07:21.360916+00:00,benchmark://cbench-v1,0.2.5,10.0.0 x86_64-unknown-linux-gnu,76e7858e-a631-41cd-b7f6-29d0024630e7,3.10.12,benchmark://cbench-v1/jpeg-d,4,5,24,-dce,-dce,5,"[77, 41, 36, 1, 30]",IrInstructionCountO3,0.000755546397417405,14.571378945608968,0.24276793679113032,0.00017675793803830826,0.0,0.4189505032377241,True,False,False,,0.29914940521121025,,,76c2f142140f58d77343a6fa3df117ff097791af,62232,,5791,329,62232,45127,ca17fbeb51641641c82b4e28638e632213285419,62221,,5791,329,62221,45127,0,45,3545,2389,1037,3328,1775,758,901,2115,168,45,0,5746,45,5443,239,1245,7767,23339,8066,12712,6226,3328,1967,214,1515,3278,151,1065,4726,3524,5443,6268,9870,2130,19,17176,464,56,45,301,1257,13,123,8535,441,385,8,682,5791,62232,45127,329,93,26332,0,45,3545,2389,1037,3328,1775,758,901,2115,168,45,0,5746,45,5443,239,1245,7767,23339,8066,12712,6226,3328,1967,214,1515,3278,151,1063,4728,3524,5443,6268,9870,2130,19,17176,464,56,45,301,1257,13,123,8535,441,385,8,671,5791,62221,45127,329,93,26321,-11,,0.007847,0.005942
73e66af7a25510d482cb870c,38ff40bbf626c048,3c479f8b47354c76a1827a0744e0ae47,2026-08-10T14:07:21.360916+00:00,benchmark://cbench-v1,0.2.5,10.0.0 x86_64-unknown-linux-gnu,76e7858e-a631-41cd-b7f6-29d0024630e7,3.10.12,benchmark://cbench-v1/jpeg-d,4,6,15,-constmerge,-constmerge,6,"[77, 41, 36, 1, 30, 24]",IrInstructionCountO3,0.0,-13.78323796701447,-0.22972063278357452,0.0,0.0,-13.364287463776746,True,False,True,no_ir_change,0.30108875036239624,,,ca17fbeb51641641c82b4e28638e632213285419,62221,,5791,329,62221,45127,a4f2bb3cd196bf0bcc65229112b4e9d7c56d24a3,62221,,5791,329,62221,45127,0,45,3545,2389,1037,3328,1775,758,901,2115,168,45,0,5746,45,5443,239,1245,7767,23339,8066,12712,6226,3328,1967,214,1515,3278,151,1063,4728,3524,5443,6268,9870,2130,19,17176,464,56,45,301,1257,13,123,8535,441,385,8,671,5791,62221,45127,329,93,26321,0,45,3545,2389,1037,3328,1775,758,901,2115,168,45,0,5746,45,5443,239,1245,7767,23339,8066,12712,6226,3328,1967,214,1515,3278,151,1063,4728,3524,5443,6268,9870,2130,19,17176,464,56,45,301,1257,13,123,8535,441,385,8,671,5791,62221,45127,329,93,26321,0,,0.005942,0.007307
a35cc332dd56aa88235ac9b7,35759bed695ae2f5,3c479f8b47354c76a1827a0744e0ae47,2026-08-10T14:07:21.360916+00:00,benchmark://cbench-v1,0.2.5,10.0.0 x86_64-unknown-linux-gnu,76e7858e-a631-41cd-b7f6-29d0024630e7,3.10.12,benchmark://cbench-v1/patricia,0,0,40,-globaldce,-globaldce,0,[],IrInstructionCountO3,0.0,6.506575185820469,0.1084429197636745,0.0,0.0,6.506575185820469,True,True,True,action_no_effect,0.037064459174871445,,,25c7e7b0eb496f6cd1cd32139d76ad4f92aa82cd,1282,,158,22,1282,888,25c7e7b0eb496f6cd1cd32139d76ad4f92aa82cd,1282,,158,22,1282,888,0,10,109,65,34,82,38,15,20,60,4,10,0,148,10,142,25,21,202,433,108,253,155,82,23,0,10,55,8,24,134,89,142,134,173,61,2,394,2,3,10,7,32,0,3,132,2,1,0,12,158,1282,888,22,20,584,0,10,109,65,34,82,38,15,20,60,4,10,0,148,10,142,25,21,202,433,108,253,155,82,23,0,10,55,8,24,134,89,142,134,173,61,2,394,2,3,10,7,32,0,3,132,2,1,0,12,158,1282,888,22,20,584,0,,0.005247,0.004678
8fb964592eaa404b3d69dedc,791177b0f0267715,3c479f8b47354c76a1827a0744e0ae47,2026-08-10T14:07:21.360916+00:00,benchmark://cbench-v1,0.2.5,10.0.0 x86_64-unknown-linux-gnu,76e7858e-a631-41cd-b7f6-29d0024630e7,3.10.12,benchmark://cbench-v1/patricia,1,0,57,-licm,-licm,0,[],IrInstructionCountO3,-0.03910614525139665,20.1290203662941,0.34640410958904105,-0.0218408736349454,0.0,20.1290203662941,True,False,False,,0.0855625756084919,,,25c7e7b0eb496f6cd1cd32139d76ad4f92aa82cd,1282,,158,22,1282,888,0c2e491c9edd62ac1848322235847c3e322512be,1310,,159,22,1310,867,0,10,109,65,34,82,38,15,20,60,4,10,0,148,10,142,25,21,202,433,108,253,155,82,23,0,10,55,8,24,134,89,142,134,173,61,2,394,2,3,10,7,32,0,3,132,2,1,0,12,158,1282,888,22,20,584,1,34,110,66,34,83,38,15,20,60,4,35,0,124,35,143,25,20,203,433,108,253,155,83,23,0,10,55,8,22,137,89,143,134,173,61,2,361,2,3,58,7,32,0,3,144,2,1,0,12,159,1310,867,22,85,551,28,,0.00584,0.003817
8fb964592eaa404b3d69dedc,f3ab2a469362463c,3c479f8b47354c76a1827a0744e0ae47,2026-08-10T14:07:21.360916+00:00,benchmark://cbench-v1,0.2.5,10.0.0 x86_64-unknown-linux-gnu,76e7858e-a631-41cd-b7f6-29d0024630e7,3.10.12,benchmark://cbench-v1/patricia,1,1,21,-correlated-propagation,-correlated-propagation,1,[57],IrInstructionCountO3,0.04329608938547486,-48.22379391512859,-0.8155619596541788,0.02366412213740458,0.0,-28.09477354883449,True,False,False,,0.09224274754524231,,,0c2e491c9edd62ac1848322235847c3e322512be,1310,,159,22,1310,867,94cb56cf123000f61942ba2a1e9846383ca24144,1279,,159,22,1279,867,1,34,110,66,34,83,38,15,20,60,4,35,0,124,35,143,25,20,203,433,108,253,155,83,23,0,10,55,8,22,137,89,143,134,173,61,2,361,2,3,58,7,32,0,3,144,2,1,0,12,159,1310,867,22,85,551,1,21,110,66,34,83,38,15,20,60,4,22,0,137,22,143,25,20,203,433,108,253,155,83,23,0,10,55,8,21,138,89,143,134,173,61,2,361,2,3,27,7,32,0,3,144,2,1,0,12,159,1279,867,22,54,551,-31,,0.003817,0.00693
8fb964592eaa404b3d69dedc,05f99ed14811d4dd,3c479f8b47354c76a1827a0744e0ae47,2026-08-10T14:07:21.360916+00:00,benchmark://cbench-v1,0.2.5,10.0.0 x86_64-unknown-linux-gnu,76e7858e-a631-41cd-b7f6-29d0024630e7,3.10.12,benchmark://cbench-v1/patricia,1,2,24,-dce,-dce,2,"[57, 21]",IrInstructionCountO3,0.0,3.8614718614718635,0.06435786435786439,0.0,0.0,-24.233301687362626,True,True,True,action_no_effect,0.05848078429698944,,,94cb56cf123000f61942ba2a1e9846383ca24144,1279,,159,22,1279,867,94cb56cf123000f61942ba2a1e9846383ca24144,1279,,159,22,1279,867,1,21,110,66,34,83,38,15,20,60,4,22,0,137,22,143,25,20,203,433,108,253,155,83,23,0,10,55,8,21,138,89,143,134,173,61,2,361,2,3,27,7,32,0,3,144,2,1,0,12,159,1279,867,22,54,551,1,21,110,66,34,83,38,15,20,60,4,22,0,137,22,143,25,20,203,433,108,253,155,83,23,0,10,55,8,21,138,89,143,134,173,61,2,361,2,3,27,7,32,0,3,144,2,1,0,12,159,1279,867,22,54,551,0,,0.00693,0.006484
b04bd3817e40e2f1f08b4a01,f1d9f5eb74d118bd,3c479f8b47354c76a1827a0744e0ae47,2026-08-10T14:07:21.360916+00:00,benchmark://cbench-v1,0.2.5,10.0.0 x86_64-unknown-linux-gnu,76e7858e-a631-41cd-b7f6-29d0024630e7,3.10.12,benchmark://cbench-v1/patricia,2,0,77,-loop-unroll,-loop-unroll,0,[],IrInstructionCountO3,-0.0013966480446927375,-8.79015696820902,-0.146112600536193,-0.00078003120124805,0.0,-8.79015696820902,True,False,False,,0.0876350849866867,,,25c7e7b0eb496f6cd1cd32139d76ad4f92aa82cd,1282,,158,22,1282,888,08c7853bd593d474c1e7dd68a35e2ec4139a8bdd,1283,,159,22,1283,888,0,10,109,65,34,82,38,15,20,60,4,10,0,148,10,142,25,21,202,433,108,253,155,82,23,0,10,55,8,24,134,89,142,134,173,61,2,394,2,3,10,7,32,0,3,132,2,1,0,12,158,1282,888,22,20,584,0,10,110,66,34,83,38,15,20,60,4,10,0,149,10,143,25,20,203,433,108,253,155,83,23,0,10,55,8,24,135,89,143,134,173,61,2,394,2,3,10,7,32,0,3,132,2,1,0,12,159,1283,888,22,20,584,1,,0.005222,0.005985
b04bd3817e40e2f1f08b4a01,8d76907613514aff,3c479f8b47354c76a1827a0744e0ae47,2026-08-10T14:07:21.360916+00:00,benchmark://cbench-v1,0.2.5,10.0.0 x86_64-unknown-linux-gnu,76e7858e-a631-41cd-b7f6-29d0024630e7,3.10.12,benchmark://cbench-v1/patricia,2,1,57,-licm,-licm,1,[77],IrInstructionCountO3,-0.03770949720670391,6.867414053450068,0.12497911445279859,-0.021044427123928292,0.0,-1.9227429147589525,True,False,False,,0.09644895419478416,,,08c7853bd593d474c1e7dd68a35e2ec4139a8bdd,1283,,159,22,1283,888,0c2e491c9edd62ac1848322235847c3e322512be,1310,,159,22,1310,867,0,10,110,66,34,83,38,15,20,60,4,10,0,149,10,143,25,20,203,433,108,253,155,83,23,0,10,55,8,24,135,89,143,134,173,61,2,394,2,3,10,7,32,0,3,132,2,1,0,12,159,1283,888,22,20,584,1,34,110,66,34,83,38,15,20,60,4,35,0,124,35,143,25,20,203,433,108,253,155,83,23,0,10,55,8,22,137,89,143,134,173,61,2,361,2,3,58,7,32,0,3,144,2,1,0,12,159,1310,867,22,85,551,27,,0.005985,0.005237
b04bd3817e40e2f1f08b4a01,c3dae1bb4e63e11e,3c479f8b47354c76a1827a0744e0ae47,2026-08-10T14:07:21.360916+00:00,benchmark://cbench-v1,0.2.5,10.0.0 x86_64-unknown-linux-gnu,76e7858e-a631-41cd-b7f6-29d0024630e7,3.10.12,benchmark://cbench-v1/patricia,2,2,111,-sroa,-sroa,2,"[77, 57]",IrInstructionCountO3,0.6620111731843575,-25.612481360606488,-0.6077907198777927,0.3618320610687023,0.0,-27.53522427536544,True,False,False,,0.11581585928797722,,,0c2e491c9edd62ac1848322235847c3e322512be,1310,,159,22,1310,867,f09cf5bb20f9eaaf763f39edc7fb33895dab2ee6,836,,159,22,836,431,1,34,110,66,34,83,38,15,20,60,4,35,0,124,35,143,25,20,203,433,108,253,155,83,23,0,10,55,8,22,137,89,143,134,173,61,2,361,2,3,58,7,32,0,3,144,2,1,0,12,159,1310,867,22,85,551,3,41,110,66,34,83,38,15,20,60,4,44,0,115,44,143,25,20,203,366,61,252,89,83,23,0,10,4,8,6,153,39,143,84,173,61,2,140,2,3,70,7,32,0,3,30,2,1,0,12,159,836,431,22,116,229,-474,,0.005237,0.00842
b04bd3817e40e2f1f08b4a01,0f9920846ace530b,3c479f8b47354c76a1827a0744e0ae47,2026-08-10T14:07:21.360916+00:00,benchmark://cbench-v1,0.2.5,10.0.0 x86_64-unknown-linux-gnu,76e7858e-a631-41cd-b7f6-29d0024630e7,3.10.12,benchmark://cbench-v1/patricia,2,3,1,-adce,-adce,3,"[77, 57, 111]",IrInstructionCountO3,0.034916201117318434,6.9256327495482415,0.10047505938242285,0.029904306220095694,0.0,-20.609591525817198,True,False,False,,0.11184689030051231,,,f09cf5bb20f9eaaf763f39edc7fb33895dab2ee6,836,,159,22,836,431,be8a472ed50fceb259930af65dc3c5c4f6803b48,811,,159,22,811,431,3,41,110,66,34,83,38,15,20,60,4,44,0,115,44,143,25,20,203,366,61,252,89,83,23,0,10,4,8,6,153,39,143,84,173,61,2,140,2,3,70,7,32,0,3,30,2,1,0,12,159,836,431,22,116,229,2,34,110,66,34,83,38,15,20,60,4,36,0,123,36,143,25,20,203,366,61,252,89,83,23,0,10,4,8,6,153,39,143,84,173,61,2,140,2,3,45,7,32,0,3,30,2,1,0,12,159,811,431,22,88,229,-25,,0.00842,0.007574
b04bd3817e40e2f1f08b4a01,67e51e2b02a62f06,3c479f8b47354c76a1827a0744e0ae47,2026-08-10T14:07:21.360916+00:00,benchmark://cbench-v1,0.2.5,10.0.0 x86_64-unknown-linux-gnu,76e7858e-a631-41cd-b7f6-29d0024630e7,3.10.12,benchmark://cbench-v1/patricia,2,4,39,-gvn,-gvn,4,"[77, 57, 111, 1]",IrInstructionCountO3,0.23044692737430167,13.54218158884131,0.12397676260892523,0.2034525277435265,0.0,-7.0674099369758885,True,False,False,,30.11365195736289,,,be8a472ed50fceb259930af65dc3c5c4f6803b48,811,,159,22,811,431,050f4f692c3abaf9fceea0e51aac4e43574af4d9,646,,150,22,646,316,2,34,110,66,34,83,38,15,20,60,4,36,0,123,36,143,25,20,203,366,61,252,89,83,23,0,10,4,8,6,153,39,143,84,173,61,2,140,2,3,45,7,32,0,3,30,2,1,0,12,159,811,431,22,88,229,5,25,101,61,30,74,38,11,24,60,4,30,0,120,30,134,25,19,194,216,45,158,50,74,14,0,9,4,4,0,150,29,134,84,92,60,0,106,2,0,41,7,23,0,1,30,2,1,0,7,150,646,316,22,89,171,-165,,0.007574,0.006635
b04bd3817e40e2f1f08b4a01,323c38b912f15e7f,3c479f8b47354c76a1827a0744e0ae47,2026-08-10T14:07:21.360916+00:00,benchmark://cbench-v1,0.2.5,10.0.0 x86_64-unknown-linux-gnu,76e7858e-a631-41cd-b7f6-29d0024630e7,3.10.12,benchmark://cbench-v1/patricia,2,5,40,-globaldce,-globaldce,5,"[77, 57, 111, 1, 39]",IrInstructionCountO3,0.0,0.4883195177091203,0.008138658628485338,0.0,0.0,-6.579090419266768,True,True,True,action_no_effect,0.05054539069533348,,,050f4f692c3abaf9fceea0e51aac4e43574af4d9,646,,150,22,646,316,050f4f692c3abaf9fceea0e51aac4e43574af4d9,646,,150,22,646,316,5,25,101,61,30,74,38,11,24,60,4,30,0,120,30,134,25,19,194,216,45,158,50,74,14,0,9,4,4,0,150,29,134,84,92,60,0,106,2,0,41,7,23,0,1,30,2,1,0,7,150,646,316,22,89,171,5,25,101,61,30,74,38,11,24,60,4,30,0,120,30,134,25,19,194,216,45,158,50,74,14,0,9,4,4,0,150,29,134,84,92,60,0,106,2,0,41,7,23,0,1,30,2,1,0,7,150,646,316,22,89,171,0,,0.006635,0.006581
f234e8a7b29678baafa7802b,66a0e5fd81a4132a,3c479f8b47354c76a1827a0744e0ae47,2026-08-10T14:07:21.360916+00:00,benchmark://cbench-v1,0.2.5,10.0.0 x86_64-unknown-linux-gnu,76e7858e-a631-41cd-b7f6-29d0024630e7,3.10.12,benchmark://cbench-v1/patricia,3,0,26,-dse,-dse,0,[],IrInstructionCountO3,0.0013966480446927375,-8.89338383820836,-0.14861307957076336,0.00078003120124805,0.0,-8.89338383820836,True,False,False,,0.08782952651381493,,,25c7e7b0eb496f6cd1cd32139d76ad4f92aa82cd,1282,,158,22,1282,888,d4fefa305118fed0a8e7add1f9930cdee94b5bda,1281,,158,22,1281,887,0,10,109,65,34,82,38,15,20,60,4,10,0,148,10,142,25,21,202,433,108,253,155,82,23,0,10,55,8,24,134,89,142,134,173,61,2,394,2,3,10,7,32,0,3,132,2,1,0,12,158,1282,888,22,20,584,0,10,109,65,34,82,38,15,20,60,4,10,0,148,10,142,25,21,202,433,108,253,155,82,23,0,10,55,8,24,134,89,142,134,173,61,2,394,2,3,10,7,32,0,3,131,2,1,0,12,158,1281,887,22,20,584,-1,,0.004939,0.005673
e8420bc3b52dfd5f7bdddf64,ea0fbcb353f28a7d,3c479f8b47354c76a1827a0744e0ae47,2026-08-10T14:07:21.360916+00:00,benchmark://cbench-v1,0.2.5,10.0.0 x86_64-unknown-linux-gnu,76e7858e-a631-41cd-b7f6-29d0024630e7,3.10.12,benchmark://cbench-v1/patricia,4,0,79,-loop-vectorize,-loop-vectorize,0,[],IrInstructionCountO3,-0.0013966480446927375,-7.5199388649495855,-0.12494229881520239,-0.00078003120124805,0.0,-7.5199388649495855,True,False,False,,0.11819984018802643,,,25c7e7b0eb496f6cd1cd32139d76ad4f92aa82cd,1282,,158,22,1282,888,08c7853bd593d474c1e7dd68a35e2ec4139a8bdd,1283,,159,22,1283,888,0,10,109,65,34,82,38,15,20,60,4,10,0,148,10,142,25,21,202,433,108,253,155,82,23,0,10,55,8,24,134,89,142,134,173,61,2,394,2,3,10,7,32,0,3,132,2,1,0,12,158,1282,888,22,20,584,0,10,110,66,34,83,38,15,20,60,4,10,0,149,10,143,25,20,203,433,108,253,155,83,23,0,10,55,8,24,135,89,143,134,173,61,2,394,2,3,10,7,32,0,3,132,2,1,0,12,159,1283,888,22,20,584,1,,0.006499,0.007311
e8420bc3b52dfd5f7bdddf64,e609ab5676b03453,3c479f8b47354c76a1827a0744e0ae47,2026-08-10T14:07:21.360916+00:00,benchmark://cbench-v1,0.2.5,10.0.0 x86_64-unknown-linux-gnu,76e7858e-a631-41cd-b7f6-29d0024630e7,3.10.12,benchmark://cbench-v1/patricia,4,1,5,-argpromotion,-argpromotion,1,[79],IrInstructionCountO3,0.0,32.12146081247435,0.5353576802079059,0.0,0.0,24.601521947524766,True,True,True,action_no_effect,0.03496089205145836,,,08c7853bd593d474c1e7dd68a35e2ec4139a8bdd,1283,,159,22,1283,888,08c7853bd593d474c1e7dd68a35e2ec4139a8bdd,1283,,159,22,1283,888,0,10,110,66,34,83,38,15,20,60,4,10,0,149,10,143,25,20,203,433,108,253,155,83,23,0,10,55,8,24,135,89,143,134,173,61,2,394,2,3,10,7,32,0,3,132,2,1,0,12,159,1283,888,22,20,584,0,10,110,66,34,83,38,15,20,60,4,10,0,149,10,143,25,20,203,433,108,253,155,83,23,0,10,55,8,24,135,89,143,134,173,61,2,394,2,3,10,7,32,0,3,132,2,1,0,12,159,1283,888,22,20,584,0,,0.007311,0.003397
93d2043400cf279d3e8efe83,6d24ba24b5b80f98,3c479f8b47354c76a1827a0744e0ae47,2026-08-10T14:07:21.360916+00:00,benchmark://cbench-v1,0.2.5,10.0.0 x86_64-unknown-linux-gnu,76e7858e-a631-41cd-b7f6-29d0024630e7,3.10.12,benchmark://cbench-v1/qsort,0,0,55,-jump-threading,-jump-threading,0,[],IrInstructionCountO3,20.0,-7.801347451232905,-0.145696438711771,0.03134796238244514,0.0,-7.801347451232905,True,False,False,,0.2088983617722988,,,06b2f991409d560af967028c955ae6d0a7f8c971,638,,85,16,638,402,52d206d5d6625bf2b3649c2b8462ff8b842fa45c,618,,70,16,618,399,0,4,54,39,12,46,23,6,12,31,2,4,0,81,4,77,13,15,108,106,75,51,71,46,15,0,9,46,0,13,72,51,77,81,39,31,0,163,2,0,4,6,13,1,0,73,8,1,0,15,85,638,402,16,10,298,0,2,40,26,11,31,21,4,12,31,3,2,0,68,2,62,13,22,93,106,75,46,71,31,15,0,9,46,0,13,57,51,62,81,39,31,0,160,2,0,2,6,13,1,0,73,8,1,0,15,70,618,399,16,4,295,-20,,0.024654,0.028246
93d2043400cf279d3e8efe83,b2c33d3fde6c2497,3c479f8b47354c76a1827a0744e0ae47,2026-08-10T14:07:21.360916+00:00,benchmark://cbench-v1,0.2.5,10.0.0 x86_64-unknown-linux-gnu,76e7858e-a631-41cd-b7f6-29d0024630e7,3.10.12,benchmark://cbench-v1/qsort,0,1,77,-loop-unroll,-loop-unroll,1,[55],IrInstructionCountO3,-2.0,-1.4841864369145161,-0.02311831763789566,-0.003236245954692557,0.0,-9.285533888147421,True,False,False,,0.2290060855448246,,,52d206d5d6625bf2b3649c2b8462ff8b842fa45c,618,,70,16,618,399,47b23604efb4dda87c46dddfa100d705b85aa7a0,620,,72,16,620,399,0,2,40,26,11,31,21,4,12,31,3,2,0,68,2,62,13,22,93,106,75,46,71,31,15,0,9,46,0,13,57,51,62,81,39,31,0,160,2,0,2,6,13,1,0,73,8,1,0,15,70,618,399,16,4,295,0,2,41,27,11,33,22,4,13,31,3,2,0,70,2,64,13,21,95,106,75,46,71,33,15,0,9,46,0,13,59,51,64,81,39,31,0,160,2,0,2,6,13,1,0,73,8,1,0,15,72,620,399,16,4,295,2,,0.028246,0.028899
93d2043400cf279d3e8efe83,e4f357732d75e387,3c479f8b47354c76a1827a0744e0ae47,2026-08-10T14:07:21.360916+00:00,benchmark://cbench-v1,0.2.5,10.0.0 x86_64-unknown-linux-gnu,76e7858e-a631-41cd-b7f6-29d0024630e7,3.10.12,benchmark://cbench-v1/qsort,0,2,21,-correlated-propagation,-correlated-propagation,2,"[55, 77]",IrInstructionCountO3,0.0,-2.9087511678604785,-0.048479186131007976,0.0,0.0,-12.1942850560079,True,False,True,no_ir_change,0.21786320582032204,,,47b23604efb4dda87c46dddfa100d705b85aa7a0,620,,72,16,620,399,1f893b803e21a21d7b29c8e6f3afad1b18059828,620,,72,16,620,399,0,2,41,27,11,33,22,4,13,31,3,2,0,70,2,64,13,21,95,106,75,46,71,33,15,0,9,46,0,13,59,51,64,81,39,31,0,160,2,0,2,6,13,1,0,73,8,1,0,15,72,620,399,16,4,295,0,2,41,27,11,33,22,4,13,31,3,2,0,70,2,64,13,21,95,107,75,47,71,33,15,0,9,46,0,13,59,51,64,81,39,31,0,160,2,0,2,6,13,1,0,73,8,1,0,15,72,620,399,16,4,295,0,,0.028899,0.0303
de5fdc60fc9d31f33614cfb9,3be90d72abbf1bb4,3c479f8b47354c76a1827a0744e0ae47,2026-08-10T14:07:21.360916+00:00,benchmark://cbench-v1,0.2.5,10.0.0 x86_64-unknown-linux-gnu,76e7858e-a631-41cd-b7f6-29d0024630e7,3.10.12,benchmark://cbench-v1/qsort,1,0,55,-jump-threading,-jump-threading,0,[],IrInstructionCountO3,20.0,3.5905155314568415,0.04416794433305812,0.03134796238244514,0.0,3.5905155314568415,True,False,False,,0.2445794828236103,,,06b2f991409d560af967028c955ae6d0a7f8c971,638,,85,16,638,402,52d206d5d6625bf2b3649c2b8462ff8b842fa45c,618,,70,16,618,399,0,4,54,39,12,46,23,6,12,31,2,4,0,81,4,77,13,15,108,106,75,51,71,46,15,0,9,46,0,13,72,51,77,81,39,31,0,163,2,0,4,6,13,1,0,73,8,1,0,15,85,638,402,16,10,298,0,2,40,26,11,31,21,4,12,31,3,2,0,68,2,62,13,22,93,106,75,46,71,31,15,0,9,46,0,13,57,51,62,81,39,31,0,160,2,0,2,6,13,1,0,73,8,1,0,15,70,618,399,16,4,295,-20,,0.033916,0.032418
de5fdc60fc9d31f33614cfb9,56d578bb27f21a30,3c479f8b47354c76a1827a0744e0ae47,2026-08-10T14:07:21.360916+00:00,benchmark://cbench-v1,0.2.5,10.0.0 x86_64-unknown-linux-gnu,76e7858e-a631-41cd-b7f6-29d0024630e7,3.10.12,benchmark://cbench-v1/qsort,1,1,24,-dce,-dce,1,[55],IrInstructionCountO3,1.0,15.671345836275789,0.26038003578259,0.0016181229773462784,0.0,19.26186136773263,True,False,False,,0.22284945100545883,,,52d206d5d6625bf2b3649c2b8462ff8b842fa45c,618,,70,16,618,399,df4b9fb37c0833c063a3dc8ec6f1b9338fc95b58,617,,70,16,617,399,0,2,40,26,11,31,21,4,12,31,3,2,0,68,2,62,13,22,93,106,75,46,71,31,15,0,9,46,0,13,57,51,62,81,39,31,0,160,2,0,2,6,13,1,0,73,8,1,0,15,70,618,399,16,4,295,0,2,40,26,11,31,21,4,12,31,3,2,0,68,2,62,13,22,93,106,75,46,71,31,15,0,9,46,0,13,57,51,62,81,39,31,0,160,2,0,2,6,13,1,0,73,8,1,0,14,70,617,399,16,4,294,-1,,0.032418,0.023977
de5fdc60fc9d31f33614cfb9,afbed030c49ede22,3c479f8b47354c76a1827a0744e0ae47,2026-08-10T14:07:21.360916+00:00,benchmark://cbench-v1,0.2.5,10.0.0 x86_64-unknown-linux-gnu,76e7858e-a631-41cd-b7f6-29d0024630e7,3.10.12,benchmark://cbench-v1/qsort,1,2,111,-sroa,-sroa,2,"[55, 24]",IrInstructionCountO3,290.0,-16.628962831681825,-0.5121574842557451,0.4700162074554295,0.0,2.6328985360508064,True,False,False,,0.2627790756523609,,,df4b9fb37c0833c063a3dc8ec6f1b9338fc95b58,617,,70,16,617,399,fd489942e9bcb87bbc111f4dd5dde2236547c77e,327,,70,16,327,122,0,2,40,26,11,31,21,4,12,31,3,2,0,68,2,62,13,22,93,106,75,46,71,31,15,0,9,46,0,13,57,51,62,81,39,31,0,160,2,0,2,6,13,1,0,73,8,1,0,14,70,617,399,16,4,294,2,15,40,26,11,31,21,4,12,31,3,17,0,53,17,62,13,22,93,62,39,45,26,31,15,0,9,7,0,2,68,17,62,45,39,31,0,21,2,0,23,6,13,1,0,10,8,1,0,14,70,327,122,16,53,82,-290,,0.023977,0.036257
de5fdc60fc9d31f33614cfb9,5d2b4ce45f6fdcc0,3c479f8b47354c76a1827a0744e0ae47,2026-08-10T14:07:21.360916+00:00,benchmark://cbench-v1,0.2.5,10.0.0 x86_64-unknown-linux-gnu,76e7858e-a631-41cd-b7f6-29d0024630e7,3.10.12,benchmark://cbench-v1/qsort,1,3,23,-deadargelim,-deadargelim,3,"[55, 24, 111]",IrInstructionCountO3,0.0,1.0822737678241359,0.018037896130402263,0.0,0.0,3.715172303874942,True,True,True,action_no_effect,0.2302604354918003,,,fd489942e9bcb87bbc111f4dd5dde2236547c77e,327,,70,16,327,122,fd489942e9bcb87bbc111f4dd5dde2236547c77e,327,,70,16,327,122,2,15,40,26,11,31,21,4,12,31,3,17,0,53,17,62,13,22,93,62,39,45,26,31,15,0,9,7,0,2,68,17,62,45,39,31,0,21,2,0,23,6,13,1,0,10,8,1,0,14,70,327,122,16,53,82,2,15,40,26,11,31,21,4,12,31,3,17,0,53,17,62,13,22,93,62,39,45,26,31,15,0,9,7,0,2,68,17,62,45,39,31,0,21,2,0,23,6,13,1,0,10,8,1,0,14,70,327,122,16,53,82,0,,0.036257,0.035603
c4d4ab4d50d163722a00fc4b,72db02387f27e163,3c479f8b47354c76a1827a0744e0ae47,2026-08-10T14:07:21.360916+00:00,benchmark://cbench-v1,0.2.5,10.0.0 x86_64-unknown-linux-gnu,76e7858e-a631-41cd-b7f6-29d0024630e7,3.10.12,benchmark://cbench-v1/qsort,2,0,77,-loop-unroll,-loop-unroll,0,[],IrInstructionCountO3,-1.0,4.322604528502043,0.07282710786792851,-0.001567398119122257,0.0,4.322604528502043,True,False,False,,0.22966868802905083,,,06b2f991409d560af967028c955ae6d0a7f8c971,638,,85,16,638,402,d288ab1bb4a63b5c2fd97b8de531db3c94ee0566,639,,86,16,639,402,0,4,54,39,12,46,23,6,12,31,2,4,0,81,4,77,13,15,108,106,75,51,71,46,15,0,9,46,0,13,72,51,77,81,39,31,0,163,2,0,4,6,13,1,0,73,8,1,0,15,85,638,402,16,10,298,0,4,54,39,12,47,24,6,13,31,2,4,0,82,4,78,13,15,109,106,75,51,71,47,15,0,9,46,0,13,73,51,78,81,39,31,0,163,2,0,4,6,13,1,0,73,8,1,0,15,86,639,402,16,10,298,1,,0.027682,0.025666
c4d4ab4d50d163722a00fc4b,4a7b0d4fdf2a77b0,3c479f8b47354c76a1827a0744e0ae47,2026-08-10T14:07:21.360916+00:00,benchmark://cbench-v1,0.2.5,10.0.0 x86_64-unknown-linux-gnu,76e7858e-a631-41cd-b7f6-29d0024630e7,3.10.12,benchmark://cbench-v1/qsort,2,1,23,-deadargelim,-deadargelim,1,[77],IrInstructionCountO3,0.0,0.860282085248968,0.014338034754149468,0.0,0.0,5.182886613751011,True,True,True,action_no_effect,0.18304193019866943,,,d288ab1bb4a63b5c2fd97b8de531db3c94ee0566,639,,86,16,639,402,d288ab1bb4a63b5c2fd97b8de531db3c94ee0566,639,,86,16,639,402,0,4,54,39,12,47,24,6,13,31,2,4,0,82,4,78,13,15,109,106,75,51,71,47,15,0,9,46,0,13,73,51,78,81,39,31,0,163,2,0,4,6,13,1,0,73,8,1,0,15,86,639,402,16,10,298,0,4,54,39,12,47,24,6,13,31,2,4,0,82,4,78,13,15,109,106,75,51,71,47,15,0,9,46,0,13,73,51,78,81,39,31,0,163,2,0,4,6,13,1,0,73,8,1,0,15,86,639,402,16,10,298,0,,0.025666,0.025298
ffebc7ec77d200e8850a9195,1894ee5706000206,3c479f8b47354c76a1827a0744e0ae47,2026-08-10T14:07:21.360916+00:00,benchmark://cbench-v1,0.2.5,10.0.0 x86_64-unknown-linux-gnu,76e7858e-a631-41cd-b7f6-29d0024630e7,3.10.12,benchmark://cbench-v1/qsort,3,0,40,-globaldce,-globaldce,0,[],IrInstructionCountO3,0.0,-18.15649765330461,-0.3026082942217435,0.0,0.0,-18.15649765330461,True,True,True,action_no_effect,0.19925622269511223,,,06b2f991409d560af967028c955ae6d0a7f8c971,638,,85,16,638,402,06b2f991409d560af967028c955ae6d0a7f8c971,638,,85,16,638,402,0,4,54,39,12,46,23,6,12,31,2,4,0,81,4,77,13,15,108,106,75,51,71,46,15,0,9,46,0,13,72,51,77,81,39,31,0,163,2,0,4,6,13,1,0,73,8,1,0,15,85,638,402,16,10,298,0,4,54,39,12,46,23,6,12,31,2,4,0,81,4,77,13,15,108,106,75,51,71,46,15,0,9,46,0,13,72,51,77,81,39,31,0,163,2,0,4,6,13,1,0,73,8,1,0,15,85,638,402,16,10,298,0,,0.025994,0.03386
201262c63435c642e0c9739c,a44832e5e43fa12d,3c479f8b47354c76a1827a0744e0ae47,2026-08-10T14:07:21.360916+00:00,benchmark://cbench-v1,0.2.5,10.0.0 x86_64-unknown-linux-gnu,76e7858e-a631-41cd-b7f6-29d0024630e7,3.10.12,benchmark://cbench-v1/qsort,4,0,47,-indvars,-indvars,0,[],IrInstructionCountO3,-1.0,2.6008979610057947,0.04413199840965771,-0.001567398119122257,0.0,2.6008979610057947,True,False,False,,0.22992059588432312,,,06b2f991409d560af967028c955ae6d0a7f8c971,638,,85,16,638,402,d288ab1bb4a63b5c2fd97b8de531db3c94ee0566,639,,86,16,639,402,0,4,54,39,12,46,23,6,12,31,2,4,0,81,4,77,13,15,108,106,75,51,71,46,15,0,9,46,0,13,72,51,77,81,39,31,0,163,2,0,4,6,13,1,0,73,8,1,0,15,85,638,402,16,10,298,0,4,54,39,12,47,24,6,13,31,2,4,0,82,4,78,13,15,109,106,75,51,71,47,15,0,9,46,0,13,73,51,78,81,39,31,0,163,2,0,4,6,13,1,0,73,8,1,0,15,86,639,402,16,10,298,1,,0.027667,0.026446
201262c63435c642e0c9739c,51b526ee0ae506df,3c479f8b47354c76a1827a0744e0ae47,2026-08-10T14:07:21.360916+00:00,benchmark://cbench-v1,0.2.5,10.0.0 x86_64-unknown-linux-gnu,76e7858e-a631-41cd-b7f6-29d0024630e7,3.10.12,benchmark://cbench-v1/qsort,4,1,39,-gvn,-gvn,1,[47],IrInstructionCountO3,120.0,-11.409228265303843,-0.2840505180367542,0.18779342723004694,0.0,-8.80833030429805,True,False,False,,0.2801503837108612,,,d288ab1bb4a63b5c2fd97b8de531db3c94ee0566,639,,86,16,639,402,80ff0617c9919c3056045a0a8653d7a5c91f3e6e,519,,79,16,519,254,0,4,54,39,12,47,24,6,13,31,2,4,0,82,4,78,13,15,109,106,75,51,71,47,15,0,9,46,0,13,73,51,78,81,39,31,0,163,2,0,4,6,13,1,0,73,8,1,0,15,86,639,402,16,10,298,13,8,47,34,10,40,24,4,15,31,2,14,7,58,21,71,13,15,102,110,70,50,71,40,14,0,8,46,0,7,72,27,71,81,34,30,0,20,2,0,78,6,5,1,0,73,8,1,0,12,79,519,254,16,174,118,-120,,0.026446,0.033958
201262c63435c642e0c9739c,5f2d729495aeb358,3c479f8b47354c76a1827a0744e0ae47,2026-08-10T14:07:21.360916+00:00,benchmark://cbench-v1,0.2.5,10.0.0 x86_64-unknown-linux-gnu,76e7858e-a631-41cd-b7f6-29d0024630e7,3.10.12,benchmark://cbench-v1/qsort,4,2,57,-licm,-licm,2,"[47, 39]",IrInstructionCountO3,-59.0,-6.666780146981968,-0.05427292537840854,-0.11368015414258188,0.0,-15.475110451280017,True,False,False,,0.29404008388519287,,,80ff0617c9919c3056045a0a8653d7a5c91f3e6e,519,,79,16,519,254,09a3a08fc7eba2658bafe8061688bc0fc69d4405,578,,79,16,578,258,13,8,47,34,10,40,24,4,15,31,2,14,7,58,21,71,13,15,102,110,70,50,71,40,14,0,8,46,0,7,72,27,71,81,34,30,0,20,2,0,78,6,5,1,0,73,8,1,0,12,79,519,254,16,174,118,15,16,47,34,10,40,24,4,15,31,2,17,14,48,31,71,13,15,102,110,70,50,71,40,14,0,8,46,0,9,70,27,71,81,34,30,0,32,2,0,133,6,5,1,0,65,8,1,0,12,79,578,258,16,257,130,59,,0.033958,0.035801
201262c63435c642e0c9739c,b5d8d5729473cf25,3c479f8b47354c76a1827a0744e0ae47,2026-08-10T14:07:21.360916+00:00,benchmark://cbench-v1,0.2.5,10.0.0 x86_64-unknown-linux-gnu,76e7858e-a631-41cd-b7f6-29d0024630e7,3.10.12,benchmark://cbench-v1/qsort,4,3,26,-dse,-dse,3,"[47, 39, 57]",IrInstructionCountO3,16.0,7.198987018688172,0.1061422865283092,0.02768166089965398,0.0,-8.276123432591845,True,False,False,,0.24393942207098007,,,09a3a08fc7eba2658bafe8061688bc0fc69d4405,578,,79,16,578,258,0458f00b2c7f7975f483a9c3d314c15b1df6d307,562,,79,16,562,251,15,16,47,34,10,40,24,4,15,31,2,17,14,48,31,71,13,15,102,110,70,50,71,40,14,0,8,46,0,9,70,27,71,81,34,30,0,32,2,0,133,6,5,1,0,65,8,1,0,12,79,578,258,16,257,130,15,15,47,34,10,40,24,4,15,31,2,18,12,49,30,71,13,15,102,110,70,50,71,40,14,0,8,46,0,9,70,27,71,81,34,30,0,29,2,0,124,6,5,1,0,61,8,1,0,12,79,562,251,16,244,127,-16,,0.035801,0.032001
201262c63435c642e0c9739c,5f6f01a338049039,3c479f8b47354c76a1827a0744e0ae47,2026-08-10T14:07:21.360916+00:00,benchmark://cbench-v1,0.2.5,10.0.0 x86_64-unknown-linux-gnu,76e7858e-a631-41cd-b7f6-29d0024630e7,3.10.12,benchmark://cbench-v1/qsort,4,4,41,-globalopt,-globalopt,4,"[47, 39, 57, 26]",IrInstructionCountO3,0.0,-16.520108746601668,-0.27533514577669443,0.0,0.0,-24.796232179193513,True,False,True,no_ir_change,0.29444947838783264,,,0458f00b2c7f7975f483a9c3d314c15b1df6d307,562,,79,16,562,251,dd8d2c1fa913c0439d4bbc53b235e8f664d4da6e,562,,79,16,562,251,15,15,47,34,10,40,24,4,15,31,2,18,12,49,30,71,13,15,102,110,70,50,71,40,14,0,8,46,0,9,70,27,71,81,34,30,0,29,2,0,124,6,5,1,0,61,8,1,0,12,79,562,251,16,244,127,15,15,47,34,10,40,24,4,15,31,2,18,12,49,30,71,13,15,102,110,70,50,71,40,14,0,8,46,0,9,70,27,71,81,34,30,0,29,2,0,124,6,5,1,0,61,8,1,0,12,79,562,251,16,244,127,0,,0.032001,0.040812
9e205cbb8c1d072b342cf16c,b337189a2330314e,3c479f8b47354c76a1827a0744e0ae47,2026-08-10T14:07:21.360916+00:00,benchmark://cbench-v1,0.2.5,10.0.0 x86_64-unknown-linux-gnu,76e7858e-a631-41cd-b7f6-29d0024630e7,3.10.12,benchmark://cbench-v1/sha,0,0,1,-adce,-adce,0,[],IrInstructionCountO3,0.0,-2.570107858243448,-0.04283513097072413,0.0,0.0,-2.570107858243448,True,True,True,action_no_effect,0.0465879812836647,,,60edfdac03284c582af52dbbfb9a3905c13372ee,799,,68,20,799,549,60edfdac03284c582af52dbbfb9a3905c13372ee,799,,68,20,799,549,0,0,42,34,3,40,17,3,11,18,0,0,0,68,0,58,8,3,76,168,181,147,69,40,46,0,36,39,6,20,48,49,58,71,104,19,10,225,0,11,0,9,21,0,10,110,7,3,8,1,68,799,549,20,0,338,0,0,42,34,3,40,17,3,11,18,0,0,0,68,0,58,8,3,76,168,181,147,69,40,46,0,36,39,6,20,48,49,58,71,104,19,10,225,0,11,0,9,21,0,10,110,7,3,8,1,68,799,549,20,0,338,0,,0.00649,0.006768
9968b27723d4445bfab109b3,8724066f9c77ed26,3c479f8b47354c76a1827a0744e0ae47,2026-08-10T14:07:21.360916+00:00,benchmark://cbench-v1,0.2.5,10.0.0 x86_64-unknown-linux-gnu,76e7858e-a631-41cd-b7f6-29d0024630e7,3.10.12,benchmark://cbench-v1/sha,1,0,79,-loop-vectorize,-loop-vectorize,0,[],IrInstructionCountO3,0.0,-13.933831376734263,-0.23223052294557106,0.0,0.0,-13.933831376734263,True,True,True,action_no_effect,0.043658122420310974,,,60edfdac03284c582af52dbbfb9a3905c13372ee,799,,68,20,799,549,60edfdac03284c582af52dbbfb9a3905c13372ee,799,,68,20,799,549,0,0,42,34,3,40,17,3,11,18,0,0,0,68,0,58,8,3,76,168,181,147,69,40,46,0,36,39,6,20,48,49,58,71,104,19,10,225,0,11,0,9,21,0,10,110,7,3,8,1,68,799,549,20,0,338,0,0,42,34,3,40,17,3,11,18,0,0,0,68,0,58,8,3,76,168,181,147,69,40,46,0,36,39,6,20,48,49,58,71,104,19,10,225,0,11,0,9,21,0,10,110,7,3,8,1,68,799,549,20,0,338,0,,0.004685,0.005773
960920723aba1ee35d84c4b8,07ff2a3639292d93,3c479f8b47354c76a1827a0744e0ae47,2026-08-10T14:07:21.360916+00:00,benchmark://cbench-v1,0.2.5,10.0.0 x86_64-unknown-linux-gnu,76e7858e-a631-41cd-b7f6-29d0024630e7,3.10.12,benchmark://cbench-v1/sha,2,0,77,-loop-unroll,-loop-unroll,0,[],IrInstructionCountO3,0.0,16.272899557801637,0.2712149926300273,0.0,0.0,16.272899557801637,True,True,True,action_no_effect,0.034394022077322006,,,60edfdac03284c582af52dbbfb9a3905c13372ee,799,,68,20,799,549,60edfdac03284c582af52dbbfb9a3905c13372ee,799,,68,20,799,549,0,0,42,34,3,40,17,3,11,18,0,0,0,68,0,58,8,3,76,168,181,147,69,40,46,0,36,39,6,20,48,49,58,71,104,19,10,225,0,11,0,9,21,0,10,110,7,3,8,1,68,799,549,20,0,338,0,0,42,34,3,40,17,3,11,18,0,0,0,68,0,58,8,3,76,168,181,147,69,40,46,0,36,39,6,20,48,49,58,71,104,19,10,225,0,11,0,9,21,0,10,110,7,3,8,1,68,799,549,20,0,338,0,,0.004749,0.003461
a690d54f6201e04a5f702bee,63dace7f8ca6ad46,3c479f8b47354c76a1827a0744e0ae47,2026-08-10T14:07:21.360916+00:00,benchmark://cbench-v1,0.2.5,10.0.0 x86_64-unknown-linux-gnu,76e7858e-a631-41cd-b7f6-29d0024630e7,3.10.12,benchmark://cbench-v1/sha,3,0,26,-dse,-dse,0,[],IrInstructionCountO3,0.1,-9.310034618638879,-0.15579302587176605,0.0012515644555694619,0.0,-9.310034618638879,True,False,False,,0.09402738511562347,,,60edfdac03284c582af52dbbfb9a3905c13372ee,799,,68,20,799,549,3172d53b3a8e53b14fa8eed54fd870e101b14d82,798,,68,20,798,548,0,0,42,34,3,40,17,3,11,18,0,0,0,68,0,58,8,3,76,168,181,147,69,40,46,0,36,39,6,20,48,49,58,71,104,19,10,225,0,11,0,9,21,0,10,110,7,3,8,1,68,799,549,20,0,338,0,0,42,34,3,40,17,3,11,18,0,0,0,68,0,58,8,3,76,168,181,147,69,40,46,0,36,39,6,20,48,49,58,71,104,19,10,225,0,11,0,9,21,0,10,109,7,3,8,1,68,798,548,20,0,338,-1,,0.005334,0.006165
a690d54f6201e04a5f702bee,e9da42608d303764,3c479f8b47354c76a1827a0744e0ae47,2026-08-10T14:07:21.360916+00:00,benchmark://cbench-v1,0.2.5,10.0.0 x86_64-unknown-linux-gnu,76e7858e-a631-41cd-b7f6-29d0024630e7,3.10.12,benchmark://cbench-v1/sha,3,1,1,-adce,-adce,1,[26],IrInstructionCountO3,0.0,-9.158150851581508,-0.15263584752635848,0.0,0.0,-18.468185470220387,True,True,True,action_no_effect,0.0548403263092041,,,3172d53b3a8e53b14fa8eed54fd870e101b14d82,798,,68,20,798,548,3172d53b3a8e53b14fa8eed54fd870e101b14d82,798,,68,20,798,548,0,0,42,34,3,40,17,3,11,18,0,0,0,68,0,58,8,3,76,168,181,147,69,40,46,0,36,39,6,20,48,49,58,71,104,19,10,225,0,11,0,9,21,0,10,109,7,3,8,1,68,798,548,20,0,338,0,0,42,34,3,40,17,3,11,18,0,0,0,68,0,58,8,3,76,168,181,147,69,40,46,0,36,39,6,20,48,49,58,71,104,19,10,225,0,11,0,9,21,0,10,109,7,3,8,1,68,798,548,20,0,338,0,,0.006165,0.007106
7018941b46efc16f5921172e,0227ad71f4e4f96a,3c479f8b47354c76a1827a0744e0ae47,2026-08-10T14:07:21.360916+00:00,benchmark://cbench-v1,0.2.5,10.0.0 x86_64-unknown-linux-gnu,76e7858e-a631-41cd-b7f6-29d0024630e7,3.10.12,benchmark://cbench-v1/sha,4,0,5,-argpromotion,-argpromotion,0,[],IrInstructionCountO3,0.0,7.875476493011437,0.1312579415501906,0.0,0.0,7.875476493011437,True,True,True,action_no_effect,0.05836503580212593,,,60edfdac03284c582af52dbbfb9a3905c13372ee,799,,68,20,799,549,60edfdac03284c582af52dbbfb9a3905c13372ee,799,,68,20,799,549,0,0,42,34,3,40,17,3,11,18,0,0,0,68,0,58,8,3,76,168,181,147,69,40,46,0,36,39,6,20,48,49,58,71,104,19,10,225,0,11,0,9,21,0,10,110,7,3,8,1,68,799,549,20,0,338,0,0,42,34,3,40,17,3,11,18,0,0,0,68,0,58,8,3,76,168,181,147,69,40,46,0,36,39,6,20,48,49,58,71,104,19,10,225,0,11,0,9,21,0,10,110,7,3,8,1,68,799,549,20,0,338,0,,0.00787,0.006837
3b467ecee6df2773df7a5584,c55dfc86d7b507a5,3c479f8b47354c76a1827a0744e0ae47,2026-08-10T14:07:21.360916+00:00,benchmark://cbench-v1,0.2.5,10.0.0 x86_64-unknown-linux-gnu,76e7858e-a631-41cd-b7f6-29d0024630e7,3.10.12,benchmark://cbench-v1/stringsearch2,0,0,2,-aggressive-instcombine,-aggressive-instcombine,0,[],IrInstructionCountO3,0.0,11.31729879740981,0.18862164662349684,0.0,0.0,11.31729879740981,True,True,True,action_no_effect,0.06530976295471191,,,ca156152513f976fb7502d22e039a107b938d365,482,,73,18,482,306,ca156152513f976fb7502d22e039a107b938d365,482,,73,18,482,306,0,4,49,31,11,36,19,4,14,27,1,4,0,69,4,63,30,10,90,63,83,46,59,36,17,0,17,30,0,5,68,36,63,88,24,27,0,97,2,0,4,4,12,0,0,67,3,0,0,2,73,482,306,18,8,177,0,4,49,31,11,36,19,4,14,27,1,4,0,69,4,63,30,10,90,63,83,46,59,36,17,0,17,30,0,5,68,36,63,88,24,27,0,97,2,0,4,4,12,0,0,67,3,0,0,2,73,482,306,18,8,177,0,,0.01081,0.008771
2a04e0ce15b21a307e46e7ac,9ebb4d029c3344ec,3c479f8b47354c76a1827a0744e0ae47,2026-08-10T14:07:21.360916+00:00,benchmark://cbench-v1,0.2.5,10.0.0 x86_64-unknown-linux-gnu,76e7858e-a631-41cd-b7f6-29d0024630e7,3.10.12,benchmark://cbench-v1/stringsearch2,1,0,26,-dse,-dse,0,[],IrInstructionCountO3,0.0,-24.733790195044804,-0.4122298365840801,0.0,0.0,-24.733790195044804,True,True,True,action_no_effect,0.07073673605918884,,,ca156152513f976fb7502d22e039a107b938d365,482,,73,18,482,306,ca156152513f976fb7502d22e039a107b938d365,482,,73,18,482,306,0,4,49,31,11,36,19,4,14,27,1,4,0,69,4,63,30,10,90,63,83,46,59,36,17,0,17,30,0,5,68,36,63,88,24,27,0,97,2,0,4,4,12,0,0,67,3,0,0,2,73,482,306,18,8,177,0,4,49,31,11,36,19,4,14,27,1,4,0,69,4,63,30,10,90,63,83,46,59,36,17,0,17,30,0,5,68,36,63,88,24,27,0,97,2,0,4,4,12,0,0,67,3,0,0,2,73,482,306,18,8,177,0,,0.007588,0.010716
dc6c12ec91cced8b6f116176,2f9e729528c8378f,3c479f8b47354c76a1827a0744e0ae47,2026-08-10T14:07:21.360916+00:00,benchmark://cbench-v1,0.2.5,10.0.0 x86_64-unknown-linux-gnu,76e7858e-a631-41cd-b7f6-29d0024630e7,3.10.12,benchmark://cbench-v1/stringsearch2,2,0,5,-argpromotion,-argpromotion,0,[],IrInstructionCountO3,0.0,10.738983050847457,0.17898305084745764,0.0,0.0,10.738983050847457,True,True,True,action_no_effect,0.04855618253350258,,,ca156152513f976fb7502d22e039a107b938d365,482,,73,18,482,306,ca156152513f976fb7502d22e039a107b938d365,482,,73,18,482,306,0,4,49,31,11,36,19,4,14,27,1,4,0,69,4,63,30,10,90,63,83,46,59,36,17,0,17,30,0,5,68,36,63,88,24,27,0,97,2,0,4,4,12,0,0,67,3,0,0,2,73,482,306,18,8,177,0,4,49,31,11,36,19,4,14,27,1,4,0,69,4,63,30,10,90,63,83,46,59,36,17,0,17,30,0,5,68,36,63,88,24,27,0,97,2,0,4,4,12,0,0,67,3,0,0,2,73,482,306,18,8,177,0,,0.007375,0.006055
c961dbe68c8a5b16eb6768e7,2f10086597bc7232,3c479f8b47354c76a1827a0744e0ae47,2026-08-10T14:07:21.360916+00:00,benchmark://cbench-v1,0.2.5,10.0.0 x86_64-unknown-linux-gnu,76e7858e-a631-41cd-b7f6-29d0024630e7,3.10.12,benchmark://cbench-v1/stringsearch2,3,0,2,-aggressive-instcombine,-aggressive-instcombine,0,[],IrInstructionCountO3,0.0,7.968682035667683,0.13281136726112805,0.0,0.0,7.968682035667683,True,True,True,action_no_effect,0.04729548469185829,,,ca156152513f976fb7502d22e039a107b938d365,482,,73,18,482,306,ca156152513f976fb7502d22e039a107b938d365,482,,73,18,482,306,0,4,49,31,11,36,19,4,14,27,1,4,0,69,4,63,30,10,90,63,83,46,59,36,17,0,17,30,0,5,68,36,63,88,24,27,0,97,2,0,4,4,12,0,0,67,3,0,0,2,73,482,306,18,8,177,0,4,49,31,11,36,19,4,14,27,1,4,0,69,4,63,30,10,90,63,83,46,59,36,17,0,17,30,0,5,68,36,63,88,24,27,0,97,2,0,4,4,12,0,0,67,3,0,0,2,73,482,306,18,8,177,0,,0.006897,0.005981
9ffc8aa72f9222220c012c46,9eb3337a0c58c8d7,3c479f8b47354c76a1827a0744e0ae47,2026-08-10T14:07:21.360916+00:00,benchmark://cbench-v1,0.2.5,10.0.0 x86_64-unknown-linux-gnu,76e7858e-a631-41cd-b7f6-29d0024630e7,3.10.12,benchmark://cbench-v1/stringsearch2,4,0,41,-globalopt,-globalopt,0,[],IrInstructionCountO3,0.0,-4.058078927773644,-0.0676346487962274,0.0,0.0,-4.058078927773644,True,False,True,no_ir_change,0.10067908838391304,,,ca156152513f976fb7502d22e039a107b938d365,482,,73,18,482,306,1e8923c4ef2ced40b3e4656181b45a022b01c4bf,482,,73,18,482,306,0,4,49,31,11,36,19,4,14,27,1,4,0,69,4,63,30,10,90,63,83,46,59,36,17,0,17,30,0,5,68,36,63,88,24,27,0,97,2,0,4,4,12,0,0,67,3,0,0,2,73,482,306,18,8,177,0,4,49,31,11,36,19,4,14,27,1,4,0,69,4,63,30,10,90,63,83,46,59,36,17,0,17,30,0,5,68,36,63,88,24,27,0,97,2,0,4,4,12,0,0,67,3,0,0,2,73,482,306,18,8,177,0,,0.008058,0.008603
8dc7df1b77469a10dc5eca38,d32031f8451264ba,3c479f8b47354c76a1827a0744e0ae47,2026-08-10T14:07:21.360916+00:00,benchmark://cbench-v1,0.2.5,10.0.0 x86_64-unknown-linux-gnu,76e7858e-a631-41cd-b7f6-29d0024630e7,3.10.12,benchmark://cbench-v1/susan,0,0,5,-argpromotion,-argpromotion,0,[],IrInstructionCountO3,0.0,26.89662788985422,0.4482771314975703,0.0,0.0,26.89662788985422,True,True,True,action_no_effect,0.11951633170247078,,,6c56a62c035c945431440daff2509d38c4433658,13282,,711,45,13282,7832,6c56a62c035c945431440daff2509d38c4433658,13282,,711,45,13282,7832,0,6,488,225,237,353,187,106,76,321,13,6,0,705,6,674,53,217,1010,1591,838,601,831,353,1076,0,1013,240,10,140,565,300,674,420,1125,332,0,4592,549,15,6,22,760,0,0,1455,715,9,0,877,711,13282,7832,45,12,6856,0,6,488,225,237,353,187,106,76,321,13,6,0,705,6,674,53,217,1010,1591,838,601,831,353,1076,0,1013,240,10,140,565,300,674,420,1125,332,0,4592,549,15,6,22,760,0,0,1455,715,9,0,877,711,13282,7832,45,12,6856,0,,0.027164,0.014987
cf84d5b8a4e6f4d094b22e89,745036b474a5309d,3c479f8b47354c76a1827a0744e0ae47,2026-08-10T14:07:21.360916+00:00,benchmark://cbench-v1,0.2.5,10.0.0 x86_64-unknown-linux-gnu,76e7858e-a631-41cd-b7f6-29d0024630e7,3.10.12,benchmark://cbench-v1/susan,1,0,57,-licm,-licm,0,[],IrInstructionCountO3,-0.011521652761223678,-7.05989583401262,-0.1143898213965713,-0.006550218340611353,0.0,-7.05989583401262,True,False,False,,0.22408201545476913,,,6c56a62c035c945431440daff2509d38c4433658,13282,,711,45,13282,7832,d6a972247877820baebe6829b31f3c3d1ddc9bd4,13369,,711,45,13369,7762,0,6,488,225,237,353,187,106,76,321,13,6,0,705,6,674,53,217,1010,1591,838,601,831,353,1076,0,1013,240,10,140,565,300,674,420,1125,332,0,4592,549,15,6,22,760,0,0,1455,715,9,0,877,711,13282,7832,45,12,6856,13,49,488,225,237,353,187,106,76,321,13,52,10,649,62,674,53,217,1010,1591,838,601,831,353,1076,0,1013,240,10,145,560,300,674,420,1125,332,0,4514,549,15,163,22,760,0,0,1463,715,9,0,877,711,13369,7762,45,334,6778,87,,0.016741,0.018656
cf84d5b8a4e6f4d094b22e89,6bd046aa244ca08d,3c479f8b47354c76a1827a0744e0ae47,2026-08-10T14:07:21.360916+00:00,benchmark://cbench-v1,0.2.5,10.0.0 x86_64-unknown-linux-gnu,76e7858e-a631-41cd-b7f6-29d0024630e7,3.10.12,benchmark://cbench-v1/susan,1,1,55,-jump-threading,-jump-threading,1,[57],IrInstructionCountO3,0.018805456230962785,-25.41355649901523,-0.42887006861063476,0.010621587254095295,0.0,-32.47345233302785,True,False,False,,0.24708927422761917,,,d6a972247877820baebe6829b31f3c3d1ddc9bd4,13369,,711,45,13369,7762,7aa0fa00d00683db9f97550e67066ed14d7fbcb4,13227,,580,45,13227,7753,13,49,488,225,237,353,187,106,76,321,13,52,10,649,62,674,53,217,1010,1591,838,601,831,353,1076,0,1013,240,10,145,560,300,674,420,1125,332,0,4514,549,15,163,22,760,0,0,1463,715,9,0,877,711,13369,7762,45,334,6778,12,55,433,172,235,222,101,26,69,321,23,58,9,513,67,543,53,224,879,1592,838,602,831,222,1076,0,1013,240,10,145,429,300,543,420,1125,332,0,4505,549,15,161,22,760,0,0,1463,715,9,0,877,580,13227,7753,45,359,6769,-142,,0.018656,0.026657
cf84d5b8a4e6f4d094b22e89,b69be57fc621a79f,3c479f8b47354c76a1827a0744e0ae47,2026-08-10T14:07:21.360916+00:00,benchmark://cbench-v1,0.2.5,10.0.0 x86_64-unknown-linux-gnu,76e7858e-a631-41cd-b7f6-29d0024630e7,3.10.12,benchmark://cbench-v1/susan,1,2,21,-correlated-propagation,-correlated-propagation,2,"[57, 55]",IrInstructionCountO3,0.010462190438352536,22.02559827914938,0.36410698878343395,0.005972631738111439,0.0,-10.44785405387847,True,False,False,,0.24165726453065872,,,7aa0fa00d00683db9f97550e67066ed14d7fbcb4,13227,,580,45,13227,7753,805ccbd90c9bd431a6ae2d9e1a75b4b013657787,13148,,580,45,13148,7753,12,55,433,172,235,222,101,26,69,321,23,58,9,513,67,543,53,224,879,1592,838,602,831,222,1076,0,1013,240,10,145,429,300,543,420,1125,332,0,4505,549,15,161,22,760,0,0,1463,715,9,0,877,580,13227,7753,45,359,6769,9,30,433,172,235,222,101,26,69,321,23,35,4,541,39,543,53,224,879,1594,838,602,831,222,1076,0,1013,240,10,141,433,300,543,420,1125,332,0,4505,549,15,82,22,760,0,0,1463,715,9,0,877,580,13148,7753,45,274,6769,-79,,0.026657,0.016951
cf84d5b8a4e6f4d094b22e89,3c5f46bd85253e69,3c479f8b47354c76a1827a0744e0ae47,2026-08-10T14:07:21.360916+00:00,benchmark://cbench-v1,0.2.5,10.0.0 x86_64-unknown-linux-gnu,76e7858e-a631-41cd-b7f6-29d0024630e7,3.10.12,benchmark://cbench-v1/susan,1,3,79,-loop-vectorize,-loop-vectorize,3,"[57, 55, 21]",IrInstructionCountO3,-0.00834326579261025,6.195700901488872,0.10565748333431661,-0.004791603285670825,0.0,-4.252153152389597,True,False,False,,0.17855682596564293,,,805ccbd90c9bd431a6ae2d9e1a75b4b013657787,13148,,580,45,13148,7753,a81b99bbcf62eebcbe96535006f5246a2cdfe41f,13211,,581,45,13211,7753,9,30,433,172,235,222,101,26,69,321,23,35,4,541,39,543,53,224,879,1594,838,602,831,222,1076,0,1013,240,10,141,433,300,543,420,1125,332,0,4505,549,15,82,22,760,0,0,1463,715,9,0,877,580,13148,7753,45,274,6769,12,47,434,173,235,223,101,26,69,321,23,51,8,522,59,544,53,223,880,1594,838,602,831,223,1076,0,1013,240,10,144,431,300,544,420,1125,332,0,4505,549,15,144,22,760,0,0,1463,715,9,0,877,581,13211,7753,45,338,6769,63,,0.016951,0.01516
cf84d5b8a4e6f4d094b22e89,e624e49761149c78,3c479f8b47354c76a1827a0744e0ae47,2026-08-10T14:07:21.360916+00:00,benchmark://cbench-v1,0.2.5,10.0.0 x86_64-unknown-linux-gnu,76e7858e-a631-41cd-b7f6-29d0024630e7,3.10.12,benchmark://cbench-v1/susan,1,4,26,-dse,-dse,4,"[57, 55, 21, 79]",IrInstructionCountO3,0.010064892067275857,4.276805089066857,0.0684036939313984,0.00575278177276512,0.0,0.024651936677260622,True,False,False,,0.17558575794100761,,,a81b99bbcf62eebcbe96535006f5246a2cdfe41f,13211,,581,45,13211,7753,7fd026318d7183593772f3c59470f32634d1ac69,13135,,581,45,13135,7711,12,47,434,173,235,223,101,26,69,321,23,51,8,522,59,544,53,223,880,1594,838,602,831,223,1076,0,1013,240,10,144,431,300,544,420,1125,332,0,4505,549,15,144,22,760,0,0,1463,715,9,0,877,581,13211,7753,45,338,6769,8,43,434,173,235,223,101,26,69,321,23,45,6,530,51,544,53,223,880,1593,838,602,831,223,1076,0,1013,240,10,142,433,300,544,420,1125,332,0,4501,549,15,110,22,760,0,0,1425,715,9,0,877,581,13135,7711,45,300,6765,-76,,0.01516,0.014123
cf84d5b8a4e6f4d094b22e89,548e174f3c022e93,3c479f8b47354c76a1827a0744e0ae47,2026-08-10T14:07:21.360916+00:00,benchmark://cbench-v1,0.2.5,10.0.0 x86_64-unknown-linux-gnu,76e7858e-a631-41cd-b7f6-29d0024630e7,3.10.12,benchmark://cbench-v1/susan,1,5,36,-inline,-inline,5,"[57, 55, 21, 79, 26]",IrInstructionCountO3,-0.02953251225003311,-10.773434419946508,-0.17106846987184035,-0.016977540921202895,0.0,-10.748782483269247,True,False,False,,0.18599141761660576,,,7fd026318d7183593772f3c59470f32634d1ac69,13135,,581,45,13135,7711,8af37651aedd4d9f0f02d1cad9673c67c9da3471,13358,,594,43,13358,7833,8,43,434,173,235,223,101,26,69,321,23,45,6,530,51,544,53,223,880,1593,838,602,831,223,1076,0,1013,240,10,142,433,300,544,420,1125,332,0,4501,549,15,110,22,760,0,0,1425,715,9,0,877,581,13135,7711,45,300,6765,8,49,443,178,239,232,107,30,71,327,23,51,6,537,57,559,52,226,901,1623,887,602,852,232,1082,0,1016,258,10,146,442,340,559,461,1134,338,0,4531,549,15,116,20,763,0,0,1449,715,9,0,877,594,13358,7833,43,312,6871,223,,0.014123,0.016539
cf84d5b8a4e6f4d094b22e89,e606adf04ee7d19a,3c479f8b47354c76a1827a0744e0ae47,2026-08-10T14:07:21.360916+00:00,benchmark://cbench-v1,0.2.5,10.0.0 x86_64-unknown-linux-gnu,76e7858e-a631-41cd-b7f6-29d0024630e7,3.10.12,benchmark://cbench-v1/susan,1,6,15,-constmerge,-constmerge,6,"[57, 55, 21, 79, 26, 36]",IrInstructionCountO3,0.0,-5.470705604933788,-0.09117842674889648,0.0,0.0,-16.219488088203036,True,True,True,action_no_effect,0.14005233347415924,,,8af37651aedd4d9f0f02d1cad9673c67c9da3471,13358,,594,43,13358,7833,8af37651aedd4d9f0f02d1cad9673c67c9da3471,13358,,594,43,13358,7833,8,49,443,178,239,232,107,30,71,327,23,51,6,537,57,559,52,226,901,1623,887,602,852,232,1082,0,1016,258,10,146,442,340,559,461,1134,338,0,4531,549,15,116,20,763,0,0,1449,715,9,0,877,594,13358,7833,43,312,6871,8,49,443,178,239,232,107,30,71,327,23,51,6,537,57,559,52,226,901,1623,887,602,852,232,1082,0,1016,258,10,146,442,340,559,461,1134,338,0,4531,549,15,116,20,763,0,0,1449,715,9,0,877,594,13358,7833,43,312,6871,0,,0.016539,0.018047
2ed7164b32bfb57a28317554,3cf5e05a856cca14,3c479f8b47354c76a1827a0744e0ae47,2026-08-10T14:07:21.360916+00:00,benchmark://cbench-v1,0.2.5,10.0.0 x86_64-unknown-linux-gnu,76e7858e-a631-41cd-b7f6-29d0024630e7,3.10.12,benchmark://cbench-v1/susan,2,0,36,-inline,-inline,0,[],IrInstructionCountO3,-0.003708118130049,4.823649967935174,0.08144822425602945,-0.0021081162475530793,0.0,4.823649967935174,True,False,False,,0.19868402183055878,,,6c56a62c035c945431440daff2509d38c4433658,13282,,711,45,13282,7832,2019786649a6c89eeffdb10949313edea9039e38,13310,,709,43,13310,7852,0,6,488,225,237,353,187,106,76,321,13,6,0,705,6,674,53,217,1010,1591,838,601,831,353,1076,0,1013,240,10,140,565,300,674,420,1125,332,0,4592,549,15,6,22,760,0,0,1455,715,9,0,877,711,13282,7832,45,12,6856,0,6,488,225,237,353,187,106,76,321,13,6,0,703,6,674,52,217,1010,1594,851,601,834,353,1076,0,1013,243,10,143,560,310,674,428,1128,332,0,4595,549,15,6,20,760,0,0,1458,715,9,0,877,709,13310,7852,43,12,6872,28,,0.017373,0.015958
2ed7164b32bfb57a28317554,5a77830e0e2e30a8,3c479f8b47354c76a1827a0744e0ae47,2026-08-10T14:07:21.360916+00:00,benchmark://cbench-v1,0.2.5,10.0.0 x86_64-unknown-linux-gnu,76e7858e-a631-41cd-b7f6-29d0024630e7,3.10.12,benchmark://cbench-v1/susan,2,1,36,-inline,-inline,1,[36],IrInstructionCountO3,0.0,-2.9063792455194863,-0.04843965409199144,0.0,0.0,1.917270722415688,True,True,True,action_no_effect,0.11838830634951591,,,2019786649a6c89eeffdb10949313edea9039e38,13310,,709,43,13310,7852,2019786649a6c89eeffdb10949313edea9039e38,13310,,709,43,13310,7852,0,6,488,225,237,353,187,106,76,321,13,6,0,703,6,674,52,217,1010,1594,851,601,834,353,1076,0,1013,243,10,143,560,310,674,428,1128,332,0,4595,549,15,6,20,760,0,0,1458,715,9,0,877,709,13310,7852,43,12,6872,0,6,488,225,237,353,187,106,76,321,13,6,0,703,6,674,52,217,1010,1594,851,601,834,353,1076,0,1013,243,10,143,560,310,674,428,1128,332,0,4595,549,15,6,20,760,0,0,1458,715,9,0,877,709,13310,7852,43,12,6872,0,,0.015958,0.016731
b4dde1dd5e40070c97bbd579,e531c0a171d80dee,3c479f8b47354c76a1827a0744e0ae47,2026-08-10T14:07:21.360916+00:00,benchmark://cbench-v1,0.2.5,10.0.0 x86_64-unknown-linux-gnu,76e7858e-a631-41cd-b7f6-29d0024630e7,3.10.12,benchmark://cbench-v1/susan,3,0,53,-instcombine,-instcombine,0,[],IrInstructionCountO3,0.13786253476360746,1.5612494127517225,-0.01316755169883002,0.07837675048938413,0.0,1.5612494127517225,True,False,False,,0.2877592593431473,,,6c56a62c035c945431440daff2509d38c4433658,13282,,711,45,13282,7832,e25d20b385906a938d64aaff5b30dfa1326f4175,12241,,711,47,12241,7075,0,6,488,225,237,353,187,106,76,321,13,6,0,705,6,674,53,217,1010,1591,838,601,831,353,1076,0,1013,240,10,140,565,300,674,420,1125,332,0,4592,549,15,6,22,760,0,0,1455,715,9,0,877,711,13282,7832,45,12,6856,0,76,488,225,237,353,187,106,76,321,13,76,0,635,76,674,49,217,1010,1269,1080,594,789,353,1083,0,1311,228,11,125,580,303,674,404,1107,336,1,4038,414,18,87,22,447,4,138,1298,408,8,4,833,711,12241,7075,47,174,5915,-1041,,0.023163,0.023468
b4dde1dd5e40070c97bbd579,69b87d814517b366,3c479f8b47354c76a1827a0744e0ae47,2026-08-10T14:07:21.360916+00:00,benchmark://cbench-v1,0.2.5,10.0.0 x86_64-unknown-linux-gnu,76e7858e-a631-41cd-b7f6-29d0024630e7,3.10.12,benchmark://cbench-v1/susan,3,1,2,-aggressive-instcombine,-aggressive-instcombine,1,[53],IrInstructionCountO3,0.0,15.621271518663713,0.2603545253110619,0.0,0.0,17.182520931415436,True,True,True,action_no_effect,0.13156647980213165,,,e25d20b385906a938d64aaff5b30dfa1326f4175,12241,,711,47,12241,7075,e25d20b385906a938d64aaff5b30dfa1326f4175,12241,,711,47,12241,7075,0,76,488,225,237,353,187,106,76,321,13,76,0,635,76,674,49,217,1010,1269,1080,594,789,353,1083,0,1311,228,11,125,580,303,674,404,1107,336,1,4038,414,18,87,22,447,4,138,1298,408,8,4,833,711,12241,7075,47,174,5915,0,76,488,225,237,353,187,106,76,321,13,76,0,635,76,674,49,217,1010,1269,1080,594,789,353,1083,0,1311,228,11,125,580,303,674,404,1107,336,1,4038,414,18,87,22,447,4,138,1298,408,8,4,833,711,12241,7075,47,174,5915,0,,0.023468,0.017358
fdef7f4fec39500e8534561e,336bcc0df8a58ae5,3c479f8b47354c76a1827a0744e0ae47,2026-08-10T14:07:21.360916+00:00,benchmark://cbench-v1,0.2.5,10.0.0 x86_64-unknown-linux-gnu,76e7858e-a631-41cd-b7f6-29d0024630e7,3.10.12,benchmark://cbench-v1/susan,4,0,15,-constmerge,-constmerge,0,[],IrInstructionCountO3,0.0,6.749713631156924,0.11249522718594875,0.0,0.0,6.749713631156924,True,True,True,action_no_effect,0.1273556724190712,,,6c56a62c035c945431440daff2509d38c4433658,13282,,711,45,13282,7832,6c56a62c035c945431440daff2509d38c4433658,13282,,711,45,13282,7832,0,6,488,225,237,353,187,106,76,321,13,6,0,705,6,674,53,217,1010,1591,838,601,831,353,1076,0,1013,240,10,140,565,300,674,420,1125,332,0,4592,549,15,6,22,760,0,0,1455,715,9,0,877,711,13282,7832,45,12,6856,0,6,488,225,237,353,187,106,76,321,13,6,0,705,6,674,53,217,1010,1591,838,601,831,353,1076,0,1013,240,10,140,565,300,674,420,1125,332,0,4592,549,15,6,22,760,0,0,1455,715,9,0,877,711,13282,7832,45,12,6856,0,,0.020952,0.018595
e4553ba2f972ea14bdaa3315,b8d6011fd0901114,3c479f8b47354c76a1827a0744e0ae47,2026-08-10T14:07:21.360916+00:00,benchmark://cbench-v1,0.2.5,10.0.0 x86_64-unknown-linux-gnu,76e7858e-a631-41cd-b7f6-29d0024630e7,3.10.12,benchmark://cbench-v1/tiff2bw,0,0,2,-aggressive-instcombine,-aggressive-instcombine,0,[],IrInstructionCountO3,0.012928348909657321,-7.855740997709762,-0.1330464716006885,0.004234909944384918,0.0,-7.855740997709762,True,False,False,,0.4431077837944031,,,22d998d830dd6fd78846c31fc2a5bcf2a38dbe3c,58797,,7179,418,58797,38532,d9722c55c9916b9f940e5ecceb866e5d9109e572,58548,,7179,418,58548,38532,0,344,4685,3297,1179,4427,1873,934,751,2171,243,344,0,6835,344,6567,517,1384,9651,18035,4006,7628,4906,4427,2360,112,1128,2527,494,898,6279,3002,6567,3660,7413,2185,78,17410,279,588,344,377,851,32,458,7522,506,459,10,1983,7179,58797,38532,418,692,26458,0,344,4685,3297,1179,4427,1873,934,751,2171,243,344,0,6835,344,6567,517,1384,9651,18089,3929,7628,4906,4427,2360,112,1128,2527,494,866,6311,3002,6567,3660,7413,2185,78,17410,279,588,344,377,781,32,458,7522,506,335,10,1928,7179,58548,38532,418,692,26209,-249,,0.01162,0.013166
e4553ba2f972ea14bdaa3315,dce76bdfa158187e,3c479f8b47354c76a1827a0744e0ae47,2026-08-10T14:07:21.360916+00:00,benchmark://cbench-v1,0.2.5,10.0.0 x86_64-unknown-linux-gnu,76e7858e-a631-41cd-b7f6-29d0024630e7,3.10.12,benchmark://cbench-v1/tiff2bw,0,1,41,-globalopt,-globalopt,1,[2],IrInstructionCountO3,-0.0012461059190031153,5.3105035525212205,0.08871335257481396,-0.0004099200655872105,0.0,-2.5452374451885413,True,False,False,,0.458277378231287,,,d9722c55c9916b9f940e5ecceb866e5d9109e572,58548,,7179,418,58548,38532,37f3f44c3b93d1fe241d3976b5e22d4e81865822,58572,,7175,418,58572,38528,0,344,4685,3297,1179,4427,1873,934,751,2171,243,344,0,6835,344,6567,517,1384,9651,18089,3929,7628,4906,4427,2360,112,1128,2527,494,866,6311,3002,6567,3660,7413,2185,78,17410,279,588,344,377,781,32,458,7522,506,335,10,1928,7179,58548,38532,418,692,26209,0,344,4685,3297,1179,4431,1869,937,751,2171,243,344,0,6831,344,6602,517,1375,9642,18081,3929,7623,4904,4431,2360,112,1128,2527,494,866,6307,3002,6602,3660,7413,2216,78,17406,279,588,344,377,781,33,458,7522,506,335,10,1928,7175,58572,38528,418,692,26205,24,,0.013166,0.011998
e4553ba2f972ea14bdaa3315,600c93ea7358e863,3c479f8b47354c76a1827a0744e0ae47,2026-08-10T14:07:21.360916+00:00,benchmark://cbench-v1,0.2.5,10.0.0 x86_64-unknown-linux-gnu,76e7858e-a631-41cd-b7f6-29d0024630e7,3.10.12,benchmark://cbench-v1/tiff2bw,0,2,15,-constmerge,-constmerge,2,"[2, 41]",IrInstructionCountO3,0.0,2.7504584097349563,0.04584097349558261,0.0,0.0,0.20522096454641492,True,False,True,no_ir_change,0.4074709415435791,,,37f3f44c3b93d1fe241d3976b5e22d4e81865822,58572,,7175,418,58572,38528,3502d5ccced1f2b16b65b61b980d8da5b73faad9,58572,,7175,418,58572,38528,0,344,4685,3297,1179,4431,1869,937,751,2171,243,344,0,6831,344,6602,517,1375,9642,18081,3929,7623,4904,4431,2360,112,1128,2527,494,866,6307,3002,6602,3660,7413,2216,78,17406,279,588,344,377,781,33,458,7522,506,335,10,1928,7175,58572,38528,418,692,26205,0,344,4685,3297,1179,4431,1869,937,751,2171,243,344,0,6831,344,6602,517,1375,9642,18081,3929,7623,4904,4431,2360,112,1128,2527,494,866,6307,3002,6602,3660,7413,2216,78,17406,279,588,344,377,781,33,458,7522,506,335,10,1928,7175,58572,38528,418,692,26205,0,,0.011998,0.011448
e9932e3a7e3b68b42ab5653b,9eb412441727710d,3c479f8b47354c76a1827a0744e0ae47,2026-08-10T14:07:21.360916+00:00,benchmark://cbench-v1,0.2.5,10.0.0 x86_64-unknown-linux-gnu,76e7858e-a631-41cd-b7f6-29d0024630e7,3.10.12,benchmark://cbench-v1/tiff2bw,1,0,26,-dse,-dse,0,[],IrInstructionCountO3,0.006697819314641745,7.436946731085582,0.12285211744012989,0.002193989489259656,0.0,7.436946731085582,True,False,False,,0.42405863478779793,,,22d998d830dd6fd78846c31fc2a5bcf2a38dbe3c,58797,,7179,418,58797,38532,6b2049334b900e0620769b590d6ab64334519ff8,58668,,7179,418,58668,38406,0,344,4685,3297,1179,4427,1873,934,751,2171,243,344,0,6835,344,6567,517,1384,9651,18035,4006,7628,4906,4427,2360,112,1128,2527,494,898,6279,3002,6567,3660,7413,2185,78,17410,279,588,344,377,851,32,458,7522,506,459,10,1983,7179,58797,38532,418,692,26458,0,344,4685,3297,1179,4427,1873,934,751,2171,243,344,0,6835,344,6567,517,1384,9651,17991,4006,7628,4862,4427,2360,112,1128,2486,494,897,6280,3002,6567,3660,7413,2185,78,17370,279,588,344,377,851,32,458,7477,506,459,10,1980,7179,58668,38406,418,692,26374,-129,,0.007391,0.006483
e9932e3a7e3b68b42ab5653b,0c7d3591f41be382,3c479f8b47354c76a1827a0744e0ae47,2026-08-10T14:07:21.360916+00:00,benchmark://cbench-v1,0.2.5,10.0.0 x86_64-unknown-linux-gnu,76e7858e-a631-41cd-b7f6-29d0024630e7,3.10.12,benchmark://cbench-v1/tiff2bw,1,1,77,-loop-unroll,-loop-unroll,1,[26],IrInstructionCountO3,-0.0015057113187954309,-60.005574233878264,-0.9998457504241864,-0.0004943069475693735,0.0,-52.56862750279268,True,False,False,,0.3712894357740879,,,6b2049334b900e0620769b590d6ab64334519ff8,58668,,7179,418,58668,38406,007bff2ffd4590cd9aaa2a0d44cf2af2a3a3d8a5,58697,,7208,418,58697,38406,0,344,4685,3297,1179,4427,1873,934,751,2171,243,344,0,6835,344,6567,517,1384,9651,17991,4006,7628,4862,4427,2360,112,1128,2486,494,897,6280,3002,6567,3660,7413,2185,78,17370,279,588,344,377,851,32,458,7477,506,459,10,1980,7179,58668,38406,418,692,26374,0,344,4708,3320,1179,4456,1883,940,755,2171,239,344,0,6864,344,6596,517,1361,9680,17991,4006,7628,4862,4456,2360,112,1128,2486,494,897,6309,3002,6596,3660,7413,2185,78,17370,279,588,344,377,851,32,458,7477,506,459,10,1980,7208,58697,38406,418,692,26374,29,,0.006483,0.012965
e9932e3a7e3b68b42ab5653b,6f424af4bd7ea6c6,3c479f8b47354c76a1827a0744e0ae47,2026-08-10T14:07:21.360916+00:00,benchmark://cbench-v1,0.2.5,10.0.0 x86_64-unknown-linux-gnu,76e7858e-a631-41cd-b7f6-29d0024630e7,3.10.12,benchmark://cbench-v1/tiff2bw,1,2,36,-inline,-inline,2,"[26, 77]",IrInstructionCountO3,-0.5643821391484943,1.9183181728100775,0.12456613960663325,-0.18518834011959726,0.0,-50.650309329982605,True,False,False,,0.4694487899541855,,,007bff2ffd4590cd9aaa2a0d44cf2af2a3a3d8a5,58697,,7208,418,58697,38406,01d609949df7bae335a83913b391dff3159279c6,69567,,7503,348,69567,45703,0,344,4708,3320,1179,4456,1883,940,755,2171,239,344,0,6864,344,6596,517,1361,9680,17991,4006,7628,4862,4456,2360,112,1128,2486,494,897,6309,3002,6596,3660,7413,2185,78,17370,279,588,344,377,851,32,458,7477,506,459,10,1980,7208,58697,38406,418,692,26374,0,350,4929,3468,1252,4663,2007,997,851,2326,256,350,0,7153,350,6961,477,1420,10202,20088,6602,8268,6090,4663,2464,111,1173,3469,516,1219,6282,5494,6961,6012,7975,2363,78,19441,323,591,350,308,976,50,462,8806,507,553,15,2181,7503,69567,45703,348,704,32348,10870,,0.012965,0.01135
e9932e3a7e3b68b42ab5653b,ec17b50d19acb880,3c479f8b47354c76a1827a0744e0ae47,2026-08-10T14:07:21.360916+00:00,benchmark://cbench-v1,0.2.5,10.0.0 x86_64-unknown-linux-gnu,76e7858e-a631-41cd-b7f6-29d0024630e7,3.10.12,benchmark://cbench-v1/tiff2bw,1,3,53,-instcombine,-instcombine,3,"[26, 77, 36]",IrInstructionCountO3,0.4829698857736241,3.91623052324483,-0.0015859030837003453,0.13371282360889503,0.0,-46.73407880673778,True,False,False,,0.5096700042486191,,,01d609949df7bae335a83913b391dff3159279c6,69567,,7503,348,69567,45703,a9759758c117ae21d8fc4cd026a8e7ccc9fa07c2,60265,,7503,351,60265,37029,0,350,4929,3468,1252,4663,2007,997,851,2326,256,350,0,7153,350,6961,477,1420,10202,20088,6602,8268,6090,4663,2464,111,1173,3469,516,1219,6282,5494,6961,6012,7975,2363,78,19441,323,591,350,308,976,50,462,8806,507,553,15,2181,7503,69567,45703,348,704,32348,0,655,4929,3468,1252,4663,2007,997,851,2326,256,655,0,6848,655,6961,613,1420,10202,11846,10190,7346,4635,4663,2280,66,1159,2404,470,903,6599,5305,6961,4552,7216,2322,163,15809,213,597,655,308,988,47,560,7048,284,343,86,1632,7503,60265,37029,351,1314,26997,-9302,,0.01135,0.011368
e9932e3a7e3b68b42ab5653b,69846d6a2e30b3d2,3c479f8b47354c76a1827a0744e0ae47,2026-08-10T14:07:21.360916+00:00,benchmark://cbench-v1,0.2.5,10.0.0 x86_64-unknown-linux-gnu,76e7858e-a631-41cd-b7f6-29d0024630e7,3.10.12,benchmark://cbench-v1/tiff2bw,1,4,5,-argpromotion,-argpromotion,4,"[26, 77, 36, 53]",IrInstructionCountO3,0.0,-4.729064039408872,-0.07881773399014787,0.0,0.0,-51.46314284614665,True,True,True,action_no_effect,0.1617715060710907,,,a9759758c117ae21d8fc4cd026a8e7ccc9fa07c2,60265,,7503,351,60265,37029,a9759758c117ae21d8fc4cd026a8e7ccc9fa07c2,60265,,7503,351,60265,37029,0,655,4929,3468,1252,4663,2007,997,851,2326,256,655,0,6848,655,6961,613,1420,10202,11846,10190,7346,4635,4663,2280,66,1159,2404,470,903,6599,5305,6961,4552,7216,2322,163,15809,213,597,655,308,988,47,560,7048,284,343,86,1632,7503,60265,37029,351,1314,26997,0,655,4929,3468,1252,4663,2007,997,851,2326,256,655,0,6848,655,6961,613,1420,10202,11846,10190,7346,4635,4663,2280,66,1159,2404,470,903,6599,5305,6961,4552,7216,2322,163,15809,213,597,655,308,988,47,560,7048,284,343,86,1632,7503,60265,37029,351,1314,26997,0,,0.011368,0.012264
970269ca6a3fc56aa1c9e30c,e454316099349b35,3c479f8b47354c76a1827a0744e0ae47,2026-08-10T14:07:21.360916+00:00,benchmark://cbench-v1,0.2.5,10.0.0 x86_64-unknown-linux-gnu,76e7858e-a631-41cd-b7f6-29d0024630e7,3.10.12,benchmark://cbench-v1/tiff2bw,2,0,53,-instcombine,-instcombine,0,[],IrInstructionCountO3,0.25825545171339565,-0.7124518878067868,-0.05417227456258416,0.08459615286494208,0.0,-0.7124518878067868,True,False,False,,0.5464823171496391,,,22d998d830dd6fd78846c31fc2a5bcf2a38dbe3c,58797,,7179,418,58797,38532,68551eb529b6a842592e086d384e1d4416dd389b,53823,,7179,420,53823,33448,0,344,4685,3297,1179,4427,1873,934,751,2171,243,344,0,6835,344,6567,517,1384,9651,18035,4006,7628,4906,4427,2360,112,1128,2527,494,898,6279,3002,6567,3660,7413,2185,78,17410,279,588,344,377,851,32,458,7522,506,459,10,1983,7179,58797,38532,418,692,26458,0,616,4685,3297,1179,4427,1873,934,751,2171,243,616,0,6563,616,6567,652,1384,9651,10963,8444,6712,4045,4427,2162,57,1112,2045,449,728,6450,3618,6567,3566,6644,2173,143,14776,182,592,616,377,905,30,543,6417,284,327,85,1541,7179,53823,33448,420,1236,23441,-4974,,0.011888,0.012532
970269ca6a3fc56aa1c9e30c,7fcedf38b767becc,3c479f8b47354c76a1827a0744e0ae47,2026-08-10T14:07:21.360916+00:00,benchmark://cbench-v1,0.2.5,10.0.0 x86_64-unknown-linux-gnu,76e7858e-a631-41cd-b7f6-29d0024630e7,3.10.12,benchmark://cbench-v1/tiff2bw,2,1,77,-loop-unroll,-loop-unroll,1,[53],IrInstructionCountO3,-0.0015057113187954309,5.082782603039758,0.08498244494095117,-0.0005388031139104101,0.0,4.370330715232971,True,False,False,,0.3548993654549122,,,68551eb529b6a842592e086d384e1d4416dd389b,53823,,7179,420,53823,33448,d5a9e1d60052e25a3dd1e5f5d9116dd38e65d89f,53852,,7208,420,53852,33448,0,616,4685,3297,1179,4427,1873,934,751,2171,243,616,0,6563,616,6567,652,1384,9651,10963,8444,6712,4045,4427,2162,57,1112,2045,449,728,6450,3618,6567,3566,6644,2173,143,14776,182,592,616,377,905,30,543,6417,284,327,85,1541,7179,53823,33448,420,1236,23441,0,616,4708,3320,1179,4456,1883,940,755,2171,239,616,0,6592,616,6596,652,1361,9680,10963,8444,6712,4045,4456,2162,57,1112,2045,449,728,6479,3618,6596,3566,6644,2173,143,14776,182,592,616,377,905,30,543,6417,284,327,85,1541,7208,53852,33448,420,1236,23441,29,,0.012532,0.011467
481d10a93ca64f1d8a34610d,fbeba839e213d827,3c479f8b47354c76a1827a0744e0ae47,2026-08-10T14:07:21.360916+00:00,benchmark://cbench-v1,0.2.5,10.0.0 x86_64-unknown-linux-gnu,76e7858e-a631-41cd-b7f6-29d0024630e7,3.10.12,benchmark://cbench-v1/tiff2bw,3,0,77,-loop-unroll,-loop-unroll,0,[],IrInstructionCountO3,-0.0015057113187954309,3.665472573650282,0.06133782078249899,-0.0004932224433219382,0.0,3.665472573650282,True,False,False,,0.45977023988962173,,,22d998d830dd6fd78846c31fc2a5bcf2a38dbe3c,58797,,7179,418,58797,38532,c47d7e06fcdce99d2ebb2ff4680dc326b94b3738,58826,,7208,418,58826,38532,0,344,4685,3297,1179,4427,1873,934,751,2171,243,344,0,6835,344,6567,517,1384,9651,18035,4006,7628,4906,4427,2360,112,1128,2527,494,898,6279,3002,6567,3660,7413,2185,78,17410,279,588,344,377,851,32,458,7522,506,459,10,1983,7179,58797,38532,418,692,26458,0,344,4708,3320,1179,4456,1883,940,755,2171,239,344,0,6864,344,6596,517,1361,9680,18035,4006,7628,4906,4456,2360,112,1128,2527,494,898,6308,3002,6596,3660,7413,2185,78,17410,279,588,344,377,851,32,458,7522,506,459,10,1983,7208,58826,38532,418,692,26458,29,,0.011885,0.011156
481d10a93ca64f1d8a34610d,b03dd404f10eb850,3c479f8b47354c76a1827a0744e0ae47,2026-08-10T14:07:21.360916+00:00,benchmark://cbench-v1,0.2.5,10.0.0 x86_64-unknown-linux-gnu,76e7858e-a631-41cd-b7f6-29d0024630e7,3.10.12,benchmark://cbench-v1/tiff2bw,3,1,5,-argpromotion,-argpromotion,1,[77],IrInstructionCountO3,0.0,-2.350304768734313,-0.03917174614557188,0.0,0.0,1.3151678049159687,True,True,True,action_no_effect,0.14876441657543182,,,c47d7e06fcdce99d2ebb2ff4680dc326b94b3738,58826,,7208,418,58826,38532,c47d7e06fcdce99d2ebb2ff4680dc326b94b3738,58826,,7208,418,58826,38532,0,344,4708,3320,1179,4456,1883,940,755,2171,239,344,0,6864,344,6596,517,1361,9680,18035,4006,7628,4906,4456,2360,112,1128,2527,494,898,6308,3002,6596,3660,7413,2185,78,17410,279,588,344,377,851,32,458,7522,506,459,10,1983,7208,58826,38532,418,692,26458,0,344,4708,3320,1179,4456,1883,940,755,2171,239,344,0,6864,344,6596,517,1361,9680,18035,4006,7628,4906,4456,2360,112,1128,2527,494,898,6308,3002,6596,3660,7413,2185,78,17410,279,588,344,377,851,32,458,7522,506,459,10,1983,7208,58826,38532,418,692,26458,0,,0.011156,0.011593
7f89af53fbd03f3d3eca1ad0,f2e3e502e6afa698,3c479f8b47354c76a1827a0744e0ae47,2026-08-10T14:07:21.360916+00:00,benchmark://cbench-v1,0.2.5,10.0.0 x86_64-unknown-linux-gnu,76e7858e-a631-41cd-b7f6-29d0024630e7,3.10.12,benchmark://cbench-v1/tiff2bw,4,0,26,-dse,-dse,0,[],IrInstructionCountO3,0.006697819314641745,-5.732123248301637,-0.09663238221632377,0.002193989489259656,0.0,-5.732123248301637,True,False,False,,0.4802716560661793,,,22d998d830dd6fd78846c31fc2a5bcf2a38dbe3c,58797,,7179,418,58797,38532,6b2049334b900e0620769b590d6ab64334519ff8,58668,,7179,418,58668,38406,0,344,4685,3297,1179,4427,1873,934,751,2171,243,344,0,6835,344,6567,517,1384,9651,18035,4006,7628,4906,4427,2360,112,1128,2527,494,898,6279,3002,6567,3660,7413,2185,78,17410,279,588,344,377,851,32,458,7522,506,459,10,1983,7179,58797,38532,418,692,26458,0,344,4685,3297,1179,4427,1873,934,751,2171,243,344,0,6835,344,6567,517,1384,9651,17991,4006,7628,4862,4427,2360,112,1128,2486,494,897,6280,3002,6567,3660,7413,2185,78,17370,279,588,344,377,851,32,458,7477,506,459,10,1980,7179,58668,38406,418,692,26374,-129,,0.012056,0.013221
7f89af53fbd03f3d3eca1ad0,c92c39d2954e86a8,3c479f8b47354c76a1827a0744e0ae47,2026-08-10T14:07:21.360916+00:00,benchmark://cbench-v1,0.2.5,10.0.0 x86_64-unknown-linux-gnu,76e7858e-a631-41cd-b7f6-29d0024630e7,3.10.12,benchmark://cbench-v1/tiff2bw,4,1,55,-jump-threading,-jump-threading,1,[26],IrInstructionCountO3,0.07564901349948079,10.334329651738067,0.15982149610468196,0.024834662848571623,0.0,4.60220640343643,True,False,False,,0.44901422038674355,,,6b2049334b900e0620769b590d6ab64334519ff8,58668,,7179,418,58668,38406,23266a4506bf2dc12ebc733e694a20fe8577e580,57211,,5716,418,57211,38313,0,344,4685,3297,1179,4427,1873,934,751,2171,243,344,0,6835,344,6567,517,1384,9651,17991,4006,7628,4862,4427,2360,112,1128,2486,494,897,6280,3002,6567,3660,7413,2185,78,17370,279,588,344,377,851,32,458,7477,506,459,10,1980,7179,58668,38406,418,692,26374,1,396,3560,2244,1135,3015,1447,564,721,2145,331,397,0,5319,397,5154,517,1557,8132,17944,4055,7547,4864,3015,2360,112,1128,2486,494,937,4777,3049,5154,3708,7413,2184,78,17226,279,588,397,377,851,32,458,7480,506,459,10,1980,5716,57211,38313,418,811,26277,-1457,,0.013221,0.011108
7f89af53fbd03f3d3eca1ad0,eeb2ce407c14fd4f,3c479f8b47354c76a1827a0744e0ae47,2026-08-10T14:07:21.360916+00:00,benchmark://cbench-v1,0.2.5,10.0.0 x86_64-unknown-linux-gnu,76e7858e-a631-41cd-b7f6-29d0024630e7,3.10.12,benchmark://cbench-v1/tiff2bw,4,2,47,-indvars,-indvars,2,"[26, 55]",IrInstructionCountO3,-0.004828660436137072,-0.858993709058488,-0.013503781058696509,-0.0016255615178899163,0.0,3.7432126943779416,True,False,False,,0.45670516043901443,,,23266a4506bf2dc12ebc733e694a20fe8577e580,57211,,5716,418,57211,38313,c3a6d1de92db7e523390ccbf94f7ba129e9effc8,57304,,5807,418,57304,38313,1,396,3560,2244,1135,3015,1447,564,721,2145,331,397,0,5319,397,5154,517,1557,8132,17944,4055,7547,4864,3015,2360,112,1128,2486,494,937,4777,3049,5154,3708,7413,2184,78,17226,279,588,397,377,851,32,458,7480,506,459,10,1980,5716,57211,38313,418,811,26277,1,398,3622,2306,1135,3106,1482,596,724,2145,325,399,0,5408,399,5245,517,1495,8223,17944,4055,7547,4864,3106,2360,112,1128,2486,494,936,4869,3049,5245,3708,7413,2184,78,17226,279,588,399,377,851,32,458,7480,506,459,10,1980,5807,57304,38313,418,813,26277,93,,0.011108,0.011258
7f89af53fbd03f3d3eca1ad0,b4684b5984a5d14b,3c479f8b47354c76a1827a0744e0ae47,2026-08-10T14:07:21.360916+00:00,benchmark://cbench-v1,0.2.5,10.0.0 x86_64-unknown-linux-gnu,76e7858e-a631-41cd-b7f6-29d0024630e7,3.10.12,benchmark://cbench-v1/tiff2bw,4,3,24,-dce,-dce,3,"[26, 55, 47]",IrInstructionCountO3,0.005503634475597092,-7.757617168545433,-0.1302185112808668,0.0018497836102191819,0.0,-4.014404474167492,True,False,False,,0.430414117872715,,,c3a6d1de92db7e523390ccbf94f7ba129e9effc8,57304,,5807,418,57304,38313,613b84631d1648f839ad7c3e5e15a4fdf091c2a5,57198,,5807,418,57198,38238,1,398,3622,2306,1135,3106,1482,596,724,2145,325,399,0,5408,399,5245,517,1495,8223,17944,4055,7547,4864,3106,2360,112,1128,2486,494,936,4869,3049,5245,3708,7413,2184,78,17226,279,588,399,377,851,32,458,7480,506,459,10,1980,5807,57304,38313,418,813,26277,1,398,3622,2306,1135,3106,1482,596,724,2145,325,399,0,5408,399,5245,517,1495,8223,17943,4055,7547,4864,3106,2360,112,1128,2486,494,935,4870,3049,5245,3708,7413,2183,78,17151,279,588,399,377,851,32,458,7480,506,459,10,1950,5807,57198,38238,418,813,26172,-106,,0.011258,0.012724
7f89af53fbd03f3d3eca1ad0,0da16b069f899f4c,3c479f8b47354c76a1827a0744e0ae47,2026-08-10T14:07:21.360916+00:00,benchmark://cbench-v1,0.2.5,10.0.0 x86_64-unknown-linux-gnu,76e7858e-a631-41cd-b7f6-29d0024630e7,3.10.12,benchmark://cbench-v1/tiff2bw,4,4,47,-indvars,-indvars,4,"[26, 55, 47, 24]",IrInstructionCountO3,0.0,1.5136749449858458,0.025227915749764098,0.0,0.0,-2.500729529181646,True,True,True,action_no_effect,0.16432742401957512,,,613b84631d1648f839ad7c3e5e15a4fdf091c2a5,57198,,5807,418,57198,38238,613b84631d1648f839ad7c3e5e15a4fdf091c2a5,57198,,5807,418,57198,38238,1,398,3622,2306,1135,3106,1482,596,724,2145,325,399,0,5408,399,5245,517,1495,8223,17943,4055,7547,4864,3106,2360,112,1128,2486,494,935,4870,3049,5245,3708,7413,2183,78,17151,279,588,399,377,851,32,458,7480,506,459,10,1950,5807,57198,38238,418,813,26172,1,398,3622,2306,1135,3106,1482,596,724,2145,325,399,0,5408,399,5245,517,1495,8223,17943,4055,7547,4864,3106,2360,112,1128,2486,494,935,4870,3049,5245,3708,7413,2183,78,17151,279,588,399,377,851,32,458,7480,506,459,10,1950,5807,57198,38238,418,813,26172,0,,0.012724,0.012403
2b66dd7285320d57a425ec9c,e5ca145facd9e6c6,3c479f8b47354c76a1827a0744e0ae47,2026-08-10T14:07:21.360916+00:00,benchmark://cbench-v1,0.2.5,10.0.0 x86_64-unknown-linux-gnu,76e7858e-a631-41cd-b7f6-29d0024630e7,3.10.12,benchmark://cbench-v1/tiffdither,0,0,30,-early-cse,-early-cse,0,[],IrInstructionCountO3,0.29790005731853475,-9.270724460373465,-0.20341712138831738,0.09781009409751924,0.0,-9.270724460373465,True,False,False,,0.5130687654018402,,,fa267d088150102b7fa8e489617e9ab47ca94367,58450,,7153,414,58450,38310,fab563831d4f88bbcff2db567ed23dc2eb9afad6,52733,,7153,414,52733,34144,0,344,4668,3297,1167,4415,1874,931,753,2162,237,344,0,6809,344,6546,517,1374,9613,17979,3984,7635,4867,4415,2352,111,1121,2492,494,891,6260,2982,6546,3623,7391,2178,77,17306,266,590,344,373,842,32,455,7498,511,460,10,1938,7153,58450,38310,414,692,26247,0,344,4668,3297,1167,4415,1874,931,753,2162,237,344,0,6809,344,6546,517,1374,9613,17297,3612,6894,4839,4415,2256,110,1018,2492,493,740,6412,1889,6546,3623,6771,2173,77,13812,258,587,344,373,737,32,454,7446,501,457,10,1721,7153,52733,34144,414,692,21334,-5717,,0.011179,0.013453
2b66dd7285320d57a425ec9c,7651770a4131d4db,3c479f8b47354c76a1827a0744e0ae47,2026-08-10T14:07:21.360916+00:00,benchmark://cbench-v1,0.2.5,10.0.0 x86_64-unknown-linux-gnu,76e7858e-a631-41cd-b7f6-29d0024630e7,3.10.12,benchmark://cbench-v1/tiffdither,0,1,53,-instcombine,-instcombine,1,[30],IrInstructionCountO3,0.19535198791099995,19.92364738051284,0.2965137887460046,0.07109400185841883,0.0,10.652922920139375,True,False,False,,0.44721220061182976,,,fab563831d4f88bbcff2db567ed23dc2eb9afad6,52733,,7153,414,52733,34144,5df343672c58fdf54e3b8e7b3eeb2db5fb881790,48984,,7153,416,48984,30232,0,344,4668,3297,1167,4415,1874,931,753,2162,237,344,0,6809,344,6546,517,1374,9613,17297,3612,6894,4839,4415,2256,110,1018,2492,493,740,6412,1889,6546,3623,6771,2173,77,13812,258,587,344,373,737,32,454,7446,501,457,10,1721,7153,52733,34144,414,692,21334,0,617,4668,3297,1167,4415,1874,931,753,2162,237,617,0,6536,617,6546,639,1374,9613,10658,7898,6398,3861,4415,2150,58,1109,1886,452,614,6538,2369,6546,3343,6327,2163,138,12452,162,593,617,373,785,30,538,6224,281,301,84,1399,7153,48984,30232,416,1238,19404,-3749,,0.013453,0.009464
2b66dd7285320d57a425ec9c,d3bc9989bf119284,3c479f8b47354c76a1827a0744e0ae47,2026-08-10T14:07:21.360916+00:00,benchmark://cbench-v1,0.2.5,10.0.0 x86_64-unknown-linux-gnu,76e7858e-a631-41cd-b7f6-29d0024630e7,3.10.12,benchmark://cbench-v1/tiffdither,0,2,77,-loop-unroll,-loop-unroll,2,"[30, 53]",IrInstructionCountO3,-0.005836068990672711,-17.44602408860126,-0.28962383770076083,-0.002286460885187,0.0,-6.7931011684618845,True,False,False,,0.4064754322171211,,,5df343672c58fdf54e3b8e7b3eeb2db5fb881790,48984,,7153,416,48984,30232,b9b7e843d1a076e3ff3f039f3a715f661f738eb4,49096,,7180,416,49096,30232,0,617,4668,3297,1167,4415,1874,931,753,2162,237,617,0,6536,617,6546,639,1374,9613,10658,7898,6398,3861,4415,2150,58,1109,1886,452,614,6538,2369,6546,3343,6327,2163,138,12452,162,593,617,373,785,30,538,6224,281,301,84,1399,7153,48984,30232,416,1238,19404,0,692,4689,3318,1167,4442,1884,937,757,2162,233,692,0,6488,692,6573,639,1353,9640,10658,7898,6398,3861,4442,2150,58,1109,1886,452,614,6565,2369,6573,3343,6327,2163,138,12452,162,593,702,373,785,30,538,6224,281,301,84,1399,7180,49096,30232,416,1323,19404,112,,0.009464,0.012205
2b66dd7285320d57a425ec9c,773f253310581c12,3c479f8b47354c76a1827a0744e0ae47,2026-08-10T14:07:21.360916+00:00,benchmark://cbench-v1,0.2.5,10.0.0 x86_64-unknown-linux-gnu,76e7858e-a631-41cd-b7f6-29d0024630e7,3.10.12,benchmark://cbench-v1/tiffdither,0,3,55,-jump-threading,-jump-threading,3,"[30, 53, 77]",IrInstructionCountO3,0.07988119430983273,-0.4889090370448228,-0.023760753789430444,0.03122453967736679,0.0,-7.282010205506707,True,False,False,,0.4430607557296753,,,b9b7e843d1a076e3ff3f039f3a715f661f738eb4,49096,,7180,416,49096,30232,b86d3caa0c46be3efac460e54714ae72af528b40,47563,,5624,416,47563,30259,0,692,4689,3318,1167,4442,1884,937,757,2162,233,692,0,6488,692,6573,639,1353,9640,10658,7898,6398,3861,4442,2150,58,1109,1886,452,614,6565,2369,6573,3343,6327,2163,138,12452,162,593,702,373,785,30,538,6224,281,301,84,1399,7180,49096,30232,416,1323,19404,5,679,3472,2173,1123,2938,1441,568,722,2135,337,684,0,4940,684,5067,639,1617,8027,10656,7943,6286,3876,2938,2150,58,1109,1886,452,659,4964,2369,5067,3385,6328,2162,138,12430,162,593,697,373,785,30,538,6230,281,301,84,1399,5624,47563,30259,416,1386,19384,-1533,,0.012205,0.012495
2b66dd7285320d57a425ec9c,9aaef4bc392b948c,3c479f8b47354c76a1827a0744e0ae47,2026-08-10T14:07:21.360916+00:00,benchmark://cbench-v1,0.2.5,10.0.0 x86_64-unknown-linux-gnu,76e7858e-a631-41cd-b7f6-29d0024630e7,3.10.12,benchmark://cbench-v1/tiffdither,0,4,40,-globaldce,-globaldce,4,"[30, 53, 77, 55]",IrInstructionCountO3,0.0,-7.3373349339735965,-0.12228891556622662,0.0,0.0,-14.619345139480304,True,False,True,no_ir_change,30.404872249811888,,,b86d3caa0c46be3efac460e54714ae72af528b40,47563,,5624,416,47563,30259,5bba9dc7b166ad415d9a435fa7a3d0ca30b1eef8,47563,,5624,416,47563,30259,5,679,3472,2173,1123,2938,1441,568,722,2135,337,684,0,4940,684,5067,639,1617,8027,10656,7943,6286,3876,2938,2150,58,1109,1886,452,659,4964,2369,5067,3385,6328,2162,138,12430,162,593,697,373,785,30,538,6230,281,301,84,1399,5624,47563,30259,416,1386,19384,5,679,3472,2173,1123,2938,1441,568,722,2135,337,684,0,4940,684,5067,639,1617,8027,10656,7943,6286,3876,2938,2150,58,1109,1886,452,659,4964,2369,5067,3385,6328,2162,138,12430,162,593,697,373,785,30,538,6230,281,301,84,1399,5624,47563,30259,416,1386,19384,0,,0.012495,0.014023
dceeb15c459cf1a129d5fc93,c57a45996dadb9bd,3c479f8b47354c76a1827a0744e0ae47,2026-08-10T14:07:21.360916+00:00,benchmark://cbench-v1,0.2.5,10.0.0 x86_64-unknown-linux-gnu,76e7858e-a631-41cd-b7f6-29d0024630e7,3.10.12,benchmark://cbench-v1/tiffdither,1,0,23,-deadargelim,-deadargelim,0,[],IrInstructionCountO3,0.0,0.1987429930354974,0.00331238321725829,0.0,0.0,0.1987429930354974,True,False,True,no_ir_change,0.48854321986436844,,,fa267d088150102b7fa8e489617e9ab47ca94367,58450,,7153,414,58450,38310,dd650737cfb85a7da49e22d662de6df8fa1209de,58450,,7153,414,58450,38310,0,344,4668,3297,1167,4415,1874,931,753,2162,237,344,0,6809,344,6546,517,1374,9613,17979,3984,7635,4867,4415,2352,111,1121,2492,494,891,6260,2982,6546,3623,7391,2178,77,17306,266,590,344,373,842,32,455,7498,511,460,10,1938,7153,58450,38310,414,692,26247,0,344,4668,3297,1167,4415,1874,931,753,2162,237,344,0,6809,344,6546,512,1374,9613,17979,3984,7635,4867,4415,2352,111,1121,2492,494,891,6260,2982,6546,3623,7391,2178,77,17306,266,590,344,373,842,32,455,7498,511,460,10,1938,7153,58450,38310,414,692,26247,0,,0.011774,0.011735
53030801f69464247448a491,c0da5238799d54ff,3c479f8b47354c76a1827a0744e0ae47,2026-08-10T14:07:21.360916+00:00,benchmark://cbench-v1,0.2.5,10.0.0 x86_64-unknown-linux-gnu,76e7858e-a631-41cd-b7f6-29d0024630e7,3.10.12,benchmark://cbench-v1/tiffdither,2,0,2,-aggressive-instcombine,-aggressive-instcombine,0,[],IrInstructionCountO3,0.013183262987858893,-2.8300584128732686,-0.04933188315724053,0.004328485885372113,0.0,-2.8300584128732686,True,False,False,,0.39932528883218765,,,fa267d088150102b7fa8e489617e9ab47ca94367,58450,,7153,414,58450,38310,76df6a8a355693b9c098496e8d80f4fbbc08ab76,58197,,7153,414,58197,38310,0,344,4668,3297,1167,4415,1874,931,753,2162,237,344,0,6809,344,6546,517,1374,9613,17979,3984,7635,4867,4415,2352,111,1121,2492,494,891,6260,2982,6546,3623,7391,2178,77,17306,266,590,344,373,842,32,455,7498,511,460,10,1938,7153,58450,38310,414,692,26247,0,344,4668,3297,1167,4415,1874,931,753,2162,237,344,0,6809,344,6546,517,1374,9613,18035,3905,7635,4867,4415,2352,111,1121,2492,494,859,6292,2982,6546,3623,7391,2178,77,17306,266,590,344,373,772,32,455,7498,511,334,10,1881,7153,58197,38310,414,692,25994,-253,,0.012872,0.013507
53030801f69464247448a491,5a18f1fa87970715,3c479f8b47354c76a1827a0744e0ae47,2026-08-10T14:07:21.360916+00:00,benchmark://cbench-v1,0.2.5,10.0.0 x86_64-unknown-linux-gnu,76e7858e-a631-41cd-b7f6-29d0024630e7,3.10.12,benchmark://cbench-v1/tiffdither,2,1,77,-loop-unroll,-loop-unroll,1,[2],IrInstructionCountO3,-0.0014069094888228856,8.985859649735985,0.14999629821573998,-0.0004639414402804268,0.0,6.155801236862716,True,False,False,,0.4236019402742386,,,76df6a8a355693b9c098496e8d80f4fbbc08ab76,58197,,7153,414,58197,38310,50c80624ac31dd8f12a7804642c1bf4165ccab19,58224,,7180,414,58224,38310,0,344,4668,3297,1167,4415,1874,931,753,2162,237,344,0,6809,344,6546,517,1374,9613,18035,3905,7635,4867,4415,2352,111,1121,2492,494,859,6292,2982,6546,3623,7391,2178,77,17306,266,590,344,373,772,32,455,7498,511,334,10,1881,7153,58197,38310,414,692,25994,0,344,4689,3318,1167,4442,1884,937,757,2162,233,344,0,6836,344,6573,517,1353,9640,18035,3905,7635,4867,4442,2352,111,1121,2492,494,859,6319,2982,6573,3623,7391,2178,77,17306,266,590,344,373,772,32,455,7498,511,334,10,1881,7180,58224,38310,414,692,25994,27,,0.013507,0.011481
46d6e4df81d948c4b1ac5ab4,cbd48bb426c07bf3,3c479f8b47354c76a1827a0744e0ae47,2026-08-10T14:07:21.360916+00:00,benchmark://cbench-v1,0.2.5,10.0.0 x86_64-unknown-linux-gnu,76e7858e-a631-41cd-b7f6-29d0024630e7,3.10.12,benchmark://cbench-v1/tiffdither,3,0,41,-globalopt,-globalopt,0,[],IrInstructionCountO3,-0.0010942629357511334,1.2129919110913565,0.020396172570085483,-0.0003592814371257485,0.0,1.2129919110913565,True,False,False,,0.3979011960327625,,,fa267d088150102b7fa8e489617e9ab47ca94367,58450,,7153,414,58450,38310,4b9a80b9aa67bdc938a65adc62b0d49ceafebe7d,58471,,7148,414,58471,38305,0,344,4668,3297,1167,4415,1874,931,753,2162,237,344,0,6809,344,6546,517,1374,9613,17979,3984,7635,4867,4415,2352,111,1121,2492,494,891,6260,2982,6546,3623,7391,2178,77,17306,266,590,344,373,842,32,455,7498,511,460,10,1938,7153,58450,38310,414,692,26247,0,344,4668,3297,1167,4420,1869,935,753,2162,237,344,0,6804,344,6582,517,1363,9602,17968,3984,7629,4862,4420,2352,111,1121,2492,494,891,6255,2982,6582,3623,7391,2209,77,17301,266,590,344,373,842,32,455,7498,511,460,10,1938,7148,58471,38305,414,692,26242,21,,0.011914,0.011671
54fb672804cbabf6993aab06,df25df75648d72e8,3c479f8b47354c76a1827a0744e0ae47,2026-08-10T14:07:21.360916+00:00,benchmark://cbench-v1,0.2.5,10.0.0 x86_64-unknown-linux-gnu,76e7858e-a631-41cd-b7f6-29d0024630e7,3.10.12,benchmark://cbench-v1/tiffdither,4,0,79,-loop-vectorize,-loop-vectorize,0,[],IrInstructionCountO3,-0.0014069094888228856,-7.618967098874563,-0.12675181834309043,-0.0004619332763045338,0.0,-7.618967098874563,True,False,False,,0.5096060335636139,,,fa267d088150102b7fa8e489617e9ab47ca94367,58450,,7153,414,58450,38310,a37589a5969f2d5b63950ae20927f57693edf4df,58477,,7180,414,58477,38310,0,344,4668,3297,1167,4415,1874,931,753,2162,237,344,0,6809,344,6546,517,1374,9613,17979,3984,7635,4867,4415,2352,111,1121,2492,494,891,6260,2982,6546,3623,7391,2178,77,17306,266,590,344,373,842,32,455,7498,511,460,10,1938,7153,58450,38310,414,692,26247,0,344,4689,3318,1167,4442,1884,937,757,2162,233,344,0,6836,344,6573,517,1353,9640,17979,3984,7635,4867,4442,2352,111,1121,2492,494,891,6287,2982,6573,3623,7391,2178,77,17306,266,590,344,373,842,32,455,7498,511,460,10,1938,7180,58477,38310,414,692,26247,27,,0.011274,0.012703
54fb672804cbabf6993aab06,ef207683e320c6ed,3c479f8b47354c76a1827a0744e0ae47,2026-08-10T14:07:21.360916+00:00,benchmark://cbench-v1,0.2.5,10.0.0 x86_64-unknown-linux-gnu,76e7858e-a631-41cd-b7f6-29d0024630e7,3.10.12,benchmark://cbench-v1/tiffdither,4,1,57,-licm,-licm,1,[79],IrInstructionCountO3,-0.032827888072534,-13.822377418333689,-0.22498622372667867,-0.010773466491099065,0.0,-21.44134451720825,True,False,False,,0.48385555297136307,,,a37589a5969f2d5b63950ae20927f57693edf4df,58477,,7180,414,58477,38310,ed838491f60233fb650ea40fca92e520eebd88b7,59107,,7180,414,59107,37763,0,344,4689,3318,1167,4442,1884,937,757,2162,233,344,0,6836,344,6573,517,1353,9640,17979,3984,7635,4867,4442,2352,111,1121,2492,494,891,6287,2982,6573,3623,7391,2178,77,17306,266,590,344,373,842,32,455,7498,511,460,10,1938,7180,58477,38310,414,692,26247,103,761,4689,3318,1167,4442,1884,937,757,2162,233,774,90,6316,864,6573,517,1353,9640,17983,3984,7635,4869,4442,2352,111,1121,2492,494,865,6314,2982,6573,3623,7391,2178,77,16667,266,590,1531,373,842,32,455,7590,511,460,10,1928,7180,59107,37763,414,2549,25598,630,,0.012703,0.015561
54fb672804cbabf6993aab06,fa44398a79ab55d6,3c479f8b47354c76a1827a0744e0ae47,2026-08-10T14:07:21.360916+00:00,benchmark://cbench-v1,0.2.5,10.0.0 x86_64-unknown-linux-gnu,76e7858e-a631-41cd-b7f6-29d0024630e7,3.10.12,benchmark://cbench-v1/tiffdither,4,2,57,-licm,-licm,2,"[79, 57]",IrInstructionCountO3,-5.2107758845292065e-05,20.936450224966237,0.34894929631771743,-1.6918469893582825e-05,0.0,-0.5048942922420139,True,False,False,,0.4438093937933445,,,ed838491f60233fb650ea40fca92e520eebd88b7,59107,,7180,414,59107,37763,24acbce2609a6d0b358b2e5ae85887f88c5ba84e,59108,,7180,414,59108,37763,103,761,4689,3318,1167,4442,1884,937,757,2162,233,774,90,6316,864,6573,517,1353,9640,17983,3984,7635,4869,4442,2352,111,1121,2492,494,865,6314,2982,6573,3623,7391,2178,77,16667,266,590,1531,373,842,32,455,7590,511,460,10,1928,7180,59107,37763,414,2549,25598,103,761,4689,3318,1167,4442,1884,937,757,2162,233,774,90,6316,864,6573,517,1353,9640,17983,3984,7635,4869,4442,2352,111,1121,2492,494,865,6314,2982,6573,3623,7391,2178,77,16667,266,590,1531,373,842,32,455,7590,511,461,10,1928,7180,59108,37763,414,2549,25599,1,,0.015561,0.010131
522dbea261aa4de051e218b9,7be4775079bbfd73,3c479f8b47354c76a1827a0744e0ae47,2026-08-10T14:07:21.360916+00:00,benchmark://cbench-v1,0.2.5,10.0.0 x86_64-unknown-linux-gnu,76e7858e-a631-41cd-b7f6-29d0024630e7,3.10.12,benchmark://cbench-v1/tiffmedian,0,0,24,-dce,-dce,0,[],IrInstructionCountO3,0.007228097409527506,7.655379306077087,0.12637362637362626,0.0024320574553170654,0.0,7.655379306077087,True,False,False,,0.4394558407366276,,,22ed68d0c3b5d6c7b78d4270229fb37cc1a8346b,61265,,7480,420,61265,40136,1e846fcf74210655baf9cbd66d64e15f6634f628,61116,,7480,420,61116,40021,0,347,4880,3472,1199,4619,1976,953,833,2278,244,347,0,7133,347,6866,512,1440,10053,18688,4282,8023,5067,4619,2489,137,1210,2567,493,941,6537,3123,6866,3788,7759,2294,77,18186,294,587,347,379,974,32,468,7836,546,482,10,1982,7480,61265,40136,420,698,27543,0,347,4880,3472,1199,4619,1976,953,833,2278,244,347,0,7133,347,6866,512,1440,10053,18687,4282,8023,5067,4619,2489,137,1210,2567,493,938,6540,3123,6866,3788,7759,2293,77,18071,294,587,347,379,974,32,468,7836,546,482,10,1949,7480,61116,40021,420,698,27395,-149,,0.018018,0.015741
ecf48da392f202bc0783bda3,bb3f4acb44a42cc3,3c479f8b47354c76a1827a0744e0ae47,2026-08-10T14:07:21.360916+00:00,benchmark://cbench-v1,0.2.5,10.0.0 x86_64-unknown-linux-gnu,76e7858e-a631-41cd-b7f6-29d0024630e7,3.10.12,benchmark://cbench-v1/tiffmedian,1,0,5,-argpromotion,-argpromotion,0,[],IrInstructionCountO3,0.0,-4.788748697765939,-0.07981247829609898,0.0,0.0,-4.788748697765939,True,True,True,action_no_effect,0.17511921748518944,,,22ed68d0c3b5d6c7b78d4270229fb37cc1a8346b,61265,,7480,420,61265,40136,22ed68d0c3b5d6c7b78d4270229fb37cc1a8346b,61265,,7480,420,61265,40136,0,347,4880,3472,1199,4619,1976,953,833,2278,244,347,0,7133,347,6866,512,1440,10053,18688,4282,8023,5067,4619,2489,137,1210,2567,493,941,6537,3123,6866,3788,7759,2294,77,18186,294,587,347,379,974,32,468,7836,546,482,10,1982,7480,61265,40136,420,698,27543,0,347,4880,3472,1199,4619,1976,953,833,2278,244,347,0,7133,347,6866,512,1440,10053,18688,4282,8023,5067,4619,2489,137,1210,2567,493,941,6537,3123,6866,3788,7759,2294,77,18186,294,587,347,379,974,32,468,7836,546,482,10,1982,7480,61265,40136,420,698,27543,0,,0.017278,0.018657
1a5752b16e6d8dc2fd502d1a,dc985282dfa18684,3c479f8b47354c76a1827a0744e0ae47,2026-08-10T14:07:21.360916+00:00,benchmark://cbench-v1,0.2.5,10.0.0 x86_64-unknown-linux-gnu,76e7858e-a631-41cd-b7f6-29d0024630e7,3.10.12,benchmark://cbench-v1/tiffmedian,2,0,26,-dse,-dse,0,[],IrInstructionCountO3,0.0062578829921412634,-3.7442866327914692,-0.06345758060827807,0.002105606790173835,0.0,-3.7442866327914692,True,False,False,,0.5068107694387436,,,22ed68d0c3b5d6c7b78d4270229fb37cc1a8346b,61265,,7480,420,61265,40136,187ba2b46c95145e3b53b13d0d01e95c87df6c36,61136,,7480,420,61136,40010,0,347,4880,3472,1199,4619,1976,953,833,2278,244,347,0,7133,347,6866,512,1440,10053,18688,4282,8023,5067,4619,2489,137,1210,2567,493,941,6537,3123,6866,3788,7759,2294,77,18186,294,587,347,379,974,32,468,7836,546,482,10,1982,7480,61265,40136,420,698,27543,0,347,4880,3472,1199,4619,1976,953,833,2278,244,347,0,7133,347,6866,512,1440,10053,18644,4282,8023,5023,4619,2489,137,1210,2526,493,940,6538,3123,6866,3788,7759,2294,77,18146,294,587,347,379,974,32,468,7791,546,482,10,1979,7480,61136,40010,420,698,27459,-129,,0.017492,0.018602
1a5752b16e6d8dc2fd502d1a,d4ae10ea1eb6c142,3c479f8b47354c76a1827a0744e0ae47,2026-08-10T14:07:21.360916+00:00,benchmark://cbench-v1,0.2.5,10.0.0 x86_64-unknown-linux-gnu,76e7858e-a631-41cd-b7f6-29d0024630e7,3.10.12,benchmark://cbench-v1/tiffmedian,2,1,79,-loop-vectorize,-loop-vectorize,1,[26],IrInstructionCountO3,-0.0014068109052100513,-1.6817931955886025,-0.02779271046124073,-0.0004743522638052866,0.0,-5.426079828380072,True,False,False,,0.523749765008688,,,187ba2b46c95145e3b53b13d0d01e95c87df6c36,61136,,7480,420,61136,40010,c5e72b65e7f952aa2e11a642eb816bc7b03ec5c9,61165,,7509,420,61165,40010,0,347,4880,3472,1199,4619,1976,953,833,2278,244,347,0,7133,347,6866,512,1440,10053,18644,4282,8023,5023,4619,2489,137,1210,2526,493,940,6538,3123,6866,3788,7759,2294,77,18146,294,587,347,379,974,32,468,7791,546,482,10,1979,7480,61136,40010,420,698,27459,0,347,4903,3495,1199,4648,1986,959,837,2278,240,347,0,7162,347,6895,512,1417,10082,18644,4282,8023,5023,4648,2489,137,1210,2526,493,940,6567,3123,6895,3788,7759,2294,77,18146,294,587,347,379,974,32,468,7791,546,482,10,1979,7509,61165,40010,420,698,27459,29,,0.018602,0.019119
1a5752b16e6d8dc2fd502d1a,c388b66c9a5e7286,3c479f8b47354c76a1827a0744e0ae47,2026-08-10T14:07:21.360916+00:00,benchmark://cbench-v1,0.2.5,10.0.0 x86_64-unknown-linux-gnu,76e7858e-a631-41cd-b7f6-29d0024630e7,3.10.12,benchmark://cbench-v1/tiffmedian,2,2,111,-sroa,-sroa,2,"[26, 79]",IrInstructionCountO3,1.0847967400795575,16.780056733304633,0.09686699095140956,0.36560124254066867,0.0,11.353976904924561,True,False,False,,0.4574561230838299,,,c5e72b65e7f952aa2e11a642eb816bc7b03ec5c9,61165,,7509,420,61165,40010,f02f765a4aa44009d78cd1427be12a34bb1d1e6c,38803,,7509,420,38803,17310,0,347,4903,3495,1199,4648,1986,959,837,2278,240,347,0,7162,347,6895,512,1417,10082,18644,4282,8023,5023,4648,2489,137,1210,2526,493,940,6567,3123,6895,3788,7759,2294,77,18146,294,587,347,379,974,32,468,7791,546,482,10,1979,7509,61165,40010,420,698,27459,412,1077,4903,3495,1199,4648,1986,959,837,2278,240,1368,121,6020,1489,6895,512,1417,10082,15934,2220,8046,2273,4648,2501,137,1210,99,493,253,7255,1052,6895,1715,7758,2294,78,5583,294,587,2753,379,974,32,468,2155,546,484,10,1979,7509,38803,17310,420,6275,10400,-22362,,0.019119,0.017267
10a18bb4d75b7cbd6a097ead,b7f61ff78f928d4b,3c479f8b47354c76a1827a0744e0ae47,2026-08-10T14:07:21.360916+00:00,benchmark://cbench-v1,0.2.5,10.0.0 x86_64-unknown-linux-gnu,76e7858e-a631-41cd-b7f6-29d0024630e7,3.10.12,benchmark://cbench-v1/tiffmedian,3,0,5,-argpromotion,-argpromotion,0,[],IrInstructionCountO3,0.0,1.6042105263157833,0.026736842105263055,0.0,0.0,1.6042105263157833,True,True,True,action_no_effect,0.19537143036723137,,,22ed68d0c3b5d6c7b78d4270229fb37cc1a8346b,61265,,7480,420,61265,40136,22ed68d0c3b5d6c7b78d4270229fb37cc1a8346b,61265,,7480,420,61265,40136,0,347,4880,3472,1199,4619,1976,953,833,2278,244,347,0,7133,347,6866,512,1440,10053,18688,4282,8023,5067,4619,2489,137,1210,2567,493,941,6537,3123,6866,3788,7759,2294,77,18186,294,587,347,379,974,32,468,7836,546,482,10,1982,7480,61265,40136,420,698,27543,0,347,4880,3472,1199,4619,1976,953,833,2278,244,347,0,7133,347,6866,512,1440,10053,18688,4282,8023,5067,4619,2489,137,1210,2567,493,941,6537,3123,6866,3788,7759,2294,77,18186,294,587,347,379,974,32,468,7836,546,482,10,1982,7480,61265,40136,420,698,27543,0,,0.019,0.018492
58208ca384f9f32d17413607,59028158730b1a1b,3c479f8b47354c76a1827a0744e0ae47,2026-08-10T14:07:21.360916+00:00,benchmark://cbench-v1,0.2.5,10.0.0 x86_64-unknown-linux-gnu,76e7858e-a631-41cd-b7f6-29d0024630e7,3.10.12,benchmark://cbench-v1/tiffmedian,4,0,36,-inline,-inline,0,[],IrInstructionCountO3,-0.5287183467546328,-8.11618430657073,-0.04632009345794384,-0.1778992899698033,0.0,-8.11618430657073,True,False,False,,0.562508799135685,,,22ed68d0c3b5d6c7b78d4270229fb37cc1a8346b,61265,,7480,420,61265,40136,305a7b2f9036c65fc1c5f45062d95b041e96c64e,72164,,7756,350,72164,47472,0,347,4880,3472,1199,4619,1976,953,833,2278,244,347,0,7133,347,6866,512,1440,10053,18688,4282,8023,5067,4619,2489,137,1210,2567,493,941,6537,3123,6866,3788,7759,2294,77,18186,294,587,347,379,974,32,468,7836,546,482,10,1982,7480,61265,40136,420,698,27543,0,353,5080,3595,1274,4805,2101,1010,931,2434,261,353,0,7403,353,7211,474,1499,10556,20797,6868,8665,6311,4805,2594,136,1256,3564,515,1256,6498,5603,7211,6131,8321,2473,77,20276,338,590,353,310,1108,50,472,9180,547,574,15,2195,7756,72164,47472,350,710,33557,10899,,0.01712,0.017913
58208ca384f9f32d17413607,56fbe93f001bb868,3c479f8b47354c76a1827a0744e0ae47,2026-08-10T14:07:21.360916+00:00,benchmark://cbench-v1,0.2.5,10.0.0 x86_64-unknown-linux-gnu,76e7858e-a631-41cd-b7f6-29d0024630e7,3.10.12,benchmark://cbench-v1/tiffmedian,4,1,79,-loop-vectorize,-loop-vectorize,1,[36],IrInstructionCountO3,-0.0014068109052100513,11.228942285028186,0.1873499692960419,-0.00040186242447757886,0.0,3.1127579784574557,True,False,False,,0.4273955300450325,,,305a7b2f9036c65fc1c5f45062d95b041e96c64e,72164,,7756,350,72164,47472,7cc90eaef1561c620091c9fd038030959f44da07,72193,,7785,350,72193,47472,0,353,5080,3595,1274,4805,2101,1010,931,2434,261,353,0,7403,353,7211,474,1499,10556,20797,6868,8665,6311,4805,2594,136,1256,3564,515,1256,6498,5603,7211,6131,8321,2473,77,20276,338,590,353,310,1108,50,472,9180,547,574,15,2195,7756,72164,47472,350,710,33557,0,353,5105,3620,1274,4831,2109,1014,935,2434,257,353,0,7432,353,7237,474,1474,10582,20797,6868,8665,6311,4831,2594,136,1256,3564,515,1256,6527,5603,7237,6131,8321,2473,77,20276,338,590,353,310,1108,50,472,9180,547,574,15,2195,7785,72193,47472,350,710,33557,29,,0.017913,0.014557
58208ca384f9f32d17413607,60de51b77a84deaf,3c479f8b47354c76a1827a0744e0ae47,2026-08-10T14:07:21.360916+00:00,benchmark://cbench-v1,0.2.5,10.0.0 x86_64-unknown-linux-gnu,76e7858e-a631-41cd-b7f6-29d0024630e7,3.10.12,benchmark://cbench-v1/tiffmedian,4,2,30,-early-cse,-early-cse,2,"[36, 79]",IrInstructionCountO3,0.3859027845153779,-1.6527170774257625,-0.0826406539809026,0.11019073871427978,0.0,1.4600409010316933,True,False,False,,0.46169954165816307,,,7cc90eaef1561c620091c9fd038030959f44da07,72193,,7785,350,72193,47472,11955d2c78cad8e116e6fd1824acc2c589360725,64238,,7785,350,64238,42416,0,353,5105,3620,1274,4831,2109,1014,935,2434,257,353,0,7432,353,7237,474,1474,10582,20797,6868,8665,6311,4831,2594,136,1256,3564,515,1256,6527,5603,7237,6131,8321,2473,77,20276,338,590,353,310,1108,50,472,9180,547,574,15,2195,7785,72193,47472,350,710,33557,0,353,5105,3620,1274,4831,2109,1014,935,2434,257,353,0,7432,353,7237,474,1474,10582,20030,6544,7900,6278,4831,2495,136,1154,3564,515,1006,6778,3244,7237,6131,7683,2459,77,15912,324,587,353,310,965,44,472,9126,536,572,12,1954,7785,64238,42416,350,710,26447,-7955,,0.014557,0.01576
58208ca384f9f32d17413607,2eefc2df33718ef5,3c479f8b47354c76a1827a0744e0ae47,2026-08-10T14:07:21.360916+00:00,benchmark://cbench-v1,0.2.5,10.0.0 x86_64-unknown-linux-gnu,76e7858e-a631-41cd-b7f6-29d0024630e7,3.10.12,benchmark://cbench-v1/tiffmedian,4,3,41,-globalopt,-globalopt,3,"[36, 79, 30]",IrInstructionCountO3,-0.0008731929756476181,3.7987003596871562,0.06345177664974615,-0.00028020797658706684,0.0,5.25874126071885,True,False,False,,0.42504648864269257,,,11955d2c78cad8e116e6fd1824acc2c589360725,64238,,7785,350,64238,42416,6a5cee398fc08c71beb6bded98975b2bf0e24c04,64256,,7778,350,64256,42413,0,353,5105,3620,1274,4831,2109,1014,935,2434,257,353,0,7432,353,7237,474,1474,10582,20030,6544,7900,6278,4831,2495,136,1154,3564,515,1006,6778,3244,7237,6131,7683,2459,77,15912,324,587,353,310,965,44,472,9126,536,572,12,1954,7785,64238,42416,350,710,26447,0,353,5106,3620,1275,4833,2105,1017,934,2434,257,353,0,7425,353,7267,474,1466,10574,20023,6544,7896,6275,4833,2495,136,1154,3564,515,1006,6771,3244,7267,6131,7683,2487,77,15909,324,587,353,310,965,44,472,9126,536,572,12,1954,7778,64256,42413,350,710,26444,18,,0.01576,0.01476
58208ca384f9f32d17413607,9020f0f2ddc83e40,3c479f8b47354c76a1827a0744e0ae47,2026-08-10T14:07:21.360916+00:00,benchmark://cbench-v1,0.2.5,10.0.0 x86_64-unknown-linux-gnu,76e7858e-a631-41cd-b7f6-29d0024630e7,3.10.12,benchmark://cbench-v1/tiffmedian,4,4,47,-indvars,-indvars,4,"[36, 79, 30, 41]",IrInstructionCountO3,-0.004899582807800524,-15.392683584766617,-0.2557588075880758,-0.0015718376494023903,0.0,-10.133942324047768,True,False,False,,0.5282699801027775,,,6a5cee398fc08c71beb6bded98975b2bf0e24c04,64256,,7778,350,64256,42413,68015722485dfa35b148d3a160d142dca960c503,64357,,7778,350,64357,42413,0,353,5106,3620,1275,4833,2105,1017,934,2434,257,353,0,7425,353,7267,474,1466,10574,20023,6544,7896,6275,4833,2495,136,1154,3564,515,1006,6771,3244,7267,6131,7683,2487,77,15909,324,587,353,310,965,44,472,9126,536,572,12,1954,7778,64256,42413,350,710,26444,0,444,5106,3620,1275,4833,2105,1017,934,2434,257,444,0,7334,444,7267,474,1466,10574,20023,6544,7896,6275,4833,2495,136,1154,3564,515,1009,6768,3244,7267,6131,7683,2487,77,15909,324,587,454,310,965,44,472,9126,536,572,12,1954,7778,64357,42413,350,811,26444,101,,0.01476,0.018535
58208ca384f9f32d17413607,3a88dcdbac24bfd0,3c479f8b47354c76a1827a0744e0ae47,2026-08-10T14:07:21.360916+00:00,benchmark://cbench-v1,0.2.5,10.0.0 x86_64-unknown-linux-gnu,76e7858e-a631-41cd-b7f6-29d0024630e7,3.10.12,benchmark://cbench-v1/tiffmedian,4,5,40,-globaldce,-globaldce,5,"[36, 79, 30, 41, 47]",IrInstructionCountO3,0.0,4.965740490963045,0.08276234151605075,0.0,0.0,-5.168201833084723,True,True,True,action_no_effect,0.19403503835201263,,,68015722485dfa35b148d3a160d142dca960c503,64357,,7778,350,64357,42413,68015722485dfa35b148d3a160d142dca960c503,64357,,7778,350,64357,42413,0,444,5106,3620,1275,4833,2105,1017,934,2434,257,444,0,7334,444,7267,474,1466,10574,20023,6544,7896,6275,4833,2495,136,1154,3564,515,1009,6768,3244,7267,6131,7683,2487,77,15909,324,587,454,310,965,44,472,9126,536,572,12,1954,7778,64357,42413,350,811,26444,0,444,5106,3620,1275,4833,2105,1017,934,2434,257,444,0,7334,444,7267,474,1466,10574,20023,6544,7896,6275,4833,2495,136,1154,3564,515,1009,6768,3244,7267,6131,7683,2487,77,15909,324,587,454,310,965,44,472,9126,536,572,12,1954,7778,64357,42413,350,811,26444,0,,0.018535,0.017001
