episode_id,benchmark_uri,state_index,step_index,pass_flag,done,hybrid_reward,runtime_improvement,pre_state_id,post_state_id,pre_ir_instruction_count,post_ir_instruction_count,pre_runtime_median_sec,post_runtime_median_sec,pre_object_text_size_bytes,post_object_text_size_bytes,pre_total_basic_blocks,post_total_basic_blocks,pre_total_functions,post_total_functions,pre_total_instructions,post_total_instructions,pre_total_memory_instructions,post_total_memory_instructions,pre_autophase_BBNumArgsHi,pre_autophase_BBNumArgsLo,pre_autophase_onePred,pre_autophase_onePredOneSuc,pre_autophase_onePredTwoSuc,pre_autophase_oneSuccessor,pre_autophase_twoPred,pre_autophase_twoPredOneSuc,pre_autophase_twoEach,pre_autophase_twoSuccessor,pre_autophase_morePreds,pre_autophase_BB03Phi,pre_autophase_BBHiPhi,pre_autophase_BBNoPhi,pre_autophase_BeginPhi,pre_autophase_BranchCount,pre_autophase_returnInt,pre_autophase_CriticalCount,pre_autophase_NumEdges,pre_autophase_const32Bit,pre_autophase_const64Bit,pre_autophase_numConstZeroes,pre_autophase_numConstOnes,pre_autophase_UncondBranches,pre_autophase_binaryConstArg,pre_autophase_NumAShrInst,pre_autophase_NumAddInst,pre_autophase_NumAllocaInst,pre_autophase_NumAndInst,pre_autophase_BlockMid,pre_autophase_BlockLow,pre_autophase_NumBitCastInst,pre_autophase_NumBrInst,pre_autophase_NumCallInst,pre_autophase_NumGetElementPtrInst,pre_autophase_NumICmpInst,pre_autophase_NumLShrInst,pre_autophase_NumLoadInst,pre_autophase_NumMulInst,pre_autophase_NumOrInst,pre_autophase_NumPHIInst,pre_autophase_NumRetInst,pre_autophase_NumSExtInst,pre_autophase_NumSelectInst,pre_autophase_NumShlInst,pre_autophase_NumStoreInst,pre_autophase_NumSubInst,pre_autophase_NumTruncInst,pre_autophase_NumXorInst,pre_autophase_NumZExtInst,pre_autophase_TotalBlocks,pre_autophase_TotalInsts,pre_autophase_TotalMemInst,pre_autophase_TotalFuncs,pre_autophase_ArgsPhi,pre_autophase_testUnary,post_autophase_BBNumArgsHi,post_autophase_BBNumArgsLo,post_autophase_onePred,post_autophase_onePredOneSuc,post_autophase_onePredTwoSuc,post_autophase_oneSuccessor,post_autophase_twoPred,post_autophase_twoPredOneSuc,post_autophase_twoEach,post_autophase_twoSuccessor,post_autophase_morePreds,post_autophase_BB03Phi,post_autophase_BBHiPhi,post_autophase_BBNoPhi,post_autophase_BeginPhi,post_autophase_BranchCount,post_autophase_returnInt,post_autophase_CriticalCount,post_autophase_NumEdges,post_autophase_const32Bit,post_autophase_const64Bit,post_autophase_numConstZeroes,post_autophase_numConstOnes,post_autophase_UncondBranches,post_autophase_binaryConstArg,post_autophase_NumAShrInst,post_autophase_NumAddInst,post_autophase_NumAllocaInst,post_autophase_NumAndInst,post_autophase_BlockMid,post_autophase_BlockLow,post_autophase_NumBitCastInst,post_autophase_NumBrInst,post_autophase_NumCallInst,post_autophase_NumGetElementPtrInst,post_autophase_NumICmpInst,post_autophase_NumLShrInst,post_autophase_NumLoadInst,post_autophase_NumMulInst,post_autophase_NumOrInst,post_autophase_NumPHIInst,post_autophase_NumRetInst,post_autophase_NumSExtInst,post_autophase_NumSelectInst,post_autophase_NumShlInst,post_autophase_NumStoreInst,post_autophase_NumSubInst,post_autophase_NumTruncInst,post_autophase_NumXorInst,post_autophase_NumZExtInst,post_autophase_TotalBlocks,post_autophase_TotalInsts,post_autophase_TotalMemInst,post_autophase_TotalFuncs,post_autophase_ArgsPhi,post_autophase_testUnary
b75655fc1a854a75e868130b,benchmark://cbench-v1/gsm,0,0,-licm,True,-0.442190,-0.442190,443a4c728b9bc4f2,5d5d15970587c3fb,14902,15157,0.633081,0.635880,66014,84422,1359,1360,141,141,14902,15157,8187,7989,0,155,895,588,247,745,330,122,156,460,37,155,0,1204,155,1205,162,163,1709,2666,2619,1069,1217,745,1469,367,329,474,515,125,1228,431,1205,765,1580,522,3,3629,179,209,155,96,1240,54,244,1739,173,550,3,382,1359,14902,8187,141,310,6706,38,262,896,589,247,746,330,122,156,460,37,263,37,1060,300,1206,162,162,1710,2666,2619,1069,1217,746,1469,367,329,474,515,123,1232,431,1206,765,1580,522,3,3372,179,209,626,96,1240,54,244,1798,173,550,3,363,1360,15157,7989,141,1007,6430
b75655fc1a854a75e868130b,benchmark://cbench-v1/gsm,0,1,-loop-rotate,True,-0.132362,-0.132362,443a4c728b9bc4f2,3fd0cf3c3896fbb2,14902,15132,0.633081,0.633918,66014,67446,1359,1422,141,141,14902,15132,8187,8274,0,155,895,588,247,745,330,122,156,460,37,155,0,1204,155,1205,162,163,1709,2666,2619,1069,1217,745,1469,367,329,474,515,125,1228,431,1205,765,1580,522,3,3629,179,209,155,96,1240,54,244,1739,173,550,3,382,1359,14902,8187,141,310,6706,0,155,896,577,280,746,392,156,163,522,37,155,0,1267,155,1268,164,286,1834,2736,2621,1083,1219,746,1483,367,342,474,515,136,1280,431,1268,768,1580,584,3,3697,179,209,155,96,1243,54,244,1755,174,551,3,382,1422,15132,8274,141,310,6778
b75655fc1a854a75e868130b,benchmark://cbench-v1/gsm,0,2,-loop-unroll,True,-1.225705,-1.225705,443a4c728b9bc4f2,a9351f4824f28235,14902,14903,0.633081,0.640840,66014,66014,1359,1360,141,141,14902,14903,8187,8187,0,155,895,588,247,745,330,122,156,460,37,155,0,1204,155,1205,162,163,1709,2666,2619,1069,1217,745,1469,367,329,474,515,125,1228,431,1205,765,1580,522,3,3629,179,209,155,96,1240,54,244,1739,173,550,3,382,1359,14902,8187,141,310,6706,0,155,896,589,247,746,330,122,156,460,37,155,0,1205,155,1206,162,162,1710,2666,2619,1069,1217,746,1469,367,329,474,515,125,1229,431,1206,765,1580,522,3,3629,179,209,155,96,1240,54,244,1739,173,550,3,382,1360,14903,8187,141,310,6706
b75655fc1a854a75e868130b,benchmark://cbench-v1/gsm,0,3,-loop-vectorize,True,-3.976829,-3.976829,443a4c728b9bc4f2,a9351f4824f28235,14902,14903,0.633081,0.658257,66014,66014,1359,1360,141,141,14902,14903,8187,8187,0,155,895,588,247,745,330,122,156,460,37,155,0,1204,155,1205,162,163,1709,2666,2619,1069,1217,745,1469,367,329,474,515,125,1228,431,1205,765,1580,522,3,3629,179,209,155,96,1240,54,244,1739,173,550,3,382,1359,14902,8187,141,310,6706,0,155,896,589,247,746,330,122,156,460,37,155,0,1205,155,1206,162,162,1710,2666,2619,1069,1217,746,1469,367,329,474,515,125,1229,431,1206,765,1580,522,3,3629,179,209,155,96,1240,54,244,1739,173,550,3,382,1360,14903,8187,141,310,6706
b75655fc1a854a75e868130b,benchmark://cbench-v1/gsm,0,4,-loop-deletion,True,-0.843480,-0.843480,443a4c728b9bc4f2,a9351f4824f28235,14902,14903,0.633081,0.638420,66014,66014,1359,1360,141,141,14902,14903,8187,8187,0,155,895,588,247,745,330,122,156,460,37,155,0,1204,155,1205,162,163,1709,2666,2619,1069,1217,745,1469,367,329,474,515,125,1228,431,1205,765,1580,522,3,3629,179,209,155,96,1240,54,244,1739,173,550,3,382,1359,14902,8187,141,310,6706,0,155,896,589,247,746,330,122,156,460,37,155,0,1205,155,1206,162,162,1710,2666,2619,1069,1217,746,1469,367,329,474,515,125,1229,431,1206,765,1580,522,3,3629,179,209,155,96,1240,54,244,1739,173,550,3,382,1360,14903,8187,141,310,6706
b75655fc1a854a75e868130b,benchmark://cbench-v1/gsm,0,5,-loop-unswitch,True,-3.562065,-3.562065,443a4c728b9bc4f2,a9351f4824f28235,14902,14903,0.633081,0.655631,66014,66014,1359,1360,141,141,14902,14903,8187,8187,0,155,895,588,247,745,330,122,156,460,37,155,0,1204,155,1205,162,163,1709,2666,2619,1069,1217,745,1469,367,329,474,515,125,1228,431,1205,765,1580,522,3,3629,179,209,155,96,1240,54,244,1739,173,550,3,382,1359,14902,8187,141,310,6706,0,155,896,589,247,746,330,122,156,460,37,155,0,1205,155,1206,162,162,1710,2666,2619,1069,1217,746,1469,367,329,474,515,125,1229,431,1206,765,1580,522,3,3629,179,209,155,96,1240,54,244,1739,173,550,3,382,1360,14903,8187,141,310,6706
b75655fc1a854a75e868130b,benchmark://cbench-v1/gsm,0,6,-loop-distribute,True,0.002670,0.002670,443a4c728b9bc4f2,0bc2596e1138a141,14902,14902,0.633081,0.633064,66014,66014,1359,1359,141,141,14902,14902,8187,8187,0,155,895,588,247,745,330,122,156,460,37,155,0,1204,155,1205,162,163,1709,2666,2619,1069,1217,745,1469,367,329,474,515,125,1228,431,1205,765,1580,522,3,3629,179,209,155,96,1240,54,244,1739,173,550,3,382,1359,14902,8187,141,310,6706,0,155,895,588,247,745,330,122,156,460,37,155,0,1204,155,1205,162,163,1709,2666,2619,1069,1217,745,1469,367,329,474,515,125,1228,431,1205,765,1580,522,3,3629,179,209,155,96,1240,54,244,1739,173,550,3,382,1359,14902,8187,141,310,6706
b75655fc1a854a75e868130b,benchmark://cbench-v1/gsm,0,7,-indvars,True,-1.913080,-1.913080,443a4c728b9bc4f2,a9351f4824f28235,14902,14903,0.633081,0.645192,66014,66014,1359,1360,141,141,14902,14903,8187,8187,0,155,895,588,247,745,330,122,156,460,37,155,0,1204,155,1205,162,163,1709,2666,2619,1069,1217,745,1469,367,329,474,515,125,1228,431,1205,765,1580,522,3,3629,179,209,155,96,1240,54,244,1739,173,550,3,382,1359,14902,8187,141,310,6706,0,155,896,589,247,746,330,122,156,460,37,155,0,1205,155,1206,162,162,1710,2666,2619,1069,1217,746,1469,367,329,474,515,125,1229,431,1206,765,1580,522,3,3629,179,209,155,96,1240,54,244,1739,173,550,3,382,1360,14903,8187,141,310,6706
cab35c9bc56974c4ca286a27,benchmark://cbench-v1/gsm,1,0,-licm,True,0.051104,0.051104,156463a8b582e88e,ab937103109cbc33,11771,12344,0.633204,0.632881,67302,82118,1359,1360,141,141,11771,12344,5543,5626,0,155,895,588,247,745,330,122,156,460,37,155,0,1204,155,1205,160,163,1709,2625,1952,729,1194,745,1460,367,319,474,515,79,1275,218,1205,761,1095,516,3,1474,179,209,155,96,1048,54,244,1739,170,550,3,319,1359,11771,5543,141,310,4083,37,274,896,589,247,746,330,122,156,460,37,274,37,1049,311,1206,160,162,1710,2625,1951,729,1194,746,1460,367,319,474,515,95,1260,218,1206,761,1095,516,3,1510,179,209,642,96,1048,54,244,1786,170,552,3,319,1360,12344,5626,141,1009,4121
cab35c9bc56974c4ca286a27,benchmark://cbench-v1/gsm,1,1,-loop-rotate,True,2.901964,2.901964,156463a8b582e88e,3515fbe11b5c3d0f,11771,12065,0.633204,0.614829,67302,70542,1359,1422,141,141,11771,12065,5543,5625,0,155,895,588,247,745,330,122,156,460,37,155,0,1204,155,1205,160,163,1709,2625,1952,729,1194,745,1460,367,319,474,515,79,1275,218,1205,761,1095,516,3,1474,179,209,155,96,1048,54,244,1739,170,550,3,319,1359,11771,5543,141,310,4083,0,222,896,577,280,746,392,156,163,522,37,222,0,1200,222,1268,162,286,1834,2694,1954,743,1196,746,1473,367,332,474,515,90,1327,218,1268,764,1095,578,3,1537,179,209,225,96,1051,54,244,1755,170,551,3,319,1422,12065,5625,141,440,4150
cab35c9bc56974c4ca286a27,benchmark://cbench-v1/gsm,1,2,-loop-unroll,True,-0.912222,-0.912222,156463a8b582e88e,d42d377e702543ca,11771,11784,0.633204,0.638981,67302,67462,1359,1360,141,141,11771,11784,5543,5543,0,155,895,588,247,745,330,122,156,460,37,155,0,1204,155,1205,160,163,1709,2625,1952,729,1194,745,1460,367,319,474,515,79,1275,218,1205,761,1095,516,3,1474,179,209,155,96,1048,54,244,1739,170,550,3,319,1359,11771,5543,141,310,4083,0,166,896,589,247,746,330,122,156,460,37,166,0,1194,166,1206,160,162,1710,2625,1952,729,1194,746,1460,367,319,474,515,79,1276,218,1206,761,1095,516,3,1474,179,209,167,96,1048,54,244,1739,170,550,3,319,1360,11784,5543,141,323,4083
cab35c9bc56974c4ca286a27,benchmark://cbench-v1/gsm,1,3,-loop-vectorize,True,-2.070291,-2.070291,156463a8b582e88e,f6db994303ae45ba,11771,11783,0.633204,0.646314,67302,67446,1359,1360,141,141,11771,11783,5543,5543,0,155,895,588,247,745,330,122,156,460,37,155,0,1204,155,1205,160,163,1709,2625,1952,729,1194,745,1460,367,319,474,515,79,1275,218,1205,761,1095,516,3,1474,179,209,155,96,1048,54,244,1739,170,550,3,319,1359,11771,5543,141,310,4083,0,165,896,589,247,746,330,122,156,460,37,165,0,1195,165,1206,160,162,1710,2625,1952,729,1194,746,1460,367,319,474,515,79,1276,218,1206,761,1095,516,3,1474,179,209,166,96,1048,54,244,1739,170,550,3,319,1360,11783,5543,141,322,4083
cab35c9bc56974c4ca286a27,benchmark://cbench-v1/gsm,1,4,-loop-deletion,True,-2.794684,-2.794684,156463a8b582e88e,d42d377e702543ca,11771,11784,0.633204,0.650900,67302,67462,1359,1360,141,141,11771,11784,5543,5543,0,155,895,588,247,745,330,122,156,460,37,155,0,1204,155,1205,160,163,1709,2625,1952,729,1194,745,1460,367,319,474,515,79,1275,218,1205,761,1095,516,3,1474,179,209,155,96,1048,54,244,1739,170,550,3,319,1359,11771,5543,141,310,4083,0,166,896,589,247,746,330,122,156,460,37,166,0,1194,166,1206,160,162,1710,2625,1952,729,1194,746,1460,367,319,474,515,79,1276,218,1206,761,1095,516,3,1474,179,209,167,96,1048,54,244,1739,170,550,3,319,1360,11784,5543,141,323,4083
cab35c9bc56974c4ca286a27,benchmark://cbench-v1/gsm,1,5,-loop-unswitch,True,-0.248125,-0.248125,156463a8b582e88e,252d018629f46068,11771,11863,0.633204,0.634775,67302,67942,1359,1386,141,141,11771,11863,5543,5561,0,155,895,588,247,745,330,122,156,460,37,155,0,1204,155,1205,160,163,1709,2625,1952,729,1194,745,1460,367,319,474,515,79,1275,218,1205,761,1095,516,3,1474,179,209,155,96,1048,54,244,1739,170,550,3,319,1359,11771,5543,141,310,4083,0,166,914,602,253,764,338,127,158,468,37,166,0,1220,166,1232,160,166,1744,2634,1954,731,1199,764,1468,371,323,474,515,82,1299,218,1232,761,1099,519,3,1478,181,209,167,96,1060,54,246,1749,170,558,3,319,1386,11863,5561,141,323,4107
cab35c9bc56974c4ca286a27,benchmark://cbench-v1/gsm,1,6,-loop-distribute,True,-4.280203,-4.280203,156463a8b582e88e,156463a8b582e88e,11771,11771,0.633204,0.660307,67302,67302,1359,1359,141,141,11771,11771,5543,5543,0,155,895,588,247,745,330,122,156,460,37,155,0,1204,155,1205,160,163,1709,2625,1952,729,1194,745,1460,367,319,474,515,79,1275,218,1205,761,1095,516,3,1474,179,209,155,96,1048,54,244,1739,170,550,3,319,1359,11771,5543,141,310,4083,0,155,895,588,247,745,330,122,156,460,37,155,0,1204,155,1205,160,163,1709,2625,1952,729,1194,745,1460,367,319,474,515,79,1275,218,1205,761,1095,516,3,1474,179,209,155,96,1048,54,244,1739,170,550,3,319,1359,11771,5543,141,310,4083
cab35c9bc56974c4ca286a27,benchmark://cbench-v1/gsm,1,7,-indvars,True,-5.551215,-5.551215,156463a8b582e88e,d42d377e702543ca,11771,11784,0.633204,0.668355,67302,67462,1359,1360,141,141,11771,11784,5543,5543,0,155,895,588,247,745,330,122,156,460,37,155,0,1204,155,1205,160,163,1709,2625,1952,729,1194,745,1460,367,319,474,515,79,1275,218,1205,761,1095,516,3,1474,179,209,155,96,1048,54,244,1739,170,550,3,319,1359,11771,5543,141,310,4083,0,166,896,589,247,746,330,122,156,460,37,166,0,1194,166,1206,160,162,1710,2625,1952,729,1194,746,1460,367,319,474,515,79,1276,218,1206,761,1095,516,3,1474,179,209,167,96,1048,54,244,1739,170,550,3,319,1360,11784,5543,141,323,4083
fa0513bd9cc70ee8d8d55164,benchmark://cbench-v1/gsm,2,0,-licm,True,2.004440,2.004440,fcb63391856135af,9be70262f9aefbcb,11294,11317,0.653863,0.640757,72276,71764,766,766,141,141,11294,11317,5236,5236,44,158,492,278,142,340,137,23,84,280,40,160,42,564,202,620,160,104,936,2725,1932,804,1205,340,1470,367,311,474,539,84,677,218,620,759,1060,512,3,1206,189,217,457,96,1032,206,243,1737,167,552,5,274,766,11294,5236,141,791,3756,44,164,492,278,142,340,137,23,84,280,40,166,42,558,208,620,160,104,936,2725,1932,804,1205,340,1470,367,311,474,539,88,673,218,620,759,1060,512,3,1206,189,217,464,96,1032,206,243,1737,167,568,5,274,766,11317,5236,141,798,3772
fa0513bd9cc70ee8d8d55164,benchmark://cbench-v1/gsm,2,1,-loop-rotate,True,-0.933625,-0.933625,fcb63391856135af,abc30354787823cb,11294,11246,0.653863,0.659968,72276,69940,766,730,141,141,11294,11246,5236,5245,44,158,492,278,142,340,137,23,84,280,40,160,42,564,202,620,160,104,936,2725,1932,804,1205,340,1470,367,311,474,539,84,677,218,620,759,1060,512,3,1206,189,217,457,96,1032,206,243,1737,167,552,5,274,766,11294,5236,141,791,3756,33,185,444,233,144,292,149,27,87,292,40,190,28,512,218,584,160,176,912,2742,1932,805,1207,292,1474,367,315,474,539,90,635,218,584,759,1060,525,3,1208,189,217,416,96,1034,207,243,1744,167,552,5,274,730,11246,5245,141,703,3760
fa0513bd9cc70ee8d8d55164,benchmark://cbench-v1/gsm,2,2,-loop-unroll,True,0.620300,0.620300,fcb63391856135af,4ec7cbf45155f0cd,11294,11677,0.653863,0.649807,72276,74292,766,838,141,141,11294,11677,5236,5517,44,158,492,278,142,340,137,23,84,280,40,160,42,564,202,620,160,104,936,2725,1932,804,1205,340,1470,367,311,474,539,84,677,218,620,759,1060,512,3,1206,189,217,457,96,1032,206,243,1737,167,552,5,274,766,11294,5236,141,791,3756,43,157,572,342,150,404,129,23,76,280,40,158,42,638,200,684,160,104,1000,2761,2086,868,1241,404,1492,376,315,474,539,84,749,218,684,759,1174,504,3,1261,188,217,449,96,1039,206,261,1849,167,561,5,274,838,11677,5517,141,768,3827
fa0513bd9cc70ee8d8d55164,benchmark://cbench-v1/gsm,2,3,-loop-vectorize,True,0.222724,0.222724,fcb63391856135af,908901d926922b26,11294,11301,0.653863,0.652407,72276,72340,766,766,141,141,11294,11301,5236,5236,44,158,492,278,142,340,137,23,84,280,40,160,42,564,202,620,160,104,936,2725,1932,804,1205,340,1470,367,311,474,539,84,677,218,620,759,1060,512,3,1206,189,217,457,96,1032,206,243,1737,167,552,5,274,766,11294,5236,141,791,3756,44,164,492,278,142,340,137,23,84,280,40,166,42,558,208,620,160,104,936,2725,1932,804,1205,340,1470,367,311,474,539,84,677,218,620,759,1060,512,3,1206,189,217,464,96,1032,206,243,1737,167,552,5,274,766,11301,5236,141,798,3756
fa0513bd9cc70ee8d8d55164,benchmark://cbench-v1/gsm,2,4,-loop-deletion,True,4.079211,4.079211,fcb63391856135af,908901d926922b26,11294,11301,0.653863,0.627191,72276,72340,766,766,141,141,11294,11301,5236,5236,44,158,492,278,142,340,137,23,84,280,40,160,42,564,202,620,160,104,936,2725,1932,804,1205,340,1470,367,311,474,539,84,677,218,620,759,1060,512,3,1206,189,217,457,96,1032,206,243,1737,167,552,5,274,766,11294,5236,141,791,3756,44,164,492,278,142,340,137,23,84,280,40,166,42,558,208,620,160,104,936,2725,1932,804,1205,340,1470,367,311,474,539,84,677,218,620,759,1060,512,3,1206,189,217,464,96,1032,206,243,1737,167,552,5,274,766,11301,5236,141,798,3756
fa0513bd9cc70ee8d8d55164,benchmark://cbench-v1/gsm,2,5,-loop-unswitch,True,3.554379,3.554379,fcb63391856135af,d2264101b6470d12,11294,11342,0.653863,0.630622,72276,72788,766,776,141,141,11294,11342,5236,5240,44,158,492,278,142,340,137,23,84,280,40,160,42,564,202,620,160,104,936,2725,1932,804,1205,340,1470,367,311,474,539,84,677,218,620,759,1060,512,3,1206,189,217,457,96,1032,206,243,1737,167,552,5,274,766,11294,5236,141,791,3756,45,168,499,285,144,347,140,23,85,283,40,171,42,563,213,630,160,104,949,2730,1933,806,1207,347,1474,369,313,474,539,85,686,218,630,759,1062,513,3,1207,190,217,475,96,1037,206,244,1738,167,556,5,274,776,11342,5240,141,816,3766
fa0513bd9cc70ee8d8d55164,benchmark://cbench-v1/gsm,2,6,-loop-distribute,True,1.838981,1.838981,fcb63391856135af,fcb63391856135af,11294,11294,0.653863,0.641839,72276,72276,766,766,141,141,11294,11294,5236,5236,44,158,492,278,142,340,137,23,84,280,40,160,42,564,202,620,160,104,936,2725,1932,804,1205,340,1470,367,311,474,539,84,677,218,620,759,1060,512,3,1206,189,217,457,96,1032,206,243,1737,167,552,5,274,766,11294,5236,141,791,3756,44,158,492,278,142,340,137,23,84,280,40,160,42,564,202,620,160,104,936,2725,1932,804,1205,340,1470,367,311,474,539,84,677,218,620,759,1060,512,3,1206,189,217,457,96,1032,206,243,1737,167,552,5,274,766,11294,5236,141,791,3756
fa0513bd9cc70ee8d8d55164,benchmark://cbench-v1/gsm,2,7,-indvars,True,6.106166,6.106166,fcb63391856135af,ac26f42e391a7c3c,11294,11250,0.653863,0.613937,72276,72620,766,766,141,141,11294,11250,5236,5235,44,158,492,278,142,340,137,23,84,280,40,160,42,564,202,620,160,104,936,2725,1932,804,1205,340,1470,367,311,474,539,84,677,218,620,759,1060,512,3,1206,189,217,457,96,1032,206,243,1737,167,552,5,274,766,11294,5236,141,791,3756,44,162,492,278,142,340,137,23,84,280,40,167,39,560,206,620,160,104,936,2574,2093,804,1207,340,1471,367,313,474,539,84,677,218,620,759,1059,511,3,1206,189,217,455,96,951,206,243,1737,166,592,5,274,766,11250,5235,141,788,3715
4dd56e2432bdc4b073e74856,benchmark://cbench-v1/dijkstra,0,0,-licm,True,0.185147,0.185147,bb5e3ba542f913d8,06443f4159f3eb52,450,451,0.617150,0.616008,2497,2883,57,57,17,17,450,451,303,288,0,0,36,26,6,30,15,3,8,18,0,0,0,57,0,48,18,6,66,105,26,41,48,30,20,0,20,23,0,8,49,26,48,55,36,18,0,132,8,0,0,6,16,0,0,57,0,0,0,0,57,450,303,17,0,197,1,9,36,26,6,30,15,3,8,18,0,10,0,47,10,48,18,6,66,105,26,41,48,30,20,0,20,23,0,8,49,26,48,55,36,18,0,120,8,0,16,6,16,0,0,54,0,0,0,0,57,451,288,17,24,185
4dd56e2432bdc4b073e74856,benchmark://cbench-v1/dijkstra,0,1,-loop-rotate,True,1.628802,1.628802,bb5e3ba542f913d8,09e0ea79bd8b6535,450,482,0.617150,0.607098,2497,2664,57,65,17,17,450,482,303,319,0,0,36,26,6,30,15,3,8,18,0,0,0,57,0,48,18,6,66,105,26,41,48,30,20,0,20,23,0,8,49,26,48,55,36,18,0,132,8,0,0,6,16,0,0,57,0,0,0,0,57,450,303,17,0,197,0,0,36,20,13,30,23,10,8,26,0,0,0,65,0,56,19,22,82,108,26,43,48,30,20,0,20,23,0,8,57,26,56,56,37,26,0,146,8,0,0,6,16,0,0,57,0,0,0,0,65,482,319,17,0,211
4dd56e2432bdc4b073e74856,benchmark://cbench-v1/dijkstra,0,2,-loop-unroll,True,-0.079457,-0.079457,bb5e3ba542f913d8,4e47c4203a9c7144,450,450,0.617150,0.617641,2497,2497,57,57,17,17,450,450,303,303,0,0,36,26,6,30,15,3,8,18,0,0,0,57,0,48,18,6,66,105,26,41,48,30,20,0,20,23,0,8,49,26,48,55,36,18,0,132,8,0,0,6,16,0,0,57,0,0,0,0,57,450,303,17,0,197,0,0,36,26,6,30,15,3,8,18,0,0,0,57,0,48,18,6,66,105,26,41,48,30,20,0,20,23,0,8,49,26,48,55,36,18,0,132,8,0,0,6,16,0,0,57,0,0,0,0,57,450,303,17,0,197
4dd56e2432bdc4b073e74856,benchmark://cbench-v1/dijkstra,0,3,-loop-vectorize,True,1.775178,1.775178,bb5e3ba542f913d8,4e47c4203a9c7144,450,450,0.617150,0.606195,2497,2497,57,57,17,17,450,450,303,303,0,0,36,26,6,30,15,3,8,18,0,0,0,57,0,48,18,6,66,105,26,41,48,30,20,0,20,23,0,8,49,26,48,55,36,18,0,132,8,0,0,6,16,0,0,57,0,0,0,0,57,450,303,17,0,197,0,0,36,26,6,30,15,3,8,18,0,0,0,57,0,48,18,6,66,105,26,41,48,30,20,0,20,23,0,8,49,26,48,55,36,18,0,132,8,0,0,6,16,0,0,57,0,0,0,0,57,450,303,17,0,197
4dd56e2432bdc4b073e74856,benchmark://cbench-v1/dijkstra,0,4,-loop-deletion,True,0.398541,0.398541,bb5e3ba542f913d8,4e47c4203a9c7144,450,450,0.617150,0.614691,2497,2497,57,57,17,17,450,450,303,303,0,0,36,26,6,30,15,3,8,18,0,0,0,57,0,48,18,6,66,105,26,41,48,30,20,0,20,23,0,8,49,26,48,55,36,18,0,132,8,0,0,6,16,0,0,57,0,0,0,0,57,450,303,17,0,197,0,0,36,26,6,30,15,3,8,18,0,0,0,57,0,48,18,6,66,105,26,41,48,30,20,0,20,23,0,8,49,26,48,55,36,18,0,132,8,0,0,6,16,0,0,57,0,0,0,0,57,450,303,17,0,197
4dd56e2432bdc4b073e74856,benchmark://cbench-v1/dijkstra,0,5,-loop-unswitch,True,0.458593,0.458593,bb5e3ba542f913d8,4e47c4203a9c7144,450,450,0.617150,0.614320,2497,2497,57,57,17,17,450,450,303,303,0,0,36,26,6,30,15,3,8,18,0,0,0,57,0,48,18,6,66,105,26,41,48,30,20,0,20,23,0,8,49,26,48,55,36,18,0,132,8,0,0,6,16,0,0,57,0,0,0,0,57,450,303,17,0,197,0,0,36,26,6,30,15,3,8,18,0,0,0,57,0,48,18,6,66,105,26,41,48,30,20,0,20,23,0,8,49,26,48,55,36,18,0,132,8,0,0,6,16,0,0,57,0,0,0,0,57,450,303,17,0,197
4dd56e2432bdc4b073e74856,benchmark://cbench-v1/dijkstra,0,6,-loop-distribute,True,-0.211139,-0.211139,bb5e3ba542f913d8,4e47c4203a9c7144,450,450,0.617150,0.618453,2497,2497,57,57,17,17,450,450,303,303,0,0,36,26,6,30,15,3,8,18,0,0,0,57,0,48,18,6,66,105,26,41,48,30,20,0,20,23,0,8,49,26,48,55,36,18,0,132,8,0,0,6,16,0,0,57,0,0,0,0,57,450,303,17,0,197,0,0,36,26,6,30,15,3,8,18,0,0,0,57,0,48,18,6,66,105,26,41,48,30,20,0,20,23,0,8,49,26,48,55,36,18,0,132,8,0,0,6,16,0,0,57,0,0,0,0,57,450,303,17,0,197
4dd56e2432bdc4b073e74856,benchmark://cbench-v1/dijkstra,0,7,-indvars,True,-0.329607,-0.329607,bb5e3ba542f913d8,4e47c4203a9c7144,450,450,0.617150,0.619184,2497,2497,57,57,17,17,450,450,303,303,0,0,36,26,6,30,15,3,8,18,0,0,0,57,0,48,18,6,66,105,26,41,48,30,20,0,20,23,0,8,49,26,48,55,36,18,0,132,8,0,0,6,16,0,0,57,0,0,0,0,57,450,303,17,0,197,0,0,36,26,6,30,15,3,8,18,0,0,0,57,0,48,18,6,66,105,26,41,48,30,20,0,20,23,0,8,49,26,48,55,36,18,0,132,8,0,0,6,16,0,0,57,0,0,0,0,57,450,303,17,0,197
0e35c0517dc67766345ae4c9,benchmark://cbench-v1/dijkstra,1,0,-licm,True,0.951242,0.951242,4d25c8d4301cec6a,d9e47a6c0afe7ea2,358,373,0.622763,0.616839,2735,3014,57,57,17,17,358,373,230,227,0,0,36,26,6,30,15,3,8,18,0,0,0,57,0,48,18,6,66,92,26,34,44,30,17,0,17,23,0,5,52,16,48,55,28,18,0,67,8,0,0,6,10,0,0,57,0,0,0,0,57,358,230,17,0,116,1,9,36,26,6,30,15,3,8,18,0,10,0,47,10,48,18,6,66,92,26,34,44,30,17,0,17,23,0,6,51,16,48,55,28,18,0,67,8,0,18,6,10,0,0,54,0,0,0,0,57,373,227,17,26,116
0e35c0517dc67766345ae4c9,benchmark://cbench-v1/dijkstra,1,1,-loop-rotate,True,1.018373,1.018373,4d25c8d4301cec6a,ca6b9bc574b04c10,358,403,0.622763,0.616421,2735,3149,57,65,17,17,358,403,230,246,0,0,36,26,6,30,15,3,8,18,0,0,0,57,0,48,18,6,66,92,26,34,44,30,17,0,17,23,0,5,52,16,48,55,28,18,0,67,8,0,0,6,10,0,0,57,0,0,0,0,57,358,230,17,0,116,0,11,36,20,13,30,23,10,8,26,0,11,0,54,11,56,19,22,82,95,26,36,44,30,17,0,17,23,0,5,60,16,56,56,29,26,0,81,8,0,13,6,10,0,0,57,0,0,0,0,65,403,246,17,24,130
0e35c0517dc67766345ae4c9,benchmark://cbench-v1/dijkstra,1,2,-loop-unroll,True,1.737421,1.737421,4d25c8d4301cec6a,174dac530ad09543,358,360,0.622763,0.611943,2735,2735,57,57,17,17,358,360,230,230,0,0,36,26,6,30,15,3,8,18,0,0,0,57,0,48,18,6,66,92,26,34,44,30,17,0,17,23,0,5,52,16,48,55,28,18,0,67,8,0,0,6,10,0,0,57,0,0,0,0,57,358,230,17,0,116,0,2,36,26,6,30,15,3,8,18,0,2,0,55,2,48,18,6,66,92,26,34,44,30,17,0,17,23,0,5,52,16,48,55,28,18,0,67,8,0,2,6,10,0,0,57,0,0,0,0,57,360,230,17,2,116
0e35c0517dc67766345ae4c9,benchmark://cbench-v1/dijkstra,1,3,-loop-vectorize,True,1.471706,1.471706,4d25c8d4301cec6a,ee15652efa44437f,358,359,0.622763,0.613598,2735,2735,57,57,17,17,358,359,230,230,0,0,36,26,6,30,15,3,8,18,0,0,0,57,0,48,18,6,66,92,26,34,44,30,17,0,17,23,0,5,52,16,48,55,28,18,0,67,8,0,0,6,10,0,0,57,0,0,0,0,57,358,230,17,0,116,0,1,36,26,6,30,15,3,8,18,0,1,0,56,1,48,18,6,66,92,26,34,44,30,17,0,17,23,0,5,52,16,48,55,28,18,0,67,8,0,1,6,10,0,0,57,0,0,0,0,57,359,230,17,1,116
0e35c0517dc67766345ae4c9,benchmark://cbench-v1/dijkstra,1,4,-loop-deletion,True,-5.665357,-5.665357,4d25c8d4301cec6a,174dac530ad09543,358,360,0.622763,0.658045,2735,2735,57,57,17,17,358,360,230,230,0,0,36,26,6,30,15,3,8,18,0,0,0,57,0,48,18,6,66,92,26,34,44,30,17,0,17,23,0,5,52,16,48,55,28,18,0,67,8,0,0,6,10,0,0,57,0,0,0,0,57,358,230,17,0,116,0,2,36,26,6,30,15,3,8,18,0,2,0,55,2,48,18,6,66,92,26,34,44,30,17,0,17,23,0,5,52,16,48,55,28,18,0,67,8,0,2,6,10,0,0,57,0,0,0,0,57,360,230,17,2,116
0e35c0517dc67766345ae4c9,benchmark://cbench-v1/dijkstra,1,5,-loop-unswitch,True,-0.289729,-0.289729,4d25c8d4301cec6a,174dac530ad09543,358,360,0.622763,0.624567,2735,2735,57,57,17,17,358,360,230,230,0,0,36,26,6,30,15,3,8,18,0,0,0,57,0,48,18,6,66,92,26,34,44,30,17,0,17,23,0,5,52,16,48,55,28,18,0,67,8,0,0,6,10,0,0,57,0,0,0,0,57,358,230,17,0,116,0,2,36,26,6,30,15,3,8,18,0,2,0,55,2,48,18,6,66,92,26,34,44,30,17,0,17,23,0,5,52,16,48,55,28,18,0,67,8,0,2,6,10,0,0,57,0,0,0,0,57,360,230,17,2,116
0e35c0517dc67766345ae4c9,benchmark://cbench-v1/dijkstra,1,6,-loop-distribute,True,-2.833925,-2.833925,4d25c8d4301cec6a,4d25c8d4301cec6a,358,358,0.622763,0.640412,2735,2735,57,57,17,17,358,358,230,230,0,0,36,26,6,30,15,3,8,18,0,0,0,57,0,48,18,6,66,92,26,34,44,30,17,0,17,23,0,5,52,16,48,55,28,18,0,67,8,0,0,6,10,0,0,57,0,0,0,0,57,358,230,17,0,116,0,0,36,26,6,30,15,3,8,18,0,0,0,57,0,48,18,6,66,92,26,34,44,30,17,0,17,23,0,5,52,16,48,55,28,18,0,67,8,0,0,6,10,0,0,57,0,0,0,0,57,358,230,17,0,116
0e35c0517dc67766345ae4c9,benchmark://cbench-v1/dijkstra,1,7,-indvars,True,-0.271836,-0.271836,4d25c8d4301cec6a,174dac530ad09543,358,360,0.622763,0.624456,2735,2735,57,57,17,17,358,360,230,230,0,0,36,26,6,30,15,3,8,18,0,0,0,57,0,48,18,6,66,92,26,34,44,30,17,0,17,23,0,5,52,16,48,55,28,18,0,67,8,0,0,6,10,0,0,57,0,0,0,0,57,358,230,17,0,116,0,2,36,26,6,30,15,3,8,18,0,2,0,55,2,48,18,6,66,92,26,34,44,30,17,0,17,23,0,5,52,16,48,55,28,18,0,67,8,0,2,6,10,0,0,57,0,0,0,0,57,360,230,17,2,116
d8593fb110fce2f546aa5eb3,benchmark://cbench-v1/dijkstra,2,0,-licm,True,-1.870648,-1.870648,166b5f8b77c34083,166b5f8b77c34083,381,381,0.626877,0.638603,3254,3254,52,52,17,17,381,381,224,224,3,12,31,21,6,25,15,3,8,18,0,13,2,37,15,43,18,5,61,97,27,40,44,25,17,0,17,23,0,8,44,16,43,55,28,18,0,64,8,0,34,6,10,0,0,54,0,0,0,0,52,381,224,17,57,113,3,12,31,21,6,25,15,3,8,18,0,13,2,37,15,43,18,5,61,97,27,40,44,25,17,0,17,23,0,8,44,16,43,55,28,18,0,64,8,0,34,6,10,0,0,54,0,0,0,0,52,381,224,17,57,113
d8593fb110fce2f546aa5eb3,benchmark://cbench-v1/dijkstra,2,1,-loop-rotate,True,2.137632,2.137632,166b5f8b77c34083,657468b379183e7c,381,401,0.626877,0.613476,3254,3488,52,58,17,17,381,401,224,228,3,12,31,21,6,25,15,3,8,18,0,13,2,37,15,43,18,5,61,97,27,40,44,25,17,0,17,23,0,8,44,16,43,55,28,18,0,64,8,0,34,6,10,0,0,54,0,0,0,0,52,381,224,17,57,113,4,15,30,21,6,24,22,3,14,25,0,19,0,39,19,49,19,20,74,103,28,47,44,24,17,0,17,23,0,8,50,16,49,56,28,25,0,67,8,0,37,6,10,0,0,54,0,0,0,0,58,401,228,17,63,116
d8593fb110fce2f546aa5eb3,benchmark://cbench-v1/dijkstra,2,2,-loop-unroll,True,1.596134,1.596134,166b5f8b77c34083,166b5f8b77c34083,381,381,0.626877,0.616871,3254,3254,52,52,17,17,381,381,224,224,3,12,31,21,6,25,15,3,8,18,0,13,2,37,15,43,18,5,61,97,27,40,44,25,17,0,17,23,0,8,44,16,43,55,28,18,0,64,8,0,34,6,10,0,0,54,0,0,0,0,52,381,224,17,57,113,3,12,31,21,6,25,15,3,8,18,0,13,2,37,15,43,18,5,61,97,27,40,44,25,17,0,17,23,0,8,44,16,43,55,28,18,0,64,8,0,34,6,10,0,0,54,0,0,0,0,52,381,224,17,57,113
d8593fb110fce2f546aa5eb3,benchmark://cbench-v1/dijkstra,2,3,-loop-vectorize,True,-1.107127,-1.107127,166b5f8b77c34083,166b5f8b77c34083,381,381,0.626877,0.633817,3254,3254,52,52,17,17,381,381,224,224,3,12,31,21,6,25,15,3,8,18,0,13,2,37,15,43,18,5,61,97,27,40,44,25,17,0,17,23,0,8,44,16,43,55,28,18,0,64,8,0,34,6,10,0,0,54,0,0,0,0,52,381,224,17,57,113,3,12,31,21,6,25,15,3,8,18,0,13,2,37,15,43,18,5,61,97,27,40,44,25,17,0,17,23,0,8,44,16,43,55,28,18,0,64,8,0,34,6,10,0,0,54,0,0,0,0,52,381,224,17,57,113
d8593fb110fce2f546aa5eb3,benchmark://cbench-v1/dijkstra,2,4,-loop-deletion,True,1.240430,1.240430,166b5f8b77c34083,166b5f8b77c34083,381,381,0.626877,0.619101,3254,3254,52,52,17,17,381,381,224,224,3,12,31,21,6,25,15,3,8,18,0,13,2,37,15,43,18,5,61,97,27,40,44,25,17,0,17,23,0,8,44,16,43,55,28,18,0,64,8,0,34,6,10,0,0,54,0,0,0,0,52,381,224,17,57,113,3,12,31,21,6,25,15,3,8,18,0,13,2,37,15,43,18,5,61,97,27,40,44,25,17,0,17,23,0,8,44,16,43,55,28,18,0,64,8,0,34,6,10,0,0,54,0,0,0,0,52,381,224,17,57,113
d8593fb110fce2f546aa5eb3,benchmark://cbench-v1/dijkstra,2,5,-loop-unswitch,True,1.774247,1.774247,166b5f8b77c34083,166b5f8b77c34083,381,381,0.626877,0.615754,3254,3254,52,52,17,17,381,381,224,224,3,12,31,21,6,25,15,3,8,18,0,13,2,37,15,43,18,5,61,97,27,40,44,25,17,0,17,23,0,8,44,16,43,55,28,18,0,64,8,0,34,6,10,0,0,54,0,0,0,0,52,381,224,17,57,113,3,12,31,21,6,25,15,3,8,18,0,13,2,37,15,43,18,5,61,97,27,40,44,25,17,0,17,23,0,8,44,16,43,55,28,18,0,64,8,0,34,6,10,0,0,54,0,0,0,0,52,381,224,17,57,113
d8593fb110fce2f546aa5eb3,benchmark://cbench-v1/dijkstra,2,6,-loop-distribute,True,0.927041,0.927041,166b5f8b77c34083,166b5f8b77c34083,381,381,0.626877,0.621065,3254,3254,52,52,17,17,381,381,224,224,3,12,31,21,6,25,15,3,8,18,0,13,2,37,15,43,18,5,61,97,27,40,44,25,17,0,17,23,0,8,44,16,43,55,28,18,0,64,8,0,34,6,10,0,0,54,0,0,0,0,52,381,224,17,57,113,3,12,31,21,6,25,15,3,8,18,0,13,2,37,15,43,18,5,61,97,27,40,44,25,17,0,17,23,0,8,44,16,43,55,28,18,0,64,8,0,34,6,10,0,0,54,0,0,0,0,52,381,224,17,57,113
d8593fb110fce2f546aa5eb3,benchmark://cbench-v1/dijkstra,2,7,-indvars,True,1.125872,1.125872,166b5f8b77c34083,0024f1bf9f7ef96e,381,379,0.626877,0.619819,3254,3247,52,52,17,17,381,379,224,224,3,12,31,21,6,25,15,3,8,18,0,13,2,37,15,43,18,5,61,97,27,40,44,25,17,0,17,23,0,8,44,16,43,55,28,18,0,64,8,0,34,6,10,0,0,54,0,0,0,0,52,381,224,17,57,113,2,13,31,21,6,25,15,3,8,18,0,13,2,37,15,43,18,5,61,96,26,38,44,25,17,0,17,23,0,8,44,16,43,55,28,18,0,64,8,0,32,6,10,0,0,54,0,0,0,0,52,379,224,17,53,113
be2ca0c67c234cbe84c874a4,benchmark://cbench-v1/jpeg-c,0,0,-licm,True,-3.740091,-3.740091,279418604d1f3237,765c5a3d0b2da471,62452,63657,0.968787,1.005021,224011,363612,5746,5776,423,423,62452,63657,44549,42181,0,45,3549,2418,983,3298,1612,661,802,1984,188,45,0,5701,45,5275,274,1207,7525,21944,6735,12180,5636,3298,1852,195,1445,2751,128,1101,4645,4530,5275,4883,9683,1998,7,19524,479,62,45,395,1356,14,174,7708,399,316,8,739,5746,62452,44549,423,93,29246,324,771,3578,2447,983,3328,1614,662,803,1984,187,792,303,4681,1095,5305,274,1178,7555,21950,6735,12183,5639,3328,1852,195,1445,2751,128,1133,4643,4530,5305,4883,9683,1998,7,17191,479,62,3592,395,1356,14,174,7673,399,316,8,735,5776,63657,42181,423,5563,26909
be2ca0c67c234cbe84c874a4,benchmark://cbench-v1/jpeg-c,0,1,-loop-rotate,True,-5.379136,-5.379136,279418604d1f3237,be63155f61941769,62452,64494,0.968787,1.020899,224011,233939,5746,6223,423,423,62452,64494,44549,45608,0,45,3549,2418,983,3298,1612,661,802,1984,188,45,0,5701,45,5275,274,1207,7525,21944,6735,12180,5636,3298,1852,195,1445,2751,128,1101,4645,4530,5275,4883,9683,1998,7,19524,479,62,45,395,1356,14,174,7708,399,316,8,739,5746,62452,44549,423,93,29246,0,45,3572,2319,1227,3322,2067,908,888,2437,187,45,0,6178,45,5752,277,2090,8455,22442,6754,12439,5647,3322,1875,199,1461,2751,129,1142,5081,4531,5752,4887,9844,2451,7,20395,482,62,45,395,1373,14,174,7731,399,316,10,748,6223,64494,45608,423,93,30144
be2ca0c67c234cbe84c874a4,benchmark://cbench-v1/jpeg-c,0,2,-loop-unroll,True,0.102318,0.102318,279418604d1f3237,a5cd9fa02f6165d7,62452,62482,0.968787,0.967796,224011,224219,5746,5776,423,423,62452,62482,44549,44549,0,45,3549,2418,983,3298,1612,661,802,1984,188,45,0,5701,45,5275,274,1207,7525,21944,6735,12180,5636,3298,1852,195,1445,2751,128,1101,4645,4530,5275,4883,9683,1998,7,19524,479,62,45,395,1356,14,174,7708,399,316,8,739,5746,62452,44549,423,93,29246,0,45,3578,2447,983,3328,1614,662,803,1984,187,45,0,5731,45,5305,274,1178,7555,21944,6735,12180,5636,3328,1852,195,1445,2751,128,1101,4675,4530,5305,4883,9683,1998,7,19524,479,62,45,395,1356,14,174,7708,399,316,8,739,5776,62482,44549,423,93,29246
be2ca0c67c234cbe84c874a4,benchmark://cbench-v1/jpeg-c,0,3,-loop-vectorize,True,-5.536116,-5.536116,279418604d1f3237,a5cd9fa02f6165d7,62452,62482,0.968787,1.022420,224011,224219,5746,5776,423,423,62452,62482,44549,44549,0,45,3549,2418,983,3298,1612,661,802,1984,188,45,0,5701,45,5275,274,1207,7525,21944,6735,12180,5636,3298,1852,195,1445,2751,128,1101,4645,4530,5275,4883,9683,1998,7,19524,479,62,45,395,1356,14,174,7708,399,316,8,739,5746,62452,44549,423,93,29246,0,45,3578,2447,983,3328,1614,662,803,1984,187,45,0,5731,45,5305,274,1178,7555,21944,6735,12180,5636,3328,1852,195,1445,2751,128,1101,4675,4530,5305,4883,9683,1998,7,19524,479,62,45,395,1356,14,174,7708,399,316,8,739,5776,62482,44549,423,93,29246
be2ca0c67c234cbe84c874a4,benchmark://cbench-v1/jpeg-c,0,4,-loop-deletion,True,-2.386076,-2.386076,279418604d1f3237,a5cd9fa02f6165d7,62452,62482,0.968787,0.991903,224011,224219,5746,5776,423,423,62452,62482,44549,44549,0,45,3549,2418,983,3298,1612,661,802,1984,188,45,0,5701,45,5275,274,1207,7525,21944,6735,12180,5636,3298,1852,195,1445,2751,128,1101,4645,4530,5275,4883,9683,1998,7,19524,479,62,45,395,1356,14,174,7708,399,316,8,739,5746,62452,44549,423,93,29246,0,45,3578,2447,983,3328,1614,662,803,1984,187,45,0,5731,45,5305,274,1178,7555,21944,6735,12180,5636,3328,1852,195,1445,2751,128,1101,4675,4530,5305,4883,9683,1998,7,19524,479,62,45,395,1356,14,174,7708,399,316,8,739,5776,62482,44549,423,93,29246
be2ca0c67c234cbe84c874a4,benchmark://cbench-v1/jpeg-c,0,5,-loop-unswitch,True,-1.901219,-1.901219,279418604d1f3237,a5cd9fa02f6165d7,62452,62482,0.968787,0.987206,224011,224219,5746,5776,423,423,62452,62482,44549,44549,0,45,3549,2418,983,3298,1612,661,802,1984,188,45,0,5701,45,5275,274,1207,7525,21944,6735,12180,5636,3298,1852,195,1445,2751,128,1101,4645,4530,5275,4883,9683,1998,7,19524,479,62,45,395,1356,14,174,7708,399,316,8,739,5746,62452,44549,423,93,29246,0,45,3578,2447,983,3328,1614,662,803,1984,187,45,0,5731,45,5305,274,1178,7555,21944,6735,12180,5636,3328,1852,195,1445,2751,128,1101,4675,4530,5305,4883,9683,1998,7,19524,479,62,45,395,1356,14,174,7708,399,316,8,739,5776,62482,44549,423,93,29246
be2ca0c67c234cbe84c874a4,benchmark://cbench-v1/jpeg-c,0,6,-loop-distribute,True,-3.216312,-3.216312,279418604d1f3237,8653bf54fce8c1eb,62452,62452,0.968787,0.999946,224011,224011,5746,5746,423,423,62452,62452,44549,44549,0,45,3549,2418,983,3298,1612,661,802,1984,188,45,0,5701,45,5275,274,1207,7525,21944,6735,12180,5636,3298,1852,195,1445,2751,128,1101,4645,4530,5275,4883,9683,1998,7,19524,479,62,45,395,1356,14,174,7708,399,316,8,739,5746,62452,44549,423,93,29246,0,45,3549,2418,983,3298,1612,661,802,1984,188,45,0,5701,45,5275,274,1207,7525,21944,6735,12180,5636,3298,1852,195,1445,2751,128,1101,4645,4530,5275,4883,9683,1998,7,19524,479,62,45,395,1356,14,174,7708,399,316,8,739,5746,62452,44549,423,93,29246
be2ca0c67c234cbe84c874a4,benchmark://cbench-v1/jpeg-c,0,7,-indvars,True,-1.378395,-1.378395,279418604d1f3237,432785ada864a96b,62452,62482,0.968787,0.982141,224011,224219,5746,5776,423,423,62452,62482,44549,44549,0,45,3549,2418,983,3298,1612,661,802,1984,188,45,0,5701,45,5275,274,1207,7525,21944,6735,12180,5636,3298,1852,195,1445,2751,128,1101,4645,4530,5275,4883,9683,1998,7,19524,479,62,45,395,1356,14,174,7708,399,316,8,739,5746,62452,44549,423,93,29246,0,45,3578,2447,983,3328,1614,662,803,1984,187,45,0,5731,45,5305,274,1178,7555,21944,6735,12180,5636,3328,1852,195,1445,2751,128,1101,4675,4530,5305,4883,9683,1998,7,19524,479,62,45,395,1356,14,174,7708,399,316,8,739,5776,62482,44549,423,93,29246
c99e956039e9f6f26d795b1b,benchmark://cbench-v1/jpeg-c,1,0,-licm,True,2.042712,2.042712,4a881041ba76c1c3,d8b5e2c1847cd954,46665,50908,1.034631,1.013497,251545,391828,5746,5776,423,423,46665,50908,31101,31164,0,45,3549,2418,983,3298,1612,661,802,1984,188,45,0,5701,45,5275,274,1207,7525,18652,6242,9555,5411,3298,1787,190,1424,2751,128,790,4956,2733,5275,4880,7635,1964,7,8126,447,62,45,395,1023,14,162,7709,383,300,8,666,5746,46665,31101,423,93,15629,360,801,3578,2447,983,3328,1614,662,803,1984,187,811,350,4615,1161,5305,274,1178,7555,18662,6244,9560,5418,3328,1787,190,1424,2751,128,870,4906,2734,5305,4880,7637,1964,7,8310,447,62,4198,395,1023,14,162,7586,383,300,8,662,5776,50908,31164,423,6410,15810
c99e956039e9f6f26d795b1b,benchmark://cbench-v1/jpeg-c,1,1,-loop-rotate,True,4.417671,4.417671,4a881041ba76c1c3,786ea3b4c009877e,46665,49076,1.034631,0.988925,251545,281302,5746,6223,423,423,46665,49076,31101,31840,0,45,3549,2418,983,3298,1612,661,802,1984,188,45,0,5701,45,5275,274,1207,7525,18652,6242,9555,5411,3298,1787,190,1424,2751,128,790,4956,2733,5275,4880,7635,1964,7,8126,447,62,45,395,1023,14,162,7709,383,300,8,666,5746,46665,31101,423,93,15629,6,642,3572,2319,1227,3322,2067,908,888,2437,187,646,2,5575,648,5752,277,2090,8455,18945,6258,9705,5419,3322,1807,194,1439,2751,129,828,5395,2734,5752,4884,7692,2417,7,8781,447,62,742,395,1037,14,162,7732,383,300,10,674,6223,49076,31840,423,1373,16307
c99e956039e9f6f26d795b1b,benchmark://cbench-v1/jpeg-c,1,2,-loop-unroll,True,1.532258,1.532258,4a881041ba76c1c3,f0a481696880b0aa,46665,46821,1.034631,1.018778,251545,253881,5746,5776,423,423,46665,46821,31101,31101,0,45,3549,2418,983,3298,1612,661,802,1984,188,45,0,5701,45,5275,274,1207,7525,18652,6242,9555,5411,3298,1787,190,1424,2751,128,790,4956,2733,5275,4880,7635,1964,7,8126,447,62,45,395,1023,14,162,7709,383,300,8,666,5746,46665,31101,423,93,15629,0,136,3578,2447,983,3328,1614,662,803,1984,187,135,1,5640,136,5305,274,1178,7555,18652,6242,9555,5411,3328,1787,190,1424,2751,128,791,4985,2733,5305,4880,7635,1964,7,8126,447,62,171,395,1023,14,162,7709,383,300,8,666,5776,46821,31101,423,224,15629
c99e956039e9f6f26d795b1b,benchmark://cbench-v1/jpeg-c,1,3,-loop-vectorize,True,0.088218,0.088218,4a881041ba76c1c3,eeeb61ff2b09e6e7,46665,46782,1.034631,1.033719,251545,253273,5746,5776,423,423,46665,46782,31101,31101,0,45,3549,2418,983,3298,1612,661,802,1984,188,45,0,5701,45,5275,274,1207,7525,18652,6242,9555,5411,3298,1787,190,1424,2751,128,790,4956,2733,5275,4880,7635,1964,7,8126,447,62,45,395,1023,14,162,7709,383,300,8,666,5746,46665,31101,423,93,15629,0,109,3578,2447,983,3328,1614,662,803,1984,187,108,1,5667,109,5305,274,1178,7555,18652,6242,9555,5411,3328,1787,190,1424,2751,128,791,4985,2733,5305,4880,7635,1964,7,8126,447,62,132,395,1023,14,162,7709,383,300,8,666,5776,46782,31101,423,184,15629
c99e956039e9f6f26d795b1b,benchmark://cbench-v1/jpeg-c,1,4,-loop-deletion,True,0.869799,0.869799,4a881041ba76c1c3,525ae2b162170f77,46665,46821,1.034631,1.025632,251545,253881,5746,5776,423,423,46665,46821,31101,31101,0,45,3549,2418,983,3298,1612,661,802,1984,188,45,0,5701,45,5275,274,1207,7525,18652,6242,9555,5411,3298,1787,190,1424,2751,128,790,4956,2733,5275,4880,7635,1964,7,8126,447,62,45,395,1023,14,162,7709,383,300,8,666,5746,46665,31101,423,93,15629,0,136,3578,2447,983,3328,1614,662,803,1984,187,135,1,5640,136,5305,274,1178,7555,18652,6242,9555,5411,3328,1787,190,1424,2751,128,791,4985,2733,5305,4880,7635,1964,7,8126,447,62,171,395,1023,14,162,7709,383,300,8,666,5776,46821,31101,423,224,15629
c99e956039e9f6f26d795b1b,benchmark://cbench-v1/jpeg-c,1,5,-loop-unswitch,True,6.706234,6.706234,4a881041ba76c1c3,6d94d1b735c40aff,46665,47873,1.034631,0.965247,251545,261609,5746,6046,423,423,46665,47873,31101,31667,0,45,3549,2418,983,3298,1612,661,802,1984,188,45,0,5701,45,5275,274,1207,7525,18652,6242,9555,5411,3298,1787,190,1424,2751,128,790,4956,2733,5275,4880,7635,1964,7,8126,447,62,45,395,1023,14,162,7709,383,300,8,666,5746,46665,31101,423,93,15629,0,152,3761,2598,1020,3507,1697,694,849,2075,191,151,1,5894,152,5575,278,1214,7916,18994,6310,9806,5485,3507,1822,190,1461,2751,129,805,5241,2766,5575,4917,7826,2022,8,8331,452,62,187,395,1050,14,162,7842,393,304,8,688,6046,47873,31667,423,252,15920
c99e956039e9f6f26d795b1b,benchmark://cbench-v1/jpeg-c,1,6,-loop-distribute,True,-3.440281,-3.440281,4a881041ba76c1c3,4a881041ba76c1c3,46665,46665,1.034631,1.070226,251545,251545,5746,5746,423,423,46665,46665,31101,31101,0,45,3549,2418,983,3298,1612,661,802,1984,188,45,0,5701,45,5275,274,1207,7525,18652,6242,9555,5411,3298,1787,190,1424,2751,128,790,4956,2733,5275,4880,7635,1964,7,8126,447,62,45,395,1023,14,162,7709,383,300,8,666,5746,46665,31101,423,93,15629,0,45,3549,2418,983,3298,1612,661,802,1984,188,45,0,5701,45,5275,274,1207,7525,18652,6242,9555,5411,3298,1787,190,1424,2751,128,790,4956,2733,5275,4880,7635,1964,7,8126,447,62,45,395,1023,14,162,7709,383,300,8,666,5746,46665,31101,423,93,15629
c99e956039e9f6f26d795b1b,benchmark://cbench-v1/jpeg-c,1,7,-indvars,True,2.890119,2.890119,4a881041ba76c1c3,a7b42e0b6ce08222,46665,46820,1.034631,1.004729,251545,253721,5746,5776,423,423,46665,46820,31101,31104,0,45,3549,2418,983,3298,1612,661,802,1984,188,45,0,5701,45,5275,274,1207,7525,18652,6242,9555,5411,3298,1787,190,1424,2751,128,790,4956,2733,5275,4880,7635,1964,7,8126,447,62,45,395,1023,14,162,7709,383,300,8,666,5746,46665,31101,423,93,15629,0,133,3578,2447,983,3328,1614,662,803,1984,187,132,1,5643,133,5305,274,1178,7555,18655,6245,9558,5411,3328,1787,190,1424,2751,128,791,4985,2733,5305,4880,7638,1964,7,8126,447,62,166,395,1024,14,162,7709,383,300,8,666,5776,46820,31104,423,219,15630
02117dd9460330f573bd9618,benchmark://cbench-v1/jpeg-c,2,0,-licm,True,0.649700,0.649700,da832a7e43f51542,6cb056cc1f225f76,49439,49428,1.008635,1.002082,410284,410092,5284,5284,423,423,49439,49428,29121,29121,523,1010,3086,1999,940,2836,1614,627,837,1984,187,1044,489,3751,1533,4813,274,1141,7063,18842,6247,9790,5517,2836,1807,190,1440,2751,128,850,4434,2672,4813,4880,7314,1963,7,6513,490,62,5327,395,1014,14,122,7663,379,300,8,656,5284,49439,29121,423,9244,13936,523,1007,3086,1999,940,2836,1614,627,837,1984,187,1043,487,3754,1530,4813,274,1141,7063,18842,6247,9790,5517,2836,1807,190,1440,2751,128,850,4434,2673,4813,4880,7314,1963,7,6513,490,62,5315,395,1014,14,122,7663,379,300,8,656,5284,49428,29121,423,9232,13937
02117dd9460330f573bd9618,benchmark://cbench-v1/jpeg-c,2,1,-loop-rotate,True,6.930502,6.930502,da832a7e43f51542,57fa9b81b1660cd4,49439,50610,1.008635,0.938732,410284,426574,5284,5503,423,423,49439,50610,29121,29307,523,1010,3086,1999,940,2836,1614,627,837,1984,187,1044,489,3751,1533,4813,274,1141,7063,18842,6247,9790,5517,2836,1807,190,1440,2751,128,850,4434,2672,4813,4880,7314,1963,7,6513,490,62,5327,395,1014,14,122,7663,379,300,8,656,5284,49439,29121,423,9244,13936,605,1204,2966,2069,843,2716,1953,538,1172,2323,187,1301,508,3694,1809,5032,277,1939,7621,19170,6269,10080,5535,2716,1822,190,1455,2751,128,907,4596,2673,5032,4884,7343,2302,7,6653,490,62,5722,395,1024,14,122,7676,379,300,10,660,5503,50610,29307,423,10044,14091
02117dd9460330f573bd9618,benchmark://cbench-v1/jpeg-c,2,2,-loop-unroll,True,-2.282047,-2.282047,da832a7e43f51542,73b433064e30309c,49439,50834,1.008635,1.031653,410284,417716,5284,5574,423,423,49439,50834,29121,30072,523,1010,3086,1999,940,2836,1614,627,837,1984,187,1044,489,3751,1533,4813,274,1141,7063,18842,6247,9790,5517,2836,1807,190,1440,2751,128,850,4434,2672,4813,4880,7314,1963,7,6513,490,62,5327,395,1014,14,122,7663,379,300,8,656,5284,49439,29121,423,9244,13936,515,1004,3364,2196,998,3052,1626,646,822,2027,187,1032,487,4055,1519,5072,278,1182,7365,18962,6968,10244,5634,3052,1854,196,1465,2751,134,854,4720,2680,5072,4923,7749,1975,7,6655,498,68,5283,395,1021,14,124,7994,381,310,8,692,5574,50834,30072,423,9139,14169
02117dd9460330f573bd9618,benchmark://cbench-v1/jpeg-c,2,3,-loop-vectorize,True,0.145347,0.145347,da832a7e43f51542,da832a7e43f51542,49439,49439,1.008635,1.007169,410284,410284,5284,5284,423,423,49439,49439,29121,29121,523,1010,3086,1999,940,2836,1614,627,837,1984,187,1044,489,3751,1533,4813,274,1141,7063,18842,6247,9790,5517,2836,1807,190,1440,2751,128,850,4434,2672,4813,4880,7314,1963,7,6513,490,62,5327,395,1014,14,122,7663,379,300,8,656,5284,49439,29121,423,9244,13936,523,1010,3086,1999,940,2836,1614,627,837,1984,187,1044,489,3751,1533,4813,274,1141,7063,18842,6247,9790,5517,2836,1807,190,1440,2751,128,850,4434,2672,4813,4880,7314,1963,7,6513,490,62,5327,395,1014,14,122,7663,379,300,8,656,5284,49439,29121,423,9244,13936
02117dd9460330f573bd9618,benchmark://cbench-v1/jpeg-c,2,4,-loop-deletion,True,-1.936546,-1.936546,da832a7e43f51542,da832a7e43f51542,49439,49439,1.008635,1.028168,410284,410284,5284,5284,423,423,49439,49439,29121,29121,523,1010,3086,1999,940,2836,1614,627,837,1984,187,1044,489,3751,1533,4813,274,1141,7063,18842,6247,9790,5517,2836,1807,190,1440,2751,128,850,4434,2672,4813,4880,7314,1963,7,6513,490,62,5327,395,1014,14,122,7663,379,300,8,656,5284,49439,29121,423,9244,13936,523,1010,3086,1999,940,2836,1614,627,837,1984,187,1044,489,3751,1533,4813,274,1141,7063,18842,6247,9790,5517,2836,1807,190,1440,2751,128,850,4434,2672,4813,4880,7314,1963,7,6513,490,62,5327,395,1014,14,122,7663,379,300,8,656,5284,49439,29121,423,9244,13936
02117dd9460330f573bd9618,benchmark://cbench-v1/jpeg-c,2,5,-loop-unswitch,True,-2.440653,-2.440653,da832a7e43f51542,ca90b46e822c6ddb,49439,50954,1.008635,1.033253,410284,431492,5284,5595,423,423,49439,50954,29121,29595,523,1010,3086,1999,940,2836,1614,627,837,1984,187,1044,489,3751,1533,4813,274,1141,7063,18842,6247,9790,5517,2836,1807,190,1440,2751,128,850,4434,2672,4813,4880,7314,1963,7,6513,490,62,5327,395,1014,14,122,7663,379,300,8,656,5284,49439,29121,423,9244,13936,581,1073,3289,2160,987,3035,1718,669,894,2096,191,1106,548,3941,1654,5124,278,1180,7486,19132,6333,10029,5596,3035,1852,190,1492,2751,129,863,4732,2692,5124,4923,7472,2035,8,6696,498,62,5826,395,1049,14,123,7753,388,305,8,681,5595,50954,29595,423,10119,14204
02117dd9460330f573bd9618,benchmark://cbench-v1/jpeg-c,2,6,-loop-distribute,True,-0.303866,-0.303866,da832a7e43f51542,da832a7e43f51542,49439,49439,1.008635,1.011700,410284,410284,5284,5284,423,423,49439,49439,29121,29121,523,1010,3086,1999,940,2836,1614,627,837,1984,187,1044,489,3751,1533,4813,274,1141,7063,18842,6247,9790,5517,2836,1807,190,1440,2751,128,850,4434,2672,4813,4880,7314,1963,7,6513,490,62,5327,395,1014,14,122,7663,379,300,8,656,5284,49439,29121,423,9244,13936,523,1010,3086,1999,940,2836,1614,627,837,1984,187,1044,489,3751,1533,4813,274,1141,7063,18842,6247,9790,5517,2836,1807,190,1440,2751,128,850,4434,2672,4813,4880,7314,1963,7,6513,490,62,5327,395,1014,14,122,7663,379,300,8,656,5284,49439,29121,423,9244,13936
02117dd9460330f573bd9618,benchmark://cbench-v1/jpeg-c,2,7,-indvars,True,-5.705353,-5.705353,da832a7e43f51542,87ba958a1b29b540,49439,49633,1.008635,1.066182,410284,417131,5284,5284,423,423,49439,49633,29121,29119,523,1010,3086,1999,940,2836,1614,627,837,1984,187,1044,489,3751,1533,4813,274,1141,7063,18842,6247,9790,5517,2836,1807,190,1440,2751,128,850,4434,2672,4813,4880,7314,1963,7,6513,490,62,5327,395,1014,14,122,7663,379,300,8,656,5284,49439,29121,423,9244,13936,516,1007,3086,1999,940,2836,1614,627,837,1984,187,1053,470,3761,1523,4813,274,1141,7063,18279,6852,9773,5554,2836,1859,190,1497,2751,128,850,4434,2673,4813,4880,7316,1963,7,6509,492,62,5228,395,936,14,123,7663,379,597,8,671,5284,49633,29119,423,9085,14167
5e55544c9385fe58406714f1,benchmark://cbench-v1/bzip2,0,0,-licm,True,-2.927414,-2.927414,28b8313d444ad26a,3b0a61d4efa7dd5f,28748,29226,1.009892,1.039456,122613,154107,3311,3330,153,153,28748,29226,19304,19047,0,16,2242,1401,769,1872,856,422,378,1248,102,16,0,3295,16,3117,309,704,4529,9201,2218,5042,2319,1872,1452,51,1053,773,151,396,2912,926,3117,1647,4146,1294,104,9363,30,98,16,101,782,17,147,3375,279,172,36,940,3311,28748,19304,153,32,12966,55,333,2250,1409,769,1891,872,435,380,1248,97,344,44,2942,388,3136,309,696,4548,9203,2218,5042,2321,1891,1452,51,1053,773,151,394,2933,926,3136,1647,4146,1294,104,9003,30,98,742,101,782,17,147,3478,279,172,36,930,3330,29226,19047,153,1123,12596
5e55544c9385fe58406714f1,benchmark://cbench-v1/bzip2,0,1,-loop-rotate,True,0.411645,0.411645,28b8313d444ad26a,2e9f208f3aa936e9,28748,29429,1.009892,1.005735,122613,126134,3311,3474,153,153,28748,29429,19304,19613,0,16,2242,1401,769,1872,856,422,378,1248,102,16,0,3295,16,3117,309,704,4529,9201,2218,5042,2319,1872,1452,51,1053,773,151,396,2912,926,3117,1647,4146,1294,104,9363,30,98,16,101,782,17,147,3375,279,172,36,940,3311,28748,19304,153,32,12966,0,16,2239,1335,847,1880,1027,522,433,1403,97,16,0,3458,16,3280,310,1017,4847,9314,2236,5108,2327,1880,1465,58,1053,773,156,414,3057,926,3280,1648,4182,1449,104,9635,30,98,16,101,808,17,149,3375,281,173,37,950,3474,29429,19613,153,32,13275
5e55544c9385fe58406714f1,benchmark://cbench-v1/bzip2,0,2,-loop-unroll,True,-0.094001,-0.094001,28b8313d444ad26a,6c8ec806114e8ae0,28748,28767,1.009892,1.010842,122613,122661,3311,3330,153,153,28748,28767,19304,19304,0,16,2242,1401,769,1872,856,422,378,1248,102,16,0,3295,16,3117,309,704,4529,9201,2218,5042,2319,1872,1452,51,1053,773,151,396,2912,926,3117,1647,4146,1294,104,9363,30,98,16,101,782,17,147,3375,279,172,36,940,3311,28748,19304,153,32,12966,0,16,2250,1409,769,1891,872,435,380,1248,97,16,0,3314,16,3136,309,696,4548,9201,2218,5042,2319,1891,1452,51,1053,773,151,396,2931,926,3136,1647,4146,1294,104,9363,30,98,16,101,782,17,147,3375,279,172,36,940,3330,28767,19304,153,32,12966
5e55544c9385fe58406714f1,benchmark://cbench-v1/bzip2,0,3,-loop-vectorize,True,1.007703,1.007703,28b8313d444ad26a,6c8ec806114e8ae0,28748,28767,1.009892,0.999716,122613,122661,3311,3330,153,153,28748,28767,19304,19304,0,16,2242,1401,769,1872,856,422,378,1248,102,16,0,3295,16,3117,309,704,4529,9201,2218,5042,2319,1872,1452,51,1053,773,151,396,2912,926,3117,1647,4146,1294,104,9363,30,98,16,101,782,17,147,3375,279,172,36,940,3311,28748,19304,153,32,12966,0,16,2250,1409,769,1891,872,435,380,1248,97,16,0,3314,16,3136,309,696,4548,9201,2218,5042,2319,1891,1452,51,1053,773,151,396,2931,926,3136,1647,4146,1294,104,9363,30,98,16,101,782,17,147,3375,279,172,36,940,3330,28767,19304,153,32,12966
5e55544c9385fe58406714f1,benchmark://cbench-v1/bzip2,0,4,-loop-deletion,True,1.030322,1.030322,28b8313d444ad26a,6c8ec806114e8ae0,28748,28767,1.009892,0.999487,122613,122661,3311,3330,153,153,28748,28767,19304,19304,0,16,2242,1401,769,1872,856,422,378,1248,102,16,0,3295,16,3117,309,704,4529,9201,2218,5042,2319,1872,1452,51,1053,773,151,396,2912,926,3117,1647,4146,1294,104,9363,30,98,16,101,782,17,147,3375,279,172,36,940,3311,28748,19304,153,32,12966,0,16,2250,1409,769,1891,872,435,380,1248,97,16,0,3314,16,3136,309,696,4548,9201,2218,5042,2319,1891,1452,51,1053,773,151,396,2931,926,3136,1647,4146,1294,104,9363,30,98,16,101,782,17,147,3375,279,172,36,940,3330,28767,19304,153,32,12966
5e55544c9385fe58406714f1,benchmark://cbench-v1/bzip2,0,5,-loop-unswitch,True,-0.013725,-0.013725,28b8313d444ad26a,6c8ec806114e8ae0,28748,28767,1.009892,1.010031,122613,122661,3311,3330,153,153,28748,28767,19304,19304,0,16,2242,1401,769,1872,856,422,378,1248,102,16,0,3295,16,3117,309,704,4529,9201,2218,5042,2319,1872,1452,51,1053,773,151,396,2912,926,3117,1647,4146,1294,104,9363,30,98,16,101,782,17,147,3375,279,172,36,940,3311,28748,19304,153,32,12966,0,16,2250,1409,769,1891,872,435,380,1248,97,16,0,3314,16,3136,309,696,4548,9201,2218,5042,2319,1891,1452,51,1053,773,151,396,2931,926,3136,1647,4146,1294,104,9363,30,98,16,101,782,17,147,3375,279,172,36,940,3330,28767,19304,153,32,12966
5e55544c9385fe58406714f1,benchmark://cbench-v1/bzip2,0,6,-loop-distribute,True,0.794439,0.794439,28b8313d444ad26a,222d84e0877aa779,28748,28748,1.009892,1.001869,122613,122613,3311,3311,153,153,28748,28748,19304,19304,0,16,2242,1401,769,1872,856,422,378,1248,102,16,0,3295,16,3117,309,704,4529,9201,2218,5042,2319,1872,1452,51,1053,773,151,396,2912,926,3117,1647,4146,1294,104,9363,30,98,16,101,782,17,147,3375,279,172,36,940,3311,28748,19304,153,32,12966,0,16,2242,1401,769,1872,856,422,378,1248,102,16,0,3295,16,3117,309,704,4529,9201,2218,5042,2319,1872,1452,51,1053,773,151,396,2912,926,3117,1647,4146,1294,104,9363,30,98,16,101,782,17,147,3375,279,172,36,940,3311,28748,19304,153,32,12966
5e55544c9385fe58406714f1,benchmark://cbench-v1/bzip2,0,7,-indvars,True,1.826086,1.826086,28b8313d444ad26a,6c8ec806114e8ae0,28748,28767,1.009892,0.991451,122613,122661,3311,3330,153,153,28748,28767,19304,19304,0,16,2242,1401,769,1872,856,422,378,1248,102,16,0,3295,16,3117,309,704,4529,9201,2218,5042,2319,1872,1452,51,1053,773,151,396,2912,926,3117,1647,4146,1294,104,9363,30,98,16,101,782,17,147,3375,279,172,36,940,3311,28748,19304,153,32,12966,0,16,2250,1409,769,1891,872,435,380,1248,97,16,0,3314,16,3136,309,696,4548,9201,2218,5042,2319,1891,1452,51,1053,773,151,396,2931,926,3136,1647,4146,1294,104,9363,30,98,16,101,782,17,147,3375,279,172,36,940,3330,28767,19304,153,32,12966
3165480f8761fd38fb79eee1,benchmark://cbench-v1/bzip2,1,0,-licm,True,3.940495,3.940495,8883346ec62a8bcc,314f5415d583001c,21387,22680,1.020269,0.980065,129948,163774,3311,3330,153,153,21387,22680,12992,12994,0,16,2242,1401,769,1872,856,422,378,1248,102,16,0,3295,16,3117,308,704,4529,7127,1919,3505,2244,1872,1365,41,1026,773,141,237,3071,486,3117,1647,2883,1252,104,4320,25,98,16,101,615,17,144,3369,212,170,36,664,3311,21387,12992,153,32,7038,86,444,2250,1409,769,1891,872,435,380,1248,97,439,91,2800,530,3136,308,696,4548,7129,1919,3505,2246,1891,1365,41,1026,773,141,285,3042,486,3136,1647,2883,1252,104,4265,25,98,1288,101,615,17,144,3426,212,170,36,664,3330,22680,12994,153,1867,6983
3165480f8761fd38fb79eee1,benchmark://cbench-v1/bzip2,1,1,-loop-rotate,True,2.028543,2.028543,8883346ec62a8bcc,086e72891c3ee864,21387,22470,1.020269,0.999572,129948,140958,3311,3480,153,153,21387,22470,12992,13255,0,16,2242,1401,769,1872,856,422,378,1248,102,16,0,3295,16,3117,308,704,4529,7127,1919,3505,2244,1872,1365,41,1026,773,141,237,3071,486,3117,1647,2883,1252,104,4320,25,98,16,101,615,17,144,3369,212,170,36,664,3311,21387,12992,153,32,7038,6,298,2242,1335,850,1883,1030,525,433,1406,97,301,3,3176,304,3286,312,1020,4856,7227,1934,3565,2251,1883,1377,48,1029,773,146,303,3174,486,3286,1651,2913,1410,104,4549,25,98,452,101,641,17,146,3369,216,171,37,672,3480,22470,13255,153,670,7302
3165480f8761fd38fb79eee1,benchmark://cbench-v1/bzip2,1,2,-loop-unroll,True,3.155354,3.155354,8883346ec62a8bcc,0572b7cbcb967c33,21387,21654,1.020269,0.988076,129948,132532,3311,3330,153,153,21387,21654,12992,12992,0,16,2242,1401,769,1872,856,422,378,1248,102,16,0,3295,16,3117,308,704,4529,7127,1919,3505,2244,1872,1365,41,1026,773,141,237,3071,486,3117,1647,2883,1252,104,4320,25,98,16,101,615,17,144,3369,212,170,36,664,3311,21387,12992,153,32,7038,2,135,2250,1409,769,1891,872,435,380,1248,97,134,3,3193,137,3136,308,696,4548,7127,1919,3505,2244,1891,1365,41,1026,773,141,278,3049,486,3136,1647,2883,1252,104,4320,25,98,264,101,615,17,144,3369,212,170,36,664,3330,21654,12992,153,294,7038
3165480f8761fd38fb79eee1,benchmark://cbench-v1/bzip2,1,3,-loop-vectorize,True,2.557185,2.557185,8883346ec62a8bcc,2916f5e3def1cf51,21387,21644,1.020269,0.994178,129948,132324,3311,3330,153,153,21387,21644,12992,12992,0,16,2242,1401,769,1872,856,422,378,1248,102,16,0,3295,16,3117,308,704,4529,7127,1919,3505,2244,1872,1365,41,1026,773,141,237,3071,486,3117,1647,2883,1252,104,4320,25,98,16,101,615,17,144,3369,212,170,36,664,3311,21387,12992,153,32,7038,2,126,2250,1409,769,1891,872,435,380,1248,97,125,3,3202,128,3136,308,696,4548,7127,1919,3505,2244,1891,1365,41,1026,773,141,278,3049,486,3136,1647,2883,1252,104,4320,25,98,254,101,615,17,144,3369,212,170,36,664,3330,21644,12992,153,278,7038
3165480f8761fd38fb79eee1,benchmark://cbench-v1/bzip2,1,4,-loop-deletion,True,3.596116,3.596116,8883346ec62a8bcc,d85da96a0b6efc97,21387,21654,1.020269,0.983579,129948,132532,3311,3330,153,153,21387,21654,12992,12992,0,16,2242,1401,769,1872,856,422,378,1248,102,16,0,3295,16,3117,308,704,4529,7127,1919,3505,2244,1872,1365,41,1026,773,141,237,3071,486,3117,1647,2883,1252,104,4320,25,98,16,101,615,17,144,3369,212,170,36,664,3311,21387,12992,153,32,7038,2,135,2250,1409,769,1891,872,435,380,1248,97,134,3,3193,137,3136,308,696,4548,7127,1919,3505,2244,1891,1365,41,1026,773,141,278,3049,486,3136,1647,2883,1252,104,4320,25,98,264,101,615,17,144,3369,212,170,36,664,3330,21654,12992,153,294,7038
3165480f8761fd38fb79eee1,benchmark://cbench-v1/bzip2,1,5,-loop-unswitch,True,3.793037,3.793037,8883346ec62a8bcc,8bb7b0a5fc04b5d6,21387,21759,1.020269,0.981569,129948,133524,3311,3396,153,153,21387,21759,12992,13028,0,16,2242,1401,769,1872,856,422,378,1248,102,16,0,3295,16,3117,308,704,4529,7127,1919,3505,2244,1872,1365,41,1026,773,141,237,3071,486,3117,1647,2883,1252,104,4320,25,98,16,101,615,17,144,3369,212,170,36,664,3311,21387,12992,153,32,7038,2,135,2292,1441,779,1942,896,454,382,1260,97,134,3,3259,137,3199,308,696,4638,7178,1919,3526,2260,1942,1365,41,1026,773,141,278,3115,486,3199,1647,2898,1255,104,4329,25,98,264,101,615,17,144,3381,212,170,36,664,3396,21759,13028,153,294,7047
3165480f8761fd38fb79eee1,benchmark://cbench-v1/bzip2,1,6,-loop-distribute,True,-3.847902,-3.847902,8883346ec62a8bcc,8883346ec62a8bcc,21387,21387,1.020269,1.059528,129948,129948,3311,3311,153,153,21387,21387,12992,12992,0,16,2242,1401,769,1872,856,422,378,1248,102,16,0,3295,16,3117,308,704,4529,7127,1919,3505,2244,1872,1365,41,1026,773,141,237,3071,486,3117,1647,2883,1252,104,4320,25,98,16,101,615,17,144,3369,212,170,36,664,3311,21387,12992,153,32,7038,0,16,2242,1401,769,1872,856,422,378,1248,102,16,0,3295,16,3117,308,704,4529,7127,1919,3505,2244,1872,1365,41,1026,773,141,237,3071,486,3117,1647,2883,1252,104,4320,25,98,16,101,615,17,144,3369,212,170,36,664,3311,21387,12992,153,32,7038
3165480f8761fd38fb79eee1,benchmark://cbench-v1/bzip2,1,7,-indvars,True,4.082847,4.082847,8883346ec62a8bcc,e28dc7ff385338a0,21387,21654,1.020269,0.978613,129948,132500,3311,3330,153,153,21387,21654,12992,12992,0,16,2242,1401,769,1872,856,422,378,1248,102,16,0,3295,16,3117,308,704,4529,7127,1919,3505,2244,1872,1365,41,1026,773,141,237,3071,486,3117,1647,2883,1252,104,4320,25,98,16,101,615,17,144,3369,212,170,36,664,3311,21387,12992,153,32,7038,2,135,2250,1409,769,1891,872,435,380,1248,97,134,3,3193,137,3136,308,696,4548,7127,1919,3505,2244,1891,1365,41,1026,773,141,278,3049,487,3136,1647,2883,1252,104,4320,25,98,263,101,615,17,144,3369,212,170,36,664,3330,21654,12992,153,293,7039
b37284f09979d0058e1ed8d2,benchmark://cbench-v1/bzip2,2,0,-licm,True,-4.500043,-4.500043,d78e0cfadd791356,6bb40dd55ca76a31,21049,22661,1.047240,1.094366,199809,229423,3081,3098,153,153,21049,22661,11736,12018,111,425,2012,1253,687,1642,856,346,454,1248,102,468,68,2545,536,2887,308,645,4299,7191,1896,3523,2364,1642,1347,39,1014,773,141,273,2805,479,2887,1647,2683,1198,104,3264,24,98,1272,101,597,17,142,3369,201,170,36,663,3081,21049,11736,153,4716,5956,227,647,2017,1258,687,1660,875,358,460,1247,95,669,205,2224,874,2904,308,638,4315,7179,1894,3514,2362,1660,1347,39,1014,773,141,304,2791,479,2904,1647,2675,1198,104,3435,24,99,2584,101,593,17,142,3488,201,174,36,663,3098,22661,12018,153,6361,6127
b37284f09979d0058e1ed8d2,benchmark://cbench-v1/bzip2,2,1,-loop-rotate,True,-9.155475,-9.155475,d78e0cfadd791356,c7f175461e2afe7b,21049,22624,1.047240,1.143119,199809,221416,3081,3246,153,153,21049,22624,11736,11942,111,425,2012,1253,687,1642,856,346,454,1248,102,468,68,2545,536,2887,308,645,4299,7191,1896,3523,2364,1642,1347,39,1014,773,141,273,2805,479,2887,1647,2683,1198,104,3264,24,98,1272,101,597,17,142,3369,201,170,36,663,3081,21049,11736,153,4716,5956,237,638,1981,1305,613,1622,1057,291,700,1433,97,757,118,2371,875,3052,316,1046,4649,7472,1910,3696,2394,1622,1360,46,1017,773,146,312,2931,479,3052,1657,2765,1384,104,3369,24,99,2230,101,620,17,144,3378,205,171,37,676,3246,22624,11942,153,6043,6098
b37284f09979d0058e1ed8d2,benchmark://cbench-v1/bzip2,2,2,-loop-unroll,True,-3.395956,-3.395956,d78e0cfadd791356,a90016b9fb6f8158,21049,21956,1.047240,1.082804,199809,209049,3081,3159,153,153,21049,21956,11736,11980,111,425,2012,1253,687,1642,856,346,454,1248,102,468,68,2545,536,2887,308,645,4299,7191,1896,3523,2364,1642,1347,39,1014,773,141,273,2805,479,2887,1647,2683,1198,104,3264,24,98,1272,101,597,17,142,3369,201,170,36,663,3081,21049,11736,153,4716,5956,133,607,2083,1316,691,1718,870,358,455,1246,95,642,98,2419,740,2961,308,637,4371,7347,1976,3619,2367,1718,1371,39,1016,773,141,283,2873,479,2961,1647,2759,1193,104,3280,30,99,1804,101,593,17,142,3521,201,178,36,671,3159,21956,11980,153,5244,5992
b37284f09979d0058e1ed8d2,benchmark://cbench-v1/bzip2,2,3,-loop-vectorize,True,-2.146889,-2.146889,d78e0cfadd791356,065d011fdea581ac,21049,21516,1.047240,1.069723,199809,205167,3081,3098,153,153,21049,21516,11736,11736,111,425,2012,1253,687,1642,856,346,454,1248,102,468,68,2545,536,2887,308,645,4299,7191,1896,3523,2364,1642,1347,39,1014,773,141,273,2805,479,2887,1647,2683,1198,104,3264,24,98,1272,101,597,17,142,3369,201,170,36,663,3081,21049,11736,153,4716,5956,127,599,2017,1258,687,1660,875,358,460,1247,95,638,88,2372,726,2904,308,638,4315,7191,1896,3523,2364,1660,1347,39,1014,773,141,283,2812,479,2904,1647,2683,1198,104,3264,24,99,1721,101,597,17,142,3369,201,170,36,663,3098,21516,11736,153,5147,5956
b37284f09979d0058e1ed8d2,benchmark://cbench-v1/bzip2,2,4,-loop-deletion,True,-7.191889,-7.191889,d78e0cfadd791356,cccca9c91408e727,21049,21608,1.047240,1.122556,199809,207167,3081,3098,153,153,21049,21608,11736,11736,111,425,2012,1253,687,1642,856,346,454,1248,102,468,68,2545,536,2887,308,645,4299,7191,1896,3523,2364,1642,1347,39,1014,773,141,273,2805,479,2887,1647,2683,1198,104,3264,24,98,1272,101,597,17,142,3369,201,170,36,663,3081,21049,11736,153,4716,5956,134,612,2017,1258,687,1660,875,358,460,1247,95,648,98,2352,746,2904,308,638,4315,7191,1896,3523,2364,1660,1347,39,1014,773,141,284,2811,479,2904,1647,2683,1198,104,3264,24,99,1813,101,597,17,142,3369,201,170,36,663,3098,21608,11736,153,5261,5956
b37284f09979d0058e1ed8d2,benchmark://cbench-v1/bzip2,2,5,-loop-unswitch,True,-3.333843,-3.333843,d78e0cfadd791356,a8e2c76dc748c939,21049,21713,1.047240,1.082153,199809,208191,3081,3164,153,153,21049,21713,11736,11766,111,425,2012,1253,687,1642,856,346,454,1248,102,468,68,2545,536,2887,308,645,4299,7191,1896,3523,2364,1642,1347,39,1014,773,141,273,2805,479,2887,1647,2683,1198,104,3264,24,98,1272,101,597,17,142,3369,201,170,36,663,3081,21049,11736,153,4716,5956,134,618,2059,1290,697,1711,899,377,462,1259,95,654,98,2412,752,2967,308,638,4405,7242,1896,3541,2377,1711,1347,39,1014,773,141,284,2877,479,2967,1647,2695,1201,104,3270,24,99,1819,101,597,17,142,3381,201,170,36,663,3164,21713,11766,153,5273,5962
b37284f09979d0058e1ed8d2,benchmark://cbench-v1/bzip2,2,6,-loop-distribute,True,-2.460329,-2.460329,d78e0cfadd791356,d78e0cfadd791356,21049,21049,1.047240,1.073005,199809,199809,3081,3081,153,153,21049,21049,11736,11736,111,425,2012,1253,687,1642,856,346,454,1248,102,468,68,2545,536,2887,308,645,4299,7191,1896,3523,2364,1642,1347,39,1014,773,141,273,2805,479,2887,1647,2683,1198,104,3264,24,98,1272,101,597,17,142,3369,201,170,36,663,3081,21049,11736,153,4716,5956,111,425,2012,1253,687,1642,856,346,454,1248,102,468,68,2545,536,2887,308,645,4299,7191,1896,3523,2364,1642,1347,39,1014,773,141,273,2805,479,2887,1647,2683,1198,104,3264,24,98,1272,101,597,17,142,3369,201,170,36,663,3081,21049,11736,153,4716,5956
b37284f09979d0058e1ed8d2,benchmark://cbench-v1/bzip2,2,7,-indvars,True,3.369353,3.369353,d78e0cfadd791356,b33bc33037f5cb89,21049,21754,1.047240,1.011955,199809,209416,3081,3098,153,153,21049,21754,11736,11728,111,425,2012,1253,687,1642,856,346,454,1248,102,468,68,2545,536,2887,308,645,4299,7191,1896,3523,2364,1642,1347,39,1014,773,141,273,2805,479,2887,1647,2683,1198,104,3264,24,98,1272,101,597,17,142,3369,201,170,36,663,3081,21049,11736,153,4716,5956,134,611,2017,1258,687,1660,875,358,460,1247,95,649,96,2353,745,2904,308,638,4315,6980,2107,3516,2365,1660,1356,39,1026,773,141,291,2804,480,2904,1647,2675,1198,104,3264,24,99,1808,101,564,17,142,3369,203,343,36,667,3098,21754,11728,153,5255,6101
408c8cd3ab2c5062b2e7a3d8,benchmark://cbench-v1/tiff2rgba,0,0,-licm,True,3.122251,3.122251,dab55cad09e3e574,0fadb89bda2d4a9b,58661,59323,0.243852,0.236238,380691,441765,7160,7187,414,414,58661,59323,38442,37889,0,347,4677,3308,1164,4417,1867,924,758,2165,241,347,0,6813,347,6550,509,1373,9620,18024,3992,7642,4883,4417,2358,110,1122,2511,493,898,6260,3032,6550,3674,7381,2178,77,17375,292,587,347,374,836,32,455,7501,515,457,10,1939,7160,58661,38442,414,698,26377,106,769,4698,3329,1164,4444,1877,930,762,2165,237,785,90,6312,875,6577,509,1352,9647,18029,3992,7643,4885,4444,2358,110,1122,2511,493,876,6310,3032,6577,3674,7381,2178,77,16721,292,587,1545,374,836,32,455,7602,515,457,10,1929,7187,59323,37889,414,2562,25713
408c8cd3ab2c5062b2e7a3d8,benchmark://cbench-v1/tiff2rgba,0,1,-loop-rotate,True,6.831884,6.831884,dab55cad09e3e574,cc83a140052dcd8f,58661,59623,0.243852,0.227192,380691,385769,7160,7397,414,414,58661,59623,38442,38838,0,347,4677,3308,1164,4417,1867,924,758,2165,241,347,0,6813,347,6550,509,1373,9620,18024,3992,7642,4883,4417,2358,110,1122,2511,493,898,6260,3032,6550,3674,7381,2178,77,17375,292,587,347,374,836,32,455,7501,515,457,10,1939,7160,58661,38442,414,698,26377,0,347,4694,3299,1249,4440,2091,1032,815,2379,237,347,0,7050,347,6787,510,1784,10071,18227,4029,7771,4891,4440,2435,110,1185,2511,499,934,6461,3032,6787,3675,7397,2392,77,17685,292,587,347,374,854,32,455,7570,520,458,12,1954,7397,59623,38838,414,698,26723
408c8cd3ab2c5062b2e7a3d8,benchmark://cbench-v1/tiff2rgba,0,2,-loop-unroll,True,15.011621,15.011621,dab55cad09e3e574,820bf1036b862353,58661,58688,0.243852,0.207246,380691,380851,7160,7187,414,414,58661,58688,38442,38442,0,347,4677,3308,1164,4417,1867,924,758,2165,241,347,0,6813,347,6550,509,1373,9620,18024,3992,7642,4883,4417,2358,110,1122,2511,493,898,6260,3032,6550,3674,7381,2178,77,17375,292,587,347,374,836,32,455,7501,515,457,10,1939,7160,58661,38442,414,698,26377,0,347,4698,3329,1164,4444,1877,930,762,2165,237,347,0,6840,347,6577,509,1352,9647,18024,3992,7642,4883,4444,2358,110,1122,2511,493,898,6287,3032,6577,3674,7381,2178,77,17375,292,587,347,374,836,32,455,7501,515,457,10,1939,7187,58688,38442,414,698,26377
408c8cd3ab2c5062b2e7a3d8,benchmark://cbench-v1/tiff2rgba,0,3,-loop-vectorize,True,13.090309,13.090309,dab55cad09e3e574,820bf1036b862353,58661,58688,0.243852,0.211931,380691,380851,7160,7187,414,414,58661,58688,38442,38442,0,347,4677,3308,1164,4417,1867,924,758,2165,241,347,0,6813,347,6550,509,1373,9620,18024,3992,7642,4883,4417,2358,110,1122,2511,493,898,6260,3032,6550,3674,7381,2178,77,17375,292,587,347,374,836,32,455,7501,515,457,10,1939,7160,58661,38442,414,698,26377,0,347,4698,3329,1164,4444,1877,930,762,2165,237,347,0,6840,347,6577,509,1352,9647,18024,3992,7642,4883,4444,2358,110,1122,2511,493,898,6287,3032,6577,3674,7381,2178,77,17375,292,587,347,374,836,32,455,7501,515,457,10,1939,7187,58688,38442,414,698,26377
408c8cd3ab2c5062b2e7a3d8,benchmark://cbench-v1/tiff2rgba,0,4,-loop-deletion,True,9.448631,9.448631,dab55cad09e3e574,820bf1036b862353,58661,58688,0.243852,0.220811,380691,380851,7160,7187,414,414,58661,58688,38442,38442,0,347,4677,3308,1164,4417,1867,924,758,2165,241,347,0,6813,347,6550,509,1373,9620,18024,3992,7642,4883,4417,2358,110,1122,2511,493,898,6260,3032,6550,3674,7381,2178,77,17375,292,587,347,374,836,32,455,7501,515,457,10,1939,7160,58661,38442,414,698,26377,0,347,4698,3329,1164,4444,1877,930,762,2165,237,347,0,6840,347,6577,509,1352,9647,18024,3992,7642,4883,4444,2358,110,1122,2511,493,898,6287,3032,6577,3674,7381,2178,77,17375,292,587,347,374,836,32,455,7501,515,457,10,1939,7187,58688,38442,414,698,26377
408c8cd3ab2c5062b2e7a3d8,benchmark://cbench-v1/tiff2rgba,0,5,-loop-unswitch,True,14.047968,14.047968,dab55cad09e3e574,820bf1036b862353,58661,58688,0.243852,0.209596,380691,380851,7160,7187,414,414,58661,58688,38442,38442,0,347,4677,3308,1164,4417,1867,924,758,2165,241,347,0,6813,347,6550,509,1373,9620,18024,3992,7642,4883,4417,2358,110,1122,2511,493,898,6260,3032,6550,3674,7381,2178,77,17375,292,587,347,374,836,32,455,7501,515,457,10,1939,7160,58661,38442,414,698,26377,0,347,4698,3329,1164,4444,1877,930,762,2165,237,347,0,6840,347,6577,509,1352,9647,18024,3992,7642,4883,4444,2358,110,1122,2511,493,898,6287,3032,6577,3674,7381,2178,77,17375,292,587,347,374,836,32,455,7501,515,457,10,1939,7187,58688,38442,414,698,26377
408c8cd3ab2c5062b2e7a3d8,benchmark://cbench-v1/tiff2rgba,0,6,-loop-distribute,True,4.009105,4.009105,dab55cad09e3e574,cf5f88cadf8b812a,58661,58661,0.243852,0.234075,380691,380691,7160,7160,414,414,58661,58661,38442,38442,0,347,4677,3308,1164,4417,1867,924,758,2165,241,347,0,6813,347,6550,509,1373,9620,18024,3992,7642,4883,4417,2358,110,1122,2511,493,898,6260,3032,6550,3674,7381,2178,77,17375,292,587,347,374,836,32,455,7501,515,457,10,1939,7160,58661,38442,414,698,26377,0,347,4677,3308,1164,4417,1867,924,758,2165,241,347,0,6813,347,6550,509,1373,9620,18024,3992,7642,4883,4417,2358,110,1122,2511,493,898,6260,3032,6550,3674,7381,2178,77,17375,292,587,347,374,836,32,455,7501,515,457,10,1939,7160,58661,38442,414,698,26377
408c8cd3ab2c5062b2e7a3d8,benchmark://cbench-v1/tiff2rgba,0,7,-indvars,True,12.459791,12.459791,dab55cad09e3e574,5f00b7e8ee304c0e,58661,58688,0.243852,0.213468,380691,380851,7160,7187,414,414,58661,58688,38442,38442,0,347,4677,3308,1164,4417,1867,924,758,2165,241,347,0,6813,347,6550,509,1373,9620,18024,3992,7642,4883,4417,2358,110,1122,2511,493,898,6260,3032,6550,3674,7381,2178,77,17375,292,587,347,374,836,32,455,7501,515,457,10,1939,7160,58661,38442,414,698,26377,0,347,4698,3329,1164,4444,1877,930,762,2165,237,347,0,6840,347,6577,509,1352,9647,18024,3992,7642,4883,4444,2358,110,1122,2511,493,897,6288,3032,6577,3674,7381,2178,77,17375,292,587,347,374,836,32,455,7501,515,457,10,1939,7187,58688,38442,414,698,26377
19c5e283e6418aa86a4b4f29,benchmark://cbench-v1/tiff2rgba,1,0,-licm,True,11.528369,11.528369,9c48ab362eea7041,1e5161792dc29c54,46496,48027,0.264459,0.233971,400354,445139,7160,7187,414,414,46496,48027,28237,28175,0,347,4677,3308,1164,4417,1867,924,758,2165,241,347,0,6813,347,6550,509,1373,9620,16405,3562,6375,4773,4417,2245,108,1014,2511,492,547,6612,1892,6550,3674,6161,2135,77,8430,269,582,347,374,589,30,452,7461,488,421,10,1628,7160,46496,28237,414,698,15686,133,863,4698,3329,1164,4444,1877,930,762,2165,237,865,131,6191,996,6577,509,1352,9647,16410,3562,6376,4775,4444,2245,108,1014,2511,492,559,6627,1892,6577,3674,6161,2135,77,8338,269,582,1924,374,589,30,452,7491,481,421,10,1624,7187,48027,28175,414,3048,15590
19c5e283e6418aa86a4b4f29,benchmark://cbench-v1/tiff2rgba,1,1,-loop-rotate,True,-6.520634,-6.520634,9c48ab362eea7041,265a5033089cb3b1,46496,47812,0.264459,0.281703,400354,414901,7160,7399,414,414,46496,47812,28237,28582,0,347,4677,3308,1164,4417,1867,924,758,2165,241,347,0,6813,347,6550,509,1373,9620,16405,3562,6375,4773,4417,2245,108,1014,2511,492,547,6612,1892,6550,3674,6161,2135,77,8430,269,582,347,374,589,30,452,7461,488,421,10,1628,7160,46496,28237,414,698,15686,1,658,4695,3300,1249,4441,2092,1033,815,2380,237,658,1,6740,659,6789,511,1785,10074,16599,3599,6500,4779,4441,2321,108,1078,2511,498,597,6801,1892,6789,3677,6173,2350,77,8689,269,582,750,374,606,30,452,7532,492,422,12,1643,7399,47812,28582,414,1329,15980
19c5e283e6418aa86a4b4f29,benchmark://cbench-v1/tiff2rgba,1,2,-loop-unroll,True,18.024477,18.024477,9c48ab362eea7041,868308eff09252b9,46496,46708,0.264459,0.216791,400354,403954,7160,7187,414,414,46496,46708,28237,28237,0,347,4677,3308,1164,4417,1867,924,758,2165,241,347,0,6813,347,6550,509,1373,9620,16405,3562,6375,4773,4417,2245,108,1014,2511,492,547,6612,1892,6550,3674,6161,2135,77,8430,269,582,347,374,589,30,452,7461,488,421,10,1628,7160,46496,28237,414,698,15686,0,477,4698,3329,1164,4444,1877,930,762,2165,237,476,1,6710,477,6577,509,1352,9647,16405,3562,6375,4773,4444,2245,108,1014,2511,492,549,6637,1892,6577,3674,6161,2135,77,8430,269,582,532,374,589,30,452,7461,488,421,10,1628,7187,46708,28237,414,893,15686
19c5e283e6418aa86a4b4f29,benchmark://cbench-v1/tiff2rgba,1,3,-loop-vectorize,True,15.974776,15.974776,9c48ab362eea7041,829a448f8983c818,46496,46660,0.264459,0.222212,400354,402866,7160,7187,414,414,46496,46660,28237,28237,0,347,4677,3308,1164,4417,1867,924,758,2165,241,347,0,6813,347,6550,509,1373,9620,16405,3562,6375,4773,4417,2245,108,1014,2511,492,547,6612,1892,6550,3674,6161,2135,77,8430,269,582,347,374,589,30,452,7461,488,421,10,1628,7160,46496,28237,414,698,15686,0,437,4698,3329,1164,4444,1877,930,762,2165,237,436,1,6750,437,6577,509,1352,9647,16405,3562,6375,4773,4444,2245,108,1014,2511,492,549,6637,1892,6577,3674,6161,2135,77,8430,269,582,484,374,589,30,452,7461,488,421,10,1628,7187,46660,28237,414,838,15686
19c5e283e6418aa86a4b4f29,benchmark://cbench-v1/tiff2rgba,1,4,-loop-deletion,True,15.313100,15.313100,9c48ab362eea7041,868308eff09252b9,46496,46708,0.264459,0.223962,400354,403954,7160,7187,414,414,46496,46708,28237,28237,0,347,4677,3308,1164,4417,1867,924,758,2165,241,347,0,6813,347,6550,509,1373,9620,16405,3562,6375,4773,4417,2245,108,1014,2511,492,547,6612,1892,6550,3674,6161,2135,77,8430,269,582,347,374,589,30,452,7461,488,421,10,1628,7160,46496,28237,414,698,15686,0,477,4698,3329,1164,4444,1877,930,762,2165,237,476,1,6710,477,6577,509,1352,9647,16405,3562,6375,4773,4444,2245,108,1014,2511,492,549,6637,1892,6577,3674,6161,2135,77,8430,269,582,532,374,589,30,452,7461,488,421,10,1628,7187,46708,28237,414,893,15686
19c5e283e6418aa86a4b4f29,benchmark://cbench-v1/tiff2rgba,1,5,-loop-unswitch,True,16.316194,16.316194,9c48ab362eea7041,c2b0fd547367f637,46496,47496,0.264459,0.221309,400354,408810,7160,7398,414,414,46496,47496,28237,28592,0,347,4677,3308,1164,4417,1867,924,758,2165,241,347,0,6813,347,6550,509,1373,9620,16405,3562,6375,4773,4417,2245,108,1014,2511,492,547,6612,1892,6550,3674,6161,2135,77,8430,269,582,347,374,589,30,452,7461,488,421,10,1628,7160,46496,28237,414,698,15686,0,482,4833,3427,1196,4587,1950,974,785,2222,240,481,1,6916,482,6776,512,1402,9944,16555,3609,6435,4817,4587,2277,108,1049,2511,499,551,6846,1902,6776,3702,6231,2168,77,8585,275,588,537,374,621,30,452,7563,509,447,10,1658,7398,47496,28592,414,903,15944
19c5e283e6418aa86a4b4f29,benchmark://cbench-v1/tiff2rgba,1,6,-loop-distribute,True,0.024220,0.024220,9c48ab362eea7041,9c48ab362eea7041,46496,46496,0.264459,0.264395,400354,400354,7160,7160,414,414,46496,46496,28237,28237,0,347,4677,3308,1164,4417,1867,924,758,2165,241,347,0,6813,347,6550,509,1373,9620,16405,3562,6375,4773,4417,2245,108,1014,2511,492,547,6612,1892,6550,3674,6161,2135,77,8430,269,582,347,374,589,30,452,7461,488,421,10,1628,7160,46496,28237,414,698,15686,0,347,4677,3308,1164,4417,1867,924,758,2165,241,347,0,6813,347,6550,509,1373,9620,16405,3562,6375,4773,4417,2245,108,1014,2511,492,547,6612,1892,6550,3674,6161,2135,77,8430,269,582,347,374,589,30,452,7461,488,421,10,1628,7160,46496,28237,414,698,15686
19c5e283e6418aa86a4b4f29,benchmark://cbench-v1/tiff2rgba,1,7,-indvars,True,17.223337,17.223337,9c48ab362eea7041,866580ba1f139928,46496,46708,0.264459,0.218910,400354,403970,7160,7187,414,414,46496,46708,28237,28237,0,347,4677,3308,1164,4417,1867,924,758,2165,241,347,0,6813,347,6550,509,1373,9620,16405,3562,6375,4773,4417,2245,108,1014,2511,492,547,6612,1892,6550,3674,6161,2135,77,8430,269,582,347,374,589,30,452,7461,488,421,10,1628,7160,46496,28237,414,698,15686,0,477,4698,3329,1164,4444,1877,930,762,2165,237,476,1,6710,477,6577,509,1352,9647,16405,3562,6375,4773,4444,2245,108,1014,2511,492,549,6637,1892,6577,3674,6161,2135,77,8430,269,582,531,374,590,30,452,7461,488,421,10,1628,7187,46708,28237,414,892,15687
70ecf944e9340eadbdfa468e,benchmark://cbench-v1/tiff2rgba,2,0,-licm,True,-8.702800,-8.702800,0161a4245a429894,4037da548cf6005a,48575,48571,0.255726,0.277981,562940,562844,6419,6419,414,414,48575,48571,26040,26040,451,1441,3929,2654,1086,3676,1878,847,830,2165,237,1525,367,4527,1892,5809,509,1274,8879,16871,3602,6585,5013,3676,2288,108,1085,2511,489,618,5800,1881,5809,3674,5898,2132,75,6451,267,582,5394,374,588,30,452,7506,437,419,10,1602,6419,48575,26040,414,10589,13667,451,1441,3929,2654,1086,3676,1878,847,830,2165,237,1525,367,4527,1892,5809,509,1274,8879,16871,3602,6585,5013,3676,2288,108,1085,2511,489,618,5800,1881,5809,3674,5898,2132,75,6451,267,582,5390,374,588,30,452,7506,437,419,10,1602,6419,48571,26040,414,10585,13667
70ecf944e9340eadbdfa468e,benchmark://cbench-v1/tiff2rgba,2,1,-loop-rotate,True,-11.329938,-11.329938,0161a4245a429894,7efb6fd54deb18eb,48575,49647,0.255726,0.284699,562940,582594,6419,6604,414,414,48575,49647,26040,26139,451,1441,3929,2654,1086,3676,1878,847,830,2165,237,1525,367,4527,1892,5809,509,1274,8879,16871,3602,6585,5013,3676,2288,108,1085,2511,489,618,5800,1881,5809,3674,5898,2132,75,6451,267,582,5394,374,588,30,452,7506,437,419,10,1602,6419,48575,26040,414,10589,13667,507,1551,3912,2713,1067,3659,2080,854,968,2367,237,1663,395,4546,2058,5994,511,1695,9266,17128,3644,6769,5023,3659,2359,108,1148,2511,495,662,5941,1881,5994,3677,5908,2334,75,6481,267,582,5880,374,604,30,452,7562,437,420,12,1610,6604,49647,26139,414,11579,13724
70ecf944e9340eadbdfa468e,benchmark://cbench-v1/tiff2rgba,2,2,-loop-unroll,True,-2.842898,-2.842898,0161a4245a429894,e0a21e40a5bac16d,48575,48613,0.255726,0.262996,562940,563148,6419,6428,414,414,48575,48613,26040,26066,451,1441,3929,2654,1086,3676,1878,847,830,2165,237,1525,367,4527,1892,5809,509,1274,8879,16871,3602,6585,5013,3676,2288,108,1085,2511,489,618,5800,1881,5809,3674,5898,2132,75,6451,267,582,5394,374,588,30,452,7506,437,419,10,1602,6419,48575,26040,414,10589,13667,451,1439,3940,2661,1088,3683,1876,847,828,2165,237,1523,367,4538,1890,5816,509,1274,8886,16865,3615,6585,5017,3683,2290,108,1082,2511,489,617,5810,1881,5816,3680,5903,2130,75,6460,266,582,5390,374,586,30,455,7512,440,419,10,1608,6428,48613,26066,414,10581,13683
70ecf944e9340eadbdfa468e,benchmark://cbench-v1/tiff2rgba,2,3,-loop-vectorize,True,-1.604332,-1.604332,0161a4245a429894,0161a4245a429894,48575,48575,0.255726,0.259828,562940,562940,6419,6419,414,414,48575,48575,26040,26040,451,1441,3929,2654,1086,3676,1878,847,830,2165,237,1525,367,4527,1892,5809,509,1274,8879,16871,3602,6585,5013,3676,2288,108,1085,2511,489,618,5800,1881,5809,3674,5898,2132,75,6451,267,582,5394,374,588,30,452,7506,437,419,10,1602,6419,48575,26040,414,10589,13667,451,1441,3929,2654,1086,3676,1878,847,830,2165,237,1525,367,4527,1892,5809,509,1274,8879,16871,3602,6585,5013,3676,2288,108,1085,2511,489,618,5800,1881,5809,3674,5898,2132,75,6451,267,582,5394,374,588,30,452,7506,437,419,10,1602,6419,48575,26040,414,10589,13667
70ecf944e9340eadbdfa468e,benchmark://cbench-v1/tiff2rgba,2,4,-loop-deletion,True,2.768995,2.768995,0161a4245a429894,0161a4245a429894,48575,48575,0.259463,0.252278,562940,562940,6419,6419,414,414,48575,48575,26040,26040,451,1441,3929,2654,1086,3676,1878,847,830,2165,237,1525,367,4527,1892,5809,509,1274,8879,16871,3602,6585,5013,3676,2288,108,1085,2511,489,618,5800,1881,5809,3674,5898,2132,75,6451,267,582,5394,374,588,30,452,7506,437,419,10,1602,6419,48575,26040,414,10589,13667,451,1441,3929,2654,1086,3676,1878,847,830,2165,237,1525,367,4527,1892,5809,509,1274,8879,16871,3602,6585,5013,3676,2288,108,1085,2511,489,618,5800,1881,5809,3674,5898,2132,75,6451,267,582,5394,374,588,30,452,7506,437,419,10,1602,6419,48575,26040,414,10589,13667
70ecf944e9340eadbdfa468e,benchmark://cbench-v1/tiff2rgba,2,5,-loop-unswitch,True,-2.396865,-2.396865,0161a4245a429894,a25f08381833505f,48575,49691,0.259463,0.265682,562940,577132,6419,6688,414,414,48575,49691,26040,26363,451,1441,3929,2654,1086,3676,1878,847,830,2165,237,1525,367,4527,1892,5809,509,1274,8879,16871,3602,6585,5013,3676,2288,108,1085,2511,489,618,5800,1881,5809,3674,5898,2132,75,6451,267,582,5394,374,588,30,452,7506,437,419,10,1602,6419,48575,26040,414,10589,13667,478,1523,4097,2781,1122,3853,1974,895,871,2245,242,1610,391,4687,2001,6065,522,1323,9261,17037,3632,6656,5067,3853,2323,108,1130,2511,494,624,6063,1881,6065,3713,5968,2182,75,6563,275,588,5664,374,622,31,452,7608,463,448,10,1636,6688,49691,26363,414,11083,13886
70ecf944e9340eadbdfa468e,benchmark://cbench-v1/tiff2rgba,2,6,-loop-distribute,True,2.538880,2.538880,0161a4245a429894,0161a4245a429894,48575,48575,0.259463,0.252875,562940,562940,6419,6419,414,414,48575,48575,26040,26040,451,1441,3929,2654,1086,3676,1878,847,830,2165,237,1525,367,4527,1892,5809,509,1274,8879,16871,3602,6585,5013,3676,2288,108,1085,2511,489,618,5800,1881,5809,3674,5898,2132,75,6451,267,582,5394,374,588,30,452,7506,437,419,10,1602,6419,48575,26040,414,10589,13667,451,1441,3929,2654,1086,3676,1878,847,830,2165,237,1525,367,4527,1892,5809,509,1274,8879,16871,3602,6585,5013,3676,2288,108,1085,2511,489,618,5800,1881,5809,3674,5898,2132,75,6451,267,582,5394,374,588,30,452,7506,437,419,10,1602,6419,48575,26040,414,10589,13667
70ecf944e9340eadbdfa468e,benchmark://cbench-v1/tiff2rgba,2,7,-indvars,True,3.053637,3.053637,0161a4245a429894,9da962976f69b09c,48575,48643,0.259463,0.251539,562940,564188,6419,6419,414,414,48575,48643,26040,26042,451,1441,3929,2654,1086,3676,1878,847,830,2165,237,1525,367,4527,1892,5809,509,1274,8879,16871,3602,6585,5013,3676,2288,108,1085,2511,489,618,5800,1881,5809,3674,5898,2132,75,6451,267,582,5394,374,588,30,452,7506,437,419,10,1602,6419,48575,26040,414,10589,13667,451,1439,3929,2654,1086,3676,1878,847,830,2165,237,1523,367,4529,1890,5809,509,1274,8879,16795,3696,6586,5025,3676,2301,108,1098,2511,489,620,5798,1881,5809,3674,5900,2132,76,6451,267,582,5377,374,581,30,453,7506,440,485,10,1608,6419,48643,26042,414,10566,13732
abdb941ecc392e59d112153c,benchmark://cbench-v1/tiff2bw,0,0,-licm,True,-9.220310,-9.220310,3d59ba2f023b84f3,da33a1a238b30709,58797,59470,0.045036,0.049188,382378,442964,7179,7208,418,418,58797,59470,38532,37979,0,344,4685,3297,1179,4427,1873,934,751,2171,243,344,0,6835,344,6567,517,1384,9651,18035,4006,7628,4906,4427,2360,112,1128,2527,494,898,6279,3002,6567,3660,7413,2185,78,17410,279,588,344,377,851,32,458,7522,506,459,10,1983,7179,58797,38532,418,692,26458,103,774,4708,3320,1179,4456,1883,940,755,2171,239,781,96,6331,877,6596,517,1361,9680,18039,4006,7629,4908,4456,2360,112,1128,2527,494,876,6331,3002,6596,3660,7413,2185,78,16756,279,588,1551,377,851,32,458,7623,506,459,10,1973,7208,59470,37979,418,2569,25794
abdb941ecc392e59d112153c,benchmark://cbench-v1/tiff2bw,0,1,-loop-rotate,True,-11.587731,-11.587731,3d59ba2f023b84f3,603dadb877601ed6,58797,59779,0.045036,0.050254,382378,387584,7179,7423,418,418,58797,59779,38532,38935,0,344,4685,3297,1179,4427,1873,934,751,2171,243,344,0,6835,344,6567,517,1384,9651,18035,4006,7628,4906,4427,2360,112,1128,2527,494,898,6279,3002,6567,3660,7413,2185,78,17410,279,588,344,377,851,32,458,7522,506,459,10,1983,7179,58797,38532,418,692,26458,0,344,4704,3293,1265,4452,2102,1044,807,2390,239,344,0,7079,344,6811,518,1803,10114,18244,4043,7762,4913,4452,2437,112,1195,2527,500,936,6485,3002,6811,3661,7429,2404,78,17723,279,588,344,377,869,32,458,7595,510,460,12,1999,7423,59779,38935,418,692,26808
abdb941ecc392e59d112153c,benchmark://cbench-v1/tiff2bw,0,2,-loop-unroll,True,-33.670009,-33.670009,3d59ba2f023b84f3,a8791fb838ab9583,58797,58826,0.045036,0.060199,382378,382538,7179,7208,418,418,58797,58826,38532,38532,0,344,4685,3297,1179,4427,1873,934,751,2171,243,344,0,6835,344,6567,517,1384,9651,18035,4006,7628,4906,4427,2360,112,1128,2527,494,898,6279,3002,6567,3660,7413,2185,78,17410,279,588,344,377,851,32,458,7522,506,459,10,1983,7179,58797,38532,418,692,26458,0,344,4708,3320,1179,4456,1883,940,755,2171,239,344,0,6864,344,6596,517,1361,9680,18035,4006,7628,4906,4456,2360,112,1128,2527,494,898,6308,3002,6596,3660,7413,2185,78,17410,279,588,344,377,851,32,458,7522,506,459,10,1983,7208,58826,38532,418,692,26458
abdb941ecc392e59d112153c,benchmark://cbench-v1/tiff2bw,0,3,-loop-vectorize,True,0.649076,0.649076,3d59ba2f023b84f3,a8791fb838ab9583,58797,58826,0.045036,0.044743,382378,382538,7179,7208,418,418,58797,58826,38532,38532,0,344,4685,3297,1179,4427,1873,934,751,2171,243,344,0,6835,344,6567,517,1384,9651,18035,4006,7628,4906,4427,2360,112,1128,2527,494,898,6279,3002,6567,3660,7413,2185,78,17410,279,588,344,377,851,32,458,7522,506,459,10,1983,7179,58797,38532,418,692,26458,0,344,4708,3320,1179,4456,1883,940,755,2171,239,344,0,6864,344,6596,517,1361,9680,18035,4006,7628,4906,4456,2360,112,1128,2527,494,898,6308,3002,6596,3660,7413,2185,78,17410,279,588,344,377,851,32,458,7522,506,459,10,1983,7208,58826,38532,418,692,26458
abdb941ecc392e59d112153c,benchmark://cbench-v1/tiff2bw,0,4,-loop-deletion,True,-5.547807,-5.547807,3d59ba2f023b84f3,a8791fb838ab9583,58797,58826,0.045036,0.047534,382378,382538,7179,7208,418,418,58797,58826,38532,38532,0,344,4685,3297,1179,4427,1873,934,751,2171,243,344,0,6835,344,6567,517,1384,9651,18035,4006,7628,4906,4427,2360,112,1128,2527,494,898,6279,3002,6567,3660,7413,2185,78,17410,279,588,344,377,851,32,458,7522,506,459,10,1983,7179,58797,38532,418,692,26458,0,344,4708,3320,1179,4456,1883,940,755,2171,239,344,0,6864,344,6596,517,1361,9680,18035,4006,7628,4906,4456,2360,112,1128,2527,494,898,6308,3002,6596,3660,7413,2185,78,17410,279,588,344,377,851,32,458,7522,506,459,10,1983,7208,58826,38532,418,692,26458
abdb941ecc392e59d112153c,benchmark://cbench-v1/tiff2bw,0,5,-loop-unswitch,True,-1.083389,-1.083389,3d59ba2f023b84f3,a8791fb838ab9583,58797,58826,0.045036,0.045524,382378,382538,7179,7208,418,418,58797,58826,38532,38532,0,344,4685,3297,1179,4427,1873,934,751,2171,243,344,0,6835,344,6567,517,1384,9651,18035,4006,7628,4906,4427,2360,112,1128,2527,494,898,6279,3002,6567,3660,7413,2185,78,17410,279,588,344,377,851,32,458,7522,506,459,10,1983,7179,58797,38532,418,692,26458,0,344,4708,3320,1179,4456,1883,940,755,2171,239,344,0,6864,344,6596,517,1361,9680,18035,4006,7628,4906,4456,2360,112,1128,2527,494,898,6308,3002,6596,3660,7413,2185,78,17410,279,588,344,377,851,32,458,7522,506,459,10,1983,7208,58826,38532,418,692,26458
abdb941ecc392e59d112153c,benchmark://cbench-v1/tiff2bw,0,6,-loop-distribute,True,0.179632,0.179632,3d59ba2f023b84f3,15754e3a1212ec6e,58797,58797,0.045036,0.044955,382378,382378,7179,7179,418,418,58797,58797,38532,38532,0,344,4685,3297,1179,4427,1873,934,751,2171,243,344,0,6835,344,6567,517,1384,9651,18035,4006,7628,4906,4427,2360,112,1128,2527,494,898,6279,3002,6567,3660,7413,2185,78,17410,279,588,344,377,851,32,458,7522,506,459,10,1983,7179,58797,38532,418,692,26458,0,344,4685,3297,1179,4427,1873,934,751,2171,243,344,0,6835,344,6567,517,1384,9651,18035,4006,7628,4906,4427,2360,112,1128,2527,494,898,6279,3002,6567,3660,7413,2185,78,17410,279,588,344,377,851,32,458,7522,506,459,10,1983,7179,58797,38532,418,692,26458
abdb941ecc392e59d112153c,benchmark://cbench-v1/tiff2bw,0,7,-indvars,True,3.845286,3.845286,3d59ba2f023b84f3,2cb9e13872435039,58797,58826,0.045036,0.043304,382378,382538,7179,7208,418,418,58797,58826,38532,38532,0,344,4685,3297,1179,4427,1873,934,751,2171,243,344,0,6835,344,6567,517,1384,9651,18035,4006,7628,4906,4427,2360,112,1128,2527,494,898,6279,3002,6567,3660,7413,2185,78,17410,279,588,344,377,851,32,458,7522,506,459,10,1983,7179,58797,38532,418,692,26458,0,344,4708,3320,1179,4456,1883,940,755,2171,239,344,0,6864,344,6596,517,1361,9680,18035,4006,7628,4906,4456,2360,112,1128,2527,494,897,6309,3002,6596,3660,7413,2185,78,17410,279,588,344,377,851,32,458,7522,506,459,10,1983,7208,58826,38532,418,692,26458
53997fdc4992a9c290dd6aea,benchmark://cbench-v1/tiff2bw,1,0,-licm,True,1.879603,1.879603,90e7d126583f8b3e,86e5342624293f51,46637,48184,0.046224,0.045355,401529,446642,7179,7208,418,418,46637,48184,28335,28279,0,344,4685,3297,1179,4427,1873,934,751,2171,243,344,0,6835,344,6567,517,1384,9651,16417,3575,6361,4796,4427,2248,110,1020,2527,493,549,6629,1882,6567,3660,6189,2141,78,8477,256,583,344,377,599,30,455,7482,480,423,10,1654,7179,46637,28335,418,692,15776,130,869,4708,3320,1179,4456,1883,940,755,2171,239,862,137,6209,999,6596,517,1361,9680,16421,3575,6362,4798,4456,2248,110,1020,2527,493,563,6644,1882,6596,3660,6189,2141,78,8391,256,583,1929,377,599,30,455,7512,473,423,10,1650,7208,48184,28279,418,3055,15686
53997fdc4992a9c290dd6aea,benchmark://cbench-v1/tiff2bw,1,1,-loop-rotate,True,-21.451262,-21.451262,90e7d126583f8b3e,77c7789423512fb4,46637,47970,0.046224,0.056140,401529,416308,7179,7425,418,418,46637,47970,28335,28688,0,344,4685,3297,1179,4427,1873,934,751,2171,243,344,0,6835,344,6567,517,1384,9651,16417,3575,6361,4796,4427,2248,110,1020,2527,493,549,6629,1882,6567,3660,6189,2141,78,8477,256,583,344,377,599,30,455,7482,480,423,10,1654,7179,46637,28335,418,692,15776,1,653,4705,3294,1265,4453,2103,1045,807,2391,239,653,1,6771,654,6813,519,1804,10117,16618,3612,6491,4802,4453,2325,110,1088,2527,499,600,6824,1882,6813,3663,6201,2361,78,8740,256,583,742,377,616,30,455,7557,484,424,12,1670,7425,47970,28688,418,1315,16075
53997fdc4992a9c290dd6aea,benchmark://cbench-v1/tiff2bw,1,2,-loop-unroll,True,-47.125810,-47.125810,90e7d126583f8b3e,604682fbfa648d48,46637,46849,0.046224,0.068008,401529,405081,7179,7208,418,418,46637,46849,28335,28335,0,344,4685,3297,1179,4427,1873,934,751,2171,243,344,0,6835,344,6567,517,1384,9651,16417,3575,6361,4796,4427,2248,110,1020,2527,493,549,6629,1882,6567,3660,6189,2141,78,8477,256,583,344,377,599,30,455,7482,480,423,10,1654,7179,46637,28335,418,692,15776,0,472,4708,3320,1179,4456,1883,940,755,2171,239,471,1,6736,472,6596,517,1361,9680,16417,3575,6361,4796,4456,2248,110,1020,2527,493,551,6656,1882,6596,3660,6189,2141,78,8477,256,583,527,377,599,30,455,7482,480,423,10,1654,7208,46849,28335,418,885,15776
53997fdc4992a9c290dd6aea,benchmark://cbench-v1/tiff2bw,1,3,-loop-vectorize,True,-33.926473,-33.926473,90e7d126583f8b3e,5dab2b3159d9869f,46637,46802,0.046224,0.061906,401529,404009,7179,7208,418,418,46637,46802,28335,28335,0,344,4685,3297,1179,4427,1873,934,751,2171,243,344,0,6835,344,6567,517,1384,9651,16417,3575,6361,4796,4427,2248,110,1020,2527,493,549,6629,1882,6567,3660,6189,2141,78,8477,256,583,344,377,599,30,455,7482,480,423,10,1654,7179,46637,28335,418,692,15776,0,433,4708,3320,1179,4456,1883,940,755,2171,239,432,1,6775,433,6596,517,1361,9680,16417,3575,6361,4796,4456,2248,110,1020,2527,493,551,6656,1882,6596,3660,6189,2141,78,8477,256,583,480,377,599,30,455,7482,480,423,10,1654,7208,46802,28335,418,831,15776
53997fdc4992a9c290dd6aea,benchmark://cbench-v1/tiff2bw,1,4,-loop-deletion,True,1.094727,1.094727,90e7d126583f8b3e,604682fbfa648d48,46637,46849,0.046224,0.045718,401529,405081,7179,7208,418,418,46637,46849,28335,28335,0,344,4685,3297,1179,4427,1873,934,751,2171,243,344,0,6835,344,6567,517,1384,9651,16417,3575,6361,4796,4427,2248,110,1020,2527,493,549,6629,1882,6567,3660,6189,2141,78,8477,256,583,344,377,599,30,455,7482,480,423,10,1654,7179,46637,28335,418,692,15776,0,472,4708,3320,1179,4456,1883,940,755,2171,239,471,1,6736,472,6596,517,1361,9680,16417,3575,6361,4796,4456,2248,110,1020,2527,493,551,6656,1882,6596,3660,6189,2141,78,8477,256,583,527,377,599,30,455,7482,480,423,10,1654,7208,46849,28335,418,885,15776
53997fdc4992a9c290dd6aea,benchmark://cbench-v1/tiff2bw,1,5,-loop-unswitch,True,2.959557,2.959557,90e7d126583f8b3e,e56f13f24408287f,46637,47637,0.046224,0.044856,401529,409937,7179,7419,418,418,46637,47637,28335,28690,0,344,4685,3297,1179,4427,1873,934,751,2171,243,344,0,6835,344,6567,517,1384,9651,16417,3575,6361,4796,4427,2248,110,1020,2527,493,549,6629,1882,6567,3660,6189,2141,78,8477,256,583,344,377,599,30,455,7482,480,423,10,1654,7179,46637,28335,418,692,15776,0,477,4843,3418,1211,4599,1956,984,778,2228,242,476,1,6942,477,6795,520,1411,9977,16567,3622,6421,4840,4599,2280,110,1055,2527,500,553,6865,1892,6795,3688,6259,2174,78,8632,262,589,532,377,631,30,455,7584,501,449,10,1684,7419,47637,28690,418,895,16034
53997fdc4992a9c290dd6aea,benchmark://cbench-v1/tiff2bw,1,6,-loop-distribute,True,-0.100861,-0.100861,90e7d126583f8b3e,90e7d126583f8b3e,46637,46637,0.046224,0.046271,401529,401529,7179,7179,418,418,46637,46637,28335,28335,0,344,4685,3297,1179,4427,1873,934,751,2171,243,344,0,6835,344,6567,517,1384,9651,16417,3575,6361,4796,4427,2248,110,1020,2527,493,549,6629,1882,6567,3660,6189,2141,78,8477,256,583,344,377,599,30,455,7482,480,423,10,1654,7179,46637,28335,418,692,15776,0,344,4685,3297,1179,4427,1873,934,751,2171,243,344,0,6835,344,6567,517,1384,9651,16417,3575,6361,4796,4427,2248,110,1020,2527,493,549,6629,1882,6567,3660,6189,2141,78,8477,256,583,344,377,599,30,455,7482,480,423,10,1654,7179,46637,28335,418,692,15776
53997fdc4992a9c290dd6aea,benchmark://cbench-v1/tiff2bw,1,7,-indvars,True,-9.250797,-9.250797,90e7d126583f8b3e,ca810c3d947ad394,46637,46849,0.046224,0.050500,401529,405097,7179,7208,418,418,46637,46849,28335,28335,0,344,4685,3297,1179,4427,1873,934,751,2171,243,344,0,6835,344,6567,517,1384,9651,16417,3575,6361,4796,4427,2248,110,1020,2527,493,549,6629,1882,6567,3660,6189,2141,78,8477,256,583,344,377,599,30,455,7482,480,423,10,1654,7179,46637,28335,418,692,15776,0,472,4708,3320,1179,4456,1883,940,755,2171,239,471,1,6736,472,6596,517,1361,9680,16417,3575,6361,4796,4456,2248,110,1020,2527,493,551,6656,1882,6596,3660,6189,2141,78,8477,256,583,526,377,600,30,455,7482,480,423,10,1654,7208,46849,28335,418,884,15777
90da42ec15a157673671e9f7,benchmark://cbench-v1/tiff2bw,2,0,-licm,True,0.698801,0.698801,a3222d4be8271b6f,cdcf31df003083b3,48658,48654,0.044309,0.044000,563459,563363,6441,6441,418,418,48658,48654,26114,26114,448,1435,3940,2646,1101,3689,1884,857,823,2171,239,1524,359,4558,1883,5829,517,1284,8913,16864,3615,6549,5036,3689,2288,110,1085,2527,490,620,5820,1871,5829,3660,5926,2138,76,6472,254,583,5357,377,598,30,455,7529,432,421,10,1628,6441,48658,26114,418,10525,13731,448,1435,3940,2646,1101,3689,1884,857,823,2171,239,1524,359,4558,1883,5829,517,1284,8913,16864,3615,6549,5036,3689,2288,110,1085,2527,490,620,5820,1871,5829,3660,5926,2138,76,6472,254,583,5353,377,598,30,455,7529,432,421,10,1628,6441,48654,26114,418,10521,13731
90da42ec15a157673671e9f7,benchmark://cbench-v1/tiff2bw,2,1,-loop-rotate,True,-0.727017,-0.727017,a3222d4be8271b6f,0533fd034447821b,48658,49754,0.044309,0.044632,563459,583393,6441,6627,418,418,48658,49754,26114,26217,448,1435,3940,2646,1101,3689,1884,857,823,2171,239,1524,359,4558,1883,5829,517,1284,8913,16864,3615,6549,5036,3689,2288,110,1085,2527,490,620,5820,1871,5829,3660,5926,2138,76,6472,254,583,5357,377,598,30,455,7529,432,421,10,1628,6441,48658,26114,418,10525,13731,505,1547,3921,2702,1086,3670,2089,869,956,2376,239,1664,388,4575,2052,6015,519,1713,9304,17129,3657,6738,5046,3670,2361,110,1152,2527,496,665,5961,1871,6015,3663,5936,2343,76,6502,254,583,5857,377,614,30,455,7589,432,422,12,1636,6627,49754,26217,418,11530,13788
90da42ec15a157673671e9f7,benchmark://cbench-v1/tiff2bw,2,2,-loop-unroll,True,-7.803806,-7.803806,a3222d4be8271b6f,710bf23315cbc14d,48658,48696,0.044309,0.047767,563459,563675,6441,6450,418,418,48658,48696,26114,26140,448,1435,3940,2646,1101,3689,1884,857,823,2171,239,1524,359,4558,1883,5829,517,1284,8913,16864,3615,6549,5036,3689,2288,110,1085,2527,490,620,5820,1871,5829,3660,5926,2138,76,6472,254,583,5357,377,598,30,455,7529,432,421,10,1628,6441,48658,26114,418,10525,13731,448,1433,3951,2653,1103,3696,1882,857,821,2171,239,1522,359,4569,1881,5836,517,1284,8920,16858,3628,6549,5040,3696,2290,110,1082,2527,490,619,5830,1871,5836,3666,5931,2136,76,6481,253,583,5353,377,596,30,458,7535,435,421,10,1634,6450,48696,26140,418,10517,13747
90da42ec15a157673671e9f7,benchmark://cbench-v1/tiff2bw,2,3,-loop-vectorize,True,-2.352100,-2.352100,a3222d4be8271b6f,a3222d4be8271b6f,48658,48658,0.044309,0.045352,563459,563459,6441,6441,418,418,48658,48658,26114,26114,448,1435,3940,2646,1101,3689,1884,857,823,2171,239,1524,359,4558,1883,5829,517,1284,8913,16864,3615,6549,5036,3689,2288,110,1085,2527,490,620,5820,1871,5829,3660,5926,2138,76,6472,254,583,5357,377,598,30,455,7529,432,421,10,1628,6441,48658,26114,418,10525,13731,448,1435,3940,2646,1101,3689,1884,857,823,2171,239,1524,359,4558,1883,5829,517,1284,8913,16864,3615,6549,5036,3689,2288,110,1085,2527,490,620,5820,1871,5829,3660,5926,2138,76,6472,254,583,5357,377,598,30,455,7529,432,421,10,1628,6441,48658,26114,418,10525,13731
90da42ec15a157673671e9f7,benchmark://cbench-v1/tiff2bw,2,4,-loop-deletion,True,0.306283,0.306283,a3222d4be8271b6f,a3222d4be8271b6f,48658,48658,0.044309,0.044174,563459,563459,6441,6441,418,418,48658,48658,26114,26114,448,1435,3940,2646,1101,3689,1884,857,823,2171,239,1524,359,4558,1883,5829,517,1284,8913,16864,3615,6549,5036,3689,2288,110,1085,2527,490,620,5820,1871,5829,3660,5926,2138,76,6472,254,583,5357,377,598,30,455,7529,432,421,10,1628,6441,48658,26114,418,10525,13731,448,1435,3940,2646,1101,3689,1884,857,823,2171,239,1524,359,4558,1883,5829,517,1284,8913,16864,3615,6549,5036,3689,2288,110,1085,2527,490,620,5820,1871,5829,3660,5926,2138,76,6472,254,583,5357,377,598,30,455,7529,432,421,10,1628,6441,48658,26114,418,10525,13731
90da42ec15a157673671e9f7,benchmark://cbench-v1/tiff2bw,2,5,-loop-unswitch,True,-3.703891,-3.703891,a3222d4be8271b6f,64c23295391d0667,48658,49774,0.044309,0.045951,563459,577651,6441,6710,418,418,48658,49774,26114,26437,448,1435,3940,2646,1101,3689,1884,857,823,2171,239,1524,359,4558,1883,5829,517,1284,8913,16864,3615,6549,5036,3689,2288,110,1085,2527,490,620,5820,1871,5829,3660,5926,2138,76,6472,254,583,5357,377,598,30,455,7529,432,421,10,1628,6441,48658,26114,418,10525,13731,475,1517,4108,2773,1137,3866,1980,905,864,2251,244,1609,383,4718,1992,6085,530,1333,9295,17030,3645,6620,5090,3866,2323,110,1130,2527,495,626,6083,1871,6085,3699,5996,2188,76,6584,262,589,5627,377,632,31,455,7631,458,450,10,1662,6710,49774,26437,418,11019,13950
90da42ec15a157673671e9f7,benchmark://cbench-v1/tiff2bw,2,6,-loop-distribute,True,-4.055171,-4.055171,a3222d4be8271b6f,a3222d4be8271b6f,48658,48658,0.044309,0.046106,563459,563459,6441,6441,418,418,48658,48658,26114,26114,448,1435,3940,2646,1101,3689,1884,857,823,2171,239,1524,359,4558,1883,5829,517,1284,8913,16864,3615,6549,5036,3689,2288,110,1085,2527,490,620,5820,1871,5829,3660,5926,2138,76,6472,254,583,5357,377,598,30,455,7529,432,421,10,1628,6441,48658,26114,418,10525,13731,448,1435,3940,2646,1101,3689,1884,857,823,2171,239,1524,359,4558,1883,5829,517,1284,8913,16864,3615,6549,5036,3689,2288,110,1085,2527,490,620,5820,1871,5829,3660,5926,2138,76,6472,254,583,5357,377,598,30,455,7529,432,421,10,1628,6441,48658,26114,418,10525,13731
90da42ec15a157673671e9f7,benchmark://cbench-v1/tiff2bw,2,7,-indvars,True,-41.161355,-41.161355,a3222d4be8271b6f,8a49131063158147,48658,48726,0.044309,0.062548,563459,564659,6441,6441,418,418,48658,48726,26114,26116,448,1435,3940,2646,1101,3689,1884,857,823,2171,239,1524,359,4558,1883,5829,517,1284,8913,16864,3615,6549,5036,3689,2288,110,1085,2527,490,620,5820,1871,5829,3660,5926,2138,76,6472,254,583,5357,377,598,30,455,7529,432,421,10,1628,6441,48658,26114,418,10525,13731,448,1432,3940,2646,1101,3689,1884,857,823,2171,239,1521,359,4561,1880,5829,517,1284,8913,16787,3711,6549,5048,3689,2302,110,1099,2527,490,622,5818,1871,5829,3660,5928,2138,77,6472,254,583,5338,377,591,30,456,7529,435,488,10,1634,6441,48726,26116,418,10499,13797
64a782c93e0291648a2c4592,benchmark://cbench-v1/bitcount,0,0,-licm,True,5.403366,5.403366,d527be711ab8b8b5,fd073d0c678ef1c7,857,874,0.032724,0.030956,3894,4937,85,85,37,37,857,874,495,469,0,2,43,31,7,38,18,3,8,25,3,2,0,83,2,63,14,13,88,164,131,86,103,38,74,10,36,59,28,18,67,54,63,67,55,29,7,195,0,3,2,21,51,1,7,119,5,19,2,13,85,857,495,37,5,391,5,15,43,31,7,38,18,3,8,25,3,18,2,65,20,63,14,13,88,164,131,86,103,38,74,10,36,59,28,17,68,54,63,67,55,29,7,174,0,3,45,21,51,1,7,114,5,19,2,13,85,874,469,37,73,370
64a782c93e0291648a2c4592,benchmark://cbench-v1/bitcount,0,1,-loop-rotate,True,2.994182,2.994182,d527be711ab8b8b5,85dbbef942a24708,857,878,0.032724,0.031744,3894,4006,85,90,37,37,857,878,495,504,0,2,43,31,7,38,18,3,8,25,3,2,0,83,2,63,14,13,88,164,131,86,103,38,74,10,36,59,28,18,67,54,63,67,55,29,7,195,0,3,2,21,51,1,7,119,5,19,2,13,85,857,495,37,5,391,0,2,43,30,10,38,23,6,8,30,3,2,0,88,2,68,14,23,98,167,131,87,103,38,75,10,37,59,28,18,72,54,68,67,55,34,7,203,0,3,2,21,52,1,7,120,5,19,2,13,90,878,504,37,5,400
64a782c93e0291648a2c4592,benchmark://cbench-v1/bitcount,0,2,-loop-unroll,True,-7.069395,-7.069395,d527be711ab8b8b5,9ad6f7a03ed654c1,857,857,0.032724,0.035037,3894,3894,85,85,37,37,857,857,495,495,0,2,43,31,7,38,18,3,8,25,3,2,0,83,2,63,14,13,88,164,131,86,103,38,74,10,36,59,28,18,67,54,63,67,55,29,7,195,0,3,2,21,51,1,7,119,5,19,2,13,85,857,495,37,5,391,0,2,43,31,7,38,18,3,8,25,3,2,0,83,2,63,14,13,88,164,131,86,103,38,74,10,36,59,28,18,67,54,63,67,55,29,7,195,0,3,2,21,51,1,7,119,5,19,2,13,85,857,495,37,5,391
64a782c93e0291648a2c4592,benchmark://cbench-v1/bitcount,0,3,-loop-vectorize,True,-0.716198,-0.716198,d527be711ab8b8b5,9ad6f7a03ed654c1,857,857,0.032724,0.032958,3894,3894,85,85,37,37,857,857,495,495,0,2,43,31,7,38,18,3,8,25,3,2,0,83,2,63,14,13,88,164,131,86,103,38,74,10,36,59,28,18,67,54,63,67,55,29,7,195,0,3,2,21,51,1,7,119,5,19,2,13,85,857,495,37,5,391,0,2,43,31,7,38,18,3,8,25,3,2,0,83,2,63,14,13,88,164,131,86,103,38,74,10,36,59,28,18,67,54,63,67,55,29,7,195,0,3,2,21,51,1,7,119,5,19,2,13,85,857,495,37,5,391
64a782c93e0291648a2c4592,benchmark://cbench-v1/bitcount,0,4,-loop-deletion,True,0.042906,0.042906,d527be711ab8b8b5,9ad6f7a03ed654c1,857,857,0.032724,0.032710,3894,3894,85,85,37,37,857,857,495,495,0,2,43,31,7,38,18,3,8,25,3,2,0,83,2,63,14,13,88,164,131,86,103,38,74,10,36,59,28,18,67,54,63,67,55,29,7,195,0,3,2,21,51,1,7,119,5,19,2,13,85,857,495,37,5,391,0,2,43,31,7,38,18,3,8,25,3,2,0,83,2,63,14,13,88,164,131,86,103,38,74,10,36,59,28,18,67,54,63,67,55,29,7,195,0,3,2,21,51,1,7,119,5,19,2,13,85,857,495,37,5,391
64a782c93e0291648a2c4592,benchmark://cbench-v1/bitcount,0,5,-loop-unswitch,True,-6.815715,-6.815715,d527be711ab8b8b5,9ad6f7a03ed654c1,857,857,0.032724,0.034954,3894,3894,85,85,37,37,857,857,495,495,0,2,43,31,7,38,18,3,8,25,3,2,0,83,2,63,14,13,88,164,131,86,103,38,74,10,36,59,28,18,67,54,63,67,55,29,7,195,0,3,2,21,51,1,7,119,5,19,2,13,85,857,495,37,5,391,0,2,43,31,7,38,18,3,8,25,3,2,0,83,2,63,14,13,88,164,131,86,103,38,74,10,36,59,28,18,67,54,63,67,55,29,7,195,0,3,2,21,51,1,7,119,5,19,2,13,85,857,495,37,5,391
64a782c93e0291648a2c4592,benchmark://cbench-v1/bitcount,0,6,-loop-distribute,True,1.539052,1.539052,d527be711ab8b8b5,9ad6f7a03ed654c1,857,857,0.032724,0.032220,3894,3894,85,85,37,37,857,857,495,495,0,2,43,31,7,38,18,3,8,25,3,2,0,83,2,63,14,13,88,164,131,86,103,38,74,10,36,59,28,18,67,54,63,67,55,29,7,195,0,3,2,21,51,1,7,119,5,19,2,13,85,857,495,37,5,391,0,2,43,31,7,38,18,3,8,25,3,2,0,83,2,63,14,13,88,164,131,86,103,38,74,10,36,59,28,18,67,54,63,67,55,29,7,195,0,3,2,21,51,1,7,119,5,19,2,13,85,857,495,37,5,391
64a782c93e0291648a2c4592,benchmark://cbench-v1/bitcount,0,7,-indvars,True,-2.346925,-2.346925,d527be711ab8b8b5,e416a818ad0a7ffb,857,857,0.032724,0.033492,3894,3894,85,85,37,37,857,857,495,495,0,2,43,31,7,38,18,3,8,25,3,2,0,83,2,63,14,13,88,164,131,86,103,38,74,10,36,59,28,18,67,54,63,67,55,29,7,195,0,3,2,21,51,1,7,119,5,19,2,13,85,857,495,37,5,391,0,2,43,31,7,38,18,3,8,25,3,2,0,83,2,63,14,13,88,164,131,86,103,38,74,10,36,59,28,18,67,54,63,67,55,29,7,195,0,3,2,21,51,1,7,119,5,19,2,13,85,857,495,37,5,391
5c7b22516c1030351d6d7a1b,benchmark://cbench-v1/bitcount,1,0,-licm,True,3.907371,3.907371,c57cb058bd036f47,f5bb9415dedd3478,699,735,0.032551,0.031279,4008,4933,85,85,37,37,699,735,367,361,0,2,43,31,7,38,18,3,8,25,3,2,0,83,2,63,14,13,88,149,129,76,102,38,73,10,35,59,28,12,73,28,63,67,47,28,7,75,0,3,2,21,50,1,7,119,5,19,2,12,85,699,367,37,5,243,4,16,43,31,7,38,18,3,8,25,3,18,2,65,20,63,14,13,88,149,129,76,102,38,73,10,35,59,28,12,73,28,63,67,47,28,7,74,0,3,44,21,50,1,7,114,5,19,2,12,85,735,361,37,70,242
5c7b22516c1030351d6d7a1b,benchmark://cbench-v1/bitcount,1,1,-loop-rotate,True,-0.040021,-0.040021,c57cb058bd036f47,7c701ba662a0b8fb,699,723,0.032551,0.032564,4008,4264,85,90,37,37,699,723,367,374,0,2,43,31,7,38,18,3,8,25,3,2,0,83,2,63,14,13,88,149,129,76,102,38,73,10,35,59,28,12,73,28,63,67,47,28,7,75,0,3,2,21,50,1,7,119,5,19,2,12,85,699,367,37,5,243,0,7,43,30,10,38,23,6,8,30,3,7,0,83,7,68,14,23,98,152,129,77,102,38,74,10,36,59,28,12,78,28,68,67,47,33,7,81,0,3,8,21,50,1,7,120,5,19,2,12,90,723,374,37,17,249
5c7b22516c1030351d6d7a1b,benchmark://cbench-v1/bitcount,1,2,-loop-unroll,True,-0.105551,-0.105551,c57cb058bd036f47,c57cb058bd036f47,699,699,0.032551,0.032586,4008,4008,85,85,37,37,699,699,367,367,0,2,43,31,7,38,18,3,8,25,3,2,0,83,2,63,14,13,88,149,129,76,102,38,73,10,35,59,28,12,73,28,63,67,47,28,7,75,0,3,2,21,50,1,7,119,5,19,2,12,85,699,367,37,5,243,0,2,43,31,7,38,18,3,8,25,3,2,0,83,2,63,14,13,88,149,129,76,102,38,73,10,35,59,28,12,73,28,63,67,47,28,7,75,0,3,2,21,50,1,7,119,5,19,2,12,85,699,367,37,5,243
5c7b22516c1030351d6d7a1b,benchmark://cbench-v1/bitcount,1,3,-loop-vectorize,True,-1.436310,-1.436310,c57cb058bd036f47,c57cb058bd036f47,699,699,0.032551,0.033019,4008,4008,85,85,37,37,699,699,367,367,0,2,43,31,7,38,18,3,8,25,3,2,0,83,2,63,14,13,88,149,129,76,102,38,73,10,35,59,28,12,73,28,63,67,47,28,7,75,0,3,2,21,50,1,7,119,5,19,2,12,85,699,367,37,5,243,0,2,43,31,7,38,18,3,8,25,3,2,0,83,2,63,14,13,88,149,129,76,102,38,73,10,35,59,28,12,73,28,63,67,47,28,7,75,0,3,2,21,50,1,7,119,5,19,2,12,85,699,367,37,5,243
5c7b22516c1030351d6d7a1b,benchmark://cbench-v1/bitcount,1,4,-loop-deletion,True,0.182663,0.182663,c57cb058bd036f47,c57cb058bd036f47,699,699,0.032551,0.032492,4008,4008,85,85,37,37,699,699,367,367,0,2,43,31,7,38,18,3,8,25,3,2,0,83,2,63,14,13,88,149,129,76,102,38,73,10,35,59,28,12,73,28,63,67,47,28,7,75,0,3,2,21,50,1,7,119,5,19,2,12,85,699,367,37,5,243,0,2,43,31,7,38,18,3,8,25,3,2,0,83,2,63,14,13,88,149,129,76,102,38,73,10,35,59,28,12,73,28,63,67,47,28,7,75,0,3,2,21,50,1,7,119,5,19,2,12,85,699,367,37,5,243
5c7b22516c1030351d6d7a1b,benchmark://cbench-v1/bitcount,1,5,-loop-unswitch,True,0.388455,0.388455,c57cb058bd036f47,534cea2df5197ca3,699,741,0.032551,0.032425,4008,4264,85,99,37,37,699,741,367,385,0,2,43,31,7,38,18,3,8,25,3,2,0,83,2,63,14,13,88,149,129,76,102,38,73,10,35,59,28,12,73,28,63,67,47,28,7,75,0,3,2,21,50,1,7,119,5,19,2,12,85,699,367,37,5,243,0,2,53,41,8,48,22,3,11,29,3,2,0,97,2,77,15,14,106,151,136,81,106,48,76,10,39,59,28,12,87,28,77,69,49,30,7,82,0,3,2,21,54,1,7,126,5,19,2,12,99,741,385,37,5,254
5c7b22516c1030351d6d7a1b,benchmark://cbench-v1/bitcount,1,6,-loop-distribute,True,-2.591192,-2.591192,c57cb058bd036f47,c57cb058bd036f47,699,699,0.032551,0.033395,4008,4008,85,85,37,37,699,699,367,367,0,2,43,31,7,38,18,3,8,25,3,2,0,83,2,63,14,13,88,149,129,76,102,38,73,10,35,59,28,12,73,28,63,67,47,28,7,75,0,3,2,21,50,1,7,119,5,19,2,12,85,699,367,37,5,243,0,2,43,31,7,38,18,3,8,25,3,2,0,83,2,63,14,13,88,149,129,76,102,38,73,10,35,59,28,12,73,28,63,67,47,28,7,75,0,3,2,21,50,1,7,119,5,19,2,12,85,699,367,37,5,243
5c7b22516c1030351d6d7a1b,benchmark://cbench-v1/bitcount,1,7,-indvars,True,-4.764049,-4.764049,c57cb058bd036f47,c57cb058bd036f47,699,699,0.032551,0.034102,4008,4008,85,85,37,37,699,699,367,367,0,2,43,31,7,38,18,3,8,25,3,2,0,83,2,63,14,13,88,149,129,76,102,38,73,10,35,59,28,12,73,28,63,67,47,28,7,75,0,3,2,21,50,1,7,119,5,19,2,12,85,699,367,37,5,243,0,2,43,31,7,38,18,3,8,25,3,2,0,83,2,63,14,13,88,149,129,76,102,38,73,10,35,59,28,12,73,28,63,67,47,28,7,75,0,3,2,21,50,1,7,119,5,19,2,12,85,699,367,37,5,243
ce5ec3762eef3d294da7a14f,benchmark://cbench-v1/bitcount,2,0,-licm,True,1.810454,1.810454,9a7d1509b5f80c39,9a7d1509b5f80c39,729,729,0.031431,0.030862,5171,5171,80,80,37,37,729,729,331,331,3,23,38,27,6,33,18,2,9,25,3,20,6,54,26,58,14,12,83,162,130,87,102,33,82,10,37,59,28,12,68,26,58,67,43,28,13,46,0,3,57,21,50,1,7,116,6,28,2,12,80,729,331,37,98,221,3,23,38,27,6,33,18,2,9,25,3,20,6,54,26,58,14,12,83,162,130,87,102,33,82,10,37,59,28,12,68,26,58,67,43,28,13,46,0,3,57,21,50,1,7,116,6,28,2,12,80,729,331,37,98,221
ce5ec3762eef3d294da7a14f,benchmark://cbench-v1/bitcount,2,1,-loop-rotate,True,6.286969,6.286969,9a7d1509b5f80c39,857a929bf3f85327,729,740,0.031431,0.029455,5171,5275,80,83,37,37,729,740,331,333,3,23,38,27,6,33,18,2,9,25,3,20,6,54,26,58,14,12,83,162,130,87,102,33,82,10,37,59,28,12,68,26,58,67,43,28,13,46,0,3,57,21,50,1,7,116,6,28,2,12,80,729,331,37,98,221,3,28,37,28,5,32,22,2,12,29,3,26,5,52,31,61,14,21,90,165,133,92,102,32,83,10,38,59,28,12,71,26,61,67,43,32,13,47,0,3,58,21,50,1,7,117,6,28,2,12,83,740,333,37,100,222
ce5ec3762eef3d294da7a14f,benchmark://cbench-v1/bitcount,2,2,-loop-unroll,True,-7.734818,-7.734818,9a7d1509b5f80c39,9a7d1509b5f80c39,729,729,0.031431,0.033862,5171,5171,80,80,37,37,729,729,331,331,3,23,38,27,6,33,18,2,9,25,3,20,6,54,26,58,14,12,83,162,130,87,102,33,82,10,37,59,28,12,68,26,58,67,43,28,13,46,0,3,57,21,50,1,7,116,6,28,2,12,80,729,331,37,98,221,3,23,38,27,6,33,18,2,9,25,3,20,6,54,26,58,14,12,83,162,130,87,102,33,82,10,37,59,28,12,68,26,58,67,43,28,13,46,0,3,57,21,50,1,7,116,6,28,2,12,80,729,331,37,98,221
ce5ec3762eef3d294da7a14f,benchmark://cbench-v1/bitcount,2,3,-loop-vectorize,True,2.732789,2.732789,9a7d1509b5f80c39,9a7d1509b5f80c39,729,729,0.031431,0.030572,5171,5171,80,80,37,37,729,729,331,331,3,23,38,27,6,33,18,2,9,25,3,20,6,54,26,58,14,12,83,162,130,87,102,33,82,10,37,59,28,12,68,26,58,67,43,28,13,46,0,3,57,21,50,1,7,116,6,28,2,12,80,729,331,37,98,221,3,23,38,27,6,33,18,2,9,25,3,20,6,54,26,58,14,12,83,162,130,87,102,33,82,10,37,59,28,12,68,26,58,67,43,28,13,46,0,3,57,21,50,1,7,116,6,28,2,12,80,729,331,37,98,221
ce5ec3762eef3d294da7a14f,benchmark://cbench-v1/bitcount,2,4,-loop-deletion,True,1.947548,1.947548,9a7d1509b5f80c39,9a7d1509b5f80c39,729,729,0.031431,0.030819,5171,5171,80,80,37,37,729,729,331,331,3,23,38,27,6,33,18,2,9,25,3,20,6,54,26,58,14,12,83,162,130,87,102,33,82,10,37,59,28,12,68,26,58,67,43,28,13,46,0,3,57,21,50,1,7,116,6,28,2,12,80,729,331,37,98,221,3,23,38,27,6,33,18,2,9,25,3,20,6,54,26,58,14,12,83,162,130,87,102,33,82,10,37,59,28,12,68,26,58,67,43,28,13,46,0,3,57,21,50,1,7,116,6,28,2,12,80,729,331,37,98,221
ce5ec3762eef3d294da7a14f,benchmark://cbench-v1/bitcount,2,5,-loop-unswitch,True,-0.735142,-0.735142,9a7d1509b5f80c39,7769c6c03f223bda,729,779,0.031431,0.031662,5171,6035,80,92,37,37,729,779,331,337,3,23,38,27,6,33,18,2,9,25,3,20,6,54,26,58,14,12,83,162,130,87,102,33,82,10,37,59,28,12,68,26,58,67,43,28,13,46,0,3,57,21,50,1,7,116,6,28,2,12,80,729,331,37,98,221,6,25,46,35,7,41,22,2,12,29,3,20,11,61,31,70,15,13,99,165,140,95,107,41,85,10,41,59,28,12,80,26,70,69,45,30,13,48,0,3,80,21,53,1,7,116,6,28,2,12,92,779,337,37,136,226
ce5ec3762eef3d294da7a14f,benchmark://cbench-v1/bitcount,2,6,-loop-distribute,True,-34.337642,-34.337642,9a7d1509b5f80c39,9a7d1509b5f80c39,729,729,0.031431,0.042224,5171,5171,80,80,37,37,729,729,331,331,3,23,38,27,6,33,18,2,9,25,3,20,6,54,26,58,14,12,83,162,130,87,102,33,82,10,37,59,28,12,68,26,58,67,43,28,13,46,0,3,57,21,50,1,7,116,6,28,2,12,80,729,331,37,98,221,3,23,38,27,6,33,18,2,9,25,3,20,6,54,26,58,14,12,83,162,130,87,102,33,82,10,37,59,28,12,68,26,58,67,43,28,13,46,0,3,57,21,50,1,7,116,6,28,2,12,80,729,331,37,98,221
ce5ec3762eef3d294da7a14f,benchmark://cbench-v1/bitcount,2,7,-indvars,True,-3.424446,-3.424446,9a7d1509b5f80c39,98ce72cd787d0cc4,729,726,0.031431,0.032508,5171,5178,80,80,37,37,729,726,331,331,3,23,38,27,6,33,18,2,9,25,3,20,6,54,26,58,14,12,83,162,130,87,102,33,82,10,37,59,28,12,68,26,58,67,43,28,13,46,0,3,57,21,50,1,7,116,6,28,2,12,80,729,331,37,98,221,3,23,38,27,6,33,18,2,9,25,3,20,6,54,26,58,14,12,83,157,133,86,101,33,82,10,37,59,28,12,68,26,58,67,43,28,13,46,0,3,55,21,47,1,7,116,6,30,2,12,80,726,331,37,94,220
6686dbc482444f80adf5df7b,benchmark://cbench-v1/stringsearch,0,0,-licm,True,1.151574,1.151574,1cc5940263765514,ee36e44f2a04cc13,1348,1411,0.027242,0.026928,5904,10015,201,202,31,31,1348,1411,815,754,0,10,134,93,28,112,53,15,36,70,3,10,0,191,10,182,39,22,252,182,158,95,143,112,61,0,38,68,0,21,180,82,182,152,78,70,0,338,2,0,10,11,50,1,0,179,47,5,0,27,201,1348,815,31,20,570,6,68,135,94,28,113,53,15,36,70,3,70,4,128,74,183,39,21,253,182,158,95,143,113,61,0,38,68,0,23,179,82,183,152,78,70,0,266,2,0,134,11,50,1,0,190,47,5,0,26,202,1411,754,31,198,497
6686dbc482444f80adf5df7b,benchmark://cbench-v1/stringsearch,0,1,-loop-rotate,True,2.513032,2.513032,1cc5940263765514,17670b12596fb8c7,1348,1401,0.027242,0.026557,5904,6151,201,208,31,31,1348,1401,815,841,0,10,134,93,28,112,53,15,36,70,3,10,0,191,10,182,39,22,252,182,158,95,143,112,61,0,38,68,0,21,180,82,182,152,78,70,0,338,2,0,10,11,50,1,0,179,47,5,0,27,201,1348,815,31,20,570,0,10,126,80,38,104,68,24,37,85,3,10,0,198,10,189,39,60,274,190,160,97,147,104,65,0,38,68,0,22,186,82,189,152,79,85,0,363,2,0,10,11,51,1,0,179,51,5,0,27,208,1401,841,31,20,596
6686dbc482444f80adf5df7b,benchmark://cbench-v1/stringsearch,0,2,-loop-unroll,True,2.042762,2.042762,1cc5940263765514,38453130712a8fab,1348,1349,0.027242,0.026685,5904,5904,201,202,31,31,1348,1349,815,815,0,10,134,93,28,112,53,15,36,70,3,10,0,191,10,182,39,22,252,182,158,95,143,112,61,0,38,68,0,21,180,82,182,152,78,70,0,338,2,0,10,11,50,1,0,179,47,5,0,27,201,1348,815,31,20,570,0,10,135,94,28,113,53,15,36,70,3,10,0,192,10,183,39,21,253,182,158,95,143,113,61,0,38,68,0,21,181,82,183,152,78,70,0,338,2,0,10,11,50,1,0,179,47,5,0,27,202,1349,815,31,20,570
6686dbc482444f80adf5df7b,benchmark://cbench-v1/stringsearch,0,3,-loop-vectorize,True,1.921095,1.921095,1cc5940263765514,38453130712a8fab,1348,1349,0.027242,0.026718,5904,5904,201,202,31,31,1348,1349,815,815,0,10,134,93,28,112,53,15,36,70,3,10,0,191,10,182,39,22,252,182,158,95,143,112,61,0,38,68,0,21,180,82,182,152,78,70,0,338,2,0,10,11,50,1,0,179,47,5,0,27,201,1348,815,31,20,570,0,10,135,94,28,113,53,15,36,70,3,10,0,192,10,183,39,21,253,182,158,95,143,113,61,0,38,68,0,21,181,82,183,152,78,70,0,338,2,0,10,11,50,1,0,179,47,5,0,27,202,1349,815,31,20,570
6686dbc482444f80adf5df7b,benchmark://cbench-v1/stringsearch,0,4,-loop-deletion,True,3.423351,3.423351,1cc5940263765514,38453130712a8fab,1348,1349,0.027242,0.026309,5904,5904,201,202,31,31,1348,1349,815,815,0,10,134,93,28,112,53,15,36,70,3,10,0,191,10,182,39,22,252,182,158,95,143,112,61,0,38,68,0,21,180,82,182,152,78,70,0,338,2,0,10,11,50,1,0,179,47,5,0,27,201,1348,815,31,20,570,0,10,135,94,28,113,53,15,36,70,3,10,0,192,10,183,39,21,253,182,158,95,143,113,61,0,38,68,0,21,181,82,183,152,78,70,0,338,2,0,10,11,50,1,0,179,47,5,0,27,202,1349,815,31,20,570
6686dbc482444f80adf5df7b,benchmark://cbench-v1/stringsearch,0,5,-loop-unswitch,True,3.997141,3.997141,1cc5940263765514,38453130712a8fab,1348,1349,0.027242,0.026153,5904,5904,201,202,31,31,1348,1349,815,815,0,10,134,93,28,112,53,15,36,70,3,10,0,191,10,182,39,22,252,182,158,95,143,112,61,0,38,68,0,21,180,82,182,152,78,70,0,338,2,0,10,11,50,1,0,179,47,5,0,27,201,1348,815,31,20,570,0,10,135,94,28,113,53,15,36,70,3,10,0,192,10,183,39,21,253,182,158,95,143,113,61,0,38,68,0,21,181,82,183,152,78,70,0,338,2,0,10,11,50,1,0,179,47,5,0,27,202,1349,815,31,20,570
6686dbc482444f80adf5df7b,benchmark://cbench-v1/stringsearch,0,6,-loop-distribute,True,1.816016,1.816016,1cc5940263765514,daf32eee988e2a2b,1348,1348,0.027242,0.026747,5904,5904,201,201,31,31,1348,1348,815,815,0,10,134,93,28,112,53,15,36,70,3,10,0,191,10,182,39,22,252,182,158,95,143,112,61,0,38,68,0,21,180,82,182,152,78,70,0,338,2,0,10,11,50,1,0,179,47,5,0,27,201,1348,815,31,20,570,0,10,134,93,28,112,53,15,36,70,3,10,0,191,10,182,39,22,252,182,158,95,143,112,61,0,38,68,0,21,180,82,182,152,78,70,0,338,2,0,10,11,50,1,0,179,47,5,0,27,201,1348,815,31,20,570
6686dbc482444f80adf5df7b,benchmark://cbench-v1/stringsearch,0,7,-indvars,True,-8.759305,-8.759305,1cc5940263765514,38453130712a8fab,1348,1349,0.027242,0.029628,5904,5904,201,202,31,31,1348,1349,815,815,0,10,134,93,28,112,53,15,36,70,3,10,0,191,10,182,39,22,252,182,158,95,143,112,61,0,38,68,0,21,180,82,182,152,78,70,0,338,2,0,10,11,50,1,0,179,47,5,0,27,201,1348,815,31,20,570,0,10,135,94,28,113,53,15,36,70,3,10,0,192,10,183,39,21,253,182,158,95,143,113,61,0,38,68,0,21,181,82,183,152,78,70,0,338,2,0,10,11,50,1,0,179,47,5,0,27,202,1349,815,31,20,570
661d79031b04bc4d0b41b768,benchmark://cbench-v1/stringsearch,1,0,-licm,True,0.608904,0.608904,efe62dbe8cd48f36,711be179f3221df4,1048,1212,0.025850,0.025692,6807,10102,201,202,31,31,1048,1212,585,600,0,10,134,93,28,112,53,15,36,70,3,10,0,191,10,182,37,22,252,170,150,92,131,112,50,0,38,68,0,12,189,41,182,150,69,66,0,118,0,0,10,11,38,1,0,180,37,5,0,26,201,1048,585,31,20,296,6,72,135,94,28,113,53,15,36,70,3,71,7,124,78,183,37,21,253,170,150,92,131,113,50,0,38,68,0,17,185,41,183,150,69,66,0,122,0,0,158,11,38,1,0,191,37,5,0,26,202,1212,600,31,225,300
661d79031b04bc4d0b41b768,benchmark://cbench-v1/stringsearch,1,1,-loop-rotate,True,-2.225946,-2.225946,efe62dbe8cd48f36,73403938ecbb460f,1048,1130,0.025850,0.026425,6807,7793,201,208,31,31,1048,1130,585,604,0,10,134,93,28,112,53,15,36,70,3,10,0,191,10,182,37,22,252,170,150,92,131,112,50,0,38,68,0,12,189,41,182,150,69,66,0,118,0,0,10,11,38,1,0,180,37,5,0,26,201,1048,585,31,20,296,1,42,126,80,38,104,68,24,37,85,3,43,0,165,43,189,37,60,274,174,152,94,131,104,50,0,38,68,0,15,193,41,189,150,70,81,0,136,0,0,50,11,39,1,0,180,37,5,0,26,208,1130,604,31,83,315
661d79031b04bc4d0b41b768,benchmark://cbench-v1/stringsearch,1,2,-loop-unroll,True,-1.959972,-1.959972,efe62dbe8cd48f36,2321fd46fe8ed70b,1048,1068,0.025850,0.026357,6807,7090,201,202,31,31,1048,1068,585,585,0,10,134,93,28,112,53,15,36,70,3,10,0,191,10,182,37,22,252,170,150,92,131,112,50,0,38,68,0,12,189,41,182,150,69,66,0,118,0,0,10,11,38,1,0,180,37,5,0,26,201,1048,585,31,20,296,0,26,135,94,28,113,53,15,36,70,3,26,0,176,26,183,37,21,253,170,150,92,131,113,50,0,38,68,0,12,190,41,183,150,69,66,0,118,0,0,29,11,38,1,0,180,37,5,0,26,202,1068,585,31,41,296
661d79031b04bc4d0b41b768,benchmark://cbench-v1/stringsearch,1,3,-loop-vectorize,True,-1.929262,-1.929262,efe62dbe8cd48f36,8f0e70d8795d347d,1048,1064,0.025850,0.026349,6807,7011,201,202,31,31,1048,1064,585,585,0,10,134,93,28,112,53,15,36,70,3,10,0,191,10,182,37,22,252,170,150,92,131,112,50,0,38,68,0,12,189,41,182,150,69,66,0,118,0,0,10,11,38,1,0,180,37,5,0,26,201,1048,585,31,20,296,0,22,135,94,28,113,53,15,36,70,3,22,0,180,22,183,37,21,253,170,150,92,131,113,50,0,38,68,0,12,190,41,183,150,69,66,0,118,0,0,25,11,38,1,0,180,37,5,0,26,202,1064,585,31,37,296
661d79031b04bc4d0b41b768,benchmark://cbench-v1/stringsearch,1,4,-loop-deletion,True,-4.021212,-4.021212,efe62dbe8cd48f36,6c1ad9a261a5387e,1048,1068,0.025850,0.026889,6807,7106,201,202,31,31,1048,1068,585,585,0,10,134,93,28,112,53,15,36,70,3,10,0,191,10,182,37,22,252,170,150,92,131,112,50,0,38,68,0,12,189,41,182,150,69,66,0,118,0,0,10,11,38,1,0,180,37,5,0,26,201,1048,585,31,20,296,0,26,135,94,28,113,53,15,36,70,3,26,0,176,26,183,37,21,253,170,150,92,131,113,50,0,38,68,0,12,190,41,183,150,69,66,0,118,0,0,29,11,38,1,0,180,37,5,0,26,202,1068,585,31,41,296
661d79031b04bc4d0b41b768,benchmark://cbench-v1/stringsearch,1,5,-loop-unswitch,True,-1.953588,-1.953588,efe62dbe8cd48f36,2321fd46fe8ed70b,1048,1068,0.025850,0.026355,6807,7090,201,202,31,31,1048,1068,585,585,0,10,134,93,28,112,53,15,36,70,3,10,0,191,10,182,37,22,252,170,150,92,131,112,50,0,38,68,0,12,189,41,182,150,69,66,0,118,0,0,10,11,38,1,0,180,37,5,0,26,201,1048,585,31,20,296,0,26,135,94,28,113,53,15,36,70,3,26,0,176,26,183,37,21,253,170,150,92,131,113,50,0,38,68,0,12,190,41,183,150,69,66,0,118,0,0,29,11,38,1,0,180,37,5,0,26,202,1068,585,31,41,296
661d79031b04bc4d0b41b768,benchmark://cbench-v1/stringsearch,1,6,-loop-distribute,True,-4.220462,-4.220462,efe62dbe8cd48f36,efe62dbe8cd48f36,1048,1048,0.025850,0.026941,6807,6807,201,201,31,31,1048,1048,585,585,0,10,134,93,28,112,53,15,36,70,3,10,0,191,10,182,37,22,252,170,150,92,131,112,50,0,38,68,0,12,189,41,182,150,69,66,0,118,0,0,10,11,38,1,0,180,37,5,0,26,201,1048,585,31,20,296,0,10,134,93,28,112,53,15,36,70,3,10,0,191,10,182,37,22,252,170,150,92,131,112,50,0,38,68,0,12,189,41,182,150,69,66,0,118,0,0,10,11,38,1,0,180,37,5,0,26,201,1048,585,31,20,296
661d79031b04bc4d0b41b768,benchmark://cbench-v1/stringsearch,1,7,-indvars,True,-8.657165,-8.657165,efe62dbe8cd48f36,4f6739e8d26e3c14,1048,1068,0.025850,0.028088,6807,7026,201,202,31,31,1048,1068,585,585,0,10,134,93,28,112,53,15,36,70,3,10,0,191,10,182,37,22,252,170,150,92,131,112,50,0,38,68,0,12,189,41,182,150,69,66,0,118,0,0,10,11,38,1,0,180,37,5,0,26,201,1048,585,31,20,296,0,25,135,94,28,113,53,15,36,70,3,25,0,177,25,183,37,21,253,171,150,92,131,113,51,0,39,68,0,12,190,41,183,150,69,66,0,118,0,0,28,11,38,1,0,180,37,5,0,26,202,1068,585,31,40,296
df173722ae05276988361c65,benchmark://cbench-v1/stringsearch,2,0,-licm,True,3.517306,3.517306,9e71b9644cb9ff5d,9e71b9644cb9ff5d,1241,1241,0.027424,0.026459,11708,11708,188,188,31,31,1241,1241,588,588,17,67,121,80,28,99,53,15,36,70,3,66,18,104,84,169,37,19,239,185,163,120,124,99,57,0,52,68,0,17,171,41,169,150,69,66,0,110,0,0,206,11,38,1,0,191,30,5,0,26,188,1241,588,31,320,288,17,67,121,80,28,99,53,15,36,70,3,66,18,104,84,169,37,19,239,185,163,120,124,99,57,0,52,68,0,17,171,41,169,150,69,66,0,110,0,0,206,11,38,1,0,191,30,5,0,26,188,1241,588,31,320,288
df173722ae05276988361c65,benchmark://cbench-v1/stringsearch,2,1,-loop-rotate,True,4.905876,4.905876,9e71b9644cb9ff5d,5936123ba70e1da4,1241,1262,0.027424,0.026078,11708,11650,188,185,31,31,1241,1262,588,592,17,67,121,80,28,99,53,15,36,70,3,66,18,104,84,169,37,19,239,185,163,120,124,99,57,0,52,68,0,17,171,41,169,150,69,66,0,110,0,0,206,11,38,1,0,191,30,5,0,26,188,1241,588,31,320,288,20,78,107,70,29,85,64,12,45,81,3,81,17,87,98,166,37,55,247,192,168,132,124,85,57,0,52,68,0,18,167,41,166,150,70,77,0,113,0,0,215,11,38,1,0,191,30,5,0,26,185,1262,592,31,338,291
df173722ae05276988361c65,benchmark://cbench-v1/stringsearch,2,2,-loop-unroll,True,-23.351271,-23.351271,9e71b9644cb9ff5d,9e71b9644cb9ff5d,1241,1241,0.027424,0.033827,11708,11708,188,188,31,31,1241,1241,588,588,17,67,121,80,28,99,53,15,36,70,3,66,18,104,84,169,37,19,239,185,163,120,124,99,57,0,52,68,0,17,171,41,169,150,69,66,0,110,0,0,206,11,38,1,0,191,30,5,0,26,188,1241,588,31,320,288,17,67,121,80,28,99,53,15,36,70,3,66,18,104,84,169,37,19,239,185,163,120,124,99,57,0,52,68,0,17,171,41,169,150,69,66,0,110,0,0,206,11,38,1,0,191,30,5,0,26,188,1241,588,31,320,288
df173722ae05276988361c65,benchmark://cbench-v1/stringsearch,2,3,-loop-vectorize,True,-8.135983,-8.135983,9e71b9644cb9ff5d,9e71b9644cb9ff5d,1241,1241,0.027424,0.029655,11708,11708,188,188,31,31,1241,1241,588,588,17,67,121,80,28,99,53,15,36,70,3,66,18,104,84,169,37,19,239,185,163,120,124,99,57,0,52,68,0,17,171,41,169,150,69,66,0,110,0,0,206,11,38,1,0,191,30,5,0,26,188,1241,588,31,320,288,17,67,121,80,28,99,53,15,36,70,3,66,18,104,84,169,37,19,239,185,163,120,124,99,57,0,52,68,0,17,171,41,169,150,69,66,0,110,0,0,206,11,38,1,0,191,30,5,0,26,188,1241,588,31,320,288
df173722ae05276988361c65,benchmark://cbench-v1/stringsearch,2,4,-loop-deletion,True,1.651752,1.651752,9e71b9644cb9ff5d,9e71b9644cb9ff5d,1241,1241,0.027424,0.026971,11708,11708,188,188,31,31,1241,1241,588,588,17,67,121,80,28,99,53,15,36,70,3,66,18,104,84,169,37,19,239,185,163,120,124,99,57,0,52,68,0,17,171,41,169,150,69,66,0,110,0,0,206,11,38,1,0,191,30,5,0,26,188,1241,588,31,320,288,17,67,121,80,28,99,53,15,36,70,3,66,18,104,84,169,37,19,239,185,163,120,124,99,57,0,52,68,0,17,171,41,169,150,69,66,0,110,0,0,206,11,38,1,0,191,30,5,0,26,188,1241,588,31,320,288
df173722ae05276988361c65,benchmark://cbench-v1/stringsearch,2,5,-loop-unswitch,True,2.612811,2.612811,9e71b9644cb9ff5d,9e71b9644cb9ff5d,1241,1241,0.027424,0.026707,11708,11708,188,188,31,31,1241,1241,588,588,17,67,121,80,28,99,53,15,36,70,3,66,18,104,84,169,37,19,239,185,163,120,124,99,57,0,52,68,0,17,171,41,169,150,69,66,0,110,0,0,206,11,38,1,0,191,30,5,0,26,188,1241,588,31,320,288,17,67,121,80,28,99,53,15,36,70,3,66,18,104,84,169,37,19,239,185,163,120,124,99,57,0,52,68,0,17,171,41,169,150,69,66,0,110,0,0,206,11,38,1,0,191,30,5,0,26,188,1241,588,31,320,288
df173722ae05276988361c65,benchmark://cbench-v1/stringsearch,2,6,-loop-distribute,True,3.511845,3.511845,9e71b9644cb9ff5d,9e71b9644cb9ff5d,1241,1241,0.027424,0.026460,11708,11708,188,188,31,31,1241,1241,588,588,17,67,121,80,28,99,53,15,36,70,3,66,18,104,84,169,37,19,239,185,163,120,124,99,57,0,52,68,0,17,171,41,169,150,69,66,0,110,0,0,206,11,38,1,0,191,30,5,0,26,188,1241,588,31,320,288,17,67,121,80,28,99,53,15,36,70,3,66,18,104,84,169,37,19,239,185,163,120,124,99,57,0,52,68,0,17,171,41,169,150,69,66,0,110,0,0,206,11,38,1,0,191,30,5,0,26,188,1241,588,31,320,288
df173722ae05276988361c65,benchmark://cbench-v1/stringsearch,2,7,-indvars,True,4.763785,4.763785,9e71b9644cb9ff5d,3c24cc57788c23c1,1241,1265,0.027424,0.026117,11708,12303,188,188,31,31,1241,1265,588,588,17,67,121,80,28,99,53,15,36,70,3,66,18,104,84,169,37,19,239,185,163,120,124,99,57,0,52,68,0,17,171,41,169,150,69,66,0,110,0,0,206,11,38,1,0,191,30,5,0,26,188,1241,588,31,320,288,17,67,121,80,28,99,53,15,36,70,3,67,17,104,84,169,37,19,239,154,197,119,124,99,61,0,56,68,0,16,172,41,169,150,69,66,0,110,0,0,205,11,35,1,0,191,30,29,0,26,188,1265,588,31,318,309
