episode_id,benchmark_uri,state_index,step_index,pass_flag,done,hybrid_reward,runtime_improvement,pre_state_id,post_state_id,pre_ir_instruction_count,post_ir_instruction_count,pre_runtime_median_sec,post_runtime_median_sec,pre_object_text_size_bytes,post_object_text_size_bytes,pre_total_basic_blocks,post_total_basic_blocks,pre_total_functions,post_total_functions,pre_total_instructions,post_total_instructions,pre_total_memory_instructions,post_total_memory_instructions,pre_autophase_BBNumArgsHi,pre_autophase_BBNumArgsLo,pre_autophase_onePred,pre_autophase_onePredOneSuc,pre_autophase_onePredTwoSuc,pre_autophase_oneSuccessor,pre_autophase_twoPred,pre_autophase_twoPredOneSuc,pre_autophase_twoEach,pre_autophase_twoSuccessor,pre_autophase_morePreds,pre_autophase_BB03Phi,pre_autophase_BBHiPhi,pre_autophase_BBNoPhi,pre_autophase_BeginPhi,pre_autophase_BranchCount,pre_autophase_returnInt,pre_autophase_CriticalCount,pre_autophase_NumEdges,pre_autophase_const32Bit,pre_autophase_const64Bit,pre_autophase_numConstZeroes,pre_autophase_numConstOnes,pre_autophase_UncondBranches,pre_autophase_binaryConstArg,pre_autophase_NumAShrInst,pre_autophase_NumAddInst,pre_autophase_NumAllocaInst,pre_autophase_NumAndInst,pre_autophase_BlockMid,pre_autophase_BlockLow,pre_autophase_NumBitCastInst,pre_autophase_NumBrInst,pre_autophase_NumCallInst,pre_autophase_NumGetElementPtrInst,pre_autophase_NumICmpInst,pre_autophase_NumLShrInst,pre_autophase_NumLoadInst,pre_autophase_NumMulInst,pre_autophase_NumOrInst,pre_autophase_NumPHIInst,pre_autophase_NumRetInst,pre_autophase_NumSExtInst,pre_autophase_NumSelectInst,pre_autophase_NumShlInst,pre_autophase_NumStoreInst,pre_autophase_NumSubInst,pre_autophase_NumTruncInst,pre_autophase_NumXorInst,pre_autophase_NumZExtInst,pre_autophase_TotalBlocks,pre_autophase_TotalInsts,pre_autophase_TotalMemInst,pre_autophase_TotalFuncs,pre_autophase_ArgsPhi,pre_autophase_testUnary,post_autophase_BBNumArgsHi,post_autophase_BBNumArgsLo,post_autophase_onePred,post_autophase_onePredOneSuc,post_autophase_onePredTwoSuc,post_autophase_oneSuccessor,post_autophase_twoPred,post_autophase_twoPredOneSuc,post_autophase_twoEach,post_autophase_twoSuccessor,post_autophase_morePreds,post_autophase_BB03Phi,post_autophase_BBHiPhi,post_autophase_BBNoPhi,post_autophase_BeginPhi,post_autophase_BranchCount,post_autophase_returnInt,post_autophase_CriticalCount,post_autophase_NumEdges,post_autophase_const32Bit,post_autophase_const64Bit,post_autophase_numConstZeroes,post_autophase_numConstOnes,post_autophase_UncondBranches,post_autophase_binaryConstArg,post_autophase_NumAShrInst,post_autophase_NumAddInst,post_autophase_NumAllocaInst,post_autophase_NumAndInst,post_autophase_BlockMid,post_autophase_BlockLow,post_autophase_NumBitCastInst,post_autophase_NumBrInst,post_autophase_NumCallInst,post_autophase_NumGetElementPtrInst,post_autophase_NumICmpInst,post_autophase_NumLShrInst,post_autophase_NumLoadInst,post_autophase_NumMulInst,post_autophase_NumOrInst,post_autophase_NumPHIInst,post_autophase_NumRetInst,post_autophase_NumSExtInst,post_autophase_NumSelectInst,post_autophase_NumShlInst,post_autophase_NumStoreInst,post_autophase_NumSubInst,post_autophase_NumTruncInst,post_autophase_NumXorInst,post_autophase_NumZExtInst,post_autophase_TotalBlocks,post_autophase_TotalInsts,post_autophase_TotalMemInst,post_autophase_TotalFuncs,post_autophase_ArgsPhi,post_autophase_testUnary,z_runtime_improvement_pct,pre_ir_per_func,pre_mem_frac,pre_size_per_inst,pre_blocks_per_func,pre_insts_per_block,post_ir_per_func,post_mem_frac,post_size_per_inst,post_blocks_per_func,post_insts_per_block
b75655fc1a854a75e868130b,benchmark://cbench-v1/gsm,0,0,-licm,True,0.748987,-0.442190,443a4c728b9bc4f2,5d5d15970587c3fb,14902,15157,0.633081,0.635880,66014,84422,1359,1360,141,141,14902,15157,8187,7989,0,155,895,588,247,745,330,122,156,460,37,155,0,1204,155,1205,162,163,1709,2666,2619,1069,1217,745,1469,367,329,474,515,125,1228,431,1205,765,1580,522,3,3629,179,209,155,96,1240,54,244,1739,173,550,3,382,1359,14902,8187,141,310,6706,38,262,896,589,247,746,330,122,156,460,37,263,37,1060,300,1206,162,162,1710,2666,2619,1069,1217,746,1469,367,329,474,515,123,1232,431,1206,765,1580,522,3,3372,179,209,626,96,1240,54,244,1798,173,550,3,363,1360,15157,7989,141,1007,6430,0.748987,105.68794326241135,0.5493893437122533,4.429875184538988,9.638297872340425,10.9654157468727,107.49645390070921,0.5270831958830903,5.569835719469552,9.645390070921986,11.14485294117647
b75655fc1a854a75e868130b,benchmark://cbench-v1/gsm,0,1,-loop-rotate,True,0.965976,-0.132362,443a4c728b9bc4f2,3fd0cf3c3896fbb2,14902,15132,0.633081,0.633918,66014,67446,1359,1422,141,141,14902,15132,8187,8274,0,155,895,588,247,745,330,122,156,460,37,155,0,1204,155,1205,162,163,1709,2666,2619,1069,1217,745,1469,367,329,474,515,125,1228,431,1205,765,1580,522,3,3629,179,209,155,96,1240,54,244,1739,173,550,3,382,1359,14902,8187,141,310,6706,0,155,896,577,280,746,392,156,163,522,37,155,0,1267,155,1268,164,286,1834,2736,2621,1083,1219,746,1483,367,342,474,515,136,1280,431,1268,768,1580,584,3,3697,179,209,155,96,1243,54,244,1755,174,551,3,382,1422,15132,8274,141,310,6778,0.965976,105.68794326241135,0.5493893437122533,4.429875184538988,9.638297872340425,10.9654157468727,107.31914893617021,0.5467882632831086,4.457176843774782,10.085106382978724,10.641350210970463
b75655fc1a854a75e868130b,benchmark://cbench-v1/gsm,0,2,-loop-unroll,True,0.200249,-1.225705,443a4c728b9bc4f2,a9351f4824f28235,14902,14903,0.633081,0.640840,66014,66014,1359,1360,141,141,14902,14903,8187,8187,0,155,895,588,247,745,330,122,156,460,37,155,0,1204,155,1205,162,163,1709,2666,2619,1069,1217,745,1469,367,329,474,515,125,1228,431,1205,765,1580,522,3,3629,179,209,155,96,1240,54,244,1739,173,550,3,382,1359,14902,8187,141,310,6706,0,155,896,589,247,746,330,122,156,460,37,155,0,1205,155,1206,162,162,1710,2666,2619,1069,1217,746,1469,367,329,474,515,125,1229,431,1206,765,1580,522,3,3629,179,209,155,96,1240,54,244,1739,173,550,3,382,1360,14903,8187,141,310,6706,0.200249,105.68794326241135,0.5493893437122533,4.429875184538988,9.638297872340425,10.9654157468727,105.69503546099291,0.5493524793665705,4.429577937328054,9.645390070921986,10.958088235294118
b75655fc1a854a75e868130b,benchmark://cbench-v1/gsm,0,3,-loop-vectorize,True,-1.726513,-3.976829,443a4c728b9bc4f2,a9351f4824f28235,14902,14903,0.633081,0.658257,66014,66014,1359,1360,141,141,14902,14903,8187,8187,0,155,895,588,247,745,330,122,156,460,37,155,0,1204,155,1205,162,163,1709,2666,2619,1069,1217,745,1469,367,329,474,515,125,1228,431,1205,765,1580,522,3,3629,179,209,155,96,1240,54,244,1739,173,550,3,382,1359,14902,8187,141,310,6706,0,155,896,589,247,746,330,122,156,460,37,155,0,1205,155,1206,162,162,1710,2666,2619,1069,1217,746,1469,367,329,474,515,125,1229,431,1206,765,1580,522,3,3629,179,209,155,96,1240,54,244,1739,173,550,3,382,1360,14903,8187,141,310,6706,-1.726513,105.68794326241135,0.5493893437122533,4.429875184538988,9.638297872340425,10.9654157468727,105.69503546099291,0.5493524793665705,4.429577937328054,9.645390070921986,10.958088235294118
b75655fc1a854a75e868130b,benchmark://cbench-v1/gsm,0,4,-loop-deletion,True,0.467942,-0.843480,443a4c728b9bc4f2,a9351f4824f28235,14902,14903,0.633081,0.638420,66014,66014,1359,1360,141,141,14902,14903,8187,8187,0,155,895,588,247,745,330,122,156,460,37,155,0,1204,155,1205,162,163,1709,2666,2619,1069,1217,745,1469,367,329,474,515,125,1228,431,1205,765,1580,522,3,3629,179,209,155,96,1240,54,244,1739,173,550,3,382,1359,14902,8187,141,310,6706,0,155,896,589,247,746,330,122,156,460,37,155,0,1205,155,1206,162,162,1710,2666,2619,1069,1217,746,1469,367,329,474,515,125,1229,431,1206,765,1580,522,3,3629,179,209,155,96,1240,54,244,1739,173,550,3,382,1360,14903,8187,141,310,6706,0.467942,105.68794326241135,0.5493893437122533,4.429875184538988,9.638297872340425,10.9654157468727,105.69503546099291,0.5493524793665705,4.429577937328054,9.645390070921986,10.958088235294118
b75655fc1a854a75e868130b,benchmark://cbench-v1/gsm,0,5,-loop-unswitch,True,-1.436031,-3.562065,443a4c728b9bc4f2,a9351f4824f28235,14902,14903,0.633081,0.655631,66014,66014,1359,1360,141,141,14902,14903,8187,8187,0,155,895,588,247,745,330,122,156,460,37,155,0,1204,155,1205,162,163,1709,2666,2619,1069,1217,745,1469,367,329,474,515,125,1228,431,1205,765,1580,522,3,3629,179,209,155,96,1240,54,244,1739,173,550,3,382,1359,14902,8187,141,310,6706,0,155,896,589,247,746,330,122,156,460,37,155,0,1205,155,1206,162,162,1710,2666,2619,1069,1217,746,1469,367,329,474,515,125,1229,431,1206,765,1580,522,3,3629,179,209,155,96,1240,54,244,1739,173,550,3,382,1360,14903,8187,141,310,6706,-1.436031,105.68794326241135,0.5493893437122533,4.429875184538988,9.638297872340425,10.9654157468727,105.69503546099291,0.5493524793665705,4.429577937328054,9.645390070921986,10.958088235294118
b75655fc1a854a75e868130b,benchmark://cbench-v1/gsm,0,6,-loop-distribute,True,1.060547,0.002670,443a4c728b9bc4f2,0bc2596e1138a141,14902,14902,0.633081,0.633064,66014,66014,1359,1359,141,141,14902,14902,8187,8187,0,155,895,588,247,745,330,122,156,460,37,155,0,1204,155,1205,162,163,1709,2666,2619,1069,1217,745,1469,367,329,474,515,125,1228,431,1205,765,1580,522,3,3629,179,209,155,96,1240,54,244,1739,173,550,3,382,1359,14902,8187,141,310,6706,0,155,895,588,247,745,330,122,156,460,37,155,0,1204,155,1205,162,163,1709,2666,2619,1069,1217,745,1469,367,329,474,515,125,1228,431,1205,765,1580,522,3,3629,179,209,155,96,1240,54,244,1739,173,550,3,382,1359,14902,8187,141,310,6706,1.060547,105.68794326241135,0.5493893437122533,4.429875184538988,9.638297872340425,10.9654157468727,105.68794326241135,0.5493893437122533,4.429875184538988,9.638297872340425,10.9654157468727
b75655fc1a854a75e868130b,benchmark://cbench-v1/gsm,0,7,-indvars,True,-0.281157,-1.913080,443a4c728b9bc4f2,a9351f4824f28235,14902,14903,0.633081,0.645192,66014,66014,1359,1360,141,141,14902,14903,8187,8187,0,155,895,588,247,745,330,122,156,460,37,155,0,1204,155,1205,162,163,1709,2666,2619,1069,1217,745,1469,367,329,474,515,125,1228,431,1205,765,1580,522,3,3629,179,209,155,96,1240,54,244,1739,173,550,3,382,1359,14902,8187,141,310,6706,0,155,896,589,247,746,330,122,156,460,37,155,0,1205,155,1206,162,162,1710,2666,2619,1069,1217,746,1469,367,329,474,515,125,1229,431,1206,765,1580,522,3,3629,179,209,155,96,1240,54,244,1739,173,550,3,382,1360,14903,8187,141,310,6706,-0.281157,105.68794326241135,0.5493893437122533,4.429875184538988,9.638297872340425,10.9654157468727,105.69503546099291,0.5493524793665705,4.429577937328054,9.645390070921986,10.958088235294118
cab35c9bc56974c4ca286a27,benchmark://cbench-v1/gsm,1,0,-licm,True,0.667382,0.051104,156463a8b582e88e,ab937103109cbc33,11771,12344,0.633204,0.632881,67302,82118,1359,1360,141,141,11771,12344,5543,5626,0,155,895,588,247,745,330,122,156,460,37,155,0,1204,155,1205,160,163,1709,2625,1952,729,1194,745,1460,367,319,474,515,79,1275,218,1205,761,1095,516,3,1474,179,209,155,96,1048,54,244,1739,170,550,3,319,1359,11771,5543,141,310,4083,37,274,896,589,247,746,330,122,156,460,37,274,37,1049,311,1206,160,162,1710,2625,1951,729,1194,746,1460,367,319,474,515,95,1260,218,1206,761,1095,516,3,1510,179,209,642,96,1048,54,244,1786,170,552,3,319,1360,12344,5626,141,1009,4121,0.667382,83.48226950354609,0.47090306685923033,5.717611078073231,9.638297872340425,8.661515820456218,87.54609929078015,0.4557679844458846,6.652462734931951,9.645390070921986,9.076470588235294
cab35c9bc56974c4ca286a27,benchmark://cbench-v1/gsm,1,1,-loop-rotate,True,1.810736,2.901964,156463a8b582e88e,3515fbe11b5c3d0f,11771,12065,0.633204,0.614829,67302,70542,1359,1422,141,141,11771,12065,5543,5625,0,155,895,588,247,745,330,122,156,460,37,155,0,1204,155,1205,160,163,1709,2625,1952,729,1194,745,1460,367,319,474,515,79,1275,218,1205,761,1095,516,3,1474,179,209,155,96,1048,54,244,1739,170,550,3,319,1359,11771,5543,141,310,4083,0,222,896,577,280,746,392,156,163,522,37,222,0,1200,222,1268,162,286,1834,2694,1954,743,1196,746,1473,367,332,474,515,90,1327,218,1268,764,1095,578,3,1537,179,209,225,96,1051,54,244,1755,170,551,3,319,1422,12065,5625,141,440,4150,1.810736,83.48226950354609,0.47090306685923033,5.717611078073231,9.638297872340425,8.661515820456218,85.56737588652483,0.4662246166597596,5.846829672606714,10.085106382978724,8.4845288326301
cab35c9bc56974c4ca286a27,benchmark://cbench-v1/gsm,1,2,-loop-unroll,True,0.281035,-0.912222,156463a8b582e88e,d42d377e702543ca,11771,11784,0.633204,0.638981,67302,67462,1359,1360,141,141,11771,11784,5543,5543,0,155,895,588,247,745,330,122,156,460,37,155,0,1204,155,1205,160,163,1709,2625,1952,729,1194,745,1460,367,319,474,515,79,1275,218,1205,761,1095,516,3,1474,179,209,155,96,1048,54,244,1739,170,550,3,319,1359,11771,5543,141,310,4083,0,166,896,589,247,746,330,122,156,460,37,166,0,1194,166,1206,160,162,1710,2625,1952,729,1194,746,1460,367,319,474,515,79,1276,218,1206,761,1095,516,3,1474,179,209,167,96,1048,54,244,1739,170,550,3,319,1360,11784,5543,141,323,4083,0.281035,83.48226950354609,0.47090306685923033,5.717611078073231,9.638297872340425,8.661515820456218,83.57446808510639,0.4703835709436524,5.724881194840462,9.645390070921986,8.66470588235294
cab35c9bc56974c4ca286a27,benchmark://cbench-v1/gsm,1,3,-loop-vectorize,True,-0.183416,-2.070291,156463a8b582e88e,f6db994303ae45ba,11771,11783,0.633204,0.646314,67302,67446,1359,1360,141,141,11771,11783,5543,5543,0,155,895,588,247,745,330,122,156,460,37,155,0,1204,155,1205,160,163,1709,2625,1952,729,1194,745,1460,367,319,474,515,79,1275,218,1205,761,1095,516,3,1474,179,209,155,96,1048,54,244,1739,170,550,3,319,1359,11771,5543,141,310,4083,0,165,896,589,247,746,330,122,156,460,37,165,0,1195,165,1206,160,162,1710,2625,1952,729,1194,746,1460,367,319,474,515,79,1276,218,1206,761,1095,516,3,1474,179,209,166,96,1048,54,244,1739,170,550,3,319,1360,11783,5543,141,322,4083,-0.183416,83.48226950354609,0.47090306685923033,5.717611078073231,9.638297872340425,8.661515820456218,83.56737588652483,0.47042349147076296,5.724009165747263,9.645390070921986,8.663970588235294
cab35c9bc56974c4ca286a27,benchmark://cbench-v1/gsm,1,4,-loop-deletion,True,-0.473938,-2.794684,156463a8b582e88e,d42d377e702543ca,11771,11784,0.633204,0.650900,67302,67462,1359,1360,141,141,11771,11784,5543,5543,0,155,895,588,247,745,330,122,156,460,37,155,0,1204,155,1205,160,163,1709,2625,1952,729,1194,745,1460,367,319,474,515,79,1275,218,1205,761,1095,516,3,1474,179,209,155,96,1048,54,244,1739,170,550,3,319,1359,11771,5543,141,310,4083,0,166,896,589,247,746,330,122,156,460,37,166,0,1194,166,1206,160,162,1710,2625,1952,729,1194,746,1460,367,319,474,515,79,1276,218,1206,761,1095,516,3,1474,179,209,167,96,1048,54,244,1739,170,550,3,319,1360,11784,5543,141,323,4083,-0.473938,83.48226950354609,0.47090306685923033,5.717611078073231,9.638297872340425,8.661515820456218,83.57446808510639,0.4703835709436524,5.724881194840462,9.645390070921986,8.66470588235294
cab35c9bc56974c4ca286a27,benchmark://cbench-v1/gsm,1,5,-loop-unswitch,True,0.547374,-0.248125,156463a8b582e88e,252d018629f46068,11771,11863,0.633204,0.634775,67302,67942,1359,1386,141,141,11771,11863,5543,5561,0,155,895,588,247,745,330,122,156,460,37,155,0,1204,155,1205,160,163,1709,2625,1952,729,1194,745,1460,367,319,474,515,79,1275,218,1205,761,1095,516,3,1474,179,209,155,96,1048,54,244,1739,170,550,3,319,1359,11771,5543,141,310,4083,0,166,914,602,253,764,338,127,158,468,37,166,0,1220,166,1232,160,166,1744,2634,1954,731,1199,764,1468,371,323,474,515,82,1299,218,1232,761,1099,519,3,1478,181,209,167,96,1060,54,246,1749,170,558,3,319,1386,11863,5561,141,323,4107,0.547374,83.48226950354609,0.47090306685923033,5.717611078073231,9.638297872340425,8.661515820456218,84.13475177304964,0.46876843968641996,5.727219084548596,9.829787234042554,8.559163059163058
cab35c9bc56974c4ca286a27,benchmark://cbench-v1/gsm,1,6,-loop-distribute,True,-1.069713,-4.280203,156463a8b582e88e,156463a8b582e88e,11771,11771,0.633204,0.660307,67302,67302,1359,1359,141,141,11771,11771,5543,5543,0,155,895,588,247,745,330,122,156,460,37,155,0,1204,155,1205,160,163,1709,2625,1952,729,1194,745,1460,367,319,474,515,79,1275,218,1205,761,1095,516,3,1474,179,209,155,96,1048,54,244,1739,170,550,3,319,1359,11771,5543,141,310,4083,0,155,895,588,247,745,330,122,156,460,37,155,0,1204,155,1205,160,163,1709,2625,1952,729,1194,745,1460,367,319,474,515,79,1275,218,1205,761,1095,516,3,1474,179,209,155,96,1048,54,244,1739,170,550,3,319,1359,11771,5543,141,310,4083,-1.069713,83.48226950354609,0.47090306685923033,5.717611078073231,9.638297872340425,8.661515820456218,83.48226950354609,0.47090306685923033,5.717611078073231,9.638297872340425,8.661515820456218
cab35c9bc56974c4ca286a27,benchmark://cbench-v1/gsm,1,7,-indvars,True,-1.579460,-5.551215,156463a8b582e88e,d42d377e702543ca,11771,11784,0.633204,0.668355,67302,67462,1359,1360,141,141,11771,11784,5543,5543,0,155,895,588,247,745,330,122,156,460,37,155,0,1204,155,1205,160,163,1709,2625,1952,729,1194,745,1460,367,319,474,515,79,1275,218,1205,761,1095,516,3,1474,179,209,155,96,1048,54,244,1739,170,550,3,319,1359,11771,5543,141,310,4083,0,166,896,589,247,746,330,122,156,460,37,166,0,1194,166,1206,160,162,1710,2625,1952,729,1194,746,1460,367,319,474,515,79,1276,218,1206,761,1095,516,3,1474,179,209,167,96,1048,54,244,1739,170,550,3,319,1360,11784,5543,141,323,4083,-1.579460,83.48226950354609,0.47090306685923033,5.717611078073231,9.638297872340425,8.661515820456218,83.57446808510639,0.4703835709436524,5.724881194840462,9.645390070921986,8.66470588235294
fa0513bd9cc70ee8d8d55164,benchmark://cbench-v1/gsm,2,0,-licm,True,-0.084672,2.004440,fcb63391856135af,9be70262f9aefbcb,11294,11317,0.653863,0.640757,72276,71764,766,766,141,141,11294,11317,5236,5236,44,158,492,278,142,340,137,23,84,280,40,160,42,564,202,620,160,104,936,2725,1932,804,1205,340,1470,367,311,474,539,84,677,218,620,759,1060,512,3,1206,189,217,457,96,1032,206,243,1737,167,552,5,274,766,11294,5236,141,791,3756,44,164,492,278,142,340,137,23,84,280,40,166,42,558,208,620,160,104,936,2725,1932,804,1205,340,1470,367,311,474,539,88,673,218,620,759,1060,512,3,1206,189,217,464,96,1032,206,243,1737,167,568,5,274,766,11317,5236,141,798,3772,-0.084672,80.09929078014184,0.4636089959270409,6.3995041615016826,5.432624113475177,14.744125326370757,80.26241134751773,0.4626667844835204,6.34125651674472,5.432624113475177,14.774151436031332
fa0513bd9cc70ee8d8d55164,benchmark://cbench-v1/gsm,2,1,-loop-rotate,True,-1.450554,-0.933625,fcb63391856135af,abc30354787823cb,11294,11246,0.653863,0.659968,72276,69940,766,730,141,141,11294,11246,5236,5245,44,158,492,278,142,340,137,23,84,280,40,160,42,564,202,620,160,104,936,2725,1932,804,1205,340,1470,367,311,474,539,84,677,218,620,759,1060,512,3,1206,189,217,457,96,1032,206,243,1737,167,552,5,274,766,11294,5236,141,791,3756,33,185,444,233,144,292,149,27,87,292,40,190,28,512,218,584,160,176,912,2742,1932,805,1207,292,1474,367,315,474,539,90,635,218,584,759,1060,525,3,1208,189,217,416,96,1034,207,243,1744,167,552,5,274,730,11246,5245,141,703,3760,-1.450554,80.09929078014184,0.4636089959270409,6.3995041615016826,5.432624113475177,14.744125326370757,79.75886524822695,0.4663880490841188,6.219100124488707,5.177304964539007,15.405479452054795
fa0513bd9cc70ee8d8d55164,benchmark://cbench-v1/gsm,2,2,-loop-unroll,True,-0.728147,0.620300,fcb63391856135af,4ec7cbf45155f0cd,11294,11677,0.653863,0.649807,72276,74292,766,838,141,141,11294,11677,5236,5517,44,158,492,278,142,340,137,23,84,280,40,160,42,564,202,620,160,104,936,2725,1932,804,1205,340,1470,367,311,474,539,84,677,218,620,759,1060,512,3,1206,189,217,457,96,1032,206,243,1737,167,552,5,274,766,11294,5236,141,791,3756,43,157,572,342,150,404,129,23,76,280,40,158,42,638,200,684,160,104,1000,2761,2086,868,1241,404,1492,376,315,474,539,84,749,218,684,759,1174,504,3,1261,188,217,449,96,1039,206,261,1849,167,561,5,274,838,11677,5517,141,768,3827,-0.728147,80.09929078014184,0.4636089959270409,6.3995041615016826,5.432624113475177,14.744125326370757,82.81560283687944,0.47246724329879247,6.362250578059433,5.943262411347518,13.93436754176611
fa0513bd9cc70ee8d8d55164,benchmark://cbench-v1/gsm,2,3,-loop-vectorize,True,-0.912977,0.222724,fcb63391856135af,908901d926922b26,11294,11301,0.653863,0.652407,72276,72340,766,766,141,141,11294,11301,5236,5236,44,158,492,278,142,340,137,23,84,280,40,160,42,564,202,620,160,104,936,2725,1932,804,1205,340,1470,367,311,474,539,84,677,218,620,759,1060,512,3,1206,189,217,457,96,1032,206,243,1737,167,552,5,274,766,11294,5236,141,791,3756,44,164,492,278,142,340,137,23,84,280,40,166,42,558,208,620,160,104,936,2725,1932,804,1205,340,1470,367,311,474,539,84,677,218,620,759,1060,512,3,1206,189,217,464,96,1032,206,243,1737,167,552,5,274,766,11301,5236,141,798,3756,-0.912977,80.09929078014184,0.4636089959270409,6.3995041615016826,5.432624113475177,14.744125326370757,80.14893617021276,0.4633218299265552,6.4012034333244845,5.432624113475177,14.7532637075718
fa0513bd9cc70ee8d8d55164,benchmark://cbench-v1/gsm,2,4,-loop-deletion,True,0.879872,4.079211,fcb63391856135af,908901d926922b26,11294,11301,0.653863,0.627191,72276,72340,766,766,141,141,11294,11301,5236,5236,44,158,492,278,142,340,137,23,84,280,40,160,42,564,202,620,160,104,936,2725,1932,804,1205,340,1470,367,311,474,539,84,677,218,620,759,1060,512,3,1206,189,217,457,96,1032,206,243,1737,167,552,5,274,766,11294,5236,141,791,3756,44,164,492,278,142,340,137,23,84,280,40,166,42,558,208,620,160,104,936,2725,1932,804,1205,340,1470,367,311,474,539,84,677,218,620,759,1060,512,3,1206,189,217,464,96,1032,206,243,1737,167,552,5,274,766,11301,5236,141,798,3756,0.879872,80.09929078014184,0.4636089959270409,6.3995041615016826,5.432624113475177,14.744125326370757,80.14893617021276,0.4633218299265552,6.4012034333244845,5.432624113475177,14.7532637075718
fa0513bd9cc70ee8d8d55164,benchmark://cbench-v1/gsm,2,5,-loop-unswitch,True,0.635882,3.554379,fcb63391856135af,d2264101b6470d12,11294,11342,0.653863,0.630622,72276,72788,766,776,141,141,11294,11342,5236,5240,44,158,492,278,142,340,137,23,84,280,40,160,42,564,202,620,160,104,936,2725,1932,804,1205,340,1470,367,311,474,539,84,677,218,620,759,1060,512,3,1206,189,217,457,96,1032,206,243,1737,167,552,5,274,766,11294,5236,141,791,3756,45,168,499,285,144,347,140,23,85,283,40,171,42,563,213,630,160,104,949,2730,1933,806,1207,347,1474,369,313,474,539,85,686,218,630,759,1062,513,3,1207,190,217,475,96,1037,206,244,1738,167,556,5,274,776,11342,5240,141,816,3766,0.635882,80.09929078014184,0.4636089959270409,6.3995041615016826,5.432624113475177,14.744125326370757,80.43971631205673,0.4619996473285135,6.417563040028214,5.50354609929078,14.6159793814433
fa0513bd9cc70ee8d8d55164,benchmark://cbench-v1/gsm,2,6,-loop-distribute,True,-0.161592,1.838981,fcb63391856135af,fcb63391856135af,11294,11294,0.653863,0.641839,72276,72276,766,766,141,141,11294,11294,5236,5236,44,158,492,278,142,340,137,23,84,280,40,160,42,564,202,620,160,104,936,2725,1932,804,1205,340,1470,367,311,474,539,84,677,218,620,759,1060,512,3,1206,189,217,457,96,1032,206,243,1737,167,552,5,274,766,11294,5236,141,791,3756,44,158,492,278,142,340,137,23,84,280,40,160,42,564,202,620,160,104,936,2725,1932,804,1205,340,1470,367,311,474,539,84,677,218,620,759,1060,512,3,1206,189,217,457,96,1032,206,243,1737,167,552,5,274,766,11294,5236,141,791,3756,-0.161592,80.09929078014184,0.4636089959270409,6.3995041615016826,5.432624113475177,14.744125326370757,80.09929078014184,0.4636089959270409,6.3995041615016826,5.432624113475177,14.744125326370757
fa0513bd9cc70ee8d8d55164,benchmark://cbench-v1/gsm,2,7,-indvars,True,1.822187,6.106166,fcb63391856135af,ac26f42e391a7c3c,11294,11250,0.653863,0.613937,72276,72620,766,766,141,141,11294,11250,5236,5235,44,158,492,278,142,340,137,23,84,280,40,160,42,564,202,620,160,104,936,2725,1932,804,1205,340,1470,367,311,474,539,84,677,218,620,759,1060,512,3,1206,189,217,457,96,1032,206,243,1737,167,552,5,274,766,11294,5236,141,791,3756,44,162,492,278,142,340,137,23,84,280,40,167,39,560,206,620,160,104,936,2574,2093,804,1207,340,1471,367,313,474,539,84,677,218,620,759,1059,511,3,1206,189,217,455,96,951,206,243,1737,166,592,5,274,766,11250,5235,141,788,3715,1.822187,80.09929078014184,0.4636089959270409,6.3995041615016826,5.432624113475177,14.744125326370757,79.7872340425532,0.4653333333333333,6.455111111111111,5.432624113475177,14.686684073107049
4dd56e2432bdc4b073e74856,benchmark://cbench-v1/dijkstra,0,0,-licm,True,-0.389201,0.185147,bb5e3ba542f913d8,06443f4159f3eb52,450,451,0.617150,0.616008,2497,2883,57,57,17,17,450,451,303,288,0,0,36,26,6,30,15,3,8,18,0,0,0,57,0,48,18,6,66,105,26,41,48,30,20,0,20,23,0,8,49,26,48,55,36,18,0,132,8,0,0,6,16,0,0,57,0,0,0,0,57,450,303,17,0,197,1,9,36,26,6,30,15,3,8,18,0,10,0,47,10,48,18,6,66,105,26,41,48,30,20,0,20,23,0,8,49,26,48,55,36,18,0,120,8,0,16,6,16,0,0,54,0,0,0,0,57,451,288,17,24,185,-0.389201,26.470588235294116,0.6733333333333333,5.5488888888888885,3.3529411764705883,7.894736842105263,26.529411764705884,0.6385809312638581,6.392461197339246,3.3529411764705883,7.912280701754386
4dd56e2432bdc4b073e74856,benchmark://cbench-v1/dijkstra,0,1,-loop-rotate,True,1.527730,1.628802,bb5e3ba542f913d8,09e0ea79bd8b6535,450,482,0.617150,0.607098,2497,2664,57,65,17,17,450,482,303,319,0,0,36,26,6,30,15,3,8,18,0,0,0,57,0,48,18,6,66,105,26,41,48,30,20,0,20,23,0,8,49,26,48,55,36,18,0,132,8,0,0,6,16,0,0,57,0,0,0,0,57,450,303,17,0,197,0,0,36,20,13,30,23,10,8,26,0,0,0,65,0,56,19,22,82,108,26,43,48,30,20,0,20,23,0,8,57,26,56,56,37,26,0,146,8,0,0,6,16,0,0,57,0,0,0,0,65,482,319,17,0,211,1.527730,26.470588235294116,0.6733333333333333,5.5488888888888885,3.3529411764705883,7.894736842105263,28.352941176470587,0.6618257261410788,5.526970954356846,3.823529411764706,7.415384615384616
4dd56e2432bdc4b073e74856,benchmark://cbench-v1/dijkstra,0,2,-loop-unroll,True,-0.740551,-0.079457,bb5e3ba542f913d8,4e47c4203a9c7144,450,450,0.617150,0.617641,2497,2497,57,57,17,17,450,450,303,303,0,0,36,26,6,30,15,3,8,18,0,0,0,57,0,48,18,6,66,105,26,41,48,30,20,0,20,23,0,8,49,26,48,55,36,18,0,132,8,0,0,6,16,0,0,57,0,0,0,0,57,450,303,17,0,197,0,0,36,26,6,30,15,3,8,18,0,0,0,57,0,48,18,6,66,105,26,41,48,30,20,0,20,23,0,8,49,26,48,55,36,18,0,132,8,0,0,6,16,0,0,57,0,0,0,0,57,450,303,17,0,197,-0.740551,26.470588235294116,0.6733333333333333,5.5488888888888885,3.3529411764705883,7.894736842105263,26.470588235294116,0.6733333333333333,5.5488888888888885,3.3529411764705883,7.894736842105263
4dd56e2432bdc4b073e74856,benchmark://cbench-v1/dijkstra,0,3,-loop-vectorize,True,1.722092,1.775178,bb5e3ba542f913d8,4e47c4203a9c7144,450,450,0.617150,0.606195,2497,2497,57,57,17,17,450,450,303,303,0,0,36,26,6,30,15,3,8,18,0,0,0,57,0,48,18,6,66,105,26,41,48,30,20,0,20,23,0,8,49,26,48,55,36,18,0,132,8,0,0,6,16,0,0,57,0,0,0,0,57,450,303,17,0,197,0,0,36,26,6,30,15,3,8,18,0,0,0,57,0,48,18,6,66,105,26,41,48,30,20,0,20,23,0,8,49,26,48,55,36,18,0,132,8,0,0,6,16,0,0,57,0,0,0,0,57,450,303,17,0,197,1.722092,26.470588235294116,0.6733333333333333,5.5488888888888885,3.3529411764705883,7.894736842105263,26.470588235294116,0.6733333333333333,5.5488888888888885,3.3529411764705883,7.894736842105263
4dd56e2432bdc4b073e74856,benchmark://cbench-v1/dijkstra,0,4,-loop-deletion,True,-0.105850,0.398541,bb5e3ba542f913d8,4e47c4203a9c7144,450,450,0.617150,0.614691,2497,2497,57,57,17,17,450,450,303,303,0,0,36,26,6,30,15,3,8,18,0,0,0,57,0,48,18,6,66,105,26,41,48,30,20,0,20,23,0,8,49,26,48,55,36,18,0,132,8,0,0,6,16,0,0,57,0,0,0,0,57,450,303,17,0,197,0,0,36,26,6,30,15,3,8,18,0,0,0,57,0,48,18,6,66,105,26,41,48,30,20,0,20,23,0,8,49,26,48,55,36,18,0,132,8,0,0,6,16,0,0,57,0,0,0,0,57,450,303,17,0,197,-0.105850,26.470588235294116,0.6733333333333333,5.5488888888888885,3.3529411764705883,7.894736842105263,26.470588235294116,0.6733333333333333,5.5488888888888885,3.3529411764705883,7.894736842105263
4dd56e2432bdc4b073e74856,benchmark://cbench-v1/dijkstra,0,5,-loop-unswitch,True,-0.026111,0.458593,bb5e3ba542f913d8,4e47c4203a9c7144,450,450,0.617150,0.614320,2497,2497,57,57,17,17,450,450,303,303,0,0,36,26,6,30,15,3,8,18,0,0,0,57,0,48,18,6,66,105,26,41,48,30,20,0,20,23,0,8,49,26,48,55,36,18,0,132,8,0,0,6,16,0,0,57,0,0,0,0,57,450,303,17,0,197,0,0,36,26,6,30,15,3,8,18,0,0,0,57,0,48,18,6,66,105,26,41,48,30,20,0,20,23,0,8,49,26,48,55,36,18,0,132,8,0,0,6,16,0,0,57,0,0,0,0,57,450,303,17,0,197,-0.026111,26.470588235294116,0.6733333333333333,5.5488888888888885,3.3529411764705883,7.894736842105263,26.470588235294116,0.6733333333333333,5.5488888888888885,3.3529411764705883,7.894736842105263
4dd56e2432bdc4b073e74856,benchmark://cbench-v1/dijkstra,0,6,-loop-distribute,True,-0.915402,-0.211139,bb5e3ba542f913d8,4e47c4203a9c7144,450,450,0.617150,0.618453,2497,2497,57,57,17,17,450,450,303,303,0,0,36,26,6,30,15,3,8,18,0,0,0,57,0,48,18,6,66,105,26,41,48,30,20,0,20,23,0,8,49,26,48,55,36,18,0,132,8,0,0,6,16,0,0,57,0,0,0,0,57,450,303,17,0,197,0,0,36,26,6,30,15,3,8,18,0,0,0,57,0,48,18,6,66,105,26,41,48,30,20,0,20,23,0,8,49,26,48,55,36,18,0,132,8,0,0,6,16,0,0,57,0,0,0,0,57,450,303,17,0,197,-0.915402,26.470588235294116,0.6733333333333333,5.5488888888888885,3.3529411764705883,7.894736842105263,26.470588235294116,0.6733333333333333,5.5488888888888885,3.3529411764705883,7.894736842105263
4dd56e2432bdc4b073e74856,benchmark://cbench-v1/dijkstra,0,7,-indvars,True,-1.072708,-0.329607,bb5e3ba542f913d8,4e47c4203a9c7144,450,450,0.617150,0.619184,2497,2497,57,57,17,17,450,450,303,303,0,0,36,26,6,30,15,3,8,18,0,0,0,57,0,48,18,6,66,105,26,41,48,30,20,0,20,23,0,8,49,26,48,55,36,18,0,132,8,0,0,6,16,0,0,57,0,0,0,0,57,450,303,17,0,197,0,0,36,26,6,30,15,3,8,18,0,0,0,57,0,48,18,6,66,105,26,41,48,30,20,0,20,23,0,8,49,26,48,55,36,18,0,132,8,0,0,6,16,0,0,57,0,0,0,0,57,450,303,17,0,197,-1.072708,26.470588235294116,0.6733333333333333,5.5488888888888885,3.3529411764705883,7.894736842105263,26.470588235294116,0.6733333333333333,5.5488888888888885,3.3529411764705883,7.894736842105263
0e35c0517dc67766345ae4c9,benchmark://cbench-v1/dijkstra,1,0,-licm,True,0.602162,0.951242,4d25c8d4301cec6a,d9e47a6c0afe7ea2,358,373,0.622763,0.616839,2735,3014,57,57,17,17,358,373,230,227,0,0,36,26,6,30,15,3,8,18,0,0,0,57,0,48,18,6,66,92,26,34,44,30,17,0,17,23,0,5,52,16,48,55,28,18,0,67,8,0,0,6,10,0,0,57,0,0,0,0,57,358,230,17,0,116,1,9,36,26,6,30,15,3,8,18,0,10,0,47,10,48,18,6,66,92,26,34,44,30,17,0,17,23,0,6,51,16,48,55,28,18,0,67,8,0,18,6,10,0,0,54,0,0,0,0,57,373,227,17,26,116,0.602162,21.058823529411764,0.6424581005586593,7.639664804469274,3.3529411764705883,6.280701754385965,21.941176470588236,0.6085790884718498,8.080428954423592,3.3529411764705883,6.543859649122807
0e35c0517dc67766345ae4c9,benchmark://cbench-v1/dijkstra,1,1,-loop-rotate,True,0.630302,1.018373,4d25c8d4301cec6a,ca6b9bc574b04c10,358,403,0.622763,0.616421,2735,3149,57,65,17,17,358,403,230,246,0,0,36,26,6,30,15,3,8,18,0,0,0,57,0,48,18,6,66,92,26,34,44,30,17,0,17,23,0,5,52,16,48,55,28,18,0,67,8,0,0,6,10,0,0,57,0,0,0,0,57,358,230,17,0,116,0,11,36,20,13,30,23,10,8,26,0,11,0,54,11,56,19,22,82,95,26,36,44,30,17,0,17,23,0,5,60,16,56,56,29,26,0,81,8,0,13,6,10,0,0,57,0,0,0,0,65,403,246,17,24,130,0.630302,21.058823529411764,0.6424581005586593,7.639664804469274,3.3529411764705883,6.280701754385965,23.705882352941178,0.6104218362282878,7.813895781637717,3.823529411764706,6.2
0e35c0517dc67766345ae4c9,benchmark://cbench-v1/dijkstra,1,2,-loop-unroll,True,0.931717,1.737421,4d25c8d4301cec6a,174dac530ad09543,358,360,0.622763,0.611943,2735,2735,57,57,17,17,358,360,230,230,0,0,36,26,6,30,15,3,8,18,0,0,0,57,0,48,18,6,66,92,26,34,44,30,17,0,17,23,0,5,52,16,48,55,28,18,0,67,8,0,0,6,10,0,0,57,0,0,0,0,57,358,230,17,0,116,0,2,36,26,6,30,15,3,8,18,0,2,0,55,2,48,18,6,66,92,26,34,44,30,17,0,17,23,0,5,52,16,48,55,28,18,0,67,8,0,2,6,10,0,0,57,0,0,0,0,57,360,230,17,2,116,0.931717,21.058823529411764,0.6424581005586593,7.639664804469274,3.3529411764705883,6.280701754385965,21.176470588235293,0.6388888888888888,7.597222222222222,3.3529411764705883,6.315789473684211
0e35c0517dc67766345ae4c9,benchmark://cbench-v1/dijkstra,1,3,-loop-vectorize,True,0.820333,1.471706,4d25c8d4301cec6a,ee15652efa44437f,358,359,0.622763,0.613598,2735,2735,57,57,17,17,358,359,230,230,0,0,36,26,6,30,15,3,8,18,0,0,0,57,0,48,18,6,66,92,26,34,44,30,17,0,17,23,0,5,52,16,48,55,28,18,0,67,8,0,0,6,10,0,0,57,0,0,0,0,57,358,230,17,0,116,0,1,36,26,6,30,15,3,8,18,0,1,0,56,1,48,18,6,66,92,26,34,44,30,17,0,17,23,0,5,52,16,48,55,28,18,0,67,8,0,1,6,10,0,0,57,0,0,0,0,57,359,230,17,1,116,0.820333,21.058823529411764,0.6424581005586593,7.639664804469274,3.3529411764705883,6.280701754385965,21.11764705882353,0.6406685236768802,7.618384401114207,3.3529411764705883,6.298245614035087
0e35c0517dc67766345ae4c9,benchmark://cbench-v1/dijkstra,1,4,-loop-deletion,True,-2.171420,-5.665357,4d25c8d4301cec6a,174dac530ad09543,358,360,0.622763,0.658045,2735,2735,57,57,17,17,358,360,230,230,0,0,36,26,6,30,15,3,8,18,0,0,0,57,0,48,18,6,66,92,26,34,44,30,17,0,17,23,0,5,52,16,48,55,28,18,0,67,8,0,0,6,10,0,0,57,0,0,0,0,57,358,230,17,0,116,0,2,36,26,6,30,15,3,8,18,0,2,0,55,2,48,18,6,66,92,26,34,44,30,17,0,17,23,0,5,52,16,48,55,28,18,0,67,8,0,2,6,10,0,0,57,0,0,0,0,57,360,230,17,2,116,-2.171420,21.058823529411764,0.6424581005586593,7.639664804469274,3.3529411764705883,6.280701754385965,21.176470588235293,0.6388888888888888,7.597222222222222,3.3529411764705883,6.315789473684211
0e35c0517dc67766345ae4c9,benchmark://cbench-v1/dijkstra,1,5,-loop-unswitch,True,0.081965,-0.289729,4d25c8d4301cec6a,174dac530ad09543,358,360,0.622763,0.624567,2735,2735,57,57,17,17,358,360,230,230,0,0,36,26,6,30,15,3,8,18,0,0,0,57,0,48,18,6,66,92,26,34,44,30,17,0,17,23,0,5,52,16,48,55,28,18,0,67,8,0,0,6,10,0,0,57,0,0,0,0,57,358,230,17,0,116,0,2,36,26,6,30,15,3,8,18,0,2,0,55,2,48,18,6,66,92,26,34,44,30,17,0,17,23,0,5,52,16,48,55,28,18,0,67,8,0,2,6,10,0,0,57,0,0,0,0,57,360,230,17,2,116,0.081965,21.058823529411764,0.6424581005586593,7.639664804469274,3.3529411764705883,6.280701754385965,21.176470588235293,0.6388888888888888,7.597222222222222,3.3529411764705883,6.315789473684211
0e35c0517dc67766345ae4c9,benchmark://cbench-v1/dijkstra,1,6,-loop-distribute,True,-0.984525,-2.833925,4d25c8d4301cec6a,4d25c8d4301cec6a,358,358,0.622763,0.640412,2735,2735,57,57,17,17,358,358,230,230,0,0,36,26,6,30,15,3,8,18,0,0,0,57,0,48,18,6,66,92,26,34,44,30,17,0,17,23,0,5,52,16,48,55,28,18,0,67,8,0,0,6,10,0,0,57,0,0,0,0,57,358,230,17,0,116,0,0,36,26,6,30,15,3,8,18,0,0,0,57,0,48,18,6,66,92,26,34,44,30,17,0,17,23,0,5,52,16,48,55,28,18,0,67,8,0,0,6,10,0,0,57,0,0,0,0,57,358,230,17,0,116,-0.984525,21.058823529411764,0.6424581005586593,7.639664804469274,3.3529411764705883,6.280701754385965,21.058823529411764,0.6424581005586593,7.639664804469274,3.3529411764705883,6.280701754385965
0e35c0517dc67766345ae4c9,benchmark://cbench-v1/dijkstra,1,7,-indvars,True,0.089466,-0.271836,4d25c8d4301cec6a,174dac530ad09543,358,360,0.622763,0.624456,2735,2735,57,57,17,17,358,360,230,230,0,0,36,26,6,30,15,3,8,18,0,0,0,57,0,48,18,6,66,92,26,34,44,30,17,0,17,23,0,5,52,16,48,55,28,18,0,67,8,0,0,6,10,0,0,57,0,0,0,0,57,358,230,17,0,116,0,2,36,26,6,30,15,3,8,18,0,2,0,55,2,48,18,6,66,92,26,34,44,30,17,0,17,23,0,5,52,16,48,55,28,18,0,67,8,0,2,6,10,0,0,57,0,0,0,0,57,360,230,17,2,116,0.089466,21.058823529411764,0.6424581005586593,7.639664804469274,3.3529411764705883,6.280701754385965,21.176470588235293,0.6388888888888888,7.597222222222222,3.3529411764705883,6.315789473684211
d8593fb110fce2f546aa5eb3,benchmark://cbench-v1/dijkstra,2,0,-licm,True,-1.935769,-1.870648,166b5f8b77c34083,166b5f8b77c34083,381,381,0.626877,0.638603,3254,3254,52,52,17,17,381,381,224,224,3,12,31,21,6,25,15,3,8,18,0,13,2,37,15,43,18,5,61,97,27,40,44,25,17,0,17,23,0,8,44,16,43,55,28,18,0,64,8,0,34,6,10,0,0,54,0,0,0,0,52,381,224,17,57,113,3,12,31,21,6,25,15,3,8,18,0,13,2,37,15,43,18,5,61,97,27,40,44,25,17,0,17,23,0,8,44,16,43,55,28,18,0,64,8,0,34,6,10,0,0,54,0,0,0,0,52,381,224,17,57,113,-1.935769,22.41176470588235,0.5879265091863517,8.540682414698162,3.0588235294117645,7.326923076923077,22.41176470588235,0.5879265091863517,8.540682414698162,3.0588235294117645,7.326923076923077
d8593fb110fce2f546aa5eb3,benchmark://cbench-v1/dijkstra,2,1,-loop-rotate,True,1.050115,2.137632,166b5f8b77c34083,657468b379183e7c,381,401,0.626877,0.613476,3254,3488,52,58,17,17,381,401,224,228,3,12,31,21,6,25,15,3,8,18,0,13,2,37,15,43,18,5,61,97,27,40,44,25,17,0,17,23,0,8,44,16,43,55,28,18,0,64,8,0,34,6,10,0,0,54,0,0,0,0,52,381,224,17,57,113,4,15,30,21,6,24,22,3,14,25,0,19,0,39,19,49,19,20,74,103,28,47,44,24,17,0,17,23,0,8,50,16,49,56,28,25,0,67,8,0,37,6,10,0,0,54,0,0,0,0,58,401,228,17,63,116,1.050115,22.41176470588235,0.5879265091863517,8.540682414698162,3.0588235294117645,7.326923076923077,23.58823529411765,0.5685785536159601,8.698254364089776,3.411764705882353,6.913793103448276
d8593fb110fce2f546aa5eb3,benchmark://cbench-v1/dijkstra,2,2,-loop-unroll,True,0.646737,1.596134,166b5f8b77c34083,166b5f8b77c34083,381,381,0.626877,0.616871,3254,3254,52,52,17,17,381,381,224,224,3,12,31,21,6,25,15,3,8,18,0,13,2,37,15,43,18,5,61,97,27,40,44,25,17,0,17,23,0,8,44,16,43,55,28,18,0,64,8,0,34,6,10,0,0,54,0,0,0,0,52,381,224,17,57,113,3,12,31,21,6,25,15,3,8,18,0,13,2,37,15,43,18,5,61,97,27,40,44,25,17,0,17,23,0,8,44,16,43,55,28,18,0,64,8,0,34,6,10,0,0,54,0,0,0,0,52,381,224,17,57,113,0.646737,22.41176470588235,0.5879265091863517,8.540682414698162,3.0588235294117645,7.326923076923077,22.41176470588235,0.5879265091863517,8.540682414698162,3.0588235294117645,7.326923076923077
d8593fb110fce2f546aa5eb3,benchmark://cbench-v1/dijkstra,2,3,-loop-vectorize,True,-1.367000,-1.107127,166b5f8b77c34083,166b5f8b77c34083,381,381,0.626877,0.633817,3254,3254,52,52,17,17,381,381,224,224,3,12,31,21,6,25,15,3,8,18,0,13,2,37,15,43,18,5,61,97,27,40,44,25,17,0,17,23,0,8,44,16,43,55,28,18,0,64,8,0,34,6,10,0,0,54,0,0,0,0,52,381,224,17,57,113,3,12,31,21,6,25,15,3,8,18,0,13,2,37,15,43,18,5,61,97,27,40,44,25,17,0,17,23,0,8,44,16,43,55,28,18,0,64,8,0,34,6,10,0,0,54,0,0,0,0,52,381,224,17,57,113,-1.367000,22.41176470588235,0.5879265091863517,8.540682414698162,3.0588235294117645,7.326923076923077,22.41176470588235,0.5879265091863517,8.540682414698162,3.0588235294117645,7.326923076923077
d8593fb110fce2f546aa5eb3,benchmark://cbench-v1/dijkstra,2,4,-loop-deletion,True,0.381763,1.240430,166b5f8b77c34083,166b5f8b77c34083,381,381,0.626877,0.619101,3254,3254,52,52,17,17,381,381,224,224,3,12,31,21,6,25,15,3,8,18,0,13,2,37,15,43,18,5,61,97,27,40,44,25,17,0,17,23,0,8,44,16,43,55,28,18,0,64,8,0,34,6,10,0,0,54,0,0,0,0,52,381,224,17,57,113,3,12,31,21,6,25,15,3,8,18,0,13,2,37,15,43,18,5,61,97,27,40,44,25,17,0,17,23,0,8,44,16,43,55,28,18,0,64,8,0,34,6,10,0,0,54,0,0,0,0,52,381,224,17,57,113,0.381763,22.41176470588235,0.5879265091863517,8.540682414698162,3.0588235294117645,7.326923076923077,22.41176470588235,0.5879265091863517,8.540682414698162,3.0588235294117645,7.326923076923077
d8593fb110fce2f546aa5eb3,benchmark://cbench-v1/dijkstra,2,5,-loop-unswitch,True,0.779419,1.774247,166b5f8b77c34083,166b5f8b77c34083,381,381,0.626877,0.615754,3254,3254,52,52,17,17,381,381,224,224,3,12,31,21,6,25,15,3,8,18,0,13,2,37,15,43,18,5,61,97,27,40,44,25,17,0,17,23,0,8,44,16,43,55,28,18,0,64,8,0,34,6,10,0,0,54,0,0,0,0,52,381,224,17,57,113,3,12,31,21,6,25,15,3,8,18,0,13,2,37,15,43,18,5,61,97,27,40,44,25,17,0,17,23,0,8,44,16,43,55,28,18,0,64,8,0,34,6,10,0,0,54,0,0,0,0,52,381,224,17,57,113,0.779419,22.41176470588235,0.5879265091863517,8.540682414698162,3.0588235294117645,7.326923076923077,22.41176470588235,0.5879265091863517,8.540682414698162,3.0588235294117645,7.326923076923077
d8593fb110fce2f546aa5eb3,benchmark://cbench-v1/dijkstra,2,6,-loop-distribute,True,0.148310,0.927041,166b5f8b77c34083,166b5f8b77c34083,381,381,0.626877,0.621065,3254,3254,52,52,17,17,381,381,224,224,3,12,31,21,6,25,15,3,8,18,0,13,2,37,15,43,18,5,61,97,27,40,44,25,17,0,17,23,0,8,44,16,43,55,28,18,0,64,8,0,34,6,10,0,0,54,0,0,0,0,52,381,224,17,57,113,3,12,31,21,6,25,15,3,8,18,0,13,2,37,15,43,18,5,61,97,27,40,44,25,17,0,17,23,0,8,44,16,43,55,28,18,0,64,8,0,34,6,10,0,0,54,0,0,0,0,52,381,224,17,57,113,0.148310,22.41176470588235,0.5879265091863517,8.540682414698162,3.0588235294117645,7.326923076923077,22.41176470588235,0.5879265091863517,8.540682414698162,3.0588235294117645,7.326923076923077
d8593fb110fce2f546aa5eb3,benchmark://cbench-v1/dijkstra,2,7,-indvars,True,0.296425,1.125872,166b5f8b77c34083,0024f1bf9f7ef96e,381,379,0.626877,0.619819,3254,3247,52,52,17,17,381,379,224,224,3,12,31,21,6,25,15,3,8,18,0,13,2,37,15,43,18,5,61,97,27,40,44,25,17,0,17,23,0,8,44,16,43,55,28,18,0,64,8,0,34,6,10,0,0,54,0,0,0,0,52,381,224,17,57,113,2,13,31,21,6,25,15,3,8,18,0,13,2,37,15,43,18,5,61,96,26,38,44,25,17,0,17,23,0,8,44,16,43,55,28,18,0,64,8,0,32,6,10,0,0,54,0,0,0,0,52,379,224,17,53,113,0.296425,22.41176470588235,0.5879265091863517,8.540682414698162,3.0588235294117645,7.326923076923077,22.294117647058822,0.5910290237467019,8.567282321899736,3.0588235294117645,7.288461538461538
be2ca0c67c234cbe84c874a4,benchmark://cbench-v1/jpeg-c,0,0,-licm,True,-0.445566,-3.740091,279418604d1f3237,765c5a3d0b2da471,62452,63657,0.968787,1.005021,224011,363612,5746,5776,423,423,62452,63657,44549,42181,0,45,3549,2418,983,3298,1612,661,802,1984,188,45,0,5701,45,5275,274,1207,7525,21944,6735,12180,5636,3298,1852,195,1445,2751,128,1101,4645,4530,5275,4883,9683,1998,7,19524,479,62,45,395,1356,14,174,7708,399,316,8,739,5746,62452,44549,423,93,29246,324,771,3578,2447,983,3328,1614,662,803,1984,187,792,303,4681,1095,5305,274,1178,7555,21950,6735,12183,5639,3328,1852,195,1445,2751,128,1133,4643,4530,5305,4883,9683,1998,7,17191,479,62,3592,395,1356,14,174,7673,399,316,8,735,5776,63657,42181,423,5563,26909,-0.445566,147.64066193853427,0.7133318388522385,3.58693076282585,13.583924349881796,10.868778280542987,150.48936170212767,0.6626294044645522,5.712050520759696,13.6548463356974,11.020948753462603
be2ca0c67c234cbe84c874a4,benchmark://cbench-v1/jpeg-c,0,1,-loop-rotate,True,-1.346381,-5.379136,279418604d1f3237,be63155f61941769,62452,64494,0.968787,1.020899,224011,233939,5746,6223,423,423,62452,64494,44549,45608,0,45,3549,2418,983,3298,1612,661,802,1984,188,45,0,5701,45,5275,274,1207,7525,21944,6735,12180,5636,3298,1852,195,1445,2751,128,1101,4645,4530,5275,4883,9683,1998,7,19524,479,62,45,395,1356,14,174,7708,399,316,8,739,5746,62452,44549,423,93,29246,0,45,3572,2319,1227,3322,2067,908,888,2437,187,45,0,6178,45,5752,277,2090,8455,22442,6754,12439,5647,3322,1875,199,1461,2751,129,1142,5081,4531,5752,4887,9844,2451,7,20395,482,62,45,395,1373,14,174,7731,399,316,10,748,6223,64494,45608,423,93,30144,-1.346381,147.64066193853427,0.7133318388522385,3.58693076282585,13.583924349881796,10.868778280542987,152.46808510638297,0.7071665581294384,3.6272986634415605,14.711583924349881,10.363811666398844
be2ca0c67c234cbe84c874a4,benchmark://cbench-v1/jpeg-c,0,2,-loop-unroll,True,1.666214,0.102318,279418604d1f3237,a5cd9fa02f6165d7,62452,62482,0.968787,0.967796,224011,224219,5746,5776,423,423,62452,62482,44549,44549,0,45,3549,2418,983,3298,1612,661,802,1984,188,45,0,5701,45,5275,274,1207,7525,21944,6735,12180,5636,3298,1852,195,1445,2751,128,1101,4645,4530,5275,4883,9683,1998,7,19524,479,62,45,395,1356,14,174,7708,399,316,8,739,5746,62452,44549,423,93,29246,0,45,3578,2447,983,3328,1614,662,803,1984,187,45,0,5731,45,5305,274,1178,7555,21944,6735,12180,5636,3328,1852,195,1445,2751,128,1101,4675,4530,5305,4883,9683,1998,7,19524,479,62,45,395,1356,14,174,7708,399,316,8,739,5776,62482,44549,423,93,29246,1.666214,147.64066193853427,0.7133318388522385,3.58693076282585,13.583924349881796,10.868778280542987,147.7115839243499,0.7129893409301878,3.588537498799654,13.6548463356974,10.817520775623269
be2ca0c67c234cbe84c874a4,benchmark://cbench-v1/jpeg-c,0,3,-loop-vectorize,True,-1.432657,-5.536116,279418604d1f3237,a5cd9fa02f6165d7,62452,62482,0.968787,1.022420,224011,224219,5746,5776,423,423,62452,62482,44549,44549,0,45,3549,2418,983,3298,1612,661,802,1984,188,45,0,5701,45,5275,274,1207,7525,21944,6735,12180,5636,3298,1852,195,1445,2751,128,1101,4645,4530,5275,4883,9683,1998,7,19524,479,62,45,395,1356,14,174,7708,399,316,8,739,5746,62452,44549,423,93,29246,0,45,3578,2447,983,3328,1614,662,803,1984,187,45,0,5731,45,5305,274,1178,7555,21944,6735,12180,5636,3328,1852,195,1445,2751,128,1101,4675,4530,5305,4883,9683,1998,7,19524,479,62,45,395,1356,14,174,7708,399,316,8,739,5776,62482,44549,423,93,29246,-1.432657,147.64066193853427,0.7133318388522385,3.58693076282585,13.583924349881796,10.868778280542987,147.7115839243499,0.7129893409301878,3.588537498799654,13.6548463356974,10.817520775623269
be2ca0c67c234cbe84c874a4,benchmark://cbench-v1/jpeg-c,0,4,-loop-deletion,True,0.298598,-2.386076,279418604d1f3237,a5cd9fa02f6165d7,62452,62482,0.968787,0.991903,224011,224219,5746,5776,423,423,62452,62482,44549,44549,0,45,3549,2418,983,3298,1612,661,802,1984,188,45,0,5701,45,5275,274,1207,7525,21944,6735,12180,5636,3298,1852,195,1445,2751,128,1101,4645,4530,5275,4883,9683,1998,7,19524,479,62,45,395,1356,14,174,7708,399,316,8,739,5746,62452,44549,423,93,29246,0,45,3578,2447,983,3328,1614,662,803,1984,187,45,0,5731,45,5305,274,1178,7555,21944,6735,12180,5636,3328,1852,195,1445,2751,128,1101,4675,4530,5305,4883,9683,1998,7,19524,479,62,45,395,1356,14,174,7708,399,316,8,739,5776,62482,44549,423,93,29246,0.298598,147.64066193853427,0.7133318388522385,3.58693076282585,13.583924349881796,10.868778280542987,147.7115839243499,0.7129893409301878,3.588537498799654,13.6548463356974,10.817520775623269
be2ca0c67c234cbe84c874a4,benchmark://cbench-v1/jpeg-c,0,5,-loop-unswitch,True,0.565074,-1.901219,279418604d1f3237,a5cd9fa02f6165d7,62452,62482,0.968787,0.987206,224011,224219,5746,5776,423,423,62452,62482,44549,44549,0,45,3549,2418,983,3298,1612,661,802,1984,188,45,0,5701,45,5275,274,1207,7525,21944,6735,12180,5636,3298,1852,195,1445,2751,128,1101,4645,4530,5275,4883,9683,1998,7,19524,479,62,45,395,1356,14,174,7708,399,316,8,739,5746,62452,44549,423,93,29246,0,45,3578,2447,983,3328,1614,662,803,1984,187,45,0,5731,45,5305,274,1178,7555,21944,6735,12180,5636,3328,1852,195,1445,2751,128,1101,4675,4530,5305,4883,9683,1998,7,19524,479,62,45,395,1356,14,174,7708,399,316,8,739,5776,62482,44549,423,93,29246,0.565074,147.64066193853427,0.7133318388522385,3.58693076282585,13.583924349881796,10.868778280542987,147.7115839243499,0.7129893409301878,3.588537498799654,13.6548463356974,10.817520775623269
be2ca0c67c234cbe84c874a4,benchmark://cbench-v1/jpeg-c,0,6,-loop-distribute,True,-0.157698,-3.216312,279418604d1f3237,8653bf54fce8c1eb,62452,62452,0.968787,0.999946,224011,224011,5746,5746,423,423,62452,62452,44549,44549,0,45,3549,2418,983,3298,1612,661,802,1984,188,45,0,5701,45,5275,274,1207,7525,21944,6735,12180,5636,3298,1852,195,1445,2751,128,1101,4645,4530,5275,4883,9683,1998,7,19524,479,62,45,395,1356,14,174,7708,399,316,8,739,5746,62452,44549,423,93,29246,0,45,3549,2418,983,3298,1612,661,802,1984,188,45,0,5701,45,5275,274,1207,7525,21944,6735,12180,5636,3298,1852,195,1445,2751,128,1101,4645,4530,5275,4883,9683,1998,7,19524,479,62,45,395,1356,14,174,7708,399,316,8,739,5746,62452,44549,423,93,29246,-0.157698,147.64066193853427,0.7133318388522385,3.58693076282585,13.583924349881796,10.868778280542987,147.64066193853427,0.7133318388522385,3.58693076282585,13.583924349881796,10.868778280542987
be2ca0c67c234cbe84c874a4,benchmark://cbench-v1/jpeg-c,0,7,-indvars,True,0.852417,-1.378395,279418604d1f3237,432785ada864a96b,62452,62482,0.968787,0.982141,224011,224219,5746,5776,423,423,62452,62482,44549,44549,0,45,3549,2418,983,3298,1612,661,802,1984,188,45,0,5701,45,5275,274,1207,7525,21944,6735,12180,5636,3298,1852,195,1445,2751,128,1101,4645,4530,5275,4883,9683,1998,7,19524,479,62,45,395,1356,14,174,7708,399,316,8,739,5746,62452,44549,423,93,29246,0,45,3578,2447,983,3328,1614,662,803,1984,187,45,0,5731,45,5305,274,1178,7555,21944,6735,12180,5636,3328,1852,195,1445,2751,128,1101,4675,4530,5305,4883,9683,1998,7,19524,479,62,45,395,1356,14,174,7708,399,316,8,739,5776,62482,44549,423,93,29246,0.852417,147.64066193853427,0.7133318388522385,3.58693076282585,13.583924349881796,10.868778280542987,147.7115839243499,0.7129893409301878,3.588537498799654,13.6548463356974,10.817520775623269
c99e956039e9f6f26d795b1b,benchmark://cbench-v1/jpeg-c,1,0,-licm,True,0.054820,2.042712,4a881041ba76c1c3,d8b5e2c1847cd954,46665,50908,1.034631,1.013497,251545,391828,5746,5776,423,423,46665,50908,31101,31164,0,45,3549,2418,983,3298,1612,661,802,1984,188,45,0,5701,45,5275,274,1207,7525,18652,6242,9555,5411,3298,1787,190,1424,2751,128,790,4956,2733,5275,4880,7635,1964,7,8126,447,62,45,395,1023,14,162,7709,383,300,8,666,5746,46665,31101,423,93,15629,360,801,3578,2447,983,3328,1614,662,803,1984,187,811,350,4615,1161,5305,274,1178,7555,18662,6244,9560,5418,3328,1787,190,1424,2751,128,870,4906,2734,5305,4880,7637,1964,7,8310,447,62,4198,395,1023,14,162,7586,383,300,8,662,5776,50908,31164,423,6410,15810,0.054820,110.31914893617021,0.6664738026358085,5.390442515804136,13.583924349881796,8.121301775147929,120.34988179669031,0.6121631177810953,7.696786359707708,13.6548463356974,8.813711911357341
c99e956039e9f6f26d795b1b,benchmark://cbench-v1/jpeg-c,1,1,-loop-rotate,True,0.898221,4.417671,4a881041ba76c1c3,786ea3b4c009877e,46665,49076,1.034631,0.988925,251545,281302,5746,6223,423,423,46665,49076,31101,31840,0,45,3549,2418,983,3298,1612,661,802,1984,188,45,0,5701,45,5275,274,1207,7525,18652,6242,9555,5411,3298,1787,190,1424,2751,128,790,4956,2733,5275,4880,7635,1964,7,8126,447,62,45,395,1023,14,162,7709,383,300,8,666,5746,46665,31101,423,93,15629,6,642,3572,2319,1227,3322,2067,908,888,2437,187,646,2,5575,648,5752,277,2090,8455,18945,6258,9705,5419,3322,1807,194,1439,2751,129,828,5395,2734,5752,4884,7692,2417,7,8781,447,62,742,395,1037,14,162,7732,383,300,10,674,6223,49076,31840,423,1373,16307,0.898221,110.31914893617021,0.6664738026358085,5.390442515804136,13.583924349881796,8.121301775147929,116.01891252955083,0.6487896324068791,5.7319667454560275,14.711583924349881,7.886228507150892
c99e956039e9f6f26d795b1b,benchmark://cbench-v1/jpeg-c,1,2,-loop-unroll,True,-0.126453,1.532258,4a881041ba76c1c3,f0a481696880b0aa,46665,46821,1.034631,1.018778,251545,253881,5746,5776,423,423,46665,46821,31101,31101,0,45,3549,2418,983,3298,1612,661,802,1984,188,45,0,5701,45,5275,274,1207,7525,18652,6242,9555,5411,3298,1787,190,1424,2751,128,790,4956,2733,5275,4880,7635,1964,7,8126,447,62,45,395,1023,14,162,7709,383,300,8,666,5746,46665,31101,423,93,15629,0,136,3578,2447,983,3328,1614,662,803,1984,187,135,1,5640,136,5305,274,1178,7555,18652,6242,9555,5411,3328,1787,190,1424,2751,128,791,4985,2733,5305,4880,7635,1964,7,8126,447,62,171,395,1023,14,162,7709,383,300,8,666,5776,46821,31101,423,224,15629,-0.126453,110.31914893617021,0.6664738026358085,5.390442515804136,13.583924349881796,8.121301775147929,110.68794326241135,0.6642532197091049,5.422374575510989,13.6548463356974,8.106128808864266
c99e956039e9f6f26d795b1b,benchmark://cbench-v1/jpeg-c,1,3,-loop-vectorize,True,-0.639263,0.088218,4a881041ba76c1c3,eeeb61ff2b09e6e7,46665,46782,1.034631,1.033719,251545,253273,5746,5776,423,423,46665,46782,31101,31101,0,45,3549,2418,983,3298,1612,661,802,1984,188,45,0,5701,45,5275,274,1207,7525,18652,6242,9555,5411,3298,1787,190,1424,2751,128,790,4956,2733,5275,4880,7635,1964,7,8126,447,62,45,395,1023,14,162,7709,383,300,8,666,5746,46665,31101,423,93,15629,0,109,3578,2447,983,3328,1614,662,803,1984,187,108,1,5667,109,5305,274,1178,7555,18652,6242,9555,5411,3328,1787,190,1424,2751,128,791,4985,2733,5305,4880,7635,1964,7,8126,447,62,132,395,1023,14,162,7709,383,300,8,666,5776,46782,31101,423,184,15629,-0.639263,110.31914893617021,0.6664738026358085,5.390442515804136,13.583924349881796,8.121301775147929,110.59574468085107,0.6648069770424522,5.413898507973152,13.6548463356974,8.09937673130194
c99e956039e9f6f26d795b1b,benchmark://cbench-v1/jpeg-c,1,4,-loop-deletion,True,-0.361707,0.869799,4a881041ba76c1c3,525ae2b162170f77,46665,46821,1.034631,1.025632,251545,253881,5746,5776,423,423,46665,46821,31101,31101,0,45,3549,2418,983,3298,1612,661,802,1984,188,45,0,5701,45,5275,274,1207,7525,18652,6242,9555,5411,3298,1787,190,1424,2751,128,790,4956,2733,5275,4880,7635,1964,7,8126,447,62,45,395,1023,14,162,7709,383,300,8,666,5746,46665,31101,423,93,15629,0,136,3578,2447,983,3328,1614,662,803,1984,187,135,1,5640,136,5305,274,1178,7555,18652,6242,9555,5411,3328,1787,190,1424,2751,128,791,4985,2733,5305,4880,7635,1964,7,8126,447,62,171,395,1023,14,162,7709,383,300,8,666,5776,46821,31101,423,224,15629,-0.361707,110.31914893617021,0.6664738026358085,5.390442515804136,13.583924349881796,8.121301775147929,110.68794326241135,0.6642532197091049,5.422374575510989,13.6548463356974,8.106128808864266
c99e956039e9f6f26d795b1b,benchmark://cbench-v1/jpeg-c,1,5,-loop-unswitch,True,1.710940,6.706234,4a881041ba76c1c3,6d94d1b735c40aff,46665,47873,1.034631,0.965247,251545,261609,5746,6046,423,423,46665,47873,31101,31667,0,45,3549,2418,983,3298,1612,661,802,1984,188,45,0,5701,45,5275,274,1207,7525,18652,6242,9555,5411,3298,1787,190,1424,2751,128,790,4956,2733,5275,4880,7635,1964,7,8126,447,62,45,395,1023,14,162,7709,383,300,8,666,5746,46665,31101,423,93,15629,0,152,3761,2598,1020,3507,1697,694,849,2075,191,151,1,5894,152,5575,278,1214,7916,18994,6310,9806,5485,3507,1822,190,1461,2751,129,805,5241,2766,5575,4917,7826,2022,8,8331,452,62,187,395,1050,14,162,7842,393,304,8,688,6046,47873,31667,423,252,15920,1.710940,110.31914893617021,0.6664738026358085,5.390442515804136,13.583924349881796,8.121301775147929,113.17494089834516,0.661479330729221,5.464646042654524,14.293144208037825,7.918127687727423
c99e956039e9f6f26d795b1b,benchmark://cbench-v1/jpeg-c,1,6,-loop-distribute,True,-1.892311,-3.440281,4a881041ba76c1c3,4a881041ba76c1c3,46665,46665,1.034631,1.070226,251545,251545,5746,5746,423,423,46665,46665,31101,31101,0,45,3549,2418,983,3298,1612,661,802,1984,188,45,0,5701,45,5275,274,1207,7525,18652,6242,9555,5411,3298,1787,190,1424,2751,128,790,4956,2733,5275,4880,7635,1964,7,8126,447,62,45,395,1023,14,162,7709,383,300,8,666,5746,46665,31101,423,93,15629,0,45,3549,2418,983,3298,1612,661,802,1984,188,45,0,5701,45,5275,274,1207,7525,18652,6242,9555,5411,3298,1787,190,1424,2751,128,790,4956,2733,5275,4880,7635,1964,7,8126,447,62,45,395,1023,14,162,7709,383,300,8,666,5746,46665,31101,423,93,15629,-1.892311,110.31914893617021,0.6664738026358085,5.390442515804136,13.583924349881796,8.121301775147929,110.31914893617021,0.6664738026358085,5.390442515804136,13.583924349881796,8.121301775147929
c99e956039e9f6f26d795b1b,benchmark://cbench-v1/jpeg-c,1,7,-indvars,True,0.355753,2.890119,4a881041ba76c1c3,a7b42e0b6ce08222,46665,46820,1.034631,1.004729,251545,253721,5746,5776,423,423,46665,46820,31101,31104,0,45,3549,2418,983,3298,1612,661,802,1984,188,45,0,5701,45,5275,274,1207,7525,18652,6242,9555,5411,3298,1787,190,1424,2751,128,790,4956,2733,5275,4880,7635,1964,7,8126,447,62,45,395,1023,14,162,7709,383,300,8,666,5746,46665,31101,423,93,15629,0,133,3578,2447,983,3328,1614,662,803,1984,187,132,1,5643,133,5305,274,1178,7555,18655,6245,9558,5411,3328,1787,190,1424,2751,128,791,4985,2733,5305,4880,7638,1964,7,8126,447,62,166,395,1024,14,162,7709,383,300,8,666,5776,46820,31104,423,219,15630,0.355753,110.31914893617021,0.6664738026358085,5.390442515804136,13.583924349881796,8.121301775147929,110.68557919621749,0.6643314822725331,5.419073045706963,13.6548463356974,8.10595567867036
02117dd9460330f573bd9618,benchmark://cbench-v1/jpeg-c,2,0,-licm,True,0.371811,0.649700,da832a7e43f51542,6cb056cc1f225f76,49439,49428,1.008635,1.002082,410284,410092,5284,5284,423,423,49439,49428,29121,29121,523,1010,3086,1999,940,2836,1614,627,837,1984,187,1044,489,3751,1533,4813,274,1141,7063,18842,6247,9790,5517,2836,1807,190,1440,2751,128,850,4434,2672,4813,4880,7314,1963,7,6513,490,62,5327,395,1014,14,122,7663,379,300,8,656,5284,49439,29121,423,9244,13936,523,1007,3086,1999,940,2836,1614,627,837,1984,187,1043,487,3754,1530,4813,274,1141,7063,18842,6247,9790,5517,2836,1807,190,1440,2751,128,850,4434,2673,4813,4880,7314,1963,7,6513,490,62,5315,395,1014,14,122,7663,379,300,8,656,5284,49428,29121,423,9232,13937,0.371811,116.87706855791963,0.5890289043063168,8.298792451303626,12.491725768321514,9.356358819076457,116.85106382978724,0.5891599902889051,8.29675487577891,12.491725768321514,9.354277062831189
02117dd9460330f573bd9618,benchmark://cbench-v1/jpeg-c,2,1,-loop-rotate,True,2.214140,6.930502,da832a7e43f51542,57fa9b81b1660cd4,49439,50610,1.008635,0.938732,410284,426574,5284,5503,423,423,49439,50610,29121,29307,523,1010,3086,1999,940,2836,1614,627,837,1984,187,1044,489,3751,1533,4813,274,1141,7063,18842,6247,9790,5517,2836,1807,190,1440,2751,128,850,4434,2672,4813,4880,7314,1963,7,6513,490,62,5327,395,1014,14,122,7663,379,300,8,656,5284,49439,29121,423,9244,13936,605,1204,2966,2069,843,2716,1953,538,1172,2323,187,1301,508,3694,1809,5032,277,1939,7621,19170,6269,10080,5535,2716,1822,190,1455,2751,128,907,4596,2673,5032,4884,7343,2302,7,6653,490,62,5722,395,1024,14,122,7676,379,300,10,660,5503,50610,29307,423,10044,14091,2.214140,116.87706855791963,0.5890289043063168,8.298792451303626,12.491725768321514,9.356358819076457,119.64539007092199,0.5790752815649082,8.428650464335112,13.009456264775414,9.196801744502999
02117dd9460330f573bd9618,benchmark://cbench-v1/jpeg-c,2,2,-loop-unroll,True,-0.488150,-2.282047,da832a7e43f51542,73b433064e30309c,49439,50834,1.008635,1.031653,410284,417716,5284,5574,423,423,49439,50834,29121,30072,523,1010,3086,1999,940,2836,1614,627,837,1984,187,1044,489,3751,1533,4813,274,1141,7063,18842,6247,9790,5517,2836,1807,190,1440,2751,128,850,4434,2672,4813,4880,7314,1963,7,6513,490,62,5327,395,1014,14,122,7663,379,300,8,656,5284,49439,29121,423,9244,13936,515,1004,3364,2196,998,3052,1626,646,822,2027,187,1032,487,4055,1519,5072,278,1182,7365,18962,6968,10244,5634,3052,1854,196,1465,2751,134,854,4720,2680,5072,4923,7749,1975,7,6655,498,68,5283,395,1021,14,124,7994,381,310,8,692,5574,50834,30072,423,9139,14169,-0.488150,116.87706855791963,0.5890289043063168,8.298792451303626,12.491725768321514,9.356358819076457,120.17494089834516,0.5915725695400716,8.217256167132234,13.177304964539006,9.11984212414783
02117dd9460330f573bd9618,benchmark://cbench-v1/jpeg-c,2,3,-loop-vectorize,True,0.223871,0.145347,da832a7e43f51542,da832a7e43f51542,49439,49439,1.008635,1.007169,410284,410284,5284,5284,423,423,49439,49439,29121,29121,523,1010,3086,1999,940,2836,1614,627,837,1984,187,1044,489,3751,1533,4813,274,1141,7063,18842,6247,9790,5517,2836,1807,190,1440,2751,128,850,4434,2672,4813,4880,7314,1963,7,6513,490,62,5327,395,1014,14,122,7663,379,300,8,656,5284,49439,29121,423,9244,13936,523,1010,3086,1999,940,2836,1614,627,837,1984,187,1044,489,3751,1533,4813,274,1141,7063,18842,6247,9790,5517,2836,1807,190,1440,2751,128,850,4434,2672,4813,4880,7314,1963,7,6513,490,62,5327,395,1014,14,122,7663,379,300,8,656,5284,49439,29121,423,9244,13936,0.223871,116.87706855791963,0.5890289043063168,8.298792451303626,12.491725768321514,9.356358819076457,116.87706855791963,0.5890289043063168,8.298792451303626,12.491725768321514,9.356358819076457
02117dd9460330f573bd9618,benchmark://cbench-v1/jpeg-c,2,4,-loop-deletion,True,-0.386805,-1.936546,da832a7e43f51542,da832a7e43f51542,49439,49439,1.008635,1.028168,410284,410284,5284,5284,423,423,49439,49439,29121,29121,523,1010,3086,1999,940,2836,1614,627,837,1984,187,1044,489,3751,1533,4813,274,1141,7063,18842,6247,9790,5517,2836,1807,190,1440,2751,128,850,4434,2672,4813,4880,7314,1963,7,6513,490,62,5327,395,1014,14,122,7663,379,300,8,656,5284,49439,29121,423,9244,13936,523,1010,3086,1999,940,2836,1614,627,837,1984,187,1044,489,3751,1533,4813,274,1141,7063,18842,6247,9790,5517,2836,1807,190,1440,2751,128,850,4434,2672,4813,4880,7314,1963,7,6513,490,62,5327,395,1014,14,122,7663,379,300,8,656,5284,49439,29121,423,9244,13936,-0.386805,116.87706855791963,0.5890289043063168,8.298792451303626,12.491725768321514,9.356358819076457,116.87706855791963,0.5890289043063168,8.298792451303626,12.491725768321514,9.356358819076457
02117dd9460330f573bd9618,benchmark://cbench-v1/jpeg-c,2,5,-loop-unswitch,True,-0.534673,-2.440653,da832a7e43f51542,ca90b46e822c6ddb,49439,50954,1.008635,1.033253,410284,431492,5284,5595,423,423,49439,50954,29121,29595,523,1010,3086,1999,940,2836,1614,627,837,1984,187,1044,489,3751,1533,4813,274,1141,7063,18842,6247,9790,5517,2836,1807,190,1440,2751,128,850,4434,2672,4813,4880,7314,1963,7,6513,490,62,5327,395,1014,14,122,7663,379,300,8,656,5284,49439,29121,423,9244,13936,581,1073,3289,2160,987,3035,1718,669,894,2096,191,1106,548,3941,1654,5124,278,1180,7486,19132,6333,10029,5596,3035,1852,190,1492,2751,129,863,4732,2692,5124,4923,7472,2035,8,6696,498,62,5826,395,1049,14,123,7753,388,305,8,681,5595,50954,29595,423,10119,14204,-0.534673,116.87706855791963,0.5890289043063168,8.298792451303626,12.491725768321514,9.356358819076457,120.45862884160756,0.5808179926992975,8.468265494367468,13.22695035460993,9.107059874888293
02117dd9460330f573bd9618,benchmark://cbench-v1/jpeg-c,2,6,-loop-distribute,True,0.092104,-0.303866,da832a7e43f51542,da832a7e43f51542,49439,49439,1.008635,1.011700,410284,410284,5284,5284,423,423,49439,49439,29121,29121,523,1010,3086,1999,940,2836,1614,627,837,1984,187,1044,489,3751,1533,4813,274,1141,7063,18842,6247,9790,5517,2836,1807,190,1440,2751,128,850,4434,2672,4813,4880,7314,1963,7,6513,490,62,5327,395,1014,14,122,7663,379,300,8,656,5284,49439,29121,423,9244,13936,523,1010,3086,1999,940,2836,1614,627,837,1984,187,1044,489,3751,1533,4813,274,1141,7063,18842,6247,9790,5517,2836,1807,190,1440,2751,128,850,4434,2672,4813,4880,7314,1963,7,6513,490,62,5327,395,1014,14,122,7663,379,300,8,656,5284,49439,29121,423,9244,13936,0.092104,116.87706855791963,0.5890289043063168,8.298792451303626,12.491725768321514,9.356358819076457,116.87706855791963,0.5890289043063168,8.298792451303626,12.491725768321514,9.356358819076457
02117dd9460330f573bd9618,benchmark://cbench-v1/jpeg-c,2,7,-indvars,True,-1.492298,-5.705353,da832a7e43f51542,87ba958a1b29b540,49439,49633,1.008635,1.066182,410284,417131,5284,5284,423,423,49439,49633,29121,29119,523,1010,3086,1999,940,2836,1614,627,837,1984,187,1044,489,3751,1533,4813,274,1141,7063,18842,6247,9790,5517,2836,1807,190,1440,2751,128,850,4434,2672,4813,4880,7314,1963,7,6513,490,62,5327,395,1014,14,122,7663,379,300,8,656,5284,49439,29121,423,9244,13936,516,1007,3086,1999,940,2836,1614,627,837,1984,187,1053,470,3761,1523,4813,274,1141,7063,18279,6852,9773,5554,2836,1859,190,1497,2751,128,850,4434,2673,4813,4880,7316,1963,7,6509,492,62,5228,395,936,14,123,7663,379,597,8,671,5284,49633,29119,423,9085,14167,-1.492298,116.87706855791963,0.5890289043063168,8.298792451303626,12.491725768321514,9.356358819076457,117.33569739952719,0.5866862772752,8.4043076179155,12.491725768321514,9.393073429220287
5e55544c9385fe58406714f1,benchmark://cbench-v1/bzip2,0,0,-licm,True,-2.382073,-2.927414,28b8313d444ad26a,3b0a61d4efa7dd5f,28748,29226,1.009892,1.039456,122613,154107,3311,3330,153,153,28748,29226,19304,19047,0,16,2242,1401,769,1872,856,422,378,1248,102,16,0,3295,16,3117,309,704,4529,9201,2218,5042,2319,1872,1452,51,1053,773,151,396,2912,926,3117,1647,4146,1294,104,9363,30,98,16,101,782,17,147,3375,279,172,36,940,3311,28748,19304,153,32,12966,55,333,2250,1409,769,1891,872,435,380,1248,97,344,44,2942,388,3136,309,696,4548,9203,2218,5042,2321,1891,1452,51,1053,773,151,394,2933,926,3136,1647,4146,1294,104,9003,30,98,742,101,782,17,147,3478,279,172,36,930,3330,29226,19047,153,1123,12596,-2.382073,187.8954248366013,0.6714901906219564,4.265096702379296,21.640522875816995,8.682573240712776,191.01960784313727,0.651714227058099,5.272941901047013,21.764705882352942,8.776576576576577
5e55544c9385fe58406714f1,benchmark://cbench-v1/bzip2,0,1,-loop-rotate,True,0.117736,0.411645,28b8313d444ad26a,2e9f208f3aa936e9,28748,29429,1.009892,1.005735,122613,126134,3311,3474,153,153,28748,29429,19304,19613,0,16,2242,1401,769,1872,856,422,378,1248,102,16,0,3295,16,3117,309,704,4529,9201,2218,5042,2319,1872,1452,51,1053,773,151,396,2912,926,3117,1647,4146,1294,104,9363,30,98,16,101,782,17,147,3375,279,172,36,940,3311,28748,19304,153,32,12966,0,16,2239,1335,847,1880,1027,522,433,1403,97,16,0,3458,16,3280,310,1017,4847,9314,2236,5108,2327,1880,1465,58,1053,773,156,414,3057,926,3280,1648,4182,1449,104,9635,30,98,16,101,808,17,149,3375,281,173,37,950,3474,29429,19613,153,32,13275,0.117736,187.8954248366013,0.6714901906219564,4.265096702379296,21.640522875816995,8.682573240712776,192.34640522875816,0.6664514594447654,4.286044377994496,22.705882352941178,8.471214738054117
5e55544c9385fe58406714f1,benchmark://cbench-v1/bzip2,0,2,-loop-unroll,True,-0.260819,-0.094001,28b8313d444ad26a,6c8ec806114e8ae0,28748,28767,1.009892,1.010842,122613,122661,3311,3330,153,153,28748,28767,19304,19304,0,16,2242,1401,769,1872,856,422,378,1248,102,16,0,3295,16,3117,309,704,4529,9201,2218,5042,2319,1872,1452,51,1053,773,151,396,2912,926,3117,1647,4146,1294,104,9363,30,98,16,101,782,17,147,3375,279,172,36,940,3311,28748,19304,153,32,12966,0,16,2250,1409,769,1891,872,435,380,1248,97,16,0,3314,16,3136,309,696,4548,9201,2218,5042,2319,1891,1452,51,1053,773,151,396,2931,926,3136,1647,4146,1294,104,9363,30,98,16,101,782,17,147,3375,279,172,36,940,3330,28767,19304,153,32,12966,-0.260819,187.8954248366013,0.6714901906219564,4.265096702379296,21.640522875816995,8.682573240712776,188.01960784313727,0.6710466854381757,4.263948274064032,21.764705882352942,8.63873873873874
5e55544c9385fe58406714f1,benchmark://cbench-v1/bzip2,0,3,-loop-vectorize,True,0.563979,1.007703,28b8313d444ad26a,6c8ec806114e8ae0,28748,28767,1.009892,0.999716,122613,122661,3311,3330,153,153,28748,28767,19304,19304,0,16,2242,1401,769,1872,856,422,378,1248,102,16,0,3295,16,3117,309,704,4529,9201,2218,5042,2319,1872,1452,51,1053,773,151,396,2912,926,3117,1647,4146,1294,104,9363,30,98,16,101,782,17,147,3375,279,172,36,940,3311,28748,19304,153,32,12966,0,16,2250,1409,769,1891,872,435,380,1248,97,16,0,3314,16,3136,309,696,4548,9201,2218,5042,2319,1891,1452,51,1053,773,151,396,2931,926,3136,1647,4146,1294,104,9363,30,98,16,101,782,17,147,3375,279,172,36,940,3330,28767,19304,153,32,12966,0.563979,187.8954248366013,0.6714901906219564,4.265096702379296,21.640522875816995,8.682573240712776,188.01960784313727,0.6710466854381757,4.263948274064032,21.764705882352942,8.63873873873874
5e55544c9385fe58406714f1,benchmark://cbench-v1/bzip2,0,4,-loop-deletion,True,0.580913,1.030322,28b8313d444ad26a,6c8ec806114e8ae0,28748,28767,1.009892,0.999487,122613,122661,3311,3330,153,153,28748,28767,19304,19304,0,16,2242,1401,769,1872,856,422,378,1248,102,16,0,3295,16,3117,309,704,4529,9201,2218,5042,2319,1872,1452,51,1053,773,151,396,2912,926,3117,1647,4146,1294,104,9363,30,98,16,101,782,17,147,3375,279,172,36,940,3311,28748,19304,153,32,12966,0,16,2250,1409,769,1891,872,435,380,1248,97,16,0,3314,16,3136,309,696,4548,9201,2218,5042,2319,1891,1452,51,1053,773,151,396,2931,926,3136,1647,4146,1294,104,9363,30,98,16,101,782,17,147,3375,279,172,36,940,3330,28767,19304,153,32,12966,0.580913,187.8954248366013,0.6714901906219564,4.265096702379296,21.640522875816995,8.682573240712776,188.01960784313727,0.6710466854381757,4.263948274064032,21.764705882352942,8.63873873873874
5e55544c9385fe58406714f1,benchmark://cbench-v1/bzip2,0,5,-loop-unswitch,True,-0.200720,-0.013725,28b8313d444ad26a,6c8ec806114e8ae0,28748,28767,1.009892,1.010031,122613,122661,3311,3330,153,153,28748,28767,19304,19304,0,16,2242,1401,769,1872,856,422,378,1248,102,16,0,3295,16,3117,309,704,4529,9201,2218,5042,2319,1872,1452,51,1053,773,151,396,2912,926,3117,1647,4146,1294,104,9363,30,98,16,101,782,17,147,3375,279,172,36,940,3311,28748,19304,153,32,12966,0,16,2250,1409,769,1891,872,435,380,1248,97,16,0,3314,16,3136,309,696,4548,9201,2218,5042,2319,1891,1452,51,1053,773,151,396,2931,926,3136,1647,4146,1294,104,9363,30,98,16,101,782,17,147,3375,279,172,36,940,3330,28767,19304,153,32,12966,-0.200720,187.8954248366013,0.6714901906219564,4.265096702379296,21.640522875816995,8.682573240712776,188.01960784313727,0.6710466854381757,4.263948274064032,21.764705882352942,8.63873873873874
5e55544c9385fe58406714f1,benchmark://cbench-v1/bzip2,0,6,-loop-distribute,True,0.404317,0.794439,28b8313d444ad26a,222d84e0877aa779,28748,28748,1.009892,1.001869,122613,122613,3311,3311,153,153,28748,28748,19304,19304,0,16,2242,1401,769,1872,856,422,378,1248,102,16,0,3295,16,3117,309,704,4529,9201,2218,5042,2319,1872,1452,51,1053,773,151,396,2912,926,3117,1647,4146,1294,104,9363,30,98,16,101,782,17,147,3375,279,172,36,940,3311,28748,19304,153,32,12966,0,16,2242,1401,769,1872,856,422,378,1248,102,16,0,3295,16,3117,309,704,4529,9201,2218,5042,2319,1872,1452,51,1053,773,151,396,2912,926,3117,1647,4146,1294,104,9363,30,98,16,101,782,17,147,3375,279,172,36,940,3311,28748,19304,153,32,12966,0.404317,187.8954248366013,0.6714901906219564,4.265096702379296,21.640522875816995,8.682573240712776,187.8954248366013,0.6714901906219564,4.265096702379296,21.640522875816995,8.682573240712776
5e55544c9385fe58406714f1,benchmark://cbench-v1/bzip2,0,7,-indvars,True,1.176667,1.826086,28b8313d444ad26a,6c8ec806114e8ae0,28748,28767,1.009892,0.991451,122613,122661,3311,3330,153,153,28748,28767,19304,19304,0,16,2242,1401,769,1872,856,422,378,1248,102,16,0,3295,16,3117,309,704,4529,9201,2218,5042,2319,1872,1452,51,1053,773,151,396,2912,926,3117,1647,4146,1294,104,9363,30,98,16,101,782,17,147,3375,279,172,36,940,3311,28748,19304,153,32,12966,0,16,2250,1409,769,1891,872,435,380,1248,97,16,0,3314,16,3136,309,696,4548,9201,2218,5042,2319,1891,1452,51,1053,773,151,396,2931,926,3136,1647,4146,1294,104,9363,30,98,16,101,782,17,147,3375,279,172,36,940,3330,28767,19304,153,32,12966,1.176667,187.8954248366013,0.6714901906219564,4.265096702379296,21.640522875816995,8.682573240712776,188.01960784313727,0.6710466854381757,4.263948274064032,21.764705882352942,8.63873873873874
3165480f8761fd38fb79eee1,benchmark://cbench-v1/bzip2,1,0,-licm,True,0.621286,3.940495,8883346ec62a8bcc,314f5415d583001c,21387,22680,1.020269,0.980065,129948,163774,3311,3330,153,153,21387,22680,12992,12994,0,16,2242,1401,769,1872,856,422,378,1248,102,16,0,3295,16,3117,308,704,4529,7127,1919,3505,2244,1872,1365,41,1026,773,141,237,3071,486,3117,1647,2883,1252,104,4320,25,98,16,101,615,17,144,3369,212,170,36,664,3311,21387,12992,153,32,7038,86,444,2250,1409,769,1891,872,435,380,1248,97,439,91,2800,530,3136,308,696,4548,7129,1919,3505,2246,1891,1365,41,1026,773,141,285,3042,486,3136,1647,2883,1252,104,4265,25,98,1288,101,615,17,144,3426,212,170,36,664,3330,22680,12994,153,1867,6983,0.621286,139.7843137254902,0.6074718286809744,6.076027493337074,21.640522875816995,6.459377831470855,148.23529411764707,0.5729276895943562,7.221075837742505,21.764705882352942,6.8108108108108105
3165480f8761fd38fb79eee1,benchmark://cbench-v1/bzip2,1,1,-loop-rotate,True,-0.156479,2.028543,8883346ec62a8bcc,086e72891c3ee864,21387,22470,1.020269,0.999572,129948,140958,3311,3480,153,153,21387,22470,12992,13255,0,16,2242,1401,769,1872,856,422,378,1248,102,16,0,3295,16,3117,308,704,4529,7127,1919,3505,2244,1872,1365,41,1026,773,141,237,3071,486,3117,1647,2883,1252,104,4320,25,98,16,101,615,17,144,3369,212,170,36,664,3311,21387,12992,153,32,7038,6,298,2242,1335,850,1883,1030,525,433,1406,97,301,3,3176,304,3286,312,1020,4856,7227,1934,3565,2251,1883,1377,48,1029,773,146,303,3174,486,3286,1651,2913,1410,104,4549,25,98,452,101,641,17,146,3369,216,171,37,672,3480,22470,13255,153,670,7302,-0.156479,139.7843137254902,0.6074718286809744,6.076027493337074,21.640522875816995,6.459377831470855,146.86274509803923,0.5898976412995105,6.273164218958612,22.745098039215687,6.456896551724138
3165480f8761fd38fb79eee1,benchmark://cbench-v1/bzip2,1,2,-loop-unroll,True,0.301898,3.155354,8883346ec62a8bcc,0572b7cbcb967c33,21387,21654,1.020269,0.988076,129948,132532,3311,3330,153,153,21387,21654,12992,12992,0,16,2242,1401,769,1872,856,422,378,1248,102,16,0,3295,16,3117,308,704,4529,7127,1919,3505,2244,1872,1365,41,1026,773,141,237,3071,486,3117,1647,2883,1252,104,4320,25,98,16,101,615,17,144,3369,212,170,36,664,3311,21387,12992,153,32,7038,2,135,2250,1409,769,1891,872,435,380,1248,97,134,3,3193,137,3136,308,696,4548,7127,1919,3505,2244,1891,1365,41,1026,773,141,278,3049,486,3136,1647,2883,1252,104,4320,25,98,264,101,615,17,144,3369,212,170,36,664,3330,21654,12992,153,294,7038,0.301898,139.7843137254902,0.6074718286809744,6.076027493337074,21.640522875816995,6.459377831470855,141.52941176470588,0.5999815276623257,6.120439641636649,21.764705882352942,6.5027027027027025
3165480f8761fd38fb79eee1,benchmark://cbench-v1/bzip2,1,3,-loop-vectorize,True,0.058568,2.557185,8883346ec62a8bcc,2916f5e3def1cf51,21387,21644,1.020269,0.994178,129948,132324,3311,3330,153,153,21387,21644,12992,12992,0,16,2242,1401,769,1872,856,422,378,1248,102,16,0,3295,16,3117,308,704,4529,7127,1919,3505,2244,1872,1365,41,1026,773,141,237,3071,486,3117,1647,2883,1252,104,4320,25,98,16,101,615,17,144,3369,212,170,36,664,3311,21387,12992,153,32,7038,2,126,2250,1409,769,1891,872,435,380,1248,97,125,3,3202,128,3136,308,696,4548,7127,1919,3505,2244,1891,1365,41,1026,773,141,278,3049,486,3136,1647,2883,1252,104,4320,25,98,254,101,615,17,144,3369,212,170,36,664,3330,21644,12992,153,278,7038,0.058568,139.7843137254902,0.6074718286809744,6.076027493337074,21.640522875816995,6.459377831470855,141.4640522875817,0.6002587322121604,6.113657364627611,21.764705882352942,6.4996996996997
3165480f8761fd38fb79eee1,benchmark://cbench-v1/bzip2,1,4,-loop-deletion,True,0.481196,3.596116,8883346ec62a8bcc,d85da96a0b6efc97,21387,21654,1.020269,0.983579,129948,132532,3311,3330,153,153,21387,21654,12992,12992,0,16,2242,1401,769,1872,856,422,378,1248,102,16,0,3295,16,3117,308,704,4529,7127,1919,3505,2244,1872,1365,41,1026,773,141,237,3071,486,3117,1647,2883,1252,104,4320,25,98,16,101,615,17,144,3369,212,170,36,664,3311,21387,12992,153,32,7038,2,135,2250,1409,769,1891,872,435,380,1248,97,134,3,3193,137,3136,308,696,4548,7127,1919,3505,2244,1891,1365,41,1026,773,141,278,3049,486,3136,1647,2883,1252,104,4320,25,98,264,101,615,17,144,3369,212,170,36,664,3330,21654,12992,153,294,7038,0.481196,139.7843137254902,0.6074718286809744,6.076027493337074,21.640522875816995,6.459377831470855,141.52941176470588,0.5999815276623257,6.120439641636649,21.764705882352942,6.5027027027027025
3165480f8761fd38fb79eee1,benchmark://cbench-v1/bzip2,1,5,-loop-unswitch,True,0.561302,3.793037,8883346ec62a8bcc,8bb7b0a5fc04b5d6,21387,21759,1.020269,0.981569,129948,133524,3311,3396,153,153,21387,21759,12992,13028,0,16,2242,1401,769,1872,856,422,378,1248,102,16,0,3295,16,3117,308,704,4529,7127,1919,3505,2244,1872,1365,41,1026,773,141,237,3071,486,3117,1647,2883,1252,104,4320,25,98,16,101,615,17,144,3369,212,170,36,664,3311,21387,12992,153,32,7038,2,135,2292,1441,779,1942,896,454,382,1260,97,134,3,3259,137,3199,308,696,4638,7178,1919,3526,2260,1942,1365,41,1026,773,141,278,3115,486,3199,1647,2898,1255,104,4329,25,98,264,101,615,17,144,3381,212,170,36,664,3396,21759,13028,153,294,7047,0.561302,139.7843137254902,0.6074718286809744,6.076027493337074,21.640522875816995,6.459377831470855,142.2156862745098,0.5987407509536283,6.13649524334758,22.19607843137255,6.407243816254417
3165480f8761fd38fb79eee1,benchmark://cbench-v1/bzip2,1,6,-loop-distribute,True,-2.546965,-3.847902,8883346ec62a8bcc,8883346ec62a8bcc,21387,21387,1.020269,1.059528,129948,129948,3311,3311,153,153,21387,21387,12992,12992,0,16,2242,1401,769,1872,856,422,378,1248,102,16,0,3295,16,3117,308,704,4529,7127,1919,3505,2244,1872,1365,41,1026,773,141,237,3071,486,3117,1647,2883,1252,104,4320,25,98,16,101,615,17,144,3369,212,170,36,664,3311,21387,12992,153,32,7038,0,16,2242,1401,769,1872,856,422,378,1248,102,16,0,3295,16,3117,308,704,4529,7127,1919,3505,2244,1872,1365,41,1026,773,141,237,3071,486,3117,1647,2883,1252,104,4320,25,98,16,101,615,17,144,3369,212,170,36,664,3311,21387,12992,153,32,7038,-2.546965,139.7843137254902,0.6074718286809744,6.076027493337074,21.640522875816995,6.459377831470855,139.7843137254902,0.6074718286809744,6.076027493337074,21.640522875816995,6.459377831470855
3165480f8761fd38fb79eee1,benchmark://cbench-v1/bzip2,1,7,-indvars,True,0.679194,4.082847,8883346ec62a8bcc,e28dc7ff385338a0,21387,21654,1.020269,0.978613,129948,132500,3311,3330,153,153,21387,21654,12992,12992,0,16,2242,1401,769,1872,856,422,378,1248,102,16,0,3295,16,3117,308,704,4529,7127,1919,3505,2244,1872,1365,41,1026,773,141,237,3071,486,3117,1647,2883,1252,104,4320,25,98,16,101,615,17,144,3369,212,170,36,664,3311,21387,12992,153,32,7038,2,135,2250,1409,769,1891,872,435,380,1248,97,134,3,3193,137,3136,308,696,4548,7127,1919,3505,2244,1891,1365,41,1026,773,141,278,3049,487,3136,1647,2883,1252,104,4320,25,98,263,101,615,17,144,3369,212,170,36,664,3330,21654,12992,153,293,7039,0.679194,139.7843137254902,0.6074718286809744,6.076027493337074,21.640522875816995,6.459377831470855,141.52941176470588,0.5999815276623257,6.118961854622703,21.764705882352942,6.5027027027027025
b37284f09979d0058e1ed8d2,benchmark://cbench-v1/bzip2,2,0,-licm,True,-0.258376,-4.500043,d78e0cfadd791356,6bb40dd55ca76a31,21049,22661,1.047240,1.094366,199809,229423,3081,3098,153,153,21049,22661,11736,12018,111,425,2012,1253,687,1642,856,346,454,1248,102,468,68,2545,536,2887,308,645,4299,7191,1896,3523,2364,1642,1347,39,1014,773,141,273,2805,479,2887,1647,2683,1198,104,3264,24,98,1272,101,597,17,142,3369,201,170,36,663,3081,21049,11736,153,4716,5956,227,647,2017,1258,687,1660,875,358,460,1247,95,669,205,2224,874,2904,308,638,4315,7179,1894,3514,2362,1660,1347,39,1014,773,141,304,2791,479,2904,1647,2675,1198,104,3435,24,99,2584,101,593,17,142,3488,201,174,36,663,3098,22661,12018,153,6361,6127,-0.258376,137.5751633986928,0.557556178440781,9.492564967456886,20.137254901960784,6.831872768581629,148.11111111111111,0.5303384669696836,10.124133974670139,20.248366013071895,7.314719173660426
b37284f09979d0058e1ed8d2,benchmark://cbench-v1/bzip2,2,1,-loop-rotate,True,-1.597620,-9.155475,d78e0cfadd791356,c7f175461e2afe7b,21049,22624,1.047240,1.143119,199809,221416,3081,3246,153,153,21049,22624,11736,11942,111,425,2012,1253,687,1642,856,346,454,1248,102,468,68,2545,536,2887,308,645,4299,7191,1896,3523,2364,1642,1347,39,1014,773,141,273,2805,479,2887,1647,2683,1198,104,3264,24,98,1272,101,597,17,142,3369,201,170,36,663,3081,21049,11736,153,4716,5956,237,638,1981,1305,613,1622,1057,291,700,1433,97,757,118,2371,875,3052,316,1046,4649,7472,1910,3696,2394,1622,1360,46,1017,773,146,312,2931,479,3052,1657,2765,1384,104,3369,24,99,2230,101,620,17,144,3378,205,171,37,676,3246,22624,11942,153,6043,6098,-1.597620,137.5751633986928,0.557556178440781,9.492564967456886,20.137254901960784,6.831872768581629,147.86928104575162,0.5278465346534653,9.786775106082036,21.215686274509803,6.969808995686999
b37284f09979d0058e1ed8d2,benchmark://cbench-v1/bzip2,2,2,-loop-unroll,True,0.059240,-3.395956,d78e0cfadd791356,a90016b9fb6f8158,21049,21956,1.047240,1.082804,199809,209049,3081,3159,153,153,21049,21956,11736,11980,111,425,2012,1253,687,1642,856,346,454,1248,102,468,68,2545,536,2887,308,645,4299,7191,1896,3523,2364,1642,1347,39,1014,773,141,273,2805,479,2887,1647,2683,1198,104,3264,24,98,1272,101,597,17,142,3369,201,170,36,663,3081,21049,11736,153,4716,5956,133,607,2083,1316,691,1718,870,358,455,1246,95,642,98,2419,740,2961,308,637,4371,7347,1976,3619,2367,1718,1371,39,1016,773,141,283,2873,479,2961,1647,2759,1193,104,3280,30,99,1804,101,593,17,142,3521,201,178,36,671,3159,21956,11980,153,5244,5992,0.059240,137.5751633986928,0.557556178440781,9.492564967456886,20.137254901960784,6.831872768581629,143.5032679738562,0.5456367280014575,9.521269812351976,20.647058823529413,6.950300728078506
b37284f09979d0058e1ed8d2,benchmark://cbench-v1/bzip2,2,3,-loop-vectorize,True,0.418563,-2.146889,d78e0cfadd791356,065d011fdea581ac,21049,21516,1.047240,1.069723,199809,205167,3081,3098,153,153,21049,21516,11736,11736,111,425,2012,1253,687,1642,856,346,454,1248,102,468,68,2545,536,2887,308,645,4299,7191,1896,3523,2364,1642,1347,39,1014,773,141,273,2805,479,2887,1647,2683,1198,104,3264,24,98,1272,101,597,17,142,3369,201,170,36,663,3081,21049,11736,153,4716,5956,127,599,2017,1258,687,1660,875,358,460,1247,95,638,88,2372,726,2904,308,638,4315,7191,1896,3523,2364,1660,1347,39,1014,773,141,283,2812,479,2904,1647,2683,1198,104,3264,24,99,1721,101,597,17,142,3369,201,170,36,663,3098,21516,11736,153,5147,5956,0.418563,137.5751633986928,0.557556178440781,9.492564967456886,20.137254901960784,6.831872768581629,140.62745098039215,0.5454545454545454,9.535554935861684,20.248366013071895,6.945125887669464
b37284f09979d0058e1ed8d2,benchmark://cbench-v1/bzip2,2,4,-loop-deletion,True,-1.032749,-7.191889,d78e0cfadd791356,cccca9c91408e727,21049,21608,1.047240,1.122556,199809,207167,3081,3098,153,153,21049,21608,11736,11736,111,425,2012,1253,687,1642,856,346,454,1248,102,468,68,2545,536,2887,308,645,4299,7191,1896,3523,2364,1642,1347,39,1014,773,141,273,2805,479,2887,1647,2683,1198,104,3264,24,98,1272,101,597,17,142,3369,201,170,36,663,3081,21049,11736,153,4716,5956,134,612,2017,1258,687,1660,875,358,460,1247,95,648,98,2352,746,2904,308,638,4315,7191,1896,3523,2364,1660,1347,39,1014,773,141,284,2811,479,2904,1647,2683,1198,104,3264,24,99,1813,101,597,17,142,3369,201,170,36,663,3098,21608,11736,153,5261,5956,-1.032749,137.5751633986928,0.557556178440781,9.492564967456886,20.137254901960784,6.831872768581629,141.22875816993465,0.5431321732691595,9.58751388374676,20.248366013071895,6.974822466107166
b37284f09979d0058e1ed8d2,benchmark://cbench-v1/bzip2,2,5,-loop-unswitch,True,0.077108,-3.333843,d78e0cfadd791356,a8e2c76dc748c939,21049,21713,1.047240,1.082153,199809,208191,3081,3164,153,153,21049,21713,11736,11766,111,425,2012,1253,687,1642,856,346,454,1248,102,468,68,2545,536,2887,308,645,4299,7191,1896,3523,2364,1642,1347,39,1014,773,141,273,2805,479,2887,1647,2683,1198,104,3264,24,98,1272,101,597,17,142,3369,201,170,36,663,3081,21049,11736,153,4716,5956,134,618,2059,1290,697,1711,899,377,462,1259,95,654,98,2412,752,2967,308,638,4405,7242,1896,3541,2377,1711,1347,39,1014,773,141,284,2877,479,2967,1647,2695,1201,104,3270,24,99,1819,101,597,17,142,3381,201,170,36,663,3164,21713,11766,153,5273,5962,0.077108,137.5751633986928,0.557556178440781,9.492564967456886,20.137254901960784,6.831872768581629,141.91503267973857,0.5418873485930088,9.588311150002303,20.679738562091504,6.86251580278129
b37284f09979d0058e1ed8d2,benchmark://cbench-v1/bzip2,2,6,-loop-distribute,True,0.328395,-2.460329,d78e0cfadd791356,d78e0cfadd791356,21049,21049,1.047240,1.073005,199809,199809,3081,3081,153,153,21049,21049,11736,11736,111,425,2012,1253,687,1642,856,346,454,1248,102,468,68,2545,536,2887,308,645,4299,7191,1896,3523,2364,1642,1347,39,1014,773,141,273,2805,479,2887,1647,2683,1198,104,3264,24,98,1272,101,597,17,142,3369,201,170,36,663,3081,21049,11736,153,4716,5956,111,425,2012,1253,687,1642,856,346,454,1248,102,468,68,2545,536,2887,308,645,4299,7191,1896,3523,2364,1642,1347,39,1014,773,141,273,2805,479,2887,1647,2683,1198,104,3264,24,98,1272,101,597,17,142,3369,201,170,36,663,3081,21049,11736,153,4716,5956,0.328395,137.5751633986928,0.557556178440781,9.492564967456886,20.137254901960784,6.831872768581629,137.5751633986928,0.557556178440781,9.492564967456886,20.137254901960784,6.831872768581629
b37284f09979d0058e1ed8d2,benchmark://cbench-v1/bzip2,2,7,-indvars,True,2.005439,3.369353,d78e0cfadd791356,b33bc33037f5cb89,21049,21754,1.047240,1.011955,199809,209416,3081,3098,153,153,21049,21754,11736,11728,111,425,2012,1253,687,1642,856,346,454,1248,102,468,68,2545,536,2887,308,645,4299,7191,1896,3523,2364,1642,1347,39,1014,773,141,273,2805,479,2887,1647,2683,1198,104,3264,24,98,1272,101,597,17,142,3369,201,170,36,663,3081,21049,11736,153,4716,5956,134,611,2017,1258,687,1660,875,358,460,1247,95,649,96,2353,745,2904,308,638,4315,6980,2107,3516,2365,1660,1356,39,1026,773,141,291,2804,480,2904,1647,2675,1198,104,3264,24,99,1808,101,564,17,142,3369,203,343,36,667,3098,21754,11728,153,5255,6101,2.005439,137.5751633986928,0.557556178440781,9.492564967456886,20.137254901960784,6.831872768581629,142.18300653594773,0.5391192424381723,9.62655143881585,20.248366013071895,7.0219496449322145
408c8cd3ab2c5062b2e7a3d8,benchmark://cbench-v1/tiff2rgba,0,0,-licm,True,-1.530476,3.122251,dab55cad09e3e574,0fadb89bda2d4a9b,58661,59323,0.243852,0.236238,380691,441765,7160,7187,414,414,58661,59323,38442,37889,0,347,4677,3308,1164,4417,1867,924,758,2165,241,347,0,6813,347,6550,509,1373,9620,18024,3992,7642,4883,4417,2358,110,1122,2511,493,898,6260,3032,6550,3674,7381,2178,77,17375,292,587,347,374,836,32,455,7501,515,457,10,1939,7160,58661,38442,414,698,26377,106,769,4698,3329,1164,4444,1877,930,762,2165,237,785,90,6312,875,6577,509,1352,9647,18029,3992,7643,4885,4444,2358,110,1122,2511,493,876,6310,3032,6577,3674,7381,2178,77,16721,292,587,1545,374,836,32,455,7602,515,457,10,1929,7187,59323,37889,414,2562,25713,-1.530476,141.69323671497585,0.6553246620412199,6.489677980259457,17.294685990338163,8.192877094972067,143.29227053140096,0.6386898841933145,7.446774438244863,17.35990338164251,8.25420898845137
408c8cd3ab2c5062b2e7a3d8,benchmark://cbench-v1/tiff2rgba,0,1,-loop-rotate,True,-0.674198,6.831884,dab55cad09e3e574,cc83a140052dcd8f,58661,59623,0.243852,0.227192,380691,385769,7160,7397,414,414,58661,59623,38442,38838,0,347,4677,3308,1164,4417,1867,924,758,2165,241,347,0,6813,347,6550,509,1373,9620,18024,3992,7642,4883,4417,2358,110,1122,2511,493,898,6260,3032,6550,3674,7381,2178,77,17375,292,587,347,374,836,32,455,7501,515,457,10,1939,7160,58661,38442,414,698,26377,0,347,4694,3299,1249,4440,2091,1032,815,2379,237,347,0,7050,347,6787,510,1784,10071,18227,4029,7771,4891,4440,2435,110,1185,2511,499,934,6461,3032,6787,3675,7397,2392,77,17685,292,587,347,374,854,32,455,7570,520,458,12,1954,7397,59623,38838,414,698,26723,-0.674198,141.69323671497585,0.6553246620412199,6.489677980259457,17.294685990338163,8.192877094972067,144.0169082125604,0.6513929188400449,6.470137363098133,17.867149758454108,8.060429904015141
408c8cd3ab2c5062b2e7a3d8,benchmark://cbench-v1/tiff2rgba,0,2,-loop-unroll,True,1.213895,15.011621,dab55cad09e3e574,820bf1036b862353,58661,58688,0.243852,0.207246,380691,380851,7160,7187,414,414,58661,58688,38442,38442,0,347,4677,3308,1164,4417,1867,924,758,2165,241,347,0,6813,347,6550,509,1373,9620,18024,3992,7642,4883,4417,2358,110,1122,2511,493,898,6260,3032,6550,3674,7381,2178,77,17375,292,587,347,374,836,32,455,7501,515,457,10,1939,7160,58661,38442,414,698,26377,0,347,4698,3329,1164,4444,1877,930,762,2165,237,347,0,6840,347,6577,509,1352,9647,18024,3992,7642,4883,4444,2358,110,1122,2511,493,898,6287,3032,6577,3674,7381,2178,77,17375,292,587,347,374,836,32,455,7501,515,457,10,1939,7187,58688,38442,414,698,26377,1.213895,141.69323671497585,0.6553246620412199,6.489677980259457,17.294685990338163,8.192877094972067,141.7584541062802,0.655023173391494,6.4894186205016355,17.35990338164251,8.165855016001114
408c8cd3ab2c5062b2e7a3d8,benchmark://cbench-v1/tiff2rgba,0,3,-loop-vectorize,True,0.770407,13.090309,dab55cad09e3e574,820bf1036b862353,58661,58688,0.243852,0.211931,380691,380851,7160,7187,414,414,58661,58688,38442,38442,0,347,4677,3308,1164,4417,1867,924,758,2165,241,347,0,6813,347,6550,509,1373,9620,18024,3992,7642,4883,4417,2358,110,1122,2511,493,898,6260,3032,6550,3674,7381,2178,77,17375,292,587,347,374,836,32,455,7501,515,457,10,1939,7160,58661,38442,414,698,26377,0,347,4698,3329,1164,4444,1877,930,762,2165,237,347,0,6840,347,6577,509,1352,9647,18024,3992,7642,4883,4444,2358,110,1122,2511,493,898,6287,3032,6577,3674,7381,2178,77,17375,292,587,347,374,836,32,455,7501,515,457,10,1939,7187,58688,38442,414,698,26377,0.770407,141.69323671497585,0.6553246620412199,6.489677980259457,17.294685990338163,8.192877094972067,141.7584541062802,0.655023173391494,6.4894186205016355,17.35990338164251,8.165855016001114
408c8cd3ab2c5062b2e7a3d8,benchmark://cbench-v1/tiff2rgba,0,4,-loop-deletion,True,-0.070186,9.448631,dab55cad09e3e574,820bf1036b862353,58661,58688,0.243852,0.220811,380691,380851,7160,7187,414,414,58661,58688,38442,38442,0,347,4677,3308,1164,4417,1867,924,758,2165,241,347,0,6813,347,6550,509,1373,9620,18024,3992,7642,4883,4417,2358,110,1122,2511,493,898,6260,3032,6550,3674,7381,2178,77,17375,292,587,347,374,836,32,455,7501,515,457,10,1939,7160,58661,38442,414,698,26377,0,347,4698,3329,1164,4444,1877,930,762,2165,237,347,0,6840,347,6577,509,1352,9647,18024,3992,7642,4883,4444,2358,110,1122,2511,493,898,6287,3032,6577,3674,7381,2178,77,17375,292,587,347,374,836,32,455,7501,515,457,10,1939,7187,58688,38442,414,698,26377,-0.070186,141.69323671497585,0.6553246620412199,6.489677980259457,17.294685990338163,8.192877094972067,141.7584541062802,0.655023173391494,6.4894186205016355,17.35990338164251,8.165855016001114
408c8cd3ab2c5062b2e7a3d8,benchmark://cbench-v1/tiff2rgba,0,5,-loop-unswitch,True,0.991459,14.047968,dab55cad09e3e574,820bf1036b862353,58661,58688,0.243852,0.209596,380691,380851,7160,7187,414,414,58661,58688,38442,38442,0,347,4677,3308,1164,4417,1867,924,758,2165,241,347,0,6813,347,6550,509,1373,9620,18024,3992,7642,4883,4417,2358,110,1122,2511,493,898,6260,3032,6550,3674,7381,2178,77,17375,292,587,347,374,836,32,455,7501,515,457,10,1939,7160,58661,38442,414,698,26377,0,347,4698,3329,1164,4444,1877,930,762,2165,237,347,0,6840,347,6577,509,1352,9647,18024,3992,7642,4883,4444,2358,110,1122,2511,493,898,6287,3032,6577,3674,7381,2178,77,17375,292,587,347,374,836,32,455,7501,515,457,10,1939,7187,58688,38442,414,698,26377,0.991459,141.69323671497585,0.6553246620412199,6.489677980259457,17.294685990338163,8.192877094972067,141.7584541062802,0.655023173391494,6.4894186205016355,17.35990338164251,8.165855016001114
408c8cd3ab2c5062b2e7a3d8,benchmark://cbench-v1/tiff2rgba,0,6,-loop-distribute,True,-1.325767,4.009105,dab55cad09e3e574,cf5f88cadf8b812a,58661,58661,0.243852,0.234075,380691,380691,7160,7160,414,414,58661,58661,38442,38442,0,347,4677,3308,1164,4417,1867,924,758,2165,241,347,0,6813,347,6550,509,1373,9620,18024,3992,7642,4883,4417,2358,110,1122,2511,493,898,6260,3032,6550,3674,7381,2178,77,17375,292,587,347,374,836,32,455,7501,515,457,10,1939,7160,58661,38442,414,698,26377,0,347,4677,3308,1164,4417,1867,924,758,2165,241,347,0,6813,347,6550,509,1373,9620,18024,3992,7642,4883,4417,2358,110,1122,2511,493,898,6260,3032,6550,3674,7381,2178,77,17375,292,587,347,374,836,32,455,7501,515,457,10,1939,7160,58661,38442,414,698,26377,-1.325767,141.69323671497585,0.6553246620412199,6.489677980259457,17.294685990338163,8.192877094972067,141.69323671497585,0.6553246620412199,6.489677980259457,17.294685990338163,8.192877094972067
408c8cd3ab2c5062b2e7a3d8,benchmark://cbench-v1/tiff2rgba,0,7,-indvars,True,0.624867,12.459791,dab55cad09e3e574,5f00b7e8ee304c0e,58661,58688,0.243852,0.213468,380691,380851,7160,7187,414,414,58661,58688,38442,38442,0,347,4677,3308,1164,4417,1867,924,758,2165,241,347,0,6813,347,6550,509,1373,9620,18024,3992,7642,4883,4417,2358,110,1122,2511,493,898,6260,3032,6550,3674,7381,2178,77,17375,292,587,347,374,836,32,455,7501,515,457,10,1939,7160,58661,38442,414,698,26377,0,347,4698,3329,1164,4444,1877,930,762,2165,237,347,0,6840,347,6577,509,1352,9647,18024,3992,7642,4883,4444,2358,110,1122,2511,493,897,6288,3032,6577,3674,7381,2178,77,17375,292,587,347,374,836,32,455,7501,515,457,10,1939,7187,58688,38442,414,698,26377,0.624867,141.69323671497585,0.6553246620412199,6.489677980259457,17.294685990338163,8.192877094972067,141.7584541062802,0.655023173391494,6.4894186205016355,17.35990338164251,8.165855016001114
19c5e283e6418aa86a4b4f29,benchmark://cbench-v1/tiff2rgba,1,0,-licm,True,0.063356,11.528369,9c48ab362eea7041,1e5161792dc29c54,46496,48027,0.264459,0.233971,400354,445139,7160,7187,414,414,46496,48027,28237,28175,0,347,4677,3308,1164,4417,1867,924,758,2165,241,347,0,6813,347,6550,509,1373,9620,16405,3562,6375,4773,4417,2245,108,1014,2511,492,547,6612,1892,6550,3674,6161,2135,77,8430,269,582,347,374,589,30,452,7461,488,421,10,1628,7160,46496,28237,414,698,15686,133,863,4698,3329,1164,4444,1877,930,762,2165,237,865,131,6191,996,6577,509,1352,9647,16410,3562,6376,4775,4444,2245,108,1014,2511,492,559,6627,1892,6577,3674,6161,2135,77,8338,269,582,1924,374,589,30,452,7491,481,421,10,1624,7187,48027,28175,414,3048,15590,0.063356,112.30917874396135,0.6072995526496903,8.610504129387474,17.294685990338163,6.4938547486033515,116.0072463768116,0.5866491765048827,9.268515626626689,17.35990338164251,6.682482259635453
19c5e283e6418aa86a4b4f29,benchmark://cbench-v1/tiff2rgba,1,1,-loop-rotate,True,-2.042990,-6.520634,9c48ab362eea7041,265a5033089cb3b1,46496,47812,0.264459,0.281703,400354,414901,7160,7399,414,414,46496,47812,28237,28582,0,347,4677,3308,1164,4417,1867,924,758,2165,241,347,0,6813,347,6550,509,1373,9620,16405,3562,6375,4773,4417,2245,108,1014,2511,492,547,6612,1892,6550,3674,6161,2135,77,8430,269,582,347,374,589,30,452,7461,488,421,10,1628,7160,46496,28237,414,698,15686,1,658,4695,3300,1249,4441,2092,1033,815,2380,237,658,1,6740,659,6789,511,1785,10074,16599,3599,6500,4779,4441,2321,108,1078,2511,498,597,6801,1892,6789,3677,6173,2350,77,8689,269,582,750,374,606,30,452,7532,492,422,12,1643,7399,47812,28582,414,1329,15980,-2.042990,112.30917874396135,0.6072995526496903,8.610504129387474,17.294685990338163,6.4938547486033515,115.487922705314,0.5977997155525809,8.677758721659835,17.8719806763285,6.461954318151101
19c5e283e6418aa86a4b4f29,benchmark://cbench-v1/tiff2rgba,1,2,-loop-unroll,True,0.821462,18.024477,9c48ab362eea7041,868308eff09252b9,46496,46708,0.264459,0.216791,400354,403954,7160,7187,414,414,46496,46708,28237,28237,0,347,4677,3308,1164,4417,1867,924,758,2165,241,347,0,6813,347,6550,509,1373,9620,16405,3562,6375,4773,4417,2245,108,1014,2511,492,547,6612,1892,6550,3674,6161,2135,77,8430,269,582,347,374,589,30,452,7461,488,421,10,1628,7160,46496,28237,414,698,15686,0,477,4698,3329,1164,4444,1877,930,762,2165,237,476,1,6710,477,6577,509,1352,9647,16405,3562,6375,4773,4444,2245,108,1014,2511,492,549,6637,1892,6577,3674,6161,2135,77,8430,269,582,532,374,589,30,452,7461,488,421,10,1628,7187,46708,28237,414,893,15686,0.821462,112.30917874396135,0.6072995526496903,8.610504129387474,17.294685990338163,6.4938547486033515,112.82125603864735,0.6045431189517856,8.64849704547401,17.35990338164251,6.498956449144289
19c5e283e6418aa86a4b4f29,benchmark://cbench-v1/tiff2rgba,1,3,-loop-vectorize,True,0.582258,15.974776,9c48ab362eea7041,829a448f8983c818,46496,46660,0.264459,0.222212,400354,402866,7160,7187,414,414,46496,46660,28237,28237,0,347,4677,3308,1164,4417,1867,924,758,2165,241,347,0,6813,347,6550,509,1373,9620,16405,3562,6375,4773,4417,2245,108,1014,2511,492,547,6612,1892,6550,3674,6161,2135,77,8430,269,582,347,374,589,30,452,7461,488,421,10,1628,7160,46496,28237,414,698,15686,0,437,4698,3329,1164,4444,1877,930,762,2165,237,436,1,6750,437,6577,509,1352,9647,16405,3562,6375,4773,4444,2245,108,1014,2511,492,549,6637,1892,6577,3674,6161,2135,77,8430,269,582,484,374,589,30,452,7461,488,421,10,1628,7187,46660,28237,414,838,15686,0.582258,112.30917874396135,0.6072995526496903,8.610504129387474,17.294685990338163,6.4938547486033515,112.70531400966183,0.6051650235747964,8.634076296613802,17.35990338164251,6.492277723667733
19c5e283e6418aa86a4b4f29,benchmark://cbench-v1/tiff2rgba,1,4,-loop-deletion,True,0.505040,15.313100,9c48ab362eea7041,868308eff09252b9,46496,46708,0.264459,0.223962,400354,403954,7160,7187,414,414,46496,46708,28237,28237,0,347,4677,3308,1164,4417,1867,924,758,2165,241,347,0,6813,347,6550,509,1373,9620,16405,3562,6375,4773,4417,2245,108,1014,2511,492,547,6612,1892,6550,3674,6161,2135,77,8430,269,582,347,374,589,30,452,7461,488,421,10,1628,7160,46496,28237,414,698,15686,0,477,4698,3329,1164,4444,1877,930,762,2165,237,476,1,6710,477,6577,509,1352,9647,16405,3562,6375,4773,4444,2245,108,1014,2511,492,549,6637,1892,6577,3674,6161,2135,77,8430,269,582,532,374,589,30,452,7461,488,421,10,1628,7187,46708,28237,414,893,15686,0.505040,112.30917874396135,0.6072995526496903,8.610504129387474,17.294685990338163,6.4938547486033515,112.82125603864735,0.6045431189517856,8.64849704547401,17.35990338164251,6.498956449144289
19c5e283e6418aa86a4b4f29,benchmark://cbench-v1/tiff2rgba,1,5,-loop-unswitch,True,0.622102,16.316194,9c48ab362eea7041,c2b0fd547367f637,46496,47496,0.264459,0.221309,400354,408810,7160,7398,414,414,46496,47496,28237,28592,0,347,4677,3308,1164,4417,1867,924,758,2165,241,347,0,6813,347,6550,509,1373,9620,16405,3562,6375,4773,4417,2245,108,1014,2511,492,547,6612,1892,6550,3674,6161,2135,77,8430,269,582,347,374,589,30,452,7461,488,421,10,1628,7160,46496,28237,414,698,15686,0,482,4833,3427,1196,4587,1950,974,785,2222,240,481,1,6916,482,6776,512,1402,9944,16555,3609,6435,4817,4587,2277,108,1049,2511,499,551,6846,1902,6776,3702,6231,2168,77,8585,275,588,537,374,621,30,452,7563,509,447,10,1658,7398,47496,28592,414,903,15944,0.622102,112.30917874396135,0.6072995526496903,8.610504129387474,17.294685990338163,6.4938547486033515,114.72463768115942,0.6019875357924878,8.607251136937847,17.869565217391305,6.4201135442011354
19c5e283e6418aa86a4b4f29,benchmark://cbench-v1/tiff2rgba,1,6,-loop-distribute,True,-1.279196,0.024220,9c48ab362eea7041,9c48ab362eea7041,46496,46496,0.264459,0.264395,400354,400354,7160,7160,414,414,46496,46496,28237,28237,0,347,4677,3308,1164,4417,1867,924,758,2165,241,347,0,6813,347,6550,509,1373,9620,16405,3562,6375,4773,4417,2245,108,1014,2511,492,547,6612,1892,6550,3674,6161,2135,77,8430,269,582,347,374,589,30,452,7461,488,421,10,1628,7160,46496,28237,414,698,15686,0,347,4677,3308,1164,4417,1867,924,758,2165,241,347,0,6813,347,6550,509,1373,9620,16405,3562,6375,4773,4417,2245,108,1014,2511,492,547,6612,1892,6550,3674,6161,2135,77,8430,269,582,347,374,589,30,452,7461,488,421,10,1628,7160,46496,28237,414,698,15686,-1.279196,112.30917874396135,0.6072995526496903,8.610504129387474,17.294685990338163,6.4938547486033515,112.30917874396135,0.6072995526496903,8.610504129387474,17.294685990338163,6.4938547486033515
19c5e283e6418aa86a4b4f29,benchmark://cbench-v1/tiff2rgba,1,7,-indvars,True,0.727967,17.223337,9c48ab362eea7041,866580ba1f139928,46496,46708,0.264459,0.218910,400354,403970,7160,7187,414,414,46496,46708,28237,28237,0,347,4677,3308,1164,4417,1867,924,758,2165,241,347,0,6813,347,6550,509,1373,9620,16405,3562,6375,4773,4417,2245,108,1014,2511,492,547,6612,1892,6550,3674,6161,2135,77,8430,269,582,347,374,589,30,452,7461,488,421,10,1628,7160,46496,28237,414,698,15686,0,477,4698,3329,1164,4444,1877,930,762,2165,237,476,1,6710,477,6577,509,1352,9647,16405,3562,6375,4773,4444,2245,108,1014,2511,492,549,6637,1892,6577,3674,6161,2135,77,8430,269,582,531,374,590,30,452,7461,488,421,10,1628,7187,46708,28237,414,892,15687,0.727967,112.30917874396135,0.6072995526496903,8.610504129387474,17.294685990338163,6.4938547486033515,112.82125603864735,0.6045431189517856,8.648839599212126,17.35990338164251,6.498956449144289
70ecf944e9340eadbdfa468e,benchmark://cbench-v1/tiff2rgba,2,0,-licm,True,-1.274200,-8.702800,0161a4245a429894,4037da548cf6005a,48575,48571,0.255726,0.277981,562940,562844,6419,6419,414,414,48575,48571,26040,26040,451,1441,3929,2654,1086,3676,1878,847,830,2165,237,1525,367,4527,1892,5809,509,1274,8879,16871,3602,6585,5013,3676,2288,108,1085,2511,489,618,5800,1881,5809,3674,5898,2132,75,6451,267,582,5394,374,588,30,452,7506,437,419,10,1602,6419,48575,26040,414,10589,13667,451,1441,3929,2654,1086,3676,1878,847,830,2165,237,1525,367,4527,1892,5809,509,1274,8879,16871,3602,6585,5013,3676,2288,108,1085,2511,489,618,5800,1881,5809,3674,5898,2132,75,6451,267,582,5390,374,588,30,452,7506,437,419,10,1602,6419,48571,26040,414,10585,13667,-1.274200,117.33091787439614,0.5360782295419454,11.589089037570767,15.504830917874395,7.567378096276679,117.32125603864735,0.5361223775503902,11.588066953531943,15.504830917874395,7.566754946253311
70ecf944e9340eadbdfa468e,benchmark://cbench-v1/tiff2rgba,2,1,-loop-rotate,True,-1.798198,-11.329938,0161a4245a429894,7efb6fd54deb18eb,48575,49647,0.255726,0.284699,562940,582594,6419,6604,414,414,48575,49647,26040,26139,451,1441,3929,2654,1086,3676,1878,847,830,2165,237,1525,367,4527,1892,5809,509,1274,8879,16871,3602,6585,5013,3676,2288,108,1085,2511,489,618,5800,1881,5809,3674,5898,2132,75,6451,267,582,5394,374,588,30,452,7506,437,419,10,1602,6419,48575,26040,414,10589,13667,507,1551,3912,2713,1067,3659,2080,854,968,2367,237,1663,395,4546,2058,5994,511,1695,9266,17128,3644,6769,5023,3659,2359,108,1148,2511,495,662,5941,1881,5994,3677,5908,2334,75,6481,267,582,5880,374,604,30,452,7562,437,420,12,1610,6604,49647,26139,414,11579,13724,-1.798198,117.33091787439614,0.5360782295419454,11.589089037570767,15.504830917874395,7.567378096276679,119.92028985507247,0.5264970693093238,11.734727173847363,15.951690821256038,7.517716535433071
70ecf944e9340eadbdfa468e,benchmark://cbench-v1/tiff2rgba,2,2,-loop-unroll,True,-0.105409,-2.842898,0161a4245a429894,e0a21e40a5bac16d,48575,48613,0.255726,0.262996,562940,563148,6419,6428,414,414,48575,48613,26040,26066,451,1441,3929,2654,1086,3676,1878,847,830,2165,237,1525,367,4527,1892,5809,509,1274,8879,16871,3602,6585,5013,3676,2288,108,1085,2511,489,618,5800,1881,5809,3674,5898,2132,75,6451,267,582,5394,374,588,30,452,7506,437,419,10,1602,6419,48575,26040,414,10589,13667,451,1439,3940,2661,1088,3683,1876,847,828,2165,237,1523,367,4538,1890,5816,509,1274,8886,16865,3615,6585,5017,3683,2290,108,1082,2511,489,617,5810,1881,5816,3680,5903,2130,75,6460,266,582,5390,374,586,30,455,7512,440,419,10,1608,6428,48613,26066,414,10581,13683,-0.105409,117.33091787439614,0.5360782295419454,11.589089037570767,15.504830917874395,7.567378096276679,117.42270531400966,0.5361940221751383,11.584308724003867,15.526570048309178,7.562694461729931
70ecf944e9340eadbdfa468e,benchmark://cbench-v1/tiff2rgba,2,3,-loop-vectorize,True,0.141630,-1.604332,0161a4245a429894,0161a4245a429894,48575,48575,0.255726,0.259828,562940,562940,6419,6419,414,414,48575,48575,26040,26040,451,1441,3929,2654,1086,3676,1878,847,830,2165,237,1525,367,4527,1892,5809,509,1274,8879,16871,3602,6585,5013,3676,2288,108,1085,2511,489,618,5800,1881,5809,3674,5898,2132,75,6451,267,582,5394,374,588,30,452,7506,437,419,10,1602,6419,48575,26040,414,10589,13667,451,1441,3929,2654,1086,3676,1878,847,830,2165,237,1525,367,4527,1892,5809,509,1274,8879,16871,3602,6585,5013,3676,2288,108,1085,2511,489,618,5800,1881,5809,3674,5898,2132,75,6451,267,582,5394,374,588,30,452,7506,437,419,10,1602,6419,48575,26040,414,10589,13667,0.141630,117.33091787439614,0.5360782295419454,11.589089037570767,15.504830917874395,7.567378096276679,117.33091787439614,0.5360782295419454,11.589089037570767,15.504830917874395,7.567378096276679
70ecf944e9340eadbdfa468e,benchmark://cbench-v1/tiff2rgba,2,4,-loop-deletion,True,1.013915,2.768995,0161a4245a429894,0161a4245a429894,48575,48575,0.259463,0.252278,562940,562940,6419,6419,414,414,48575,48575,26040,26040,451,1441,3929,2654,1086,3676,1878,847,830,2165,237,1525,367,4527,1892,5809,509,1274,8879,16871,3602,6585,5013,3676,2288,108,1085,2511,489,618,5800,1881,5809,3674,5898,2132,75,6451,267,582,5394,374,588,30,452,7506,437,419,10,1602,6419,48575,26040,414,10589,13667,451,1441,3929,2654,1086,3676,1878,847,830,2165,237,1525,367,4527,1892,5809,509,1274,8879,16871,3602,6585,5013,3676,2288,108,1085,2511,489,618,5800,1881,5809,3674,5898,2132,75,6451,267,582,5394,374,588,30,452,7506,437,419,10,1602,6419,48575,26040,414,10589,13667,1.013915,117.33091787439614,0.5360782295419454,11.589089037570767,15.504830917874395,7.567378096276679,117.33091787439614,0.5360782295419454,11.589089037570767,15.504830917874395,7.567378096276679
70ecf944e9340eadbdfa468e,benchmark://cbench-v1/tiff2rgba,2,5,-loop-unswitch,True,-0.016445,-2.396865,0161a4245a429894,a25f08381833505f,48575,49691,0.259463,0.265682,562940,577132,6419,6688,414,414,48575,49691,26040,26363,451,1441,3929,2654,1086,3676,1878,847,830,2165,237,1525,367,4527,1892,5809,509,1274,8879,16871,3602,6585,5013,3676,2288,108,1085,2511,489,618,5800,1881,5809,3674,5898,2132,75,6451,267,582,5394,374,588,30,452,7506,437,419,10,1602,6419,48575,26040,414,10589,13667,478,1523,4097,2781,1122,3853,1974,895,871,2245,242,1610,391,4687,2001,6065,522,1323,9261,17037,3632,6656,5067,3853,2323,108,1130,2511,494,624,6063,1881,6065,3713,5968,2182,75,6563,275,588,5664,374,622,31,452,7608,463,448,10,1636,6688,49691,26363,414,11083,13886,-0.016445,117.33091787439614,0.5360782295419454,11.589089037570767,15.504830917874395,7.567378096276679,120.02657004830918,0.5305387293473667,11.61441709766356,16.154589371980677,7.429874401913875
70ecf944e9340eadbdfa468e,benchmark://cbench-v1/tiff2rgba,2,6,-loop-distribute,True,0.968018,2.538880,0161a4245a429894,0161a4245a429894,48575,48575,0.259463,0.252875,562940,562940,6419,6419,414,414,48575,48575,26040,26040,451,1441,3929,2654,1086,3676,1878,847,830,2165,237,1525,367,4527,1892,5809,509,1274,8879,16871,3602,6585,5013,3676,2288,108,1085,2511,489,618,5800,1881,5809,3674,5898,2132,75,6451,267,582,5394,374,588,30,452,7506,437,419,10,1602,6419,48575,26040,414,10589,13667,451,1441,3929,2654,1086,3676,1878,847,830,2165,237,1525,367,4527,1892,5809,509,1274,8879,16871,3602,6585,5013,3676,2288,108,1085,2511,489,618,5800,1881,5809,3674,5898,2132,75,6451,267,582,5394,374,588,30,452,7506,437,419,10,1602,6419,48575,26040,414,10589,13667,0.968018,117.33091787439614,0.5360782295419454,11.589089037570767,15.504830917874395,7.567378096276679,117.33091787439614,0.5360782295419454,11.589089037570767,15.504830917874395,7.567378096276679
70ecf944e9340eadbdfa468e,benchmark://cbench-v1/tiff2rgba,2,7,-indvars,True,1.070689,3.053637,0161a4245a429894,9da962976f69b09c,48575,48643,0.259463,0.251539,562940,564188,6419,6419,414,414,48575,48643,26040,26042,451,1441,3929,2654,1086,3676,1878,847,830,2165,237,1525,367,4527,1892,5809,509,1274,8879,16871,3602,6585,5013,3676,2288,108,1085,2511,489,618,5800,1881,5809,3674,5898,2132,75,6451,267,582,5394,374,588,30,452,7506,437,419,10,1602,6419,48575,26040,414,10589,13667,451,1439,3929,2654,1086,3676,1878,847,830,2165,237,1523,367,4529,1890,5809,509,1274,8879,16795,3696,6586,5025,3676,2301,108,1098,2511,489,620,5798,1881,5809,3674,5900,2132,76,6451,267,582,5377,374,581,30,453,7506,440,485,10,1608,6419,48643,26042,414,10566,13732,1.070689,117.33091787439614,0.5360782295419454,11.589089037570767,15.504830917874395,7.567378096276679,117.4951690821256,0.5353699401763872,11.598544497666673,15.504830917874395,7.577971646673936
abdb941ecc392e59d112153c,benchmark://cbench-v1/tiff2bw,0,0,-licm,True,-0.193528,-9.220310,3d59ba2f023b84f3,da33a1a238b30709,58797,59470,0.045036,0.049188,382378,442964,7179,7208,418,418,58797,59470,38532,37979,0,344,4685,3297,1179,4427,1873,934,751,2171,243,344,0,6835,344,6567,517,1384,9651,18035,4006,7628,4906,4427,2360,112,1128,2527,494,898,6279,3002,6567,3660,7413,2185,78,17410,279,588,344,377,851,32,458,7522,506,459,10,1983,7179,58797,38532,418,692,26458,103,774,4708,3320,1179,4456,1883,940,755,2171,239,781,96,6331,877,6596,517,1361,9680,18039,4006,7629,4908,4456,2360,112,1128,2527,494,876,6331,3002,6596,3660,7413,2185,78,16756,279,588,1551,377,851,32,458,7623,506,459,10,1973,7208,59470,37979,418,2569,25794,-0.193528,140.66267942583733,0.6553395581407214,6.503359014915727,17.17464114832536,8.190137902214794,142.27272727272728,0.6386245165629729,7.448528669917605,17.24401913875598,8.250554938956714
abdb941ecc392e59d112153c,benchmark://cbench-v1/tiff2bw,0,1,-loop-rotate,True,-0.405061,-11.587731,3d59ba2f023b84f3,603dadb877601ed6,58797,59779,0.045036,0.050254,382378,387584,7179,7423,418,418,58797,59779,38532,38935,0,344,4685,3297,1179,4427,1873,934,751,2171,243,344,0,6835,344,6567,517,1384,9651,18035,4006,7628,4906,4427,2360,112,1128,2527,494,898,6279,3002,6567,3660,7413,2185,78,17410,279,588,344,377,851,32,458,7522,506,459,10,1983,7179,58797,38532,418,692,26458,0,344,4704,3293,1265,4452,2102,1044,807,2390,239,344,0,7079,344,6811,518,1803,10114,18244,4043,7762,4913,4452,2437,112,1195,2527,500,936,6485,3002,6811,3661,7429,2404,78,17723,279,588,344,377,869,32,458,7595,510,460,12,1999,7423,59779,38935,418,692,26808,-0.405061,140.66267942583733,0.6553395581407214,6.503359014915727,17.17464114832536,8.190137902214794,143.01196172248802,0.651315679419194,6.483614647284163,17.758373205741627,8.053212986663075
abdb941ecc392e59d112153c,benchmark://cbench-v1/tiff2bw,0,2,-loop-unroll,True,-2.378155,-33.670009,3d59ba2f023b84f3,a8791fb838ab9583,58797,58826,0.045036,0.060199,382378,382538,7179,7208,418,418,58797,58826,38532,38532,0,344,4685,3297,1179,4427,1873,934,751,2171,243,344,0,6835,344,6567,517,1384,9651,18035,4006,7628,4906,4427,2360,112,1128,2527,494,898,6279,3002,6567,3660,7413,2185,78,17410,279,588,344,377,851,32,458,7522,506,459,10,1983,7179,58797,38532,418,692,26458,0,344,4708,3320,1179,4456,1883,940,755,2171,239,344,0,6864,344,6596,517,1361,9680,18035,4006,7628,4906,4456,2360,112,1128,2527,494,898,6308,3002,6596,3660,7413,2185,78,17410,279,588,344,377,851,32,458,7522,506,459,10,1983,7208,58826,38532,418,692,26458,-2.378155,140.66267942583733,0.6553395581407214,6.503359014915727,17.17464114832536,8.190137902214794,140.73205741626793,0.655016489307449,6.502872879339067,17.24401913875598,8.161209766925639
abdb941ecc392e59d112153c,benchmark://cbench-v1/tiff2bw,0,3,-loop-vectorize,True,0.688321,0.649076,3d59ba2f023b84f3,a8791fb838ab9583,58797,58826,0.045036,0.044743,382378,382538,7179,7208,418,418,58797,58826,38532,38532,0,344,4685,3297,1179,4427,1873,934,751,2171,243,344,0,6835,344,6567,517,1384,9651,18035,4006,7628,4906,4427,2360,112,1128,2527,494,898,6279,3002,6567,3660,7413,2185,78,17410,279,588,344,377,851,32,458,7522,506,459,10,1983,7179,58797,38532,418,692,26458,0,344,4708,3320,1179,4456,1883,940,755,2171,239,344,0,6864,344,6596,517,1361,9680,18035,4006,7628,4906,4456,2360,112,1128,2527,494,898,6308,3002,6596,3660,7413,2185,78,17410,279,588,344,377,851,32,458,7522,506,459,10,1983,7208,58826,38532,418,692,26458,0.688321,140.66267942583733,0.6553395581407214,6.503359014915727,17.17464114832536,8.190137902214794,140.73205741626793,0.655016489307449,6.502872879339067,17.24401913875598,8.161209766925639
abdb941ecc392e59d112153c,benchmark://cbench-v1/tiff2bw,0,4,-loop-deletion,True,0.134618,-5.547807,3d59ba2f023b84f3,a8791fb838ab9583,58797,58826,0.045036,0.047534,382378,382538,7179,7208,418,418,58797,58826,38532,38532,0,344,4685,3297,1179,4427,1873,934,751,2171,243,344,0,6835,344,6567,517,1384,9651,18035,4006,7628,4906,4427,2360,112,1128,2527,494,898,6279,3002,6567,3660,7413,2185,78,17410,279,588,344,377,851,32,458,7522,506,459,10,1983,7179,58797,38532,418,692,26458,0,344,4708,3320,1179,4456,1883,940,755,2171,239,344,0,6864,344,6596,517,1361,9680,18035,4006,7628,4906,4456,2360,112,1128,2527,494,898,6308,3002,6596,3660,7413,2185,78,17410,279,588,344,377,851,32,458,7522,506,459,10,1983,7208,58826,38532,418,692,26458,0.134618,140.66267942583733,0.6553395581407214,6.503359014915727,17.17464114832536,8.190137902214794,140.73205741626793,0.655016489307449,6.502872879339067,17.24401913875598,8.161209766925639
abdb941ecc392e59d112153c,benchmark://cbench-v1/tiff2bw,0,5,-loop-unswitch,True,0.533522,-1.083389,3d59ba2f023b84f3,a8791fb838ab9583,58797,58826,0.045036,0.045524,382378,382538,7179,7208,418,418,58797,58826,38532,38532,0,344,4685,3297,1179,4427,1873,934,751,2171,243,344,0,6835,344,6567,517,1384,9651,18035,4006,7628,4906,4427,2360,112,1128,2527,494,898,6279,3002,6567,3660,7413,2185,78,17410,279,588,344,377,851,32,458,7522,506,459,10,1983,7179,58797,38532,418,692,26458,0,344,4708,3320,1179,4456,1883,940,755,2171,239,344,0,6864,344,6596,517,1361,9680,18035,4006,7628,4906,4456,2360,112,1128,2527,494,898,6308,3002,6596,3660,7413,2185,78,17410,279,588,344,377,851,32,458,7522,506,459,10,1983,7208,58826,38532,418,692,26458,0.533522,140.66267942583733,0.6553395581407214,6.503359014915727,17.17464114832536,8.190137902214794,140.73205741626793,0.655016489307449,6.502872879339067,17.24401913875598,8.161209766925639
abdb941ecc392e59d112153c,benchmark://cbench-v1/tiff2bw,0,6,-loop-distribute,True,0.646375,0.179632,3d59ba2f023b84f3,15754e3a1212ec6e,58797,58797,0.045036,0.044955,382378,382378,7179,7179,418,418,58797,58797,38532,38532,0,344,4685,3297,1179,4427,1873,934,751,2171,243,344,0,6835,344,6567,517,1384,9651,18035,4006,7628,4906,4427,2360,112,1128,2527,494,898,6279,3002,6567,3660,7413,2185,78,17410,279,588,344,377,851,32,458,7522,506,459,10,1983,7179,58797,38532,418,692,26458,0,344,4685,3297,1179,4427,1873,934,751,2171,243,344,0,6835,344,6567,517,1384,9651,18035,4006,7628,4906,4427,2360,112,1128,2527,494,898,6279,3002,6567,3660,7413,2185,78,17410,279,588,344,377,851,32,458,7522,506,459,10,1983,7179,58797,38532,418,692,26458,0.646375,140.66267942583733,0.6553395581407214,6.503359014915727,17.17464114832536,8.190137902214794,140.66267942583733,0.6553395581407214,6.503359014915727,17.17464114832536,8.190137902214794
abdb941ecc392e59d112153c,benchmark://cbench-v1/tiff2bw,0,7,-indvars,True,0.973908,3.845286,3d59ba2f023b84f3,2cb9e13872435039,58797,58826,0.045036,0.043304,382378,382538,7179,7208,418,418,58797,58826,38532,38532,0,344,4685,3297,1179,4427,1873,934,751,2171,243,344,0,6835,344,6567,517,1384,9651,18035,4006,7628,4906,4427,2360,112,1128,2527,494,898,6279,3002,6567,3660,7413,2185,78,17410,279,588,344,377,851,32,458,7522,506,459,10,1983,7179,58797,38532,418,692,26458,0,344,4708,3320,1179,4456,1883,940,755,2171,239,344,0,6864,344,6596,517,1361,9680,18035,4006,7628,4906,4456,2360,112,1128,2527,494,897,6309,3002,6596,3660,7413,2185,78,17410,279,588,344,377,851,32,458,7522,506,459,10,1983,7208,58826,38532,418,692,26458,0.973908,140.66267942583733,0.6553395581407214,6.503359014915727,17.17464114832536,8.190137902214794,140.73205741626793,0.655016489307449,6.502872879339067,17.24401913875598,8.161209766925639
53997fdc4992a9c290dd6aea,benchmark://cbench-v1/tiff2bw,1,0,-licm,True,0.850441,1.879603,90e7d126583f8b3e,86e5342624293f51,46637,48184,0.046224,0.045355,401529,446642,7179,7208,418,418,46637,48184,28335,28279,0,344,4685,3297,1179,4427,1873,934,751,2171,243,344,0,6835,344,6567,517,1384,9651,16417,3575,6361,4796,4427,2248,110,1020,2527,493,549,6629,1882,6567,3660,6189,2141,78,8477,256,583,344,377,599,30,455,7482,480,423,10,1654,7179,46637,28335,418,692,15776,130,869,4708,3320,1179,4456,1883,940,755,2171,239,862,137,6209,999,6596,517,1361,9680,16421,3575,6362,4798,4456,2248,110,1020,2527,493,563,6644,1882,6596,3660,6189,2141,78,8391,256,583,1929,377,599,30,455,7512,473,423,10,1650,7208,48184,28279,418,3055,15686,0.850441,111.57177033492823,0.6075648090571864,8.609666144906404,17.17464114832536,6.49630867808887,115.27272727272727,0.5868960650838453,9.269508550556202,17.24401913875598,6.6847946725860155
53997fdc4992a9c290dd6aea,benchmark://cbench-v1/tiff2bw,1,1,-loop-rotate,True,-0.461849,-21.451262,90e7d126583f8b3e,77c7789423512fb4,46637,47970,0.046224,0.056140,401529,416308,7179,7425,418,418,46637,47970,28335,28688,0,344,4685,3297,1179,4427,1873,934,751,2171,243,344,0,6835,344,6567,517,1384,9651,16417,3575,6361,4796,4427,2248,110,1020,2527,493,549,6629,1882,6567,3660,6189,2141,78,8477,256,583,344,377,599,30,455,7482,480,423,10,1654,7179,46637,28335,418,692,15776,1,653,4705,3294,1265,4453,2103,1045,807,2391,239,653,1,6771,654,6813,519,1804,10117,16618,3612,6491,4802,4453,2325,110,1088,2527,499,600,6824,1882,6813,3663,6201,2361,78,8740,256,583,742,377,616,30,455,7557,484,424,12,1670,7425,47970,28688,418,1315,16075,-0.461849,111.57177033492823,0.6075648090571864,8.609666144906404,17.17464114832536,6.49630867808887,114.76076555023923,0.598040441942881,8.67850740045862,17.763157894736842,6.460606060606061
53997fdc4992a9c290dd6aea,benchmark://cbench-v1/tiff2bw,1,2,-loop-unroll,True,-1.905965,-47.125810,90e7d126583f8b3e,604682fbfa648d48,46637,46849,0.046224,0.068008,401529,405081,7179,7208,418,418,46637,46849,28335,28335,0,344,4685,3297,1179,4427,1873,934,751,2171,243,344,0,6835,344,6567,517,1384,9651,16417,3575,6361,4796,4427,2248,110,1020,2527,493,549,6629,1882,6567,3660,6189,2141,78,8477,256,583,344,377,599,30,455,7482,480,423,10,1654,7179,46637,28335,418,692,15776,0,472,4708,3320,1179,4456,1883,940,755,2171,239,471,1,6736,472,6596,517,1361,9680,16417,3575,6361,4796,4456,2248,110,1020,2527,493,551,6656,1882,6596,3660,6189,2141,78,8477,256,583,527,377,599,30,455,7482,480,423,10,1654,7208,46849,28335,418,885,15776,-1.905965,111.57177033492823,0.6075648090571864,8.609666144906404,17.17464114832536,6.49630867808887,112.07894736842105,0.6048154709812376,8.646523938611283,17.24401913875598,6.499583795782464
53997fdc4992a9c290dd6aea,benchmark://cbench-v1/tiff2bw,1,3,-loop-vectorize,True,-1.163542,-33.926473,90e7d126583f8b3e,5dab2b3159d9869f,46637,46802,0.046224,0.061906,401529,404009,7179,7208,418,418,46637,46802,28335,28335,0,344,4685,3297,1179,4427,1873,934,751,2171,243,344,0,6835,344,6567,517,1384,9651,16417,3575,6361,4796,4427,2248,110,1020,2527,493,549,6629,1882,6567,3660,6189,2141,78,8477,256,583,344,377,599,30,455,7482,480,423,10,1654,7179,46637,28335,418,692,15776,0,433,4708,3320,1179,4456,1883,940,755,2171,239,432,1,6775,433,6596,517,1361,9680,16417,3575,6361,4796,4456,2248,110,1020,2527,493,551,6656,1882,6596,3660,6189,2141,78,8477,256,583,480,377,599,30,455,7482,480,423,10,1654,7208,46802,28335,418,831,15776,-1.163542,111.57177033492823,0.6075648090571864,8.609666144906404,17.17464114832536,6.49630867808887,111.96650717703349,0.6054228451775565,8.632302038374428,17.24401913875598,6.493063263041066
53997fdc4992a9c290dd6aea,benchmark://cbench-v1/tiff2bw,1,4,-loop-deletion,True,0.806294,1.094727,90e7d126583f8b3e,604682fbfa648d48,46637,46849,0.046224,0.045718,401529,405081,7179,7208,418,418,46637,46849,28335,28335,0,344,4685,3297,1179,4427,1873,934,751,2171,243,344,0,6835,344,6567,517,1384,9651,16417,3575,6361,4796,4427,2248,110,1020,2527,493,549,6629,1882,6567,3660,6189,2141,78,8477,256,583,344,377,599,30,455,7482,480,423,10,1654,7179,46637,28335,418,692,15776,0,472,4708,3320,1179,4456,1883,940,755,2171,239,471,1,6736,472,6596,517,1361,9680,16417,3575,6361,4796,4456,2248,110,1020,2527,493,551,6656,1882,6596,3660,6189,2141,78,8477,256,583,527,377,599,30,455,7482,480,423,10,1654,7208,46849,28335,418,885,15776,0.806294,111.57177033492823,0.6075648090571864,8.609666144906404,17.17464114832536,6.49630867808887,112.07894736842105,0.6048154709812376,8.646523938611283,17.24401913875598,6.499583795782464
53997fdc4992a9c290dd6aea,benchmark://cbench-v1/tiff2bw,1,5,-loop-unswitch,True,0.911185,2.959557,90e7d126583f8b3e,e56f13f24408287f,46637,47637,0.046224,0.044856,401529,409937,7179,7419,418,418,46637,47637,28335,28690,0,344,4685,3297,1179,4427,1873,934,751,2171,243,344,0,6835,344,6567,517,1384,9651,16417,3575,6361,4796,4427,2248,110,1020,2527,493,549,6629,1882,6567,3660,6189,2141,78,8477,256,583,344,377,599,30,455,7482,480,423,10,1654,7179,46637,28335,418,692,15776,0,477,4843,3418,1211,4599,1956,984,778,2228,242,476,1,6942,477,6795,520,1411,9977,16567,3622,6421,4840,4599,2280,110,1055,2527,500,553,6865,1892,6795,3688,6259,2174,78,8632,262,589,532,377,631,30,455,7584,501,449,10,1684,7419,47637,28690,418,895,16034,0.911185,111.57177033492823,0.6075648090571864,8.609666144906404,17.17464114832536,6.49630867808887,113.96411483253588,0.6022629468690304,8.605432751852552,17.748803827751196,6.4209462191670035
53997fdc4992a9c290dd6aea,benchmark://cbench-v1/tiff2bw,1,6,-loop-distribute,True,0.739046,-0.100861,90e7d126583f8b3e,90e7d126583f8b3e,46637,46637,0.046224,0.046271,401529,401529,7179,7179,418,418,46637,46637,28335,28335,0,344,4685,3297,1179,4427,1873,934,751,2171,243,344,0,6835,344,6567,517,1384,9651,16417,3575,6361,4796,4427,2248,110,1020,2527,493,549,6629,1882,6567,3660,6189,2141,78,8477,256,583,344,377,599,30,455,7482,480,423,10,1654,7179,46637,28335,418,692,15776,0,344,4685,3297,1179,4427,1873,934,751,2171,243,344,0,6835,344,6567,517,1384,9651,16417,3575,6361,4796,4427,2248,110,1020,2527,493,549,6629,1882,6567,3660,6189,2141,78,8477,256,583,344,377,599,30,455,7482,480,423,10,1654,7179,46637,28335,418,692,15776,0.739046,111.57177033492823,0.6075648090571864,8.609666144906404,17.17464114832536,6.49630867808887,111.57177033492823,0.6075648090571864,8.609666144906404,17.17464114832536,6.49630867808887
53997fdc4992a9c290dd6aea,benchmark://cbench-v1/tiff2bw,1,7,-indvars,True,0.224390,-9.250797,90e7d126583f8b3e,ca810c3d947ad394,46637,46849,0.046224,0.050500,401529,405097,7179,7208,418,418,46637,46849,28335,28335,0,344,4685,3297,1179,4427,1873,934,751,2171,243,344,0,6835,344,6567,517,1384,9651,16417,3575,6361,4796,4427,2248,110,1020,2527,493,549,6629,1882,6567,3660,6189,2141,78,8477,256,583,344,377,599,30,455,7482,480,423,10,1654,7179,46637,28335,418,692,15776,0,472,4708,3320,1179,4456,1883,940,755,2171,239,471,1,6736,472,6596,517,1361,9680,16417,3575,6361,4796,4456,2248,110,1020,2527,493,551,6656,1882,6596,3660,6189,2141,78,8477,256,583,526,377,600,30,455,7482,480,423,10,1654,7208,46849,28335,418,884,15777,0.224390,111.57177033492823,0.6075648090571864,8.609666144906404,17.17464114832536,6.49630867808887,112.07894736842105,0.6048154709812376,8.64686546137591,17.24401913875598,6.499583795782464
90da42ec15a157673671e9f7,benchmark://cbench-v1/tiff2bw,2,0,-licm,True,0.617342,0.698801,a3222d4be8271b6f,cdcf31df003083b3,48658,48654,0.044309,0.044000,563459,563363,6441,6441,418,418,48658,48654,26114,26114,448,1435,3940,2646,1101,3689,1884,857,823,2171,239,1524,359,4558,1883,5829,517,1284,8913,16864,3615,6549,5036,3689,2288,110,1085,2527,490,620,5820,1871,5829,3660,5926,2138,76,6472,254,583,5357,377,598,30,455,7529,432,421,10,1628,6441,48658,26114,418,10525,13731,448,1435,3940,2646,1101,3689,1884,857,823,2171,239,1524,359,4558,1883,5829,517,1284,8913,16864,3615,6549,5036,3689,2288,110,1085,2527,490,620,5820,1871,5829,3660,5926,2138,76,6472,254,583,5353,377,598,30,455,7529,432,421,10,1628,6441,48654,26114,418,10521,13731,0.617342,116.4066985645933,0.5366846150684369,11.579986846972748,15.409090909090908,7.554417015991306,116.39712918660287,0.53672873761664,11.57896575821104,15.409090909090908,7.553795994410806
90da42ec15a157673671e9f7,benchmark://cbench-v1/tiff2bw,2,1,-loop-rotate,True,0.507979,-0.727017,a3222d4be8271b6f,0533fd034447821b,48658,49754,0.044309,0.044632,563459,583393,6441,6627,418,418,48658,49754,26114,26217,448,1435,3940,2646,1101,3689,1884,857,823,2171,239,1524,359,4558,1883,5829,517,1284,8913,16864,3615,6549,5036,3689,2288,110,1085,2527,490,620,5820,1871,5829,3660,5926,2138,76,6472,254,583,5357,377,598,30,455,7529,432,421,10,1628,6441,48658,26114,418,10525,13731,505,1547,3921,2702,1086,3670,2089,869,956,2376,239,1664,388,4575,2052,6015,519,1713,9304,17129,3657,6738,5046,3670,2361,110,1152,2527,496,665,5961,1871,6015,3663,5936,2343,76,6502,254,583,5857,377,614,30,455,7589,432,422,12,1636,6627,49754,26217,418,11530,13788,0.507979,116.4066985645933,0.5366846150684369,11.579986846972748,15.409090909090908,7.554417015991306,119.02870813397129,0.5269325079390602,11.725549704546369,15.854066985645932,7.5077712388712845
90da42ec15a157673671e9f7,benchmark://cbench-v1/tiff2bw,2,2,-loop-unroll,True,-0.034825,-7.803806,a3222d4be8271b6f,710bf23315cbc14d,48658,48696,0.044309,0.047767,563459,563675,6441,6450,418,418,48658,48696,26114,26140,448,1435,3940,2646,1101,3689,1884,857,823,2171,239,1524,359,4558,1883,5829,517,1284,8913,16864,3615,6549,5036,3689,2288,110,1085,2527,490,620,5820,1871,5829,3660,5926,2138,76,6472,254,583,5357,377,598,30,455,7529,432,421,10,1628,6441,48658,26114,418,10525,13731,448,1433,3951,2653,1103,3696,1882,857,821,2171,239,1522,359,4569,1881,5836,517,1284,8920,16858,3628,6549,5040,3696,2290,110,1082,2527,490,619,5830,1871,5836,3666,5931,2136,76,6481,253,583,5353,377,596,30,458,7535,435,421,10,1634,6450,48696,26140,418,10517,13747,-0.034825,116.4066985645933,0.5366846150684369,11.579986846972748,15.409090909090908,7.554417015991306,116.49760765550239,0.5367997371447347,11.575386068670937,15.430622009569378,7.549767441860465
90da42ec15a157673671e9f7,benchmark://cbench-v1/tiff2bw,2,3,-loop-vectorize,True,0.383332,-2.352100,a3222d4be8271b6f,a3222d4be8271b6f,48658,48658,0.044309,0.045352,563459,563459,6441,6441,418,418,48658,48658,26114,26114,448,1435,3940,2646,1101,3689,1884,857,823,2171,239,1524,359,4558,1883,5829,517,1284,8913,16864,3615,6549,5036,3689,2288,110,1085,2527,490,620,5820,1871,5829,3660,5926,2138,76,6472,254,583,5357,377,598,30,455,7529,432,421,10,1628,6441,48658,26114,418,10525,13731,448,1435,3940,2646,1101,3689,1884,857,823,2171,239,1524,359,4558,1883,5829,517,1284,8913,16864,3615,6549,5036,3689,2288,110,1085,2527,490,620,5820,1871,5829,3660,5926,2138,76,6472,254,583,5357,377,598,30,455,7529,432,421,10,1628,6441,48658,26114,418,10525,13731,0.383332,116.4066985645933,0.5366846150684369,11.579986846972748,15.409090909090908,7.554417015991306,116.4066985645933,0.5366846150684369,11.579986846972748,15.409090909090908,7.554417015991306
90da42ec15a157673671e9f7,benchmark://cbench-v1/tiff2bw,2,4,-loop-deletion,True,0.587235,0.306283,a3222d4be8271b6f,a3222d4be8271b6f,48658,48658,0.044309,0.044174,563459,563459,6441,6441,418,418,48658,48658,26114,26114,448,1435,3940,2646,1101,3689,1884,857,823,2171,239,1524,359,4558,1883,5829,517,1284,8913,16864,3615,6549,5036,3689,2288,110,1085,2527,490,620,5820,1871,5829,3660,5926,2138,76,6472,254,583,5357,377,598,30,455,7529,432,421,10,1628,6441,48658,26114,418,10525,13731,448,1435,3940,2646,1101,3689,1884,857,823,2171,239,1524,359,4558,1883,5829,517,1284,8913,16864,3615,6549,5036,3689,2288,110,1085,2527,490,620,5820,1871,5829,3660,5926,2138,76,6472,254,583,5357,377,598,30,455,7529,432,421,10,1628,6441,48658,26114,418,10525,13731,0.587235,116.4066985645933,0.5366846150684369,11.579986846972748,15.409090909090908,7.554417015991306,116.4066985645933,0.5366846150684369,11.579986846972748,15.409090909090908,7.554417015991306
90da42ec15a157673671e9f7,benchmark://cbench-v1/tiff2bw,2,5,-loop-unswitch,True,0.279647,-3.703891,a3222d4be8271b6f,64c23295391d0667,48658,49774,0.044309,0.045951,563459,577651,6441,6710,418,418,48658,49774,26114,26437,448,1435,3940,2646,1101,3689,1884,857,823,2171,239,1524,359,4558,1883,5829,517,1284,8913,16864,3615,6549,5036,3689,2288,110,1085,2527,490,620,5820,1871,5829,3660,5926,2138,76,6472,254,583,5357,377,598,30,455,7529,432,421,10,1628,6441,48658,26114,418,10525,13731,475,1517,4108,2773,1137,3866,1980,905,864,2251,244,1609,383,4718,1992,6085,530,1333,9295,17030,3645,6620,5090,3866,2323,110,1130,2527,495,626,6083,1871,6085,3699,5996,2188,76,6584,262,589,5627,377,632,31,455,7631,458,450,10,1662,6710,49774,26437,418,11019,13950,0.279647,116.4066985645933,0.5366846150684369,11.579986846972748,15.409090909090908,7.554417015991306,119.07655502392345,0.5311407562181059,11.605476754932294,16.05263157894737,7.417883755588673
90da42ec15a157673671e9f7,benchmark://cbench-v1/tiff2bw,2,6,-loop-distribute,True,0.252703,-4.055171,a3222d4be8271b6f,a3222d4be8271b6f,48658,48658,0.044309,0.046106,563459,563459,6441,6441,418,418,48658,48658,26114,26114,448,1435,3940,2646,1101,3689,1884,857,823,2171,239,1524,359,4558,1883,5829,517,1284,8913,16864,3615,6549,5036,3689,2288,110,1085,2527,490,620,5820,1871,5829,3660,5926,2138,76,6472,254,583,5357,377,598,30,455,7529,432,421,10,1628,6441,48658,26114,418,10525,13731,448,1435,3940,2646,1101,3689,1884,857,823,2171,239,1524,359,4558,1883,5829,517,1284,8913,16864,3615,6549,5036,3689,2288,110,1085,2527,490,620,5820,1871,5829,3660,5926,2138,76,6472,254,583,5357,377,598,30,455,7529,432,421,10,1628,6441,48658,26114,418,10525,13731,0.252703,116.4066985645933,0.5366846150684369,11.579986846972748,15.409090909090908,7.554417015991306,116.4066985645933,0.5366846150684369,11.579986846972748,15.409090909090908,7.554417015991306
90da42ec15a157673671e9f7,benchmark://cbench-v1/tiff2bw,2,7,-indvars,True,-2.593412,-41.161355,a3222d4be8271b6f,8a49131063158147,48658,48726,0.044309,0.062548,563459,564659,6441,6441,418,418,48658,48726,26114,26116,448,1435,3940,2646,1101,3689,1884,857,823,2171,239,1524,359,4558,1883,5829,517,1284,8913,16864,3615,6549,5036,3689,2288,110,1085,2527,490,620,5820,1871,5829,3660,5926,2138,76,6472,254,583,5357,377,598,30,455,7529,432,421,10,1628,6441,48658,26114,418,10525,13731,448,1432,3940,2646,1101,3689,1884,857,823,2171,239,1521,359,4561,1880,5829,517,1284,8913,16787,3711,6549,5048,3689,2302,110,1099,2527,490,622,5818,1871,5829,3660,5928,2138,77,6472,254,583,5338,377,591,30,456,7529,435,488,10,1634,6441,48726,26116,418,10499,13797,-2.593412,116.4066985645933,0.5366846150684369,11.579986846972748,15.409090909090908,7.554417015991306,116.56937799043062,0.5359766859582153,11.588453802897837,15.409090909090908,7.564974382859805
64a782c93e0291648a2c4592,benchmark://cbench-v1/bitcount,0,0,-licm,True,1.516697,5.403366,d527be711ab8b8b5,fd073d0c678ef1c7,857,874,0.032724,0.030956,3894,4937,85,85,37,37,857,874,495,469,0,2,43,31,7,38,18,3,8,25,3,2,0,83,2,63,14,13,88,164,131,86,103,38,74,10,36,59,28,18,67,54,63,67,55,29,7,195,0,3,2,21,51,1,7,119,5,19,2,13,85,857,495,37,5,391,5,15,43,31,7,38,18,3,8,25,3,18,2,65,20,63,14,13,88,164,131,86,103,38,74,10,36,59,28,17,68,54,63,67,55,29,7,174,0,3,45,21,51,1,7,114,5,19,2,13,85,874,469,37,73,370,1.516697,23.16216216216216,0.5775962660443408,4.543757292882147,2.2972972972972974,10.08235294117647,23.62162162162162,0.5366132723112128,5.648741418764302,2.2972972972972974,10.282352941176471
64a782c93e0291648a2c4592,benchmark://cbench-v1/bitcount,0,1,-loop-rotate,True,0.934336,2.994182,d527be711ab8b8b5,85dbbef942a24708,857,878,0.032724,0.031744,3894,4006,85,90,37,37,857,878,495,504,0,2,43,31,7,38,18,3,8,25,3,2,0,83,2,63,14,13,88,164,131,86,103,38,74,10,36,59,28,18,67,54,63,67,55,29,7,195,0,3,2,21,51,1,7,119,5,19,2,13,85,857,495,37,5,391,0,2,43,30,10,38,23,6,8,30,3,2,0,88,2,68,14,23,98,167,131,87,103,38,75,10,37,59,28,18,72,54,68,67,55,34,7,203,0,3,2,21,52,1,7,120,5,19,2,13,90,878,504,37,5,400,0.934336,23.16216216216216,0.5775962660443408,4.543757292882147,2.2972972972972974,10.08235294117647,23.72972972972973,0.5740318906605922,4.562642369020502,2.4324324324324325,9.755555555555556
64a782c93e0291648a2c4592,benchmark://cbench-v1/bitcount,0,2,-loop-unroll,True,-1.498289,-7.069395,d527be711ab8b8b5,9ad6f7a03ed654c1,857,857,0.032724,0.035037,3894,3894,85,85,37,37,857,857,495,495,0,2,43,31,7,38,18,3,8,25,3,2,0,83,2,63,14,13,88,164,131,86,103,38,74,10,36,59,28,18,67,54,63,67,55,29,7,195,0,3,2,21,51,1,7,119,5,19,2,13,85,857,495,37,5,391,0,2,43,31,7,38,18,3,8,25,3,2,0,83,2,63,14,13,88,164,131,86,103,38,74,10,36,59,28,18,67,54,63,67,55,29,7,195,0,3,2,21,51,1,7,119,5,19,2,13,85,857,495,37,5,391,-1.498289,23.16216216216216,0.5775962660443408,4.543757292882147,2.2972972972972974,10.08235294117647,23.16216216216216,0.5775962660443408,4.543757292882147,2.2972972972972974,10.08235294117647
64a782c93e0291648a2c4592,benchmark://cbench-v1/bitcount,0,3,-loop-vectorize,True,0.037442,-0.716198,d527be711ab8b8b5,9ad6f7a03ed654c1,857,857,0.032724,0.032958,3894,3894,85,85,37,37,857,857,495,495,0,2,43,31,7,38,18,3,8,25,3,2,0,83,2,63,14,13,88,164,131,86,103,38,74,10,36,59,28,18,67,54,63,67,55,29,7,195,0,3,2,21,51,1,7,119,5,19,2,13,85,857,495,37,5,391,0,2,43,31,7,38,18,3,8,25,3,2,0,83,2,63,14,13,88,164,131,86,103,38,74,10,36,59,28,18,67,54,63,67,55,29,7,195,0,3,2,21,51,1,7,119,5,19,2,13,85,857,495,37,5,391,0.037442,23.16216216216216,0.5775962660443408,4.543757292882147,2.2972972972972974,10.08235294117647,23.16216216216216,0.5775962660443408,4.543757292882147,2.2972972972972974,10.08235294117647
64a782c93e0291648a2c4592,benchmark://cbench-v1/bitcount,0,4,-loop-deletion,True,0.220937,0.042906,d527be711ab8b8b5,9ad6f7a03ed654c1,857,857,0.032724,0.032710,3894,3894,85,85,37,37,857,857,495,495,0,2,43,31,7,38,18,3,8,25,3,2,0,83,2,63,14,13,88,164,131,86,103,38,74,10,36,59,28,18,67,54,63,67,55,29,7,195,0,3,2,21,51,1,7,119,5,19,2,13,85,857,495,37,5,391,0,2,43,31,7,38,18,3,8,25,3,2,0,83,2,63,14,13,88,164,131,86,103,38,74,10,36,59,28,18,67,54,63,67,55,29,7,195,0,3,2,21,51,1,7,119,5,19,2,13,85,857,495,37,5,391,0.220937,23.16216216216216,0.5775962660443408,4.543757292882147,2.2972972972972974,10.08235294117647,23.16216216216216,0.5775962660443408,4.543757292882147,2.2972972972972974,10.08235294117647
64a782c93e0291648a2c4592,benchmark://cbench-v1/bitcount,0,5,-loop-unswitch,True,-1.436968,-6.815715,d527be711ab8b8b5,9ad6f7a03ed654c1,857,857,0.032724,0.034954,3894,3894,85,85,37,37,857,857,495,495,0,2,43,31,7,38,18,3,8,25,3,2,0,83,2,63,14,13,88,164,131,86,103,38,74,10,36,59,28,18,67,54,63,67,55,29,7,195,0,3,2,21,51,1,7,119,5,19,2,13,85,857,495,37,5,391,0,2,43,31,7,38,18,3,8,25,3,2,0,83,2,63,14,13,88,164,131,86,103,38,74,10,36,59,28,18,67,54,63,67,55,29,7,195,0,3,2,21,51,1,7,119,5,19,2,13,85,857,495,37,5,391,-1.436968,23.16216216216216,0.5775962660443408,4.543757292882147,2.2972972972972974,10.08235294117647,23.16216216216216,0.5775962660443408,4.543757292882147,2.2972972972972974,10.08235294117647
64a782c93e0291648a2c4592,benchmark://cbench-v1/bitcount,0,6,-loop-distribute,True,0.582593,1.539052,d527be711ab8b8b5,9ad6f7a03ed654c1,857,857,0.032724,0.032220,3894,3894,85,85,37,37,857,857,495,495,0,2,43,31,7,38,18,3,8,25,3,2,0,83,2,63,14,13,88,164,131,86,103,38,74,10,36,59,28,18,67,54,63,67,55,29,7,195,0,3,2,21,51,1,7,119,5,19,2,13,85,857,495,37,5,391,0,2,43,31,7,38,18,3,8,25,3,2,0,83,2,63,14,13,88,164,131,86,103,38,74,10,36,59,28,18,67,54,63,67,55,29,7,195,0,3,2,21,51,1,7,119,5,19,2,13,85,857,495,37,5,391,0.582593,23.16216216216216,0.5775962660443408,4.543757292882147,2.2972972972972974,10.08235294117647,23.16216216216216,0.5775962660443408,4.543757292882147,2.2972972972972974,10.08235294117647
64a782c93e0291648a2c4592,benchmark://cbench-v1/bitcount,0,7,-indvars,True,-0.356747,-2.346925,d527be711ab8b8b5,e416a818ad0a7ffb,857,857,0.032724,0.033492,3894,3894,85,85,37,37,857,857,495,495,0,2,43,31,7,38,18,3,8,25,3,2,0,83,2,63,14,13,88,164,131,86,103,38,74,10,36,59,28,18,67,54,63,67,55,29,7,195,0,3,2,21,51,1,7,119,5,19,2,13,85,857,495,37,5,391,0,2,43,31,7,38,18,3,8,25,3,2,0,83,2,63,14,13,88,164,131,86,103,38,74,10,36,59,28,18,67,54,63,67,55,29,7,195,0,3,2,21,51,1,7,119,5,19,2,13,85,857,495,37,5,391,-0.356747,23.16216216216216,0.5775962660443408,4.543757292882147,2.2972972972972974,10.08235294117647,23.16216216216216,0.5775962660443408,4.543757292882147,2.2972972972972974,10.08235294117647
5c7b22516c1030351d6d7a1b,benchmark://cbench-v1/bitcount,1,0,-licm,True,1.894028,3.907371,c57cb058bd036f47,f5bb9415dedd3478,699,735,0.032551,0.031279,4008,4933,85,85,37,37,699,735,367,361,0,2,43,31,7,38,18,3,8,25,3,2,0,83,2,63,14,13,88,149,129,76,102,38,73,10,35,59,28,12,73,28,63,67,47,28,7,75,0,3,2,21,50,1,7,119,5,19,2,12,85,699,367,37,5,243,4,16,43,31,7,38,18,3,8,25,3,18,2,65,20,63,14,13,88,149,129,76,102,38,73,10,35,59,28,12,73,28,63,67,47,28,7,74,0,3,44,21,50,1,7,114,5,19,2,12,85,735,361,37,70,242,1.894028,18.89189189189189,0.525035765379113,5.733905579399142,2.2972972972972974,8.223529411764705,19.864864864864863,0.49115646258503404,6.7115646258503405,2.2972972972972974,8.647058823529411
5c7b22516c1030351d6d7a1b,benchmark://cbench-v1/bitcount,1,1,-loop-rotate,True,0.219454,-0.040021,c57cb058bd036f47,7c701ba662a0b8fb,699,723,0.032551,0.032564,4008,4264,85,90,37,37,699,723,367,374,0,2,43,31,7,38,18,3,8,25,3,2,0,83,2,63,14,13,88,149,129,76,102,38,73,10,35,59,28,12,73,28,63,67,47,28,7,75,0,3,2,21,50,1,7,119,5,19,2,12,85,699,367,37,5,243,0,7,43,30,10,38,23,6,8,30,3,7,0,83,7,68,14,23,98,152,129,77,102,38,74,10,36,59,28,12,78,28,68,67,47,33,7,81,0,3,8,21,50,1,7,120,5,19,2,12,90,723,374,37,17,249,0.219454,18.89189189189189,0.525035765379113,5.733905579399142,2.2972972972972974,8.223529411764705,19.54054054054054,0.5172890733056709,5.897648686030429,2.4324324324324325,8.033333333333333
5c7b22516c1030351d6d7a1b,benchmark://cbench-v1/bitcount,1,2,-loop-unroll,True,0.191655,-0.105551,c57cb058bd036f47,c57cb058bd036f47,699,699,0.032551,0.032586,4008,4008,85,85,37,37,699,699,367,367,0,2,43,31,7,38,18,3,8,25,3,2,0,83,2,63,14,13,88,149,129,76,102,38,73,10,35,59,28,12,73,28,63,67,47,28,7,75,0,3,2,21,50,1,7,119,5,19,2,12,85,699,367,37,5,243,0,2,43,31,7,38,18,3,8,25,3,2,0,83,2,63,14,13,88,149,129,76,102,38,73,10,35,59,28,12,73,28,63,67,47,28,7,75,0,3,2,21,50,1,7,119,5,19,2,12,85,699,367,37,5,243,0.191655,18.89189189189189,0.525035765379113,5.733905579399142,2.2972972972972974,8.223529411764705,18.89189189189189,0.525035765379113,5.733905579399142,2.2972972972972974,8.223529411764705
5c7b22516c1030351d6d7a1b,benchmark://cbench-v1/bitcount,1,3,-loop-vectorize,True,-0.372884,-1.436310,c57cb058bd036f47,c57cb058bd036f47,699,699,0.032551,0.033019,4008,4008,85,85,37,37,699,699,367,367,0,2,43,31,7,38,18,3,8,25,3,2,0,83,2,63,14,13,88,149,129,76,102,38,73,10,35,59,28,12,73,28,63,67,47,28,7,75,0,3,2,21,50,1,7,119,5,19,2,12,85,699,367,37,5,243,0,2,43,31,7,38,18,3,8,25,3,2,0,83,2,63,14,13,88,149,129,76,102,38,73,10,35,59,28,12,73,28,63,67,47,28,7,75,0,3,2,21,50,1,7,119,5,19,2,12,85,699,367,37,5,243,-0.372884,18.89189189189189,0.525035765379113,5.733905579399142,2.2972972972972974,8.223529411764705,18.89189189189189,0.525035765379113,5.733905579399142,2.2972972972972974,8.223529411764705
5c7b22516c1030351d6d7a1b,benchmark://cbench-v1/bitcount,1,4,-loop-deletion,True,0.313922,0.182663,c57cb058bd036f47,c57cb058bd036f47,699,699,0.032551,0.032492,4008,4008,85,85,37,37,699,699,367,367,0,2,43,31,7,38,18,3,8,25,3,2,0,83,2,63,14,13,88,149,129,76,102,38,73,10,35,59,28,12,73,28,63,67,47,28,7,75,0,3,2,21,50,1,7,119,5,19,2,12,85,699,367,37,5,243,0,2,43,31,7,38,18,3,8,25,3,2,0,83,2,63,14,13,88,149,129,76,102,38,73,10,35,59,28,12,73,28,63,67,47,28,7,75,0,3,2,21,50,1,7,119,5,19,2,12,85,699,367,37,5,243,0.313922,18.89189189189189,0.525035765379113,5.733905579399142,2.2972972972972974,8.223529411764705,18.89189189189189,0.525035765379113,5.733905579399142,2.2972972972972974,8.223529411764705
5c7b22516c1030351d6d7a1b,benchmark://cbench-v1/bitcount,1,5,-loop-unswitch,True,0.401223,0.388455,c57cb058bd036f47,534cea2df5197ca3,699,741,0.032551,0.032425,4008,4264,85,99,37,37,699,741,367,385,0,2,43,31,7,38,18,3,8,25,3,2,0,83,2,63,14,13,88,149,129,76,102,38,73,10,35,59,28,12,73,28,63,67,47,28,7,75,0,3,2,21,50,1,7,119,5,19,2,12,85,699,367,37,5,243,0,2,53,41,8,48,22,3,11,29,3,2,0,97,2,77,15,14,106,151,136,81,106,48,76,10,39,59,28,12,87,28,77,69,49,30,7,82,0,3,2,21,54,1,7,126,5,19,2,12,99,741,385,37,5,254,0.401223,18.89189189189189,0.525035765379113,5.733905579399142,2.2972972972972974,8.223529411764705,20.027027027027028,0.5195681511470985,5.754385964912281,2.675675675675676,7.484848484848484
5c7b22516c1030351d6d7a1b,benchmark://cbench-v1/bitcount,1,6,-loop-distribute,True,-0.862811,-2.591192,c57cb058bd036f47,c57cb058bd036f47,699,699,0.032551,0.033395,4008,4008,85,85,37,37,699,699,367,367,0,2,43,31,7,38,18,3,8,25,3,2,0,83,2,63,14,13,88,149,129,76,102,38,73,10,35,59,28,12,73,28,63,67,47,28,7,75,0,3,2,21,50,1,7,119,5,19,2,12,85,699,367,37,5,243,0,2,43,31,7,38,18,3,8,25,3,2,0,83,2,63,14,13,88,149,129,76,102,38,73,10,35,59,28,12,73,28,63,67,47,28,7,75,0,3,2,21,50,1,7,119,5,19,2,12,85,699,367,37,5,243,-0.862811,18.89189189189189,0.525035765379113,5.733905579399142,2.2972972972972974,8.223529411764705,18.89189189189189,0.525035765379113,5.733905579399142,2.2972972972972974,8.223529411764705
5c7b22516c1030351d6d7a1b,benchmark://cbench-v1/bitcount,1,7,-indvars,True,-1.784587,-4.764049,c57cb058bd036f47,c57cb058bd036f47,699,699,0.032551,0.034102,4008,4008,85,85,37,37,699,699,367,367,0,2,43,31,7,38,18,3,8,25,3,2,0,83,2,63,14,13,88,149,129,76,102,38,73,10,35,59,28,12,73,28,63,67,47,28,7,75,0,3,2,21,50,1,7,119,5,19,2,12,85,699,367,37,5,243,0,2,43,31,7,38,18,3,8,25,3,2,0,83,2,63,14,13,88,149,129,76,102,38,73,10,35,59,28,12,73,28,63,67,47,28,7,75,0,3,2,21,50,1,7,119,5,19,2,12,85,699,367,37,5,243,-1.784587,18.89189189189189,0.525035765379113,5.733905579399142,2.2972972972972974,8.223529411764705,18.89189189189189,0.525035765379113,5.733905579399142,2.2972972972972974,8.223529411764705
ce5ec3762eef3d294da7a14f,benchmark://cbench-v1/bitcount,2,0,-licm,True,0.496488,1.810454,9a7d1509b5f80c39,9a7d1509b5f80c39,729,729,0.031431,0.030862,5171,5171,80,80,37,37,729,729,331,331,3,23,38,27,6,33,18,2,9,25,3,20,6,54,26,58,14,12,83,162,130,87,102,33,82,10,37,59,28,12,68,26,58,67,43,28,13,46,0,3,57,21,50,1,7,116,6,28,2,12,80,729,331,37,98,221,3,23,38,27,6,33,18,2,9,25,3,20,6,54,26,58,14,12,83,162,130,87,102,33,82,10,37,59,28,12,68,26,58,67,43,28,13,46,0,3,57,21,50,1,7,116,6,28,2,12,80,729,331,37,98,221,0.496488,19.7027027027027,0.4540466392318244,7.093278463648834,2.1621621621621623,9.1125,19.7027027027027,0.4540466392318244,7.093278463648834,2.1621621621621623,9.1125
ce5ec3762eef3d294da7a14f,benchmark://cbench-v1/bitcount,2,1,-loop-rotate,True,0.867391,6.286969,9a7d1509b5f80c39,857a929bf3f85327,729,740,0.031431,0.029455,5171,5275,80,83,37,37,729,740,331,333,3,23,38,27,6,33,18,2,9,25,3,20,6,54,26,58,14,12,83,162,130,87,102,33,82,10,37,59,28,12,68,26,58,67,43,28,13,46,0,3,57,21,50,1,7,116,6,28,2,12,80,729,331,37,98,221,3,28,37,28,5,32,22,2,12,29,3,26,5,52,31,61,14,21,90,165,133,92,102,32,83,10,38,59,28,12,71,26,61,67,43,32,13,47,0,3,58,21,50,1,7,117,6,28,2,12,83,740,333,37,100,222,0.867391,19.7027027027027,0.4540466392318244,7.093278463648834,2.1621621621621623,9.1125,20.0,0.45,7.128378378378378,2.2432432432432434,8.91566265060241
ce5ec3762eef3d294da7a14f,benchmark://cbench-v1/bitcount,2,2,-loop-unroll,True,-0.294387,-7.734818,9a7d1509b5f80c39,9a7d1509b5f80c39,729,729,0.031431,0.033862,5171,5171,80,80,37,37,729,729,331,331,3,23,38,27,6,33,18,2,9,25,3,20,6,54,26,58,14,12,83,162,130,87,102,33,82,10,37,59,28,12,68,26,58,67,43,28,13,46,0,3,57,21,50,1,7,116,6,28,2,12,80,729,331,37,98,221,3,23,38,27,6,33,18,2,9,25,3,20,6,54,26,58,14,12,83,162,130,87,102,33,82,10,37,59,28,12,68,26,58,67,43,28,13,46,0,3,57,21,50,1,7,116,6,28,2,12,80,729,331,37,98,221,-0.294387,19.7027027027027,0.4540466392318244,7.093278463648834,2.1621621621621623,9.1125,19.7027027027027,0.4540466392318244,7.093278463648834,2.1621621621621623,9.1125
ce5ec3762eef3d294da7a14f,benchmark://cbench-v1/bitcount,2,3,-loop-vectorize,True,0.572908,2.732789,9a7d1509b5f80c39,9a7d1509b5f80c39,729,729,0.031431,0.030572,5171,5171,80,80,37,37,729,729,331,331,3,23,38,27,6,33,18,2,9,25,3,20,6,54,26,58,14,12,83,162,130,87,102,33,82,10,37,59,28,12,68,26,58,67,43,28,13,46,0,3,57,21,50,1,7,116,6,28,2,12,80,729,331,37,98,221,3,23,38,27,6,33,18,2,9,25,3,20,6,54,26,58,14,12,83,162,130,87,102,33,82,10,37,59,28,12,68,26,58,67,43,28,13,46,0,3,57,21,50,1,7,116,6,28,2,12,80,729,331,37,98,221,0.572908,19.7027027027027,0.4540466392318244,7.093278463648834,2.1621621621621623,9.1125,19.7027027027027,0.4540466392318244,7.093278463648834,2.1621621621621623,9.1125
ce5ec3762eef3d294da7a14f,benchmark://cbench-v1/bitcount,2,4,-loop-deletion,True,0.507847,1.947548,9a7d1509b5f80c39,9a7d1509b5f80c39,729,729,0.031431,0.030819,5171,5171,80,80,37,37,729,729,331,331,3,23,38,27,6,33,18,2,9,25,3,20,6,54,26,58,14,12,83,162,130,87,102,33,82,10,37,59,28,12,68,26,58,67,43,28,13,46,0,3,57,21,50,1,7,116,6,28,2,12,80,729,331,37,98,221,3,23,38,27,6,33,18,2,9,25,3,20,6,54,26,58,14,12,83,162,130,87,102,33,82,10,37,59,28,12,68,26,58,67,43,28,13,46,0,3,57,21,50,1,7,116,6,28,2,12,80,729,331,37,98,221,0.507847,19.7027027027027,0.4540466392318244,7.093278463648834,2.1621621621621623,9.1125,19.7027027027027,0.4540466392318244,7.093278463648834,2.1621621621621623,9.1125
ce5ec3762eef3d294da7a14f,benchmark://cbench-v1/bitcount,2,5,-loop-unswitch,True,0.285572,-0.735142,9a7d1509b5f80c39,7769c6c03f223bda,729,779,0.031431,0.031662,5171,6035,80,92,37,37,729,779,331,337,3,23,38,27,6,33,18,2,9,25,3,20,6,54,26,58,14,12,83,162,130,87,102,33,82,10,37,59,28,12,68,26,58,67,43,28,13,46,0,3,57,21,50,1,7,116,6,28,2,12,80,729,331,37,98,221,6,25,46,35,7,41,22,2,12,29,3,20,11,61,31,70,15,13,99,165,140,95,107,41,85,10,41,59,28,12,80,26,70,69,45,30,13,48,0,3,80,21,53,1,7,116,6,28,2,12,92,779,337,37,136,226,0.285572,19.7027027027027,0.4540466392318244,7.093278463648834,2.1621621621621623,9.1125,21.054054054054053,0.4326059050064185,7.7471116816431325,2.4864864864864864,8.467391304347826
ce5ec3762eef3d294da7a14f,benchmark://cbench-v1/bitcount,2,6,-loop-distribute,True,-2.498569,-34.337642,9a7d1509b5f80c39,9a7d1509b5f80c39,729,729,0.031431,0.042224,5171,5171,80,80,37,37,729,729,331,331,3,23,38,27,6,33,18,2,9,25,3,20,6,54,26,58,14,12,83,162,130,87,102,33,82,10,37,59,28,12,68,26,58,67,43,28,13,46,0,3,57,21,50,1,7,116,6,28,2,12,80,729,331,37,98,221,3,23,38,27,6,33,18,2,9,25,3,20,6,54,26,58,14,12,83,162,130,87,102,33,82,10,37,59,28,12,68,26,58,67,43,28,13,46,0,3,57,21,50,1,7,116,6,28,2,12,80,729,331,37,98,221,-2.498569,19.7027027027027,0.4540466392318244,7.093278463648834,2.1621621621621623,9.1125,19.7027027027027,0.4540466392318244,7.093278463648834,2.1621621621621623,9.1125
ce5ec3762eef3d294da7a14f,benchmark://cbench-v1/bitcount,2,7,-indvars,True,0.062750,-3.424446,9a7d1509b5f80c39,98ce72cd787d0cc4,729,726,0.031431,0.032508,5171,5178,80,80,37,37,729,726,331,331,3,23,38,27,6,33,18,2,9,25,3,20,6,54,26,58,14,12,83,162,130,87,102,33,82,10,37,59,28,12,68,26,58,67,43,28,13,46,0,3,57,21,50,1,7,116,6,28,2,12,80,729,331,37,98,221,3,23,38,27,6,33,18,2,9,25,3,20,6,54,26,58,14,12,83,157,133,86,101,33,82,10,37,59,28,12,68,26,58,67,43,28,13,46,0,3,55,21,47,1,7,116,6,30,2,12,80,726,331,37,94,220,0.062750,19.7027027027027,0.4540466392318244,7.093278463648834,2.1621621621621623,9.1125,19.62162162162162,0.4559228650137741,7.132231404958677,2.1621621621621623,9.075
6686dbc482444f80adf5df7b,benchmark://cbench-v1/stringsearch,0,0,-licm,True,0.036492,1.151574,1cc5940263765514,ee36e44f2a04cc13,1348,1411,0.027242,0.026928,5904,10015,201,202,31,31,1348,1411,815,754,0,10,134,93,28,112,53,15,36,70,3,10,0,191,10,182,39,22,252,182,158,95,143,112,61,0,38,68,0,21,180,82,182,152,78,70,0,338,2,0,10,11,50,1,0,179,47,5,0,27,201,1348,815,31,20,570,6,68,135,94,28,113,53,15,36,70,3,70,4,128,74,183,39,21,253,182,158,95,143,113,61,0,38,68,0,23,179,82,183,152,78,70,0,266,2,0,134,11,50,1,0,190,47,5,0,26,202,1411,754,31,198,497,0.036492,43.483870967741936,0.6045994065281899,4.379821958456973,6.483870967741935,6.706467661691542,45.516129032258064,0.5343727852586818,7.097802976612332,6.516129032258065,6.985148514851486
6686dbc482444f80adf5df7b,benchmark://cbench-v1/stringsearch,0,1,-loop-rotate,True,0.395561,2.513032,1cc5940263765514,17670b12596fb8c7,1348,1401,0.027242,0.026557,5904,6151,201,208,31,31,1348,1401,815,841,0,10,134,93,28,112,53,15,36,70,3,10,0,191,10,182,39,22,252,182,158,95,143,112,61,0,38,68,0,21,180,82,182,152,78,70,0,338,2,0,10,11,50,1,0,179,47,5,0,27,201,1348,815,31,20,570,0,10,126,80,38,104,68,24,37,85,3,10,0,198,10,189,39,60,274,190,160,97,147,104,65,0,38,68,0,22,186,82,189,152,79,85,0,363,2,0,10,11,51,1,0,179,51,5,0,27,208,1401,841,31,20,596,0.395561,43.483870967741936,0.6045994065281899,4.379821958456973,6.483870967741935,6.706467661691542,45.193548387096776,0.6002855103497502,4.3904354032833695,6.709677419354839,6.735576923076923
6686dbc482444f80adf5df7b,benchmark://cbench-v1/stringsearch,0,2,-loop-unroll,True,0.271533,2.042762,1cc5940263765514,38453130712a8fab,1348,1349,0.027242,0.026685,5904,5904,201,202,31,31,1348,1349,815,815,0,10,134,93,28,112,53,15,36,70,3,10,0,191,10,182,39,22,252,182,158,95,143,112,61,0,38,68,0,21,180,82,182,152,78,70,0,338,2,0,10,11,50,1,0,179,47,5,0,27,201,1348,815,31,20,570,0,10,135,94,28,113,53,15,36,70,3,10,0,192,10,183,39,21,253,182,158,95,143,113,61,0,38,68,0,21,181,82,183,152,78,70,0,338,2,0,10,11,50,1,0,179,47,5,0,27,202,1349,815,31,20,570,0.271533,43.483870967741936,0.6045994065281899,4.379821958456973,6.483870967741935,6.706467661691542,43.516129032258064,0.6041512231282431,4.376575240919199,6.516129032258065,6.678217821782178
6686dbc482444f80adf5df7b,benchmark://cbench-v1/stringsearch,0,3,-loop-vectorize,True,0.239445,1.921095,1cc5940263765514,38453130712a8fab,1348,1349,0.027242,0.026718,5904,5904,201,202,31,31,1348,1349,815,815,0,10,134,93,28,112,53,15,36,70,3,10,0,191,10,182,39,22,252,182,158,95,143,112,61,0,38,68,0,21,180,82,182,152,78,70,0,338,2,0,10,11,50,1,0,179,47,5,0,27,201,1348,815,31,20,570,0,10,135,94,28,113,53,15,36,70,3,10,0,192,10,183,39,21,253,182,158,95,143,113,61,0,38,68,0,21,181,82,183,152,78,70,0,338,2,0,10,11,50,1,0,179,47,5,0,27,202,1349,815,31,20,570,0.239445,43.483870967741936,0.6045994065281899,4.379821958456973,6.483870967741935,6.706467661691542,43.516129032258064,0.6041512231282431,4.376575240919199,6.516129032258065,6.678217821782178
6686dbc482444f80adf5df7b,benchmark://cbench-v1/stringsearch,0,4,-loop-deletion,True,0.635647,3.423351,1cc5940263765514,38453130712a8fab,1348,1349,0.027242,0.026309,5904,5904,201,202,31,31,1348,1349,815,815,0,10,134,93,28,112,53,15,36,70,3,10,0,191,10,182,39,22,252,182,158,95,143,112,61,0,38,68,0,21,180,82,182,152,78,70,0,338,2,0,10,11,50,1,0,179,47,5,0,27,201,1348,815,31,20,570,0,10,135,94,28,113,53,15,36,70,3,10,0,192,10,183,39,21,253,182,158,95,143,113,61,0,38,68,0,21,181,82,183,152,78,70,0,338,2,0,10,11,50,1,0,179,47,5,0,27,202,1349,815,31,20,570,0.635647,43.483870967741936,0.6045994065281899,4.379821958456973,6.483870967741935,6.706467661691542,43.516129032258064,0.6041512231282431,4.376575240919199,6.516129032258065,6.678217821782178
6686dbc482444f80adf5df7b,benchmark://cbench-v1/stringsearch,0,5,-loop-unswitch,True,0.786978,3.997141,1cc5940263765514,38453130712a8fab,1348,1349,0.027242,0.026153,5904,5904,201,202,31,31,1348,1349,815,815,0,10,134,93,28,112,53,15,36,70,3,10,0,191,10,182,39,22,252,182,158,95,143,112,61,0,38,68,0,21,180,82,182,152,78,70,0,338,2,0,10,11,50,1,0,179,47,5,0,27,201,1348,815,31,20,570,0,10,135,94,28,113,53,15,36,70,3,10,0,192,10,183,39,21,253,182,158,95,143,113,61,0,38,68,0,21,181,82,183,152,78,70,0,338,2,0,10,11,50,1,0,179,47,5,0,27,202,1349,815,31,20,570,0.786978,43.483870967741936,0.6045994065281899,4.379821958456973,6.483870967741935,6.706467661691542,43.516129032258064,0.6041512231282431,4.376575240919199,6.516129032258065,6.678217821782178
6686dbc482444f80adf5df7b,benchmark://cbench-v1/stringsearch,0,6,-loop-distribute,True,0.211731,1.816016,1cc5940263765514,daf32eee988e2a2b,1348,1348,0.027242,0.026747,5904,5904,201,201,31,31,1348,1348,815,815,0,10,134,93,28,112,53,15,36,70,3,10,0,191,10,182,39,22,252,182,158,95,143,112,61,0,38,68,0,21,180,82,182,152,78,70,0,338,2,0,10,11,50,1,0,179,47,5,0,27,201,1348,815,31,20,570,0,10,134,93,28,112,53,15,36,70,3,10,0,191,10,182,39,22,252,182,158,95,143,112,61,0,38,68,0,21,180,82,182,152,78,70,0,338,2,0,10,11,50,1,0,179,47,5,0,27,201,1348,815,31,20,570,0.211731,43.483870967741936,0.6045994065281899,4.379821958456973,6.483870967741935,6.706467661691542,43.483870967741936,0.6045994065281899,4.379821958456973,6.483870967741935,6.706467661691542
6686dbc482444f80adf5df7b,benchmark://cbench-v1/stringsearch,0,7,-indvars,True,-2.577387,-8.759305,1cc5940263765514,38453130712a8fab,1348,1349,0.027242,0.029628,5904,5904,201,202,31,31,1348,1349,815,815,0,10,134,93,28,112,53,15,36,70,3,10,0,191,10,182,39,22,252,182,158,95,143,112,61,0,38,68,0,21,180,82,182,152,78,70,0,338,2,0,10,11,50,1,0,179,47,5,0,27,201,1348,815,31,20,570,0,10,135,94,28,113,53,15,36,70,3,10,0,192,10,183,39,21,253,182,158,95,143,113,61,0,38,68,0,21,181,82,183,152,78,70,0,338,2,0,10,11,50,1,0,179,47,5,0,27,202,1349,815,31,20,570,-2.577387,43.483870967741936,0.6045994065281899,4.379821958456973,6.483870967741935,6.706467661691542,43.516129032258064,0.6041512231282431,4.376575240919199,6.516129032258065,6.678217821782178
661d79031b04bc4d0b41b768,benchmark://cbench-v1/stringsearch,1,0,-licm,True,1.440527,0.608904,efe62dbe8cd48f36,711be179f3221df4,1048,1212,0.025850,0.025692,6807,10102,201,202,31,31,1048,1212,585,600,0,10,134,93,28,112,53,15,36,70,3,10,0,191,10,182,37,22,252,170,150,92,131,112,50,0,38,68,0,12,189,41,182,150,69,66,0,118,0,0,10,11,38,1,0,180,37,5,0,26,201,1048,585,31,20,296,6,72,135,94,28,113,53,15,36,70,3,71,7,124,78,183,37,21,253,170,150,92,131,113,50,0,38,68,0,17,185,41,183,150,69,66,0,122,0,0,158,11,38,1,0,191,37,5,0,26,202,1212,600,31,225,300,1.440527,33.806451612903224,0.558206106870229,6.495229007633588,6.483870967741935,5.213930348258707,39.096774193548384,0.49504950495049505,8.334983498349835,6.516129032258065,6.0
661d79031b04bc4d0b41b768,benchmark://cbench-v1/stringsearch,1,1,-loop-rotate,True,0.322857,-2.225946,efe62dbe8cd48f36,73403938ecbb460f,1048,1130,0.025850,0.026425,6807,7793,201,208,31,31,1048,1130,585,604,0,10,134,93,28,112,53,15,36,70,3,10,0,191,10,182,37,22,252,170,150,92,131,112,50,0,38,68,0,12,189,41,182,150,69,66,0,118,0,0,10,11,38,1,0,180,37,5,0,26,201,1048,585,31,20,296,1,42,126,80,38,104,68,24,37,85,3,43,0,165,43,189,37,60,274,174,152,94,131,104,50,0,38,68,0,15,193,41,189,150,70,81,0,136,0,0,50,11,39,1,0,180,37,5,0,26,208,1130,604,31,83,315,0.322857,33.806451612903224,0.558206106870229,6.495229007633588,6.483870967741935,5.213930348258707,36.45161290322581,0.5345132743362832,6.896460176991151,6.709677419354839,5.4326923076923075
661d79031b04bc4d0b41b768,benchmark://cbench-v1/stringsearch,1,2,-loop-unroll,True,0.427720,-1.959972,efe62dbe8cd48f36,2321fd46fe8ed70b,1048,1068,0.025850,0.026357,6807,7090,201,202,31,31,1048,1068,585,585,0,10,134,93,28,112,53,15,36,70,3,10,0,191,10,182,37,22,252,170,150,92,131,112,50,0,38,68,0,12,189,41,182,150,69,66,0,118,0,0,10,11,38,1,0,180,37,5,0,26,201,1048,585,31,20,296,0,26,135,94,28,113,53,15,36,70,3,26,0,176,26,183,37,21,253,170,150,92,131,113,50,0,38,68,0,12,190,41,183,150,69,66,0,118,0,0,29,11,38,1,0,180,37,5,0,26,202,1068,585,31,41,296,0.427720,33.806451612903224,0.558206106870229,6.495229007633588,6.483870967741935,5.213930348258707,34.45161290322581,0.547752808988764,6.638576779026217,6.516129032258065,5.287128712871287
661d79031b04bc4d0b41b768,benchmark://cbench-v1/stringsearch,1,3,-loop-vectorize,True,0.439828,-1.929262,efe62dbe8cd48f36,8f0e70d8795d347d,1048,1064,0.025850,0.026349,6807,7011,201,202,31,31,1048,1064,585,585,0,10,134,93,28,112,53,15,36,70,3,10,0,191,10,182,37,22,252,170,150,92,131,112,50,0,38,68,0,12,189,41,182,150,69,66,0,118,0,0,10,11,38,1,0,180,37,5,0,26,201,1048,585,31,20,296,0,22,135,94,28,113,53,15,36,70,3,22,0,180,22,183,37,21,253,170,150,92,131,113,50,0,38,68,0,12,190,41,183,150,69,66,0,118,0,0,25,11,38,1,0,180,37,5,0,26,202,1064,585,31,37,296,0.439828,33.806451612903224,0.558206106870229,6.495229007633588,6.483870967741935,5.213930348258707,34.32258064516129,0.549812030075188,6.589285714285714,6.516129032258065,5.267326732673268
661d79031b04bc4d0b41b768,benchmark://cbench-v1/stringsearch,1,4,-loop-deletion,True,-0.384946,-4.021212,efe62dbe8cd48f36,6c1ad9a261a5387e,1048,1068,0.025850,0.026889,6807,7106,201,202,31,31,1048,1068,585,585,0,10,134,93,28,112,53,15,36,70,3,10,0,191,10,182,37,22,252,170,150,92,131,112,50,0,38,68,0,12,189,41,182,150,69,66,0,118,0,0,10,11,38,1,0,180,37,5,0,26,201,1048,585,31,20,296,0,26,135,94,28,113,53,15,36,70,3,26,0,176,26,183,37,21,253,170,150,92,131,113,50,0,38,68,0,12,190,41,183,150,69,66,0,118,0,0,29,11,38,1,0,180,37,5,0,26,202,1068,585,31,41,296,-0.384946,33.806451612903224,0.558206106870229,6.495229007633588,6.483870967741935,5.213930348258707,34.45161290322581,0.547752808988764,6.653558052434457,6.516129032258065,5.287128712871287
661d79031b04bc4d0b41b768,benchmark://cbench-v1/stringsearch,1,5,-loop-unswitch,True,0.430237,-1.953588,efe62dbe8cd48f36,2321fd46fe8ed70b,1048,1068,0.025850,0.026355,6807,7090,201,202,31,31,1048,1068,585,585,0,10,134,93,28,112,53,15,36,70,3,10,0,191,10,182,37,22,252,170,150,92,131,112,50,0,38,68,0,12,189,41,182,150,69,66,0,118,0,0,10,11,38,1,0,180,37,5,0,26,201,1048,585,31,20,296,0,26,135,94,28,113,53,15,36,70,3,26,0,176,26,183,37,21,253,170,150,92,131,113,50,0,38,68,0,12,190,41,183,150,69,66,0,118,0,0,29,11,38,1,0,180,37,5,0,26,202,1068,585,31,41,296,0.430237,33.806451612903224,0.558206106870229,6.495229007633588,6.483870967741935,5.213930348258707,34.45161290322581,0.547752808988764,6.638576779026217,6.516129032258065,5.287128712871287
661d79031b04bc4d0b41b768,benchmark://cbench-v1/stringsearch,1,6,-loop-distribute,True,-0.463502,-4.220462,efe62dbe8cd48f36,efe62dbe8cd48f36,1048,1048,0.025850,0.026941,6807,6807,201,201,31,31,1048,1048,585,585,0,10,134,93,28,112,53,15,36,70,3,10,0,191,10,182,37,22,252,170,150,92,131,112,50,0,38,68,0,12,189,41,182,150,69,66,0,118,0,0,10,11,38,1,0,180,37,5,0,26,201,1048,585,31,20,296,0,10,134,93,28,112,53,15,36,70,3,10,0,191,10,182,37,22,252,170,150,92,131,112,50,0,38,68,0,12,189,41,182,150,69,66,0,118,0,0,10,11,38,1,0,180,37,5,0,26,201,1048,585,31,20,296,-0.463502,33.806451612903224,0.558206106870229,6.495229007633588,6.483870967741935,5.213930348258707,33.806451612903224,0.558206106870229,6.495229007633588,6.483870967741935,5.213930348258707
661d79031b04bc4d0b41b768,benchmark://cbench-v1/stringsearch,1,7,-indvars,True,-2.212720,-8.657165,efe62dbe8cd48f36,4f6739e8d26e3c14,1048,1068,0.025850,0.028088,6807,7026,201,202,31,31,1048,1068,585,585,0,10,134,93,28,112,53,15,36,70,3,10,0,191,10,182,37,22,252,170,150,92,131,112,50,0,38,68,0,12,189,41,182,150,69,66,0,118,0,0,10,11,38,1,0,180,37,5,0,26,201,1048,585,31,20,296,0,25,135,94,28,113,53,15,36,70,3,25,0,177,25,183,37,21,253,171,150,92,131,113,51,0,39,68,0,12,190,41,183,150,69,66,0,118,0,0,28,11,38,1,0,180,37,5,0,26,202,1068,585,31,40,296,-2.212720,33.806451612903224,0.558206106870229,6.495229007633588,6.483870967741935,5.213930348258707,34.45161290322581,0.547752808988764,6.578651685393258,6.516129032258065,5.287128712871287
df173722ae05276988361c65,benchmark://cbench-v1/stringsearch,2,0,-licm,True,0.524710,3.517306,9e71b9644cb9ff5d,9e71b9644cb9ff5d,1241,1241,0.027424,0.026459,11708,11708,188,188,31,31,1241,1241,588,588,17,67,121,80,28,99,53,15,36,70,3,66,18,104,84,169,37,19,239,185,163,120,124,99,57,0,52,68,0,17,171,41,169,150,69,66,0,110,0,0,206,11,38,1,0,191,30,5,0,26,188,1241,588,31,320,288,17,67,121,80,28,99,53,15,36,70,3,66,18,104,84,169,37,19,239,185,163,120,124,99,57,0,52,68,0,17,171,41,169,150,69,66,0,110,0,0,206,11,38,1,0,191,30,5,0,26,188,1241,588,31,320,288,0.524710,40.03225806451613,0.47381144238517325,9.434327155519743,6.064516129032258,6.601063829787234,40.03225806451613,0.47381144238517325,9.434327155519743,6.064516129032258,6.601063829787234
df173722ae05276988361c65,benchmark://cbench-v1/stringsearch,2,1,-loop-rotate,True,0.675471,4.905876,9e71b9644cb9ff5d,5936123ba70e1da4,1241,1262,0.027424,0.026078,11708,11650,188,185,31,31,1241,1262,588,592,17,67,121,80,28,99,53,15,36,70,3,66,18,104,84,169,37,19,239,185,163,120,124,99,57,0,52,68,0,17,171,41,169,150,69,66,0,110,0,0,206,11,38,1,0,191,30,5,0,26,188,1241,588,31,320,288,20,78,107,70,29,85,64,12,45,81,3,81,17,87,98,166,37,55,247,192,168,132,124,85,57,0,52,68,0,18,167,41,166,150,70,77,0,113,0,0,215,11,38,1,0,191,30,5,0,26,185,1262,592,31,338,291,0.675471,40.03225806451613,0.47381144238517325,9.434327155519743,6.064516129032258,6.601063829787234,40.70967741935484,0.46909667194928684,9.231378763866879,5.967741935483871,6.821621621621621
df173722ae05276988361c65,benchmark://cbench-v1/stringsearch,2,2,-loop-unroll,True,-2.392488,-23.351271,9e71b9644cb9ff5d,9e71b9644cb9ff5d,1241,1241,0.027424,0.033827,11708,11708,188,188,31,31,1241,1241,588,588,17,67,121,80,28,99,53,15,36,70,3,66,18,104,84,169,37,19,239,185,163,120,124,99,57,0,52,68,0,17,171,41,169,150,69,66,0,110,0,0,206,11,38,1,0,191,30,5,0,26,188,1241,588,31,320,288,17,67,121,80,28,99,53,15,36,70,3,66,18,104,84,169,37,19,239,185,163,120,124,99,57,0,52,68,0,17,171,41,169,150,69,66,0,110,0,0,206,11,38,1,0,191,30,5,0,26,188,1241,588,31,320,288,-2.392488,40.03225806451613,0.47381144238517325,9.434327155519743,6.064516129032258,6.601063829787234,40.03225806451613,0.47381144238517325,9.434327155519743,6.064516129032258,6.601063829787234
df173722ae05276988361c65,benchmark://cbench-v1/stringsearch,2,3,-loop-vectorize,True,-0.740521,-8.135983,9e71b9644cb9ff5d,9e71b9644cb9ff5d,1241,1241,0.027424,0.029655,11708,11708,188,188,31,31,1241,1241,588,588,17,67,121,80,28,99,53,15,36,70,3,66,18,104,84,169,37,19,239,185,163,120,124,99,57,0,52,68,0,17,171,41,169,150,69,66,0,110,0,0,206,11,38,1,0,191,30,5,0,26,188,1241,588,31,320,288,17,67,121,80,28,99,53,15,36,70,3,66,18,104,84,169,37,19,239,185,163,120,124,99,57,0,52,68,0,17,171,41,169,150,69,66,0,110,0,0,206,11,38,1,0,191,30,5,0,26,188,1241,588,31,320,288,-0.740521,40.03225806451613,0.47381144238517325,9.434327155519743,6.064516129032258,6.601063829787234,40.03225806451613,0.47381144238517325,9.434327155519743,6.064516129032258,6.601063829787234
df173722ae05276988361c65,benchmark://cbench-v1/stringsearch,2,4,-loop-deletion,True,0.322161,1.651752,9e71b9644cb9ff5d,9e71b9644cb9ff5d,1241,1241,0.027424,0.026971,11708,11708,188,188,31,31,1241,1241,588,588,17,67,121,80,28,99,53,15,36,70,3,66,18,104,84,169,37,19,239,185,163,120,124,99,57,0,52,68,0,17,171,41,169,150,69,66,0,110,0,0,206,11,38,1,0,191,30,5,0,26,188,1241,588,31,320,288,17,67,121,80,28,99,53,15,36,70,3,66,18,104,84,169,37,19,239,185,163,120,124,99,57,0,52,68,0,17,171,41,169,150,69,66,0,110,0,0,206,11,38,1,0,191,30,5,0,26,188,1241,588,31,320,288,0.322161,40.03225806451613,0.47381144238517325,9.434327155519743,6.064516129032258,6.601063829787234,40.03225806451613,0.47381144238517325,9.434327155519743,6.064516129032258,6.601063829787234
df173722ae05276988361c65,benchmark://cbench-v1/stringsearch,2,5,-loop-unswitch,True,0.426506,2.612811,9e71b9644cb9ff5d,9e71b9644cb9ff5d,1241,1241,0.027424,0.026707,11708,11708,188,188,31,31,1241,1241,588,588,17,67,121,80,28,99,53,15,36,70,3,66,18,104,84,169,37,19,239,185,163,120,124,99,57,0,52,68,0,17,171,41,169,150,69,66,0,110,0,0,206,11,38,1,0,191,30,5,0,26,188,1241,588,31,320,288,17,67,121,80,28,99,53,15,36,70,3,66,18,104,84,169,37,19,239,185,163,120,124,99,57,0,52,68,0,17,171,41,169,150,69,66,0,110,0,0,206,11,38,1,0,191,30,5,0,26,188,1241,588,31,320,288,0.426506,40.03225806451613,0.47381144238517325,9.434327155519743,6.064516129032258,6.601063829787234,40.03225806451613,0.47381144238517325,9.434327155519743,6.064516129032258,6.601063829787234
df173722ae05276988361c65,benchmark://cbench-v1/stringsearch,2,6,-loop-distribute,True,0.524117,3.511845,9e71b9644cb9ff5d,9e71b9644cb9ff5d,1241,1241,0.027424,0.026460,11708,11708,188,188,31,31,1241,1241,588,588,17,67,121,80,28,99,53,15,36,70,3,66,18,104,84,169,37,19,239,185,163,120,124,99,57,0,52,68,0,17,171,41,169,150,69,66,0,110,0,0,206,11,38,1,0,191,30,5,0,26,188,1241,588,31,320,288,17,67,121,80,28,99,53,15,36,70,3,66,18,104,84,169,37,19,239,185,163,120,124,99,57,0,52,68,0,17,171,41,169,150,69,66,0,110,0,0,206,11,38,1,0,191,30,5,0,26,188,1241,588,31,320,288,0.524117,40.03225806451613,0.47381144238517325,9.434327155519743,6.064516129032258,6.601063829787234,40.03225806451613,0.47381144238517325,9.434327155519743,6.064516129032258,6.601063829787234
df173722ae05276988361c65,benchmark://cbench-v1/stringsearch,2,7,-indvars,True,0.660044,4.763785,9e71b9644cb9ff5d,3c24cc57788c23c1,1241,1265,0.027424,0.026117,11708,12303,188,188,31,31,1241,1265,588,588,17,67,121,80,28,99,53,15,36,70,3,66,18,104,84,169,37,19,239,185,163,120,124,99,57,0,52,68,0,17,171,41,169,150,69,66,0,110,0,0,206,11,38,1,0,191,30,5,0,26,188,1241,588,31,320,288,17,67,121,80,28,99,53,15,36,70,3,67,17,104,84,169,37,19,239,154,197,119,124,99,61,0,56,68,0,16,172,41,169,150,69,66,0,110,0,0,205,11,35,1,0,191,30,29,0,26,188,1265,588,31,318,309,0.660044,40.03225806451613,0.47381144238517325,9.434327155519743,6.064516129032258,6.601063829787234,40.806451612903224,0.46482213438735176,9.725691699604743,6.064516129032258,6.7287234042553195
996f46068f2badf46cfc197b,benchmark://cbench-v1/qsort,0,0,-licm,True,1.098379,2.396881,d205025726f2ef82,3462d172b0867407,638,634,0.035645,0.034791,3113,5723,85,86,16,16,638,634,402,325,0,4,54,39,12,46,23,6,12,31,2,4,0,81,4,77,13,15,108,106,75,51,71,46,15,0,9,46,0,13,72,51,77,81,39,31,0,163,2,0,4,6,13,1,0,73,8,1,0,15,85,638,402,16,10,298,9,21,54,39,12,47,24,6,13,31,2,23,7,56,30,78,13,15,109,106,75,51,71,47,15,0,9,46,0,10,76,51,78,81,39,31,0,94,2,0,76,6,13,1,0,65,8,1,0,15,86,634,325,16,137,229,1.098379,39.875,0.6300940438871473,4.879310344827586,5.3125,7.5058823529411764,39.625,0.5126182965299685,9.026813880126182,5.375,7.372093023255814
996f46068f2badf46cfc197b,benchmark://cbench-v1/qsort,0,1,-loop-rotate,True,-2.217562,-2.065321,d205025726f2ef82,f5cfd1f51e34f246,638,660,0.035645,0.036381,3113,3215,85,91,16,16,638,660,402,412,0,4,54,39,12,46,23,6,12,31,2,4,0,81,4,77,13,15,108,106,75,51,71,46,15,0,9,46,0,13,72,51,77,81,39,31,0,163,2,0,4,6,13,1,0,73,8,1,0,15,85,638,402,16,10,298,0,4,54,35,17,47,29,11,12,36,2,4,0,87,4,83,13,25,119,108,75,52,71,47,16,0,10,46,0,13,78,51,83,81,39,36,0,172,2,0,4,6,13,1,0,74,8,1,0,15,91,660,412,16,10,307,-2.217562,39.875,0.6300940438871473,4.879310344827586,5.3125,7.5058823529411764,41.25,0.6242424242424243,4.871212121212121,5.6875,7.252747252747253
996f46068f2badf46cfc197b,benchmark://cbench-v1/qsort,0,2,-loop-unroll,True,0.654153,1.799095,d205025726f2ef82,f78a5af9e2e43f4c,638,639,0.035645,0.035004,3113,3113,85,86,16,16,638,639,402,402,0,4,54,39,12,46,23,6,12,31,2,4,0,81,4,77,13,15,108,106,75,51,71,46,15,0,9,46,0,13,72,51,77,81,39,31,0,163,2,0,4,6,13,1,0,73,8,1,0,15,85,638,402,16,10,298,0,4,54,39,12,47,24,6,13,31,2,4,0,82,4,78,13,15,109,106,75,51,71,47,15,0,9,46,0,13,73,51,78,81,39,31,0,163,2,0,4,6,13,1,0,73,8,1,0,15,86,639,402,16,10,298,0.654153,39.875,0.6300940438871473,4.879310344827586,5.3125,7.5058823529411764,39.9375,0.6291079812206573,4.871674491392802,5.375,7.430232558139535
996f46068f2badf46cfc197b,benchmark://cbench-v1/qsort,0,3,-loop-vectorize,True,1.031285,2.306594,d205025726f2ef82,f78a5af9e2e43f4c,638,639,0.035645,0.034823,3113,3113,85,86,16,16,638,639,402,402,0,4,54,39,12,46,23,6,12,31,2,4,0,81,4,77,13,15,108,106,75,51,71,46,15,0,9,46,0,13,72,51,77,81,39,31,0,163,2,0,4,6,13,1,0,73,8,1,0,15,85,638,402,16,10,298,0,4,54,39,12,47,24,6,13,31,2,4,0,82,4,78,13,15,109,106,75,51,71,47,15,0,9,46,0,13,73,51,78,81,39,31,0,163,2,0,4,6,13,1,0,73,8,1,0,15,86,639,402,16,10,298,1.031285,39.875,0.6300940438871473,4.879310344827586,5.3125,7.5058823529411764,39.9375,0.6291079812206573,4.871674491392802,5.375,7.430232558139535
996f46068f2badf46cfc197b,benchmark://cbench-v1/qsort,0,4,-loop-deletion,True,-0.078973,0.812540,d205025726f2ef82,f78a5af9e2e43f4c,638,639,0.035645,0.035355,3113,3113,85,86,16,16,638,639,402,402,0,4,54,39,12,46,23,6,12,31,2,4,0,81,4,77,13,15,108,106,75,51,71,46,15,0,9,46,0,13,72,51,77,81,39,31,0,163,2,0,4,6,13,1,0,73,8,1,0,15,85,638,402,16,10,298,0,4,54,39,12,47,24,6,13,31,2,4,0,82,4,78,13,15,109,106,75,51,71,47,15,0,9,46,0,13,73,51,78,81,39,31,0,163,2,0,4,6,13,1,0,73,8,1,0,15,86,639,402,16,10,298,-0.078973,39.875,0.6300940438871473,4.879310344827586,5.3125,7.5058823529411764,39.9375,0.6291079812206573,4.871674491392802,5.375,7.430232558139535
996f46068f2badf46cfc197b,benchmark://cbench-v1/qsort,0,5,-loop-unswitch,True,-0.075731,0.816903,d205025726f2ef82,f78a5af9e2e43f4c,638,639,0.035645,0.035354,3113,3113,85,86,16,16,638,639,402,402,0,4,54,39,12,46,23,6,12,31,2,4,0,81,4,77,13,15,108,106,75,51,71,46,15,0,9,46,0,13,72,51,77,81,39,31,0,163,2,0,4,6,13,1,0,73,8,1,0,15,85,638,402,16,10,298,0,4,54,39,12,47,24,6,13,31,2,4,0,82,4,78,13,15,109,106,75,51,71,47,15,0,9,46,0,13,73,51,78,81,39,31,0,163,2,0,4,6,13,1,0,73,8,1,0,15,86,639,402,16,10,298,-0.075731,39.875,0.6300940438871473,4.879310344827586,5.3125,7.5058823529411764,39.9375,0.6291079812206573,4.871674491392802,5.375,7.430232558139535
996f46068f2badf46cfc197b,benchmark://cbench-v1/qsort,0,6,-loop-distribute,True,-0.585155,0.131380,d205025726f2ef82,d9895230b8d46c5e,638,638,0.035645,0.035598,3113,3113,85,85,16,16,638,638,402,402,0,4,54,39,12,46,23,6,12,31,2,4,0,81,4,77,13,15,108,106,75,51,71,46,15,0,9,46,0,13,72,51,77,81,39,31,0,163,2,0,4,6,13,1,0,73,8,1,0,15,85,638,402,16,10,298,0,4,54,39,12,46,23,6,12,31,2,4,0,81,4,77,13,15,108,106,75,51,71,46,15,0,9,46,0,13,72,51,77,81,39,31,0,163,2,0,4,6,13,1,0,73,8,1,0,15,85,638,402,16,10,298,-0.585155,39.875,0.6300940438871473,4.879310344827586,5.3125,7.5058823529411764,39.875,0.6300940438871473,4.879310344827586,5.3125,7.5058823529411764
996f46068f2badf46cfc197b,benchmark://cbench-v1/qsort,0,7,-indvars,True,0.173605,1.152430,d205025726f2ef82,f78a5af9e2e43f4c,638,639,0.035645,0.035234,3113,3113,85,86,16,16,638,639,402,402,0,4,54,39,12,46,23,6,12,31,2,4,0,81,4,77,13,15,108,106,75,51,71,46,15,0,9,46,0,13,72,51,77,81,39,31,0,163,2,0,4,6,13,1,0,73,8,1,0,15,85,638,402,16,10,298,0,4,54,39,12,47,24,6,13,31,2,4,0,82,4,78,13,15,109,106,75,51,71,47,15,0,9,46,0,13,73,51,78,81,39,31,0,163,2,0,4,6,13,1,0,73,8,1,0,15,86,639,402,16,10,298,0.173605,39.875,0.6300940438871473,4.879310344827586,5.3125,7.5058823529411764,39.9375,0.6291079812206573,4.871674491392802,5.375,7.430232558139535
375ffc1c6030973048177fcc,benchmark://cbench-v1/qsort,1,0,-licm,True,-0.678632,-4.576461,92d179ff6af65604,12b13b2a4dab0fac,462,522,0.034666,0.036253,3189,5332,85,86,16,16,462,522,274,264,0,4,54,39,12,46,23,6,12,31,2,4,0,81,4,77,13,15,108,105,67,43,70,46,12,0,8,46,0,6,79,27,77,81,34,30,0,40,2,0,4,6,5,1,0,73,6,1,0,5,85,462,274,16,10,131,7,23,54,39,12,47,24,6,13,31,2,23,7,56,30,78,13,15,109,105,67,43,70,47,12,0,8,46,0,8,78,27,78,81,34,30,0,38,2,0,73,6,5,1,0,65,6,1,0,5,86,522,264,16,125,129,-0.678632,28.875,0.5930735930735931,6.902597402597403,5.3125,5.435294117647059,32.625,0.5057471264367817,10.21455938697318,5.375,6.069767441860465
375ffc1c6030973048177fcc,benchmark://cbench-v1/qsort,1,1,-loop-rotate,True,-2.293736,-8.857548,92d179ff6af65604,636576bb9e06f6ff,462,492,0.034666,0.037737,3189,3744,85,91,16,16,462,492,274,281,0,4,54,39,12,46,23,6,12,31,2,4,0,81,4,77,13,15,108,105,67,43,70,46,12,0,8,46,0,6,79,27,77,81,34,30,0,40,2,0,4,6,5,1,0,73,6,1,0,5,85,462,274,16,10,131,0,11,54,35,17,47,29,11,12,36,2,11,0,80,11,83,13,25,119,107,67,44,70,47,13,0,9,46,0,7,84,27,83,81,34,35,0,46,2,0,15,6,5,1,0,74,6,1,0,5,91,492,281,16,26,137,-2.293736,28.875,0.5930735930735931,6.902597402597403,5.3125,5.435294117647059,30.75,0.5711382113821138,7.609756097560975,5.6875,5.406593406593407
375ffc1c6030973048177fcc,benchmark://cbench-v1/qsort,1,2,-loop-unroll,True,-0.026433,-2.847707,92d179ff6af65604,4421d20c8a2972bf,462,469,0.034666,0.035653,3189,3493,85,86,16,16,462,469,274,274,0,4,54,39,12,46,23,6,12,31,2,4,0,81,4,77,13,15,108,105,67,43,70,46,12,0,8,46,0,6,79,27,77,81,34,30,0,40,2,0,4,6,5,1,0,73,6,1,0,5,85,462,274,16,10,131,0,7,54,39,12,47,24,6,13,31,2,7,0,79,7,78,13,15,109,105,67,43,70,47,12,0,8,46,0,6,80,27,78,81,34,30,0,40,2,0,10,6,5,1,0,73,6,1,0,5,86,469,274,16,16,131,-0.026433,28.875,0.5930735930735931,6.902597402597403,5.3125,5.435294117647059,29.3125,0.5842217484008528,7.447761194029851,5.375,5.453488372093023
375ffc1c6030973048177fcc,benchmark://cbench-v1/qsort,1,3,-loop-vectorize,True,0.206731,-2.229669,92d179ff6af65604,933d3eaeb58ee50f,462,469,0.034666,0.035439,3189,3493,85,86,16,16,462,469,274,274,0,4,54,39,12,46,23,6,12,31,2,4,0,81,4,77,13,15,108,105,67,43,70,46,12,0,8,46,0,6,79,27,77,81,34,30,0,40,2,0,4,6,5,1,0,73,6,1,0,5,85,462,274,16,10,131,0,7,54,39,12,47,24,6,13,31,2,7,0,79,7,78,13,15,109,105,67,43,70,47,12,0,8,46,0,6,80,27,78,81,34,30,0,40,2,0,10,6,5,1,0,73,6,1,0,5,86,469,274,16,16,131,0.206731,28.875,0.5930735930735931,6.902597402597403,5.3125,5.435294117647059,29.3125,0.5842217484008528,7.447761194029851,5.375,5.453488372093023
375ffc1c6030973048177fcc,benchmark://cbench-v1/qsort,1,4,-loop-deletion,True,1.034764,-0.034839,92d179ff6af65604,f08b56e372e31f95,462,469,0.034666,0.034678,3189,3493,85,86,16,16,462,469,274,274,0,4,54,39,12,46,23,6,12,31,2,4,0,81,4,77,13,15,108,105,67,43,70,46,12,0,8,46,0,6,79,27,77,81,34,30,0,40,2,0,4,6,5,1,0,73,6,1,0,5,85,462,274,16,10,131,0,7,54,39,12,47,24,6,13,31,2,7,0,79,7,78,13,15,109,105,67,43,70,47,12,0,8,46,0,6,80,27,78,81,34,30,0,40,2,0,10,6,5,1,0,73,6,1,0,5,86,469,274,16,16,131,1.034764,28.875,0.5930735930735931,6.902597402597403,5.3125,5.435294117647059,29.3125,0.5842217484008528,7.447761194029851,5.375,5.453488372093023
375ffc1c6030973048177fcc,benchmark://cbench-v1/qsort,1,5,-loop-unswitch,True,0.330687,-1.901106,92d179ff6af65604,4421d20c8a2972bf,462,469,0.034666,0.035325,3189,3493,85,86,16,16,462,469,274,274,0,4,54,39,12,46,23,6,12,31,2,4,0,81,4,77,13,15,108,105,67,43,70,46,12,0,8,46,0,6,79,27,77,81,34,30,0,40,2,0,4,6,5,1,0,73,6,1,0,5,85,462,274,16,10,131,0,7,54,39,12,47,24,6,13,31,2,7,0,79,7,78,13,15,109,105,67,43,70,47,12,0,8,46,0,6,80,27,78,81,34,30,0,40,2,0,10,6,5,1,0,73,6,1,0,5,86,469,274,16,16,131,0.330687,28.875,0.5930735930735931,6.902597402597403,5.3125,5.435294117647059,29.3125,0.5842217484008528,7.447761194029851,5.375,5.453488372093023
375ffc1c6030973048177fcc,benchmark://cbench-v1/qsort,1,6,-loop-distribute,True,0.849479,-0.525965,92d179ff6af65604,92d179ff6af65604,462,462,0.034666,0.034849,3189,3189,85,85,16,16,462,462,274,274,0,4,54,39,12,46,23,6,12,31,2,4,0,81,4,77,13,15,108,105,67,43,70,46,12,0,8,46,0,6,79,27,77,81,34,30,0,40,2,0,4,6,5,1,0,73,6,1,0,5,85,462,274,16,10,131,0,4,54,39,12,46,23,6,12,31,2,4,0,81,4,77,13,15,108,105,67,43,70,46,12,0,8,46,0,6,79,27,77,81,34,30,0,40,2,0,4,6,5,1,0,73,6,1,0,5,85,462,274,16,10,131,0.849479,28.875,0.5930735930735931,6.902597402597403,5.3125,5.435294117647059,28.875,0.5930735930735931,6.902597402597403,5.3125,5.435294117647059
375ffc1c6030973048177fcc,benchmark://cbench-v1/qsort,1,7,-indvars,True,0.577140,-1.247842,92d179ff6af65604,4421d20c8a2972bf,462,469,0.034666,0.035099,3189,3493,85,86,16,16,462,469,274,274,0,4,54,39,12,46,23,6,12,31,2,4,0,81,4,77,13,15,108,105,67,43,70,46,12,0,8,46,0,6,79,27,77,81,34,30,0,40,2,0,4,6,5,1,0,73,6,1,0,5,85,462,274,16,10,131,0,7,54,39,12,47,24,6,13,31,2,7,0,79,7,78,13,15,109,105,67,43,70,47,12,0,8,46,0,6,80,27,78,81,34,30,0,40,2,0,10,6,5,1,0,73,6,1,0,5,86,469,274,16,16,131,0.577140,28.875,0.5930735930735931,6.902597402597403,5.3125,5.435294117647059,29.3125,0.5842217484008528,7.447761194029851,5.375,5.453488372093023
956f785118ec2205bd08de4c,benchmark://cbench-v1/qsort,2,0,-licm,True,0.912995,1.879996,8731b3a2099fd01c,8688ed0ff41dc5b5,563,564,0.035454,0.034788,6664,6688,80,80,16,16,563,564,258,258,13,22,47,34,10,41,26,6,15,31,1,22,13,45,35,72,13,15,103,110,68,48,71,41,12,0,8,46,0,9,71,27,72,81,34,30,0,32,2,0,126,6,5,1,0,65,6,1,0,5,80,563,258,16,199,123,13,22,47,34,10,41,26,6,15,31,1,22,13,45,35,72,13,15,103,110,68,48,71,41,12,0,8,46,0,9,71,27,72,81,34,30,0,32,2,0,124,6,5,1,0,65,6,4,0,5,80,564,258,16,197,126,0.912995,35.1875,0.458259325044405,11.83658969804618,5.0,7.0375,35.25,0.4574468085106383,11.858156028368795,5.0,7.05
956f785118ec2205bd08de4c,benchmark://cbench-v1/qsort,2,1,-loop-rotate,True,0.842898,1.719863,8731b3a2099fd01c,99d8428749a4e743,563,594,0.035454,0.034844,6664,7151,80,86,16,16,563,594,258,260,13,22,47,34,10,41,26,6,15,31,1,22,13,45,35,72,13,15,103,110,68,48,71,41,12,0,8,46,0,9,71,27,72,81,34,30,0,32,2,0,126,6,5,1,0,65,6,1,0,5,80,563,258,16,199,123,15,26,47,32,13,41,32,9,17,37,1,28,13,45,41,78,13,27,115,114,70,51,72,41,14,0,10,46,0,11,75,27,78,81,34,36,0,33,2,0,137,6,5,1,0,66,7,2,0,5,86,594,260,16,221,126,0.842898,35.1875,0.458259325044405,11.83658969804618,5.0,7.0375,37.125,0.4377104377104377,12.038720538720538,5.375,6.906976744186046
956f785118ec2205bd08de4c,benchmark://cbench-v1/qsort,2,2,-loop-unroll,True,0.126381,0.083029,8731b3a2099fd01c,8731b3a2099fd01c,563,563,0.035454,0.035425,6664,6664,80,80,16,16,563,563,258,258,13,22,47,34,10,41,26,6,15,31,1,22,13,45,35,72,13,15,103,110,68,48,71,41,12,0,8,46,0,9,71,27,72,81,34,30,0,32,2,0,126,6,5,1,0,65,6,1,0,5,80,563,258,16,199,123,13,22,47,34,10,41,26,6,15,31,1,22,13,45,35,72,13,15,103,110,68,48,71,41,12,0,8,46,0,9,71,27,72,81,34,30,0,32,2,0,126,6,5,1,0,65,6,1,0,5,80,563,258,16,199,123,0.126381,35.1875,0.458259325044405,11.83658969804618,5.0,7.0375,35.1875,0.458259325044405,11.83658969804618,5.0,7.0375
956f785118ec2205bd08de4c,benchmark://cbench-v1/qsort,2,3,-loop-vectorize,True,0.424835,0.764827,8731b3a2099fd01c,8731b3a2099fd01c,563,563,0.035454,0.035183,6664,6664,80,80,16,16,563,563,258,258,13,22,47,34,10,41,26,6,15,31,1,22,13,45,35,72,13,15,103,110,68,48,71,41,12,0,8,46,0,9,71,27,72,81,34,30,0,32,2,0,126,6,5,1,0,65,6,1,0,5,80,563,258,16,199,123,13,22,47,34,10,41,26,6,15,31,1,22,13,45,35,72,13,15,103,110,68,48,71,41,12,0,8,46,0,9,71,27,72,81,34,30,0,32,2,0,126,6,5,1,0,65,6,1,0,5,80,563,258,16,199,123,0.424835,35.1875,0.458259325044405,11.83658969804618,5.0,7.0375,35.1875,0.458259325044405,11.83658969804618,5.0,7.0375
956f785118ec2205bd08de4c,benchmark://cbench-v1/qsort,2,4,-loop-deletion,True,-0.636038,-1.658668,8731b3a2099fd01c,8731b3a2099fd01c,563,563,0.035454,0.036042,6664,6664,80,80,16,16,563,563,258,258,13,22,47,34,10,41,26,6,15,31,1,22,13,45,35,72,13,15,103,110,68,48,71,41,12,0,8,46,0,9,71,27,72,81,34,30,0,32,2,0,126,6,5,1,0,65,6,1,0,5,80,563,258,16,199,123,13,22,47,34,10,41,26,6,15,31,1,22,13,45,35,72,13,15,103,110,68,48,71,41,12,0,8,46,0,9,71,27,72,81,34,30,0,32,2,0,126,6,5,1,0,65,6,1,0,5,80,563,258,16,199,123,-0.636038,35.1875,0.458259325044405,11.83658969804618,5.0,7.0375,35.1875,0.458259325044405,11.83658969804618,5.0,7.0375
956f785118ec2205bd08de4c,benchmark://cbench-v1/qsort,2,5,-loop-unswitch,True,-2.295011,-5.448480,8731b3a2099fd01c,8731b3a2099fd01c,563,563,0.035454,0.037386,6664,6664,80,80,16,16,563,563,258,258,13,22,47,34,10,41,26,6,15,31,1,22,13,45,35,72,13,15,103,110,68,48,71,41,12,0,8,46,0,9,71,27,72,81,34,30,0,32,2,0,126,6,5,1,0,65,6,1,0,5,80,563,258,16,199,123,13,22,47,34,10,41,26,6,15,31,1,22,13,45,35,72,13,15,103,110,68,48,71,41,12,0,8,46,0,9,71,27,72,81,34,30,0,32,2,0,126,6,5,1,0,65,6,1,0,5,80,563,258,16,199,123,-2.295011,35.1875,0.458259325044405,11.83658969804618,5.0,7.0375,35.1875,0.458259325044405,11.83658969804618,5.0,7.0375
956f785118ec2205bd08de4c,benchmark://cbench-v1/qsort,2,6,-loop-distribute,True,0.755387,1.519950,8731b3a2099fd01c,8731b3a2099fd01c,563,563,0.035454,0.034915,6664,6664,80,80,16,16,563,563,258,258,13,22,47,34,10,41,26,6,15,31,1,22,13,45,35,72,13,15,103,110,68,48,71,41,12,0,8,46,0,9,71,27,72,81,34,30,0,32,2,0,126,6,5,1,0,65,6,1,0,5,80,563,258,16,199,123,13,22,47,34,10,41,26,6,15,31,1,22,13,45,35,72,13,15,103,110,68,48,71,41,12,0,8,46,0,9,71,27,72,81,34,30,0,32,2,0,126,6,5,1,0,65,6,1,0,5,80,563,258,16,199,123,0.755387,35.1875,0.458259325044405,11.83658969804618,5.0,7.0375,35.1875,0.458259325044405,11.83658969804618,5.0,7.0375
956f785118ec2205bd08de4c,benchmark://cbench-v1/qsort,2,7,-indvars,True,-0.131447,-0.505962,8731b3a2099fd01c,efe3961a356bb4b9,563,564,0.035454,0.035633,6664,6712,80,80,16,16,563,564,258,258,13,22,47,34,10,41,26,6,15,31,1,22,13,45,35,72,13,15,103,110,68,48,71,41,12,0,8,46,0,9,71,27,72,81,34,30,0,32,2,0,126,6,5,1,0,65,6,1,0,5,80,563,258,16,199,123,13,22,47,34,10,41,26,6,15,31,1,22,13,45,35,72,13,15,103,106,73,49,71,41,13,0,8,46,0,9,71,27,72,81,34,30,0,32,2,0,123,6,5,1,0,65,7,4,0,5,80,564,258,16,195,126,-0.131447,35.1875,0.458259325044405,11.83658969804618,5.0,7.0375,35.25,0.4574468085106383,11.900709219858156,5.0,7.05
1c6581bca25831849a48ca86,benchmark://cbench-v1/sha,0,0,-licm,True,1.003493,2.961517,c47686e9823c10c6,516fc5a7801b38cc,799,836,0.002319,0.002251,3533,5260,68,68,20,20,799,836,549,518,0,0,42,34,3,40,17,3,11,18,0,0,0,68,0,58,8,3,76,168,181,147,69,40,46,0,36,39,6,20,48,49,58,71,104,19,10,225,0,11,0,9,21,0,10,110,7,3,8,1,68,799,549,20,0,338,7,11,42,34,3,40,17,3,11,18,0,8,10,50,18,58,8,3,76,168,181,147,69,40,46,0,36,39,6,24,44,49,58,71,104,19,10,191,0,11,68,9,21,0,10,113,7,3,8,1,68,836,518,20,100,304,1.003493,39.95,0.6871088861076345,4.421777221526908,3.4,11.75,41.8,0.6196172248803827,6.291866028708134,3.4,12.294117647058824
1c6581bca25831849a48ca86,benchmark://cbench-v1/sha,0,1,-loop-rotate,True,-0.134734,-5.080547,c47686e9823c10c6,bcb3a16cace2c642,799,839,0.002319,0.002437,3533,3783,68,79,20,20,799,839,549,565,0,0,42,34,3,40,17,3,11,18,0,0,0,68,0,58,8,3,76,168,181,147,69,40,46,0,36,39,6,20,48,49,58,71,104,19,10,225,0,11,0,9,21,0,10,110,7,3,8,1,68,799,549,20,0,338,0,0,42,28,13,40,28,12,9,29,0,0,0,79,0,69,9,25,98,178,183,149,70,40,47,0,37,39,6,21,58,49,69,72,104,30,10,238,0,11,0,9,21,0,10,112,7,4,8,1,79,839,565,20,0,352,-0.134734,39.95,0.6871088861076345,4.421777221526908,3.4,11.75,41.95,0.6734207389749702,4.508939213349225,3.95,10.620253164556962
1c6581bca25831849a48ca86,benchmark://cbench-v1/sha,0,2,-loop-unroll,True,0.629199,0.316967,c47686e9823c10c6,b2cf250f45f476a8,799,799,0.002319,0.002312,3533,3533,68,68,20,20,799,799,549,549,0,0,42,34,3,40,17,3,11,18,0,0,0,68,0,58,8,3,76,168,181,147,69,40,46,0,36,39,6,20,48,49,58,71,104,19,10,225,0,11,0,9,21,0,10,110,7,3,8,1,68,799,549,20,0,338,0,0,42,34,3,40,17,3,11,18,0,0,0,68,0,58,8,3,76,168,181,147,69,40,46,0,36,39,6,20,48,49,58,71,104,19,10,225,0,11,0,9,21,0,10,110,7,3,8,1,68,799,549,20,0,338,0.629199,39.95,0.6871088861076345,4.421777221526908,3.4,11.75,39.95,0.6871088861076345,4.421777221526908,3.4,11.75
1c6581bca25831849a48ca86,benchmark://cbench-v1/sha,0,3,-loop-vectorize,True,-1.674125,-15.957004,c47686e9823c10c6,b2cf250f45f476a8,799,799,0.002319,0.002690,3533,3533,68,68,20,20,799,799,549,549,0,0,42,34,3,40,17,3,11,18,0,0,0,68,0,58,8,3,76,168,181,147,69,40,46,0,36,39,6,20,48,49,58,71,104,19,10,225,0,11,0,9,21,0,10,110,7,3,8,1,68,799,549,20,0,338,0,0,42,34,3,40,17,3,11,18,0,0,0,68,0,58,8,3,76,168,181,147,69,40,46,0,36,39,6,20,48,49,58,71,104,19,10,225,0,11,0,9,21,0,10,110,7,3,8,1,68,799,549,20,0,338,-1.674125,39.95,0.6871088861076345,4.421777221526908,3.4,11.75,39.95,0.6871088861076345,4.421777221526908,3.4,11.75
1c6581bca25831849a48ca86,benchmark://cbench-v1/sha,0,4,-loop-deletion,True,0.502081,-0.581173,c47686e9823c10c6,b2cf250f45f476a8,799,799,0.002319,0.002333,3533,3533,68,68,20,20,799,799,549,549,0,0,42,34,3,40,17,3,11,18,0,0,0,68,0,58,8,3,76,168,181,147,69,40,46,0,36,39,6,20,48,49,58,71,104,19,10,225,0,11,0,9,21,0,10,110,7,3,8,1,68,799,549,20,0,338,0,0,42,34,3,40,17,3,11,18,0,0,0,68,0,58,8,3,76,168,181,147,69,40,46,0,36,39,6,20,48,49,58,71,104,19,10,225,0,11,0,9,21,0,10,110,7,3,8,1,68,799,549,20,0,338,0.502081,39.95,0.6871088861076345,4.421777221526908,3.4,11.75,39.95,0.6871088861076345,4.421777221526908,3.4,11.75
1c6581bca25831849a48ca86,benchmark://cbench-v1/sha,0,5,-loop-unswitch,True,-1.492087,-14.670827,c47686e9823c10c6,b2cf250f45f476a8,799,799,0.002319,0.002660,3533,3533,68,68,20,20,799,799,549,549,0,0,42,34,3,40,17,3,11,18,0,0,0,68,0,58,8,3,76,168,181,147,69,40,46,0,36,39,6,20,48,49,58,71,104,19,10,225,0,11,0,9,21,0,10,110,7,3,8,1,68,799,549,20,0,338,0,0,42,34,3,40,17,3,11,18,0,0,0,68,0,58,8,3,76,168,181,147,69,40,46,0,36,39,6,20,48,49,58,71,104,19,10,225,0,11,0,9,21,0,10,110,7,3,8,1,68,799,549,20,0,338,-1.492087,39.95,0.6871088861076345,4.421777221526908,3.4,11.75,39.95,0.6871088861076345,4.421777221526908,3.4,11.75
1c6581bca25831849a48ca86,benchmark://cbench-v1/sha,0,6,-loop-distribute,True,1.138908,3.918281,c47686e9823c10c6,b2cf250f45f476a8,799,799,0.002319,0.002229,3533,3533,68,68,20,20,799,799,549,549,0,0,42,34,3,40,17,3,11,18,0,0,0,68,0,58,8,3,76,168,181,147,69,40,46,0,36,39,6,20,48,49,58,71,104,19,10,225,0,11,0,9,21,0,10,110,7,3,8,1,68,799,549,20,0,338,0,0,42,34,3,40,17,3,11,18,0,0,0,68,0,58,8,3,76,168,181,147,69,40,46,0,36,39,6,20,48,49,58,71,104,19,10,225,0,11,0,9,21,0,10,110,7,3,8,1,68,799,549,20,0,338,1.138908,39.95,0.6871088861076345,4.421777221526908,3.4,11.75,39.95,0.6871088861076345,4.421777221526908,3.4,11.75
1c6581bca25831849a48ca86,benchmark://cbench-v1/sha,0,7,-indvars,True,0.027266,-3.935948,c47686e9823c10c6,b2cf250f45f476a8,799,799,0.002319,0.002411,3533,3533,68,68,20,20,799,799,549,549,0,0,42,34,3,40,17,3,11,18,0,0,0,68,0,58,8,3,76,168,181,147,69,40,46,0,36,39,6,20,48,49,58,71,104,19,10,225,0,11,0,9,21,0,10,110,7,3,8,1,68,799,549,20,0,338,0,0,42,34,3,40,17,3,11,18,0,0,0,68,0,58,8,3,76,168,181,147,69,40,46,0,36,39,6,20,48,49,58,71,104,19,10,225,0,11,0,9,21,0,10,110,7,3,8,1,68,799,549,20,0,338,0.027266,39.95,0.6871088861076345,4.421777221526908,3.4,11.75,39.95,0.6871088861076345,4.421777221526908,3.4,11.75
1d4455b01ae3666c31905fd7,benchmark://cbench-v1/sha,1,0,-licm,True,0.605457,-0.181109,0a2ec2c21916ab15,28f3d926edd1272e,582,684,0.002506,0.002511,3446,5998,68,68,20,20,582,684,359,371,0,0,42,34,3,40,17,3,11,18,0,0,0,68,0,58,8,3,76,114,148,82,63,40,44,0,35,39,6,14,54,27,58,71,59,19,10,80,0,11,0,9,18,0,9,110,7,3,8,1,68,582,359,20,0,168,11,11,42,34,3,40,17,3,11,18,0,11,11,46,22,58,8,3,76,114,148,82,63,40,44,0,35,39,6,17,51,27,58,71,59,19,10,89,0,11,90,9,18,0,9,113,7,3,8,1,68,684,371,20,132,177,0.605457,29.1,0.6168384879725086,5.920962199312715,3.4,8.558823529411764,34.2,0.5423976608187134,8.769005847953217,3.4,10.058823529411764
1d4455b01ae3666c31905fd7,benchmark://cbench-v1/sha,1,1,-loop-rotate,True,0.075173,-5.697227,0a2ec2c21916ab15,3100787b7783946d,582,634,0.002506,0.002649,3446,3954,68,79,20,20,582,634,359,373,0,0,42,34,3,40,17,3,11,18,0,0,0,68,0,58,8,3,76,114,148,82,63,40,44,0,35,39,6,14,54,27,58,71,59,19,10,80,0,11,0,9,18,0,9,110,7,3,8,1,68,582,359,20,0,168,0,13,42,28,13,40,28,12,9,29,0,13,0,66,13,69,9,25,98,124,150,84,64,40,45,0,36,39,6,16,63,27,69,72,59,30,10,91,0,11,14,9,18,0,9,112,7,4,8,1,79,634,373,20,26,180,0.075173,29.1,0.6168384879725086,5.920962199312715,3.4,8.558823529411764,31.7,0.5883280757097792,6.236593059936909,3.95,8.025316455696203
1d4455b01ae3666c31905fd7,benchmark://cbench-v1/sha,1,2,-loop-unroll,True,1.219752,6.208894,0a2ec2c21916ab15,32083f99bd79acad,582,584,0.002506,0.002351,3446,3456,68,68,20,20,582,584,359,359,0,0,42,34,3,40,17,3,11,18,0,0,0,68,0,58,8,3,76,114,148,82,63,40,44,0,35,39,6,14,54,27,58,71,59,19,10,80,0,11,0,9,18,0,9,110,7,3,8,1,68,582,359,20,0,168,0,2,42,34,3,40,17,3,11,18,0,2,0,66,2,58,8,3,76,114,148,82,63,40,44,0,35,39,6,14,54,27,58,71,59,19,10,80,0,11,2,9,18,0,9,110,7,3,8,1,68,584,359,20,2,168,1.219752,29.1,0.6168384879725086,5.920962199312715,3.4,8.558823529411764,29.2,0.6147260273972602,5.917808219178082,3.4,8.588235294117647
1d4455b01ae3666c31905fd7,benchmark://cbench-v1/sha,1,3,-loop-vectorize,True,1.638064,10.560255,0a2ec2c21916ab15,32083f99bd79acad,582,584,0.002506,0.002242,3446,3456,68,68,20,20,582,584,359,359,0,0,42,34,3,40,17,3,11,18,0,0,0,68,0,58,8,3,76,114,148,82,63,40,44,0,35,39,6,14,54,27,58,71,59,19,10,80,0,11,0,9,18,0,9,110,7,3,8,1,68,582,359,20,0,168,0,2,42,34,3,40,17,3,11,18,0,2,0,66,2,58,8,3,76,114,148,82,63,40,44,0,35,39,6,14,54,27,58,71,59,19,10,80,0,11,2,9,18,0,9,110,7,3,8,1,68,584,359,20,2,168,1.638064,29.1,0.6168384879725086,5.920962199312715,3.4,8.558823529411764,29.2,0.6147260273972602,5.917808219178082,3.4,8.588235294117647
1d4455b01ae3666c31905fd7,benchmark://cbench-v1/sha,1,4,-loop-deletion,True,-0.807618,-14.880180,0a2ec2c21916ab15,32083f99bd79acad,582,584,0.002506,0.002879,3446,3456,68,68,20,20,582,584,359,359,0,0,42,34,3,40,17,3,11,18,0,0,0,68,0,58,8,3,76,114,148,82,63,40,44,0,35,39,6,14,54,27,58,71,59,19,10,80,0,11,0,9,18,0,9,110,7,3,8,1,68,582,359,20,0,168,0,2,42,34,3,40,17,3,11,18,0,2,0,66,2,58,8,3,76,114,148,82,63,40,44,0,35,39,6,14,54,27,58,71,59,19,10,80,0,11,2,9,18,0,9,110,7,3,8,1,68,584,359,20,2,168,-0.807618,29.1,0.6168384879725086,5.920962199312715,3.4,8.558823529411764,29.2,0.6147260273972602,5.917808219178082,3.4,8.588235294117647
1d4455b01ae3666c31905fd7,benchmark://cbench-v1/sha,1,5,-loop-unswitch,True,-0.656002,-13.303042,0a2ec2c21916ab15,ca9cce3499b0210e,582,613,0.002506,0.002840,3446,3680,68,81,20,20,582,613,359,370,0,0,42,34,3,40,17,3,11,18,0,0,0,68,0,58,8,3,76,114,148,82,63,40,44,0,35,39,6,14,54,27,58,71,59,19,10,80,0,11,0,9,18,0,9,110,7,3,8,1,68,582,359,20,0,168,0,4,51,41,6,49,21,5,12,22,0,4,0,77,4,71,9,4,93,117,148,84,65,49,45,0,36,39,6,14,67,27,71,75,60,21,10,83,0,11,4,9,18,0,9,113,7,3,8,1,81,613,370,20,5,171,-0.656002,29.1,0.6168384879725086,5.920962199312715,3.4,8.558823529411764,30.65,0.6035889070146819,6.00326264274062,4.05,7.567901234567901
1d4455b01ae3666c31905fd7,benchmark://cbench-v1/sha,1,6,-loop-distribute,True,-0.704483,-13.807352,0a2ec2c21916ab15,0a2ec2c21916ab15,582,582,0.002506,0.002852,3446,3446,68,68,20,20,582,582,359,359,0,0,42,34,3,40,17,3,11,18,0,0,0,68,0,58,8,3,76,114,148,82,63,40,44,0,35,39,6,14,54,27,58,71,59,19,10,80,0,11,0,9,18,0,9,110,7,3,8,1,68,582,359,20,0,168,0,0,42,34,3,40,17,3,11,18,0,0,0,68,0,58,8,3,76,114,148,82,63,40,44,0,35,39,6,14,54,27,58,71,59,19,10,80,0,11,0,9,18,0,9,110,7,3,8,1,68,582,359,20,0,168,-0.704483,29.1,0.6168384879725086,5.920962199312715,3.4,8.558823529411764,29.1,0.6168384879725086,5.920962199312715,3.4,8.558823529411764
1d4455b01ae3666c31905fd7,benchmark://cbench-v1/sha,1,7,-indvars,True,-1.370344,-20.733768,0a2ec2c21916ab15,32083f99bd79acad,582,584,0.002506,0.003026,3446,3456,68,68,20,20,582,584,359,359,0,0,42,34,3,40,17,3,11,18,0,0,0,68,0,58,8,3,76,114,148,82,63,40,44,0,35,39,6,14,54,27,58,71,59,19,10,80,0,11,0,9,18,0,9,110,7,3,8,1,68,582,359,20,0,168,0,2,42,34,3,40,17,3,11,18,0,2,0,66,2,58,8,3,76,114,148,82,63,40,44,0,35,39,6,14,54,27,58,71,59,19,10,80,0,11,2,9,18,0,9,110,7,3,8,1,68,584,359,20,2,168,-1.370344,29.1,0.6168384879725086,5.920962199312715,3.4,8.558823529411764,29.2,0.6147260273972602,5.917808219178082,3.4,8.588235294117647
a3133572c7b6ad26be0e312d,benchmark://cbench-v1/sha,2,0,-licm,True,-0.842952,1.615092,1418f2d75d2baee6,097a29729826a0ed,563,705,0.002823,0.002777,4524,6986,60,60,20,20,563,705,314,354,4,8,34,26,3,32,17,3,11,18,0,8,4,48,12,50,8,2,68,125,149,88,64,32,44,0,34,39,6,14,46,27,50,71,60,19,10,34,0,11,35,9,18,0,9,110,7,3,8,1,60,563,314,20,70,122,11,13,34,26,3,32,17,3,11,18,0,11,13,36,24,50,8,2,68,125,149,88,64,32,44,0,34,39,6,21,39,27,50,71,60,19,10,71,0,11,137,9,18,0,9,113,7,3,8,1,60,705,354,20,209,159,-0.842952,28.15,0.5577264653641207,8.035523978685612,3.0,9.383333333333333,35.25,0.502127659574468,9.909219858156028,3.0,11.75
a3133572c7b6ad26be0e312d,benchmark://cbench-v1/sha,2,1,-loop-rotate,True,0.511485,15.550015,1418f2d75d2baee6,e9d5d8b4dc12af85,563,600,0.002823,0.002384,4524,4566,60,59,20,20,563,600,314,318,4,8,34,26,3,32,17,3,11,18,0,8,4,48,12,50,8,2,68,125,149,88,64,32,44,0,34,39,6,14,46,27,50,71,60,19,10,34,0,11,35,9,18,0,9,110,7,3,8,1,60,563,314,20,70,122,4,16,28,22,4,26,22,3,13,23,0,12,8,39,20,49,9,18,72,130,152,92,65,26,45,0,35,39,6,15,44,27,49,72,60,24,10,35,0,11,62,9,18,0,9,112,7,4,8,1,59,600,318,20,101,124,0.511485,28.15,0.5577264653641207,8.035523978685612,3.0,9.383333333333333,30.0,0.53,7.61,2.95,10.169491525423728
a3133572c7b6ad26be0e312d,benchmark://cbench-v1/sha,2,2,-loop-unroll,True,0.671495,17.196254,1418f2d75d2baee6,31168d79c541bf53,563,586,0.002823,0.002337,4524,4886,60,60,20,20,563,586,314,314,4,8,34,26,3,32,17,3,11,18,0,8,4,48,12,50,8,2,68,125,149,88,64,32,44,0,34,39,6,14,46,27,50,71,60,19,10,34,0,11,35,9,18,0,9,110,7,3,8,1,60,563,314,20,70,122,4,14,34,26,3,32,17,3,11,18,0,10,8,42,18,50,8,2,68,125,149,88,64,32,44,0,34,39,6,14,46,27,50,71,60,19,10,34,0,11,58,9,18,0,9,110,7,3,8,1,60,586,314,20,93,122,0.671495,28.15,0.5577264653641207,8.035523978685612,3.0,9.383333333333333,29.3,0.5358361774744027,8.337883959044369,3.0,9.766666666666667
a3133572c7b6ad26be0e312d,benchmark://cbench-v1/sha,2,3,-loop-vectorize,True,0.872265,19.261855,1418f2d75d2baee6,d7c9e046aa03c217,563,586,0.002823,0.002279,4524,4886,60,60,20,20,563,586,314,314,4,8,34,26,3,32,17,3,11,18,0,8,4,48,12,50,8,2,68,125,149,88,64,32,44,0,34,39,6,14,46,27,50,71,60,19,10,34,0,11,35,9,18,0,9,110,7,3,8,1,60,563,314,20,70,122,4,14,34,26,3,32,17,3,11,18,0,10,8,42,18,50,8,2,68,125,149,88,64,32,44,0,34,39,6,14,46,27,50,71,60,19,10,34,0,11,58,9,18,0,9,110,7,3,8,1,60,586,314,20,93,122,0.872265,28.15,0.5577264653641207,8.035523978685612,3.0,9.383333333333333,29.3,0.5358361774744027,8.337883959044369,3.0,9.766666666666667
a3133572c7b6ad26be0e312d,benchmark://cbench-v1/sha,2,4,-loop-deletion,True,0.319443,13.574226,1418f2d75d2baee6,31168d79c541bf53,563,586,0.002823,0.002439,4524,4886,60,60,20,20,563,586,314,314,4,8,34,26,3,32,17,3,11,18,0,8,4,48,12,50,8,2,68,125,149,88,64,32,44,0,34,39,6,14,46,27,50,71,60,19,10,34,0,11,35,9,18,0,9,110,7,3,8,1,60,563,314,20,70,122,4,14,34,26,3,32,17,3,11,18,0,10,8,42,18,50,8,2,68,125,149,88,64,32,44,0,34,39,6,14,46,27,50,71,60,19,10,34,0,11,58,9,18,0,9,110,7,3,8,1,60,586,314,20,93,122,0.319443,28.15,0.5577264653641207,8.035523978685612,3.0,9.383333333333333,29.3,0.5358361774744027,8.337883959044369,3.0,9.766666666666667
a3133572c7b6ad26be0e312d,benchmark://cbench-v1/sha,2,5,-loop-unswitch,True,0.413716,14.544138,1418f2d75d2baee6,2abd87a50c348796,563,614,0.002823,0.002412,4524,5212,60,72,20,20,563,614,314,323,4,8,34,26,3,32,17,3,11,18,0,8,4,48,12,50,8,2,68,125,149,88,64,32,44,0,34,39,6,14,46,27,50,71,60,19,10,34,0,11,35,9,18,0,9,110,7,3,8,1,60,563,314,20,70,122,4,17,42,32,6,40,21,5,12,22,0,13,8,51,21,62,9,3,84,128,149,90,66,40,45,0,35,39,6,14,58,27,62,75,61,21,10,35,0,11,62,9,18,0,9,113,7,3,8,1,72,614,323,20,100,123,0.413716,28.15,0.5577264653641207,8.035523978685612,3.0,9.383333333333333,30.7,0.5260586319218241,8.488599348534201,3.6,8.527777777777779
a3133572c7b6ad26be0e312d,benchmark://cbench-v1/sha,2,6,-loop-distribute,True,-2.323738,-13.619758,1418f2d75d2baee6,1418f2d75d2baee6,563,563,0.002823,0.003207,4524,4524,60,60,20,20,563,563,314,314,4,8,34,26,3,32,17,3,11,18,0,8,4,48,12,50,8,2,68,125,149,88,64,32,44,0,34,39,6,14,46,27,50,71,60,19,10,34,0,11,35,9,18,0,9,110,7,3,8,1,60,563,314,20,70,122,4,8,34,26,3,32,17,3,11,18,0,8,4,48,12,50,8,2,68,125,149,88,64,32,44,0,34,39,6,14,46,27,50,71,60,19,10,34,0,11,35,9,18,0,9,110,7,3,8,1,60,563,314,20,70,122,-2.323738,28.15,0.5577264653641207,8.035523978685612,3.0,9.383333333333333,28.15,0.5577264653641207,8.035523978685612,3.0,9.383333333333333
a3133572c7b6ad26be0e312d,benchmark://cbench-v1/sha,2,7,-indvars,True,0.378285,14.179613,1418f2d75d2baee6,17b62afa0809a86e,563,582,0.002823,0.002422,4524,4966,60,60,20,20,563,582,314,314,4,8,34,26,3,32,17,3,11,18,0,8,4,48,12,50,8,2,68,125,149,88,64,32,44,0,34,39,6,14,46,27,50,71,60,19,10,34,0,11,35,9,18,0,9,110,7,3,8,1,60,563,314,20,70,122,4,14,34,26,3,32,17,3,11,18,0,10,8,42,18,50,8,2,68,103,171,88,64,32,44,0,34,39,6,14,46,27,50,71,60,19,10,34,0,11,58,9,8,0,9,110,7,9,8,1,60,582,314,20,93,118,0.378285,28.15,0.5577264653641207,8.035523978685612,3.0,9.383333333333333,29.1,0.5395189003436426,8.532646048109966,3.0,9.7
74746aba58c8e763014bdaf7,benchmark://cbench-v1/patricia,0,0,-licm,True,-0.683172,-3.644016,55b0f02b0d00c435,d93b80182a43b329,1282,1310,0.573711,0.594618,5069,7193,158,159,22,22,1282,1310,888,867,0,10,109,65,34,82,38,15,20,60,4,10,0,148,10,142,25,21,202,433,108,253,155,82,23,0,10,55,8,24,134,89,142,134,173,61,2,394,2,3,10,7,32,0,3,132,2,1,0,12,158,1282,888,22,20,584,1,34,110,66,34,83,38,15,20,60,4,35,0,124,35,143,25,20,203,433,108,253,155,83,23,0,10,55,8,22,137,89,143,134,173,61,2,361,2,3,58,7,32,0,3,144,2,1,0,12,159,1310,867,22,85,551,-0.683172,58.27272727272727,0.6926677067082684,3.953978159126365,7.181818181818182,8.113924050632912,59.54545454545455,0.6618320610687023,5.490839694656488,7.2272727272727275,8.238993710691824
74746aba58c8e763014bdaf7,benchmark://cbench-v1/patricia,0,1,-loop-rotate,True,-2.135675,-6.310076,55b0f02b0d00c435,c7407e0f8497873d,1282,1319,0.573711,0.609913,5069,5245,158,165,22,22,1282,1319,888,908,0,10,109,65,34,82,38,15,20,60,4,10,0,148,10,142,25,21,202,433,108,253,155,82,23,0,10,55,8,24,134,89,142,134,173,61,2,394,2,3,10,7,32,0,3,132,2,1,0,12,158,1282,888,22,20,584,0,10,110,62,39,83,44,19,21,66,4,10,0,155,10,149,25,32,215,442,108,257,155,83,23,0,10,55,8,25,140,89,149,135,177,67,2,409,2,3,10,7,32,0,3,132,2,1,0,16,165,1319,908,22,20,603,-2.135675,58.27272727272727,0.6926677067082684,3.953978159126365,7.181818181818182,8.113924050632912,59.95454545454545,0.6884003032600455,3.976497346474602,7.5,7.993939393939394
74746aba58c8e763014bdaf7,benchmark://cbench-v1/patricia,0,2,-loop-unroll,True,-0.668248,-3.616622,55b0f02b0d00c435,01c8be2b44dfcf64,1282,1283,0.573711,0.594460,5069,5085,158,159,22,22,1282,1283,888,888,0,10,109,65,34,82,38,15,20,60,4,10,0,148,10,142,25,21,202,433,108,253,155,82,23,0,10,55,8,24,134,89,142,134,173,61,2,394,2,3,10,7,32,0,3,132,2,1,0,12,158,1282,888,22,20,584,0,10,110,66,34,83,38,15,20,60,4,10,0,149,10,143,25,20,203,433,108,253,155,83,23,0,10,55,8,24,135,89,143,134,173,61,2,394,2,3,10,7,32,0,3,132,2,1,0,12,159,1283,888,22,20,584,-0.668248,58.27272727272727,0.6926677067082684,3.953978159126365,7.181818181818182,8.113924050632912,58.31818181818182,0.6921278254091972,3.9633671083398285,7.2272727272727275,8.069182389937106
74746aba58c8e763014bdaf7,benchmark://cbench-v1/patricia,0,3,-loop-vectorize,True,0.712668,-1.081961,55b0f02b0d00c435,01c8be2b44dfcf64,1282,1283,0.573711,0.579919,5069,5085,158,159,22,22,1282,1283,888,888,0,10,109,65,34,82,38,15,20,60,4,10,0,148,10,142,25,21,202,433,108,253,155,82,23,0,10,55,8,24,134,89,142,134,173,61,2,394,2,3,10,7,32,0,3,132,2,1,0,12,158,1282,888,22,20,584,0,10,110,66,34,83,38,15,20,60,4,10,0,149,10,143,25,20,203,433,108,253,155,83,23,0,10,55,8,24,135,89,143,134,173,61,2,394,2,3,10,7,32,0,3,132,2,1,0,12,159,1283,888,22,20,584,0.712668,58.27272727272727,0.6926677067082684,3.953978159126365,7.181818181818182,8.113924050632912,58.31818181818182,0.6921278254091972,3.9633671083398285,7.2272727272727275,8.069182389937106
74746aba58c8e763014bdaf7,benchmark://cbench-v1/patricia,0,4,-loop-deletion,True,0.943195,-0.658830,55b0f02b0d00c435,01c8be2b44dfcf64,1282,1283,0.573711,0.577491,5069,5085,158,159,22,22,1282,1283,888,888,0,10,109,65,34,82,38,15,20,60,4,10,0,148,10,142,25,21,202,433,108,253,155,82,23,0,10,55,8,24,134,89,142,134,173,61,2,394,2,3,10,7,32,0,3,132,2,1,0,12,158,1282,888,22,20,584,0,10,110,66,34,83,38,15,20,60,4,10,0,149,10,143,25,20,203,433,108,253,155,83,23,0,10,55,8,24,135,89,143,134,173,61,2,394,2,3,10,7,32,0,3,132,2,1,0,12,159,1283,888,22,20,584,0.943195,58.27272727272727,0.6926677067082684,3.953978159126365,7.181818181818182,8.113924050632912,58.31818181818182,0.6921278254091972,3.9633671083398285,7.2272727272727275,8.069182389937106
74746aba58c8e763014bdaf7,benchmark://cbench-v1/patricia,0,5,-loop-unswitch,True,0.618127,-1.255489,55b0f02b0d00c435,01c8be2b44dfcf64,1282,1283,0.573711,0.580914,5069,5085,158,159,22,22,1282,1283,888,888,0,10,109,65,34,82,38,15,20,60,4,10,0,148,10,142,25,21,202,433,108,253,155,82,23,0,10,55,8,24,134,89,142,134,173,61,2,394,2,3,10,7,32,0,3,132,2,1,0,12,158,1282,888,22,20,584,0,10,110,66,34,83,38,15,20,60,4,10,0,149,10,143,25,20,203,433,108,253,155,83,23,0,10,55,8,24,135,89,143,134,173,61,2,394,2,3,10,7,32,0,3,132,2,1,0,12,159,1283,888,22,20,584,0.618127,58.27272727272727,0.6926677067082684,3.953978159126365,7.181818181818182,8.113924050632912,58.31818181818182,0.6921278254091972,3.9633671083398285,7.2272727272727275,8.069182389937106
74746aba58c8e763014bdaf7,benchmark://cbench-v1/patricia,0,6,-loop-distribute,True,0.677991,-1.145609,55b0f02b0d00c435,decff2b3968fe707,1282,1282,0.573711,0.580284,5069,5069,158,158,22,22,1282,1282,888,888,0,10,109,65,34,82,38,15,20,60,4,10,0,148,10,142,25,21,202,433,108,253,155,82,23,0,10,55,8,24,134,89,142,134,173,61,2,394,2,3,10,7,32,0,3,132,2,1,0,12,158,1282,888,22,20,584,0,10,109,65,34,82,38,15,20,60,4,10,0,148,10,142,25,21,202,433,108,253,155,82,23,0,10,55,8,24,134,89,142,134,173,61,2,394,2,3,10,7,32,0,3,132,2,1,0,12,158,1282,888,22,20,584,0.677991,58.27272727272727,0.6926677067082684,3.953978159126365,7.181818181818182,8.113924050632912,58.27272727272727,0.6926677067082684,3.953978159126365,7.181818181818182,8.113924050632912
74746aba58c8e763014bdaf7,benchmark://cbench-v1/patricia,0,7,-indvars,True,0.535114,-1.407859,55b0f02b0d00c435,01c8be2b44dfcf64,1282,1283,0.573711,0.581788,5069,5085,158,159,22,22,1282,1283,888,888,0,10,109,65,34,82,38,15,20,60,4,10,0,148,10,142,25,21,202,433,108,253,155,82,23,0,10,55,8,24,134,89,142,134,173,61,2,394,2,3,10,7,32,0,3,132,2,1,0,12,158,1282,888,22,20,584,0,10,110,66,34,83,38,15,20,60,4,10,0,149,10,143,25,20,203,433,108,253,155,83,23,0,10,55,8,24,135,89,143,134,173,61,2,394,2,3,10,7,32,0,3,132,2,1,0,12,159,1283,888,22,20,584,0.535114,58.27272727272727,0.6926677067082684,3.953978159126365,7.181818181818182,8.113924050632912,58.31818181818182,0.6921278254091972,3.9633671083398285,7.2272727272727275,8.069182389937106
28f20197d6bf29bce5ff80cc,benchmark://cbench-v1/patricia,1,0,-licm,True,1.381691,3.108321,fa2a45a4a291af4c,40061e1d044b4f1f,935,1022,0.594848,0.576358,5935,7974,158,159,22,22,935,1022,603,613,0,10,109,65,34,82,38,15,20,60,4,10,0,148,10,142,25,21,202,327,96,187,130,82,14,0,9,55,4,8,150,54,142,134,114,61,0,168,2,0,10,7,22,0,1,132,2,1,0,7,158,935,603,22,20,308,3,40,110,66,34,83,38,15,20,60,4,40,3,116,43,143,25,20,203,331,96,191,130,83,14,0,9,55,4,15,144,53,143,134,116,61,0,163,2,0,87,7,22,0,1,145,2,1,0,7,159,1022,613,22,121,302,1.381691,42.5,0.6449197860962567,6.347593582887701,7.181818181818182,5.917721518987341,46.45454545454545,0.5998043052837574,7.802348336594912,7.2272727272727275,6.427672955974843
28f20197d6bf29bce5ff80cc,benchmark://cbench-v1/patricia,1,1,-loop-rotate,True,-1.958509,0.419051,fa2a45a4a291af4c,4c1681de18c21986,935,991,0.594848,0.592356,5935,6729,158,165,22,22,935,991,603,615,0,10,109,65,34,82,38,15,20,60,4,10,0,148,10,142,25,21,202,327,96,187,130,82,14,0,9,55,4,8,150,54,142,134,114,61,0,168,2,0,10,7,22,0,1,132,2,1,0,7,158,935,603,22,20,308,1,27,110,62,39,83,44,19,21,66,4,27,1,137,28,149,25,32,215,330,96,188,130,83,14,0,9,55,4,10,155,54,149,135,115,67,0,178,2,0,38,7,22,0,1,132,2,1,0,10,165,991,615,22,59,321,-1.958509,42.5,0.6449197860962567,6.347593582887701,7.181818181818182,5.917721518987341,45.04545454545455,0.62058526740666,6.790110998990918,7.5,6.006060606060606
28f20197d6bf29bce5ff80cc,benchmark://cbench-v1/patricia,1,2,-loop-unroll,True,-0.483627,1.606512,fa2a45a4a291af4c,99558f16783c24f9,935,954,0.594848,0.585292,5935,6281,158,159,22,22,935,954,603,603,0,10,109,65,34,82,38,15,20,60,4,10,0,148,10,142,25,21,202,327,96,187,130,82,14,0,9,55,4,8,150,54,142,134,114,61,0,168,2,0,10,7,22,0,1,132,2,1,0,7,158,935,603,22,20,308,1,19,110,66,34,83,38,15,20,60,4,19,1,139,20,143,25,20,203,327,96,187,130,83,14,0,9,55,4,8,151,54,143,134,114,61,0,168,2,0,28,7,22,0,1,132,2,1,0,7,159,954,603,22,39,308,-0.483627,42.5,0.6449197860962567,6.347593582887701,7.181818181818182,5.917721518987341,43.36363636363637,0.6320754716981132,6.583857442348008,7.2272727272727275,6.0
28f20197d6bf29bce5ff80cc,benchmark://cbench-v1/patricia,1,3,-loop-vectorize,True,-0.027345,1.973875,fa2a45a4a291af4c,97eb625fa3dba8a5,935,954,0.594848,0.583107,5935,6281,158,159,22,22,935,954,603,603,0,10,109,65,34,82,38,15,20,60,4,10,0,148,10,142,25,21,202,327,96,187,130,82,14,0,9,55,4,8,150,54,142,134,114,61,0,168,2,0,10,7,22,0,1,132,2,1,0,7,158,935,603,22,20,308,1,19,110,66,34,83,38,15,20,60,4,19,1,139,20,143,25,20,203,327,96,187,130,83,14,0,9,55,4,8,151,54,143,134,114,61,0,168,2,0,28,7,22,0,1,132,2,1,0,7,159,954,603,22,39,308,-0.027345,42.5,0.6449197860962567,6.347593582887701,7.181818181818182,5.917721518987341,43.36363636363637,0.6320754716981132,6.583857442348008,7.2272727272727275,6.0
28f20197d6bf29bce5ff80cc,benchmark://cbench-v1/patricia,1,4,-loop-deletion,True,-0.133096,1.888732,fa2a45a4a291af4c,99558f16783c24f9,935,954,0.594848,0.583613,5935,6281,158,159,22,22,935,954,603,603,0,10,109,65,34,82,38,15,20,60,4,10,0,148,10,142,25,21,202,327,96,187,130,82,14,0,9,55,4,8,150,54,142,134,114,61,0,168,2,0,10,7,22,0,1,132,2,1,0,7,158,935,603,22,20,308,1,19,110,66,34,83,38,15,20,60,4,19,1,139,20,143,25,20,203,327,96,187,130,83,14,0,9,55,4,8,151,54,143,134,114,61,0,168,2,0,28,7,22,0,1,132,2,1,0,7,159,954,603,22,39,308,-0.133096,42.5,0.6449197860962567,6.347593582887701,7.181818181818182,5.917721518987341,43.36363636363637,0.6320754716981132,6.583857442348008,7.2272727272727275,6.0
28f20197d6bf29bce5ff80cc,benchmark://cbench-v1/patricia,1,5,-loop-unswitch,True,0.980136,2.785020,fa2a45a4a291af4c,b2e07d8d7dec2bb2,935,1024,0.594848,0.578282,5935,6937,158,182,22,22,935,1024,603,637,0,10,109,65,34,82,38,15,20,60,4,10,0,148,10,142,25,21,202,327,96,187,130,82,14,0,9,55,4,8,150,54,142,134,114,61,0,168,2,0,10,7,22,0,1,132,2,1,0,7,158,935,603,22,20,308,1,19,125,80,40,98,46,16,22,68,4,19,1,162,20,166,28,22,234,340,105,206,134,98,14,0,9,55,4,9,173,58,166,146,121,67,0,175,2,0,28,7,22,0,1,140,2,1,0,9,182,1024,637,22,39,322,0.980136,42.5,0.6449197860962567,6.347593582887701,7.181818181818182,5.917721518987341,46.54545454545455,0.6220703125,6.7744140625,8.272727272727273,5.626373626373627
28f20197d6bf29bce5ff80cc,benchmark://cbench-v1/patricia,1,6,-loop-distribute,True,0.832122,2.665851,fa2a45a4a291af4c,fa2a45a4a291af4c,935,935,0.594848,0.578990,5935,5935,158,158,22,22,935,935,603,603,0,10,109,65,34,82,38,15,20,60,4,10,0,148,10,142,25,21,202,327,96,187,130,82,14,0,9,55,4,8,150,54,142,134,114,61,0,168,2,0,10,7,22,0,1,132,2,1,0,7,158,935,603,22,20,308,0,10,109,65,34,82,38,15,20,60,4,10,0,148,10,142,25,21,202,327,96,187,130,82,14,0,9,55,4,8,150,54,142,134,114,61,0,168,2,0,10,7,22,0,1,132,2,1,0,7,158,935,603,22,20,308,0.832122,42.5,0.6449197860962567,6.347593582887701,7.181818181818182,5.917721518987341,42.5,0.6449197860962567,6.347593582887701,7.181818181818182,5.917721518987341
28f20197d6bf29bce5ff80cc,benchmark://cbench-v1/patricia,1,7,-indvars,True,-0.591372,1.519764,fa2a45a4a291af4c,c03d8f61d66d0ef8,935,954,0.594848,0.585808,5935,6257,158,159,22,22,935,954,603,603,0,10,109,65,34,82,38,15,20,60,4,10,0,148,10,142,25,21,202,327,96,187,130,82,14,0,9,55,4,8,150,54,142,134,114,61,0,168,2,0,10,7,22,0,1,132,2,1,0,7,158,935,603,22,20,308,0,20,110,66,34,83,38,15,20,60,4,19,1,139,20,143,25,20,203,327,96,187,130,83,14,0,9,55,4,8,151,56,143,134,114,61,0,168,2,0,26,7,22,0,1,132,2,1,0,7,159,954,603,22,37,310,-0.591372,42.5,0.6449197860962567,6.347593582887701,7.181818181818182,5.917721518987341,43.36363636363637,0.6320754716981132,6.558700209643606,7.2272727272727275,6.0
c60f41ab05b6bc9da57811ee,benchmark://cbench-v1/patricia,2,0,-licm,True,-0.298121,-0.295837,b2b779fb64993c33,c3c716d1ba64c942,875,970,0.582363,0.584085,6674,8493,149,150,22,22,875,970,523,549,4,26,100,60,30,73,38,11,24,60,4,30,0,119,30,133,25,20,193,307,97,175,125,73,14,0,9,55,4,7,142,54,133,134,96,60,0,106,2,0,40,7,22,0,1,132,2,1,0,7,149,875,523,22,87,246,8,41,101,61,30,74,38,11,24,60,4,44,5,101,49,134,25,19,194,309,97,178,125,74,14,0,9,55,4,12,138,53,134,134,97,60,0,118,2,0,109,7,22,0,1,145,2,1,0,7,150,970,549,22,172,257,-0.298121,39.77272727272727,0.5977142857142858,7.627428571428571,6.7727272727272725,5.87248322147651,44.09090909090909,0.565979381443299,8.755670103092784,6.818181818181818,6.466666666666667
c60f41ab05b6bc9da57811ee,benchmark://cbench-v1/patricia,2,1,-loop-rotate,True,0.891348,0.977379,b2b779fb64993c33,18c2ac6eecbf8b94,875,922,0.582363,0.576671,6674,7306,149,156,22,22,875,922,523,527,4,26,100,60,30,73,38,11,24,60,4,30,0,119,30,133,25,20,193,307,97,175,125,73,14,0,9,55,4,7,142,54,133,134,96,60,0,106,2,0,40,7,22,0,1,132,2,1,0,7,149,875,523,22,87,246,5,41,101,60,32,74,44,12,28,66,4,45,1,110,46,140,25,31,206,314,98,182,125,74,14,0,9,55,4,8,148,54,140,135,96,66,0,109,2,0,68,7,22,0,1,132,2,1,0,9,156,922,527,22,122,251,0.891348,39.77272727272727,0.5977142857142858,7.627428571428571,6.7727272727272725,5.87248322147651,41.90909090909091,0.571583514099783,7.92407809110629,7.090909090909091,5.910256410256411
c60f41ab05b6bc9da57811ee,benchmark://cbench-v1/patricia,2,2,-loop-unroll,True,-0.583453,-0.601258,b2b779fb64993c33,0932065dda23cc7c,875,898,0.582363,0.585864,6674,7114,149,150,22,22,875,898,523,523,4,26,100,60,30,73,38,11,24,60,4,30,0,119,30,133,25,20,193,307,97,175,125,73,14,0,9,55,4,7,142,54,133,134,96,60,0,106,2,0,40,7,22,0,1,132,2,1,0,7,149,875,523,22,87,246,5,37,101,61,30,74,38,11,24,60,4,41,1,108,42,134,25,19,194,307,97,175,125,74,14,0,9,55,4,8,142,54,134,134,96,60,0,106,2,0,62,7,22,0,1,132,2,1,0,7,150,898,523,22,110,246,-0.583453,39.77272727272727,0.5977142857142858,7.627428571428571,6.7727272727272725,5.87248322147651,40.81818181818182,0.5824053452115813,7.922048997772828,6.818181818181818,5.986666666666666
c60f41ab05b6bc9da57811ee,benchmark://cbench-v1/patricia,2,3,-loop-vectorize,True,-1.997798,-2.115183,b2b779fb64993c33,9f5a452276951447,875,898,0.582363,0.594681,6674,7114,149,150,22,22,875,898,523,523,4,26,100,60,30,73,38,11,24,60,4,30,0,119,30,133,25,20,193,307,97,175,125,73,14,0,9,55,4,7,142,54,133,134,96,60,0,106,2,0,40,7,22,0,1,132,2,1,0,7,149,875,523,22,87,246,5,37,101,61,30,74,38,11,24,60,4,41,1,108,42,134,25,19,194,307,97,175,125,74,14,0,9,55,4,8,142,54,134,134,96,60,0,106,2,0,62,7,22,0,1,132,2,1,0,7,150,898,523,22,110,246,-1.997798,39.77272727272727,0.5977142857142858,7.627428571428571,6.7727272727272725,5.87248322147651,40.81818181818182,0.5824053452115813,7.922048997772828,6.818181818181818,5.986666666666666
c60f41ab05b6bc9da57811ee,benchmark://cbench-v1/patricia,2,4,-loop-deletion,True,-0.018671,0.003288,b2b779fb64993c33,0932065dda23cc7c,875,898,0.582363,0.582343,6674,7114,149,150,22,22,875,898,523,523,4,26,100,60,30,73,38,11,24,60,4,30,0,119,30,133,25,20,193,307,97,175,125,73,14,0,9,55,4,7,142,54,133,134,96,60,0,106,2,0,40,7,22,0,1,132,2,1,0,7,149,875,523,22,87,246,5,37,101,61,30,74,38,11,24,60,4,41,1,108,42,134,25,19,194,307,97,175,125,74,14,0,9,55,4,8,142,54,134,134,96,60,0,106,2,0,62,7,22,0,1,132,2,1,0,7,150,898,523,22,110,246,-0.018671,39.77272727272727,0.5977142857142858,7.627428571428571,6.7727272727272725,5.87248322147651,40.81818181818182,0.5824053452115813,7.922048997772828,6.818181818181818,5.986666666666666
c60f41ab05b6bc9da57811ee,benchmark://cbench-v1/patricia,2,5,-loop-unswitch,True,1.169897,1.275540,b2b779fb64993c33,c22aee90e525be1c,875,966,0.582363,0.574934,6674,7754,149,173,22,22,875,966,523,554,4,26,100,60,30,73,38,11,24,60,4,30,0,119,30,133,25,20,193,307,97,175,125,73,14,0,9,55,4,7,142,54,133,134,96,60,0,106,2,0,40,7,22,0,1,132,2,1,0,7,149,875,523,22,87,246,5,38,116,75,36,89,46,12,26,68,4,42,1,130,43,157,28,21,225,320,106,194,129,89,14,0,9,55,4,9,164,58,157,146,103,66,0,110,2,0,63,7,22,0,1,140,2,1,0,9,173,966,554,22,112,257,1.169897,39.77272727272727,0.5977142857142858,7.627428571428571,6.7727272727272725,5.87248322147651,43.90909090909091,0.5734989648033126,8.026915113871636,7.863636363636363,5.583815028901734
c60f41ab05b6bc9da57811ee,benchmark://cbench-v1/patricia,2,6,-loop-distribute,True,1.148427,1.252558,b2b779fb64993c33,b2b779fb64993c33,875,875,0.582363,0.575068,6674,6674,149,149,22,22,875,875,523,523,4,26,100,60,30,73,38,11,24,60,4,30,0,119,30,133,25,20,193,307,97,175,125,73,14,0,9,55,4,7,142,54,133,134,96,60,0,106,2,0,40,7,22,0,1,132,2,1,0,7,149,875,523,22,87,246,4,26,100,60,30,73,38,11,24,60,4,30,0,119,30,133,25,20,193,307,97,175,125,73,14,0,9,55,4,7,142,54,133,134,96,60,0,106,2,0,40,7,22,0,1,132,2,1,0,7,149,875,523,22,87,246,1.148427,39.77272727272727,0.5977142857142858,7.627428571428571,6.7727272727272725,5.87248322147651,39.77272727272727,0.5977142857142858,7.627428571428571,6.7727272727272725,5.87248322147651
c60f41ab05b6bc9da57811ee,benchmark://cbench-v1/patricia,2,7,-indvars,True,-0.311629,-0.310296,b2b779fb64993c33,8e8adfea67e014dd,875,901,0.582363,0.584170,6674,7170,149,150,22,22,875,901,523,522,4,26,100,60,30,73,38,11,24,60,4,30,0,119,30,133,25,20,193,307,97,175,125,73,14,0,9,55,4,7,142,54,133,134,96,60,0,106,2,0,40,7,22,0,1,132,2,1,0,7,149,875,523,22,87,246,4,37,101,61,30,74,38,11,24,60,4,40,1,109,41,134,25,19,194,299,103,174,125,74,14,0,9,55,4,8,142,56,134,134,95,60,0,106,2,0,59,7,19,0,1,132,2,6,0,10,150,901,522,22,107,253,-0.311629,39.77272727272727,0.5977142857142858,7.627428571428571,6.7727272727272725,5.87248322147651,40.95454545454545,0.5793562708102109,7.9578246392896785,6.818181818181818,6.006666666666667
b884020d56049ca31fe1c4ea,benchmark://cbench-v1/susan,0,0,-licm,True,0.538733,1.314045,ef082b31a9efab79,4d16629baafde8ce,13282,13369,0.477366,0.471093,50367,61792,711,711,45,45,13282,13369,7832,7762,0,6,488,225,237,353,187,106,76,321,13,6,0,705,6,674,53,217,1010,1591,838,601,831,353,1076,0,1013,240,10,140,565,300,674,420,1125,332,0,4592,549,15,6,22,760,0,0,1455,715,9,0,877,711,13282,7832,45,12,6856,13,49,488,225,237,353,187,106,76,321,13,52,10,649,62,674,53,217,1010,1591,838,601,831,353,1076,0,1013,240,10,145,560,300,674,420,1125,332,0,4514,549,15,163,22,760,0,0,1463,715,9,0,877,711,13369,7762,45,334,6778,0.538733,295.15555555555557,0.58967023038699,3.7921246800180697,15.8,18.68073136427567,297.0888888888889,0.580596903283716,4.6220360535567355,15.8,18.80309423347398
b884020d56049ca31fe1c4ea,benchmark://cbench-v1/susan,0,1,-loop-rotate,True,-1.524182,-2.872232,ef082b31a9efab79,be5ee760305926e8,13282,13503,0.477366,0.491077,50367,51484,711,756,45,45,13282,13503,7832,7930,0,6,488,225,237,353,187,106,76,321,13,6,0,705,6,674,53,217,1010,1591,838,601,831,353,1076,0,1013,240,10,140,565,300,674,420,1125,332,0,4592,549,15,6,22,760,0,0,1455,715,9,0,877,711,13282,7832,45,12,6856,0,6,487,212,262,352,233,130,85,367,13,6,0,750,6,719,53,310,1101,1624,838,602,837,352,1102,0,1014,240,10,140,610,300,719,420,1127,378,0,4688,552,15,6,22,761,0,0,1455,742,9,0,877,756,13503,7930,45,12,6953,-1.524182,295.15555555555557,0.58967023038699,3.7921246800180697,15.8,18.68073136427567,300.06666666666666,0.587276901429312,3.8127823446641487,16.8,17.86111111111111
b884020d56049ca31fe1c4ea,benchmark://cbench-v1/susan,0,2,-loop-unroll,True,0.514774,1.265424,ef082b31a9efab79,f26887346c1d68a8,13282,13282,0.477366,0.471325,50367,50367,711,711,45,45,13282,13282,7832,7832,0,6,488,225,237,353,187,106,76,321,13,6,0,705,6,674,53,217,1010,1591,838,601,831,353,1076,0,1013,240,10,140,565,300,674,420,1125,332,0,4592,549,15,6,22,760,0,0,1455,715,9,0,877,711,13282,7832,45,12,6856,0,6,488,225,237,353,187,106,76,321,13,6,0,705,6,674,53,217,1010,1591,838,601,831,353,1076,0,1013,240,10,140,565,300,674,420,1125,332,0,4592,549,15,6,22,760,0,0,1455,715,9,0,877,711,13282,7832,45,12,6856,0.514774,295.15555555555557,0.58967023038699,3.7921246800180697,15.8,18.68073136427567,295.15555555555557,0.58967023038699,3.7921246800180697,15.8,18.68073136427567
b884020d56049ca31fe1c4ea,benchmark://cbench-v1/susan,0,3,-loop-vectorize,True,1.403709,3.069342,ef082b31a9efab79,f26887346c1d68a8,13282,13282,0.477366,0.462714,50367,50367,711,711,45,45,13282,13282,7832,7832,0,6,488,225,237,353,187,106,76,321,13,6,0,705,6,674,53,217,1010,1591,838,601,831,353,1076,0,1013,240,10,140,565,300,674,420,1125,332,0,4592,549,15,6,22,760,0,0,1455,715,9,0,877,711,13282,7832,45,12,6856,0,6,488,225,237,353,187,106,76,321,13,6,0,705,6,674,53,217,1010,1591,838,601,831,353,1076,0,1013,240,10,140,565,300,674,420,1125,332,0,4592,549,15,6,22,760,0,0,1455,715,9,0,877,711,13282,7832,45,12,6856,1.403709,295.15555555555557,0.58967023038699,3.7921246800180697,15.8,18.68073136427567,295.15555555555557,0.58967023038699,3.7921246800180697,15.8,18.68073136427567
b884020d56049ca31fe1c4ea,benchmark://cbench-v1/susan,0,4,-loop-deletion,True,0.143167,0.511321,ef082b31a9efab79,f26887346c1d68a8,13282,13282,0.477366,0.474925,50367,50367,711,711,45,45,13282,13282,7832,7832,0,6,488,225,237,353,187,106,76,321,13,6,0,705,6,674,53,217,1010,1591,838,601,831,353,1076,0,1013,240,10,140,565,300,674,420,1125,332,0,4592,549,15,6,22,760,0,0,1455,715,9,0,877,711,13282,7832,45,12,6856,0,6,488,225,237,353,187,106,76,321,13,6,0,705,6,674,53,217,1010,1591,838,601,831,353,1076,0,1013,240,10,140,565,300,674,420,1125,332,0,4592,549,15,6,22,760,0,0,1455,715,9,0,877,711,13282,7832,45,12,6856,0.143167,295.15555555555557,0.58967023038699,3.7921246800180697,15.8,18.68073136427567,295.15555555555557,0.58967023038699,3.7921246800180697,15.8,18.68073136427567
b884020d56049ca31fe1c4ea,benchmark://cbench-v1/susan,0,5,-loop-unswitch,True,-0.887069,-1.579337,ef082b31a9efab79,f26887346c1d68a8,13282,13282,0.477366,0.484905,50367,50367,711,711,45,45,13282,13282,7832,7832,0,6,488,225,237,353,187,106,76,321,13,6,0,705,6,674,53,217,1010,1591,838,601,831,353,1076,0,1013,240,10,140,565,300,674,420,1125,332,0,4592,549,15,6,22,760,0,0,1455,715,9,0,877,711,13282,7832,45,12,6856,0,6,488,225,237,353,187,106,76,321,13,6,0,705,6,674,53,217,1010,1591,838,601,831,353,1076,0,1013,240,10,140,565,300,674,420,1125,332,0,4592,549,15,6,22,760,0,0,1455,715,9,0,877,711,13282,7832,45,12,6856,-0.887069,295.15555555555557,0.58967023038699,3.7921246800180697,15.8,18.68073136427567,295.15555555555557,0.58967023038699,3.7921246800180697,15.8,18.68073136427567
b884020d56049ca31fe1c4ea,benchmark://cbench-v1/susan,0,6,-loop-distribute,True,-1.172984,-2.159544,ef082b31a9efab79,f26887346c1d68a8,13282,13282,0.477366,0.487675,50367,50367,711,711,45,45,13282,13282,7832,7832,0,6,488,225,237,353,187,106,76,321,13,6,0,705,6,674,53,217,1010,1591,838,601,831,353,1076,0,1013,240,10,140,565,300,674,420,1125,332,0,4592,549,15,6,22,760,0,0,1455,715,9,0,877,711,13282,7832,45,12,6856,0,6,488,225,237,353,187,106,76,321,13,6,0,705,6,674,53,217,1010,1591,838,601,831,353,1076,0,1013,240,10,140,565,300,674,420,1125,332,0,4592,549,15,6,22,760,0,0,1455,715,9,0,877,711,13282,7832,45,12,6856,-1.172984,295.15555555555557,0.58967023038699,3.7921246800180697,15.8,18.68073136427567,295.15555555555557,0.58967023038699,3.7921246800180697,15.8,18.68073136427567
b884020d56049ca31fe1c4ea,benchmark://cbench-v1/susan,0,7,-indvars,True,0.983852,2.217324,ef082b31a9efab79,f26887346c1d68a8,13282,13282,0.477366,0.466781,50367,50367,711,711,45,45,13282,13282,7832,7832,0,6,488,225,237,353,187,106,76,321,13,6,0,705,6,674,53,217,1010,1591,838,601,831,353,1076,0,1013,240,10,140,565,300,674,420,1125,332,0,4592,549,15,6,22,760,0,0,1455,715,9,0,877,711,13282,7832,45,12,6856,0,6,488,225,237,353,187,106,76,321,13,6,0,705,6,674,53,217,1010,1591,838,601,831,353,1076,0,1013,240,10,140,565,300,674,420,1125,332,0,4592,549,15,6,22,760,0,0,1455,715,9,0,877,711,13282,7832,45,12,6856,0.983852,295.15555555555557,0.58967023038699,3.7921246800180697,15.8,18.68073136427567,295.15555555555557,0.58967023038699,3.7921246800180697,15.8,18.68073136427567
b4c5232b18ea3c45b926dfc9,benchmark://cbench-v1/susan,1,0,-licm,True,0.806322,-4.879619,50983b5f7477376a,9cd17f86091f8b68,8877,9067,0.452399,0.474474,52188,64488,711,711,45,45,8877,9067,4443,4275,0,6,488,225,237,353,187,106,76,321,13,6,0,705,6,674,51,217,1010,1335,692,516,701,353,835,0,713,240,10,74,635,155,674,418,979,327,0,1351,321,15,6,22,669,0,0,1455,589,9,0,768,711,8877,4443,45,12,3266,35,68,488,225,237,353,187,106,76,321,13,72,31,608,103,674,51,217,1010,1328,692,509,701,353,835,0,713,240,10,90,619,155,674,418,979,327,0,1324,321,15,364,22,669,0,0,1314,589,9,0,768,711,9067,4275,45,753,3239,0.806322,197.26666666666668,0.5005069280162217,5.879013180128422,15.8,12.485232067510548,201.48888888888888,0.4714900187493107,7.112385574059777,15.8,12.752461322081576
b4c5232b18ea3c45b926dfc9,benchmark://cbench-v1/susan,1,1,-loop-rotate,True,1.004209,-4.014975,50983b5f7477376a,fc8efcf2aa97e444,8877,9139,0.452399,0.470563,52188,54906,711,756,45,45,8877,9139,4443,4524,0,6,488,225,237,353,187,106,76,321,13,6,0,705,6,674,51,217,1010,1335,692,516,701,353,835,0,713,240,10,74,635,155,674,418,979,327,0,1351,321,15,6,22,669,0,0,1455,589,9,0,768,711,8877,4443,45,12,3266,6,44,487,212,262,352,233,130,85,367,13,50,0,706,50,719,51,310,1101,1362,692,517,704,352,855,0,714,240,10,74,680,155,719,418,981,373,0,1430,322,15,72,22,670,0,0,1455,610,9,0,768,756,9139,4524,45,139,3346,1.004209,197.26666666666668,0.5005069280162217,5.879013180128422,15.8,12.485232067510548,203.0888888888889,0.4950213371266003,6.007878323667797,16.8,12.088624338624339
b4c5232b18ea3c45b926dfc9,benchmark://cbench-v1/susan,1,2,-loop-unroll,True,1.094405,-3.620875,50983b5f7477376a,d8dfed949922d274,8877,8883,0.452399,0.468780,52188,52268,711,711,45,45,8877,8883,4443,4443,0,6,488,225,237,353,187,106,76,321,13,6,0,705,6,674,51,217,1010,1335,692,516,701,353,835,0,713,240,10,74,635,155,674,418,979,327,0,1351,321,15,6,22,669,0,0,1455,589,9,0,768,711,8877,4443,45,12,3266,0,12,488,225,237,353,187,106,76,321,13,12,0,699,12,674,51,217,1010,1335,692,516,701,353,835,0,713,240,10,74,635,155,674,418,979,327,0,1351,321,15,12,22,669,0,0,1455,589,9,0,768,711,8883,4443,45,19,3266,1.094405,197.26666666666668,0.5005069280162217,5.879013180128422,15.8,12.485232067510548,197.4,0.5001688618709895,5.884048181920522,15.8,12.49367088607595
b4c5232b18ea3c45b926dfc9,benchmark://cbench-v1/susan,1,3,-loop-vectorize,True,-1.045230,-12.969753,50983b5f7477376a,010e83ad938a3e6f,8877,8879,0.452399,0.511074,52188,52220,711,711,45,45,8877,8879,4443,4443,0,6,488,225,237,353,187,106,76,321,13,6,0,705,6,674,51,217,1010,1335,692,516,701,353,835,0,713,240,10,74,635,155,674,418,979,327,0,1351,321,15,6,22,669,0,0,1455,589,9,0,768,711,8877,4443,45,12,3266,0,8,488,225,237,353,187,106,76,321,13,8,0,703,8,674,51,217,1010,1335,692,516,701,353,835,0,713,240,10,74,635,155,674,418,979,327,0,1351,321,15,8,22,669,0,0,1455,589,9,0,768,711,8879,4443,45,15,3266,-1.045230,197.26666666666668,0.5005069280162217,5.879013180128422,15.8,12.485232067510548,197.3111111111111,0.5003941885347449,5.881292938393964,15.8,12.48804500703235
b4c5232b18ea3c45b926dfc9,benchmark://cbench-v1/susan,1,4,-loop-deletion,True,-1.099690,-13.207709,50983b5f7477376a,d8dfed949922d274,8877,8883,0.452399,0.512150,52188,52268,711,711,45,45,8877,8883,4443,4443,0,6,488,225,237,353,187,106,76,321,13,6,0,705,6,674,51,217,1010,1335,692,516,701,353,835,0,713,240,10,74,635,155,674,418,979,327,0,1351,321,15,6,22,669,0,0,1455,589,9,0,768,711,8877,4443,45,12,3266,0,12,488,225,237,353,187,106,76,321,13,12,0,699,12,674,51,217,1010,1335,692,516,701,353,835,0,713,240,10,74,635,155,674,418,979,327,0,1351,321,15,12,22,669,0,0,1455,589,9,0,768,711,8883,4443,45,19,3266,-1.099690,197.26666666666668,0.5005069280162217,5.879013180128422,15.8,12.485232067510548,197.4,0.5001688618709895,5.884048181920522,15.8,12.49367088607595
b4c5232b18ea3c45b926dfc9,benchmark://cbench-v1/susan,1,5,-loop-unswitch,True,-1.234405,-13.796327,50983b5f7477376a,2f1a5c2b9bb135ca,8877,8995,0.452399,0.514813,52188,52892,711,731,45,45,8877,8995,4443,4509,0,6,488,225,237,353,187,106,76,321,13,6,0,705,6,674,51,217,1010,1335,692,516,701,353,835,0,713,240,10,74,635,155,674,418,979,327,0,1351,321,15,6,22,669,0,0,1455,589,9,0,768,711,8877,4443,45,12,3266,0,12,502,239,239,367,193,108,78,327,13,12,0,719,12,694,51,218,1036,1358,693,527,715,367,841,0,716,240,10,75,654,155,694,419,999,329,0,1368,323,15,12,22,676,0,0,1483,591,9,0,768,731,8995,4509,45,19,3295,-1.234405,197.26666666666668,0.5005069280162217,5.879013180128422,15.8,12.485232067510548,199.88888888888889,0.5012784880489161,5.880155642023347,16.244444444444444,12.305061559507523
b4c5232b18ea3c45b926dfc9,benchmark://cbench-v1/susan,1,6,-loop-distribute,True,-0.539203,-10.758726,50983b5f7477376a,50983b5f7477376a,8877,8877,0.452399,0.501071,52188,52188,711,711,45,45,8877,8877,4443,4443,0,6,488,225,237,353,187,106,76,321,13,6,0,705,6,674,51,217,1010,1335,692,516,701,353,835,0,713,240,10,74,635,155,674,418,979,327,0,1351,321,15,6,22,669,0,0,1455,589,9,0,768,711,8877,4443,45,12,3266,0,6,488,225,237,353,187,106,76,321,13,6,0,705,6,674,51,217,1010,1335,692,516,701,353,835,0,713,240,10,74,635,155,674,418,979,327,0,1351,321,15,6,22,669,0,0,1455,589,9,0,768,711,8877,4443,45,12,3266,-0.539203,197.26666666666668,0.5005069280162217,5.879013180128422,15.8,12.485232067510548,197.26666666666668,0.5005069280162217,5.879013180128422,15.8,12.485232067510548
b4c5232b18ea3c45b926dfc9,benchmark://cbench-v1/susan,1,7,-indvars,True,1.013591,-3.973982,50983b5f7477376a,d8dfed949922d274,8877,8883,0.452399,0.470377,52188,52268,711,711,45,45,8877,8883,4443,4443,0,6,488,225,237,353,187,106,76,321,13,6,0,705,6,674,51,217,1010,1335,692,516,701,353,835,0,713,240,10,74,635,155,674,418,979,327,0,1351,321,15,6,22,669,0,0,1455,589,9,0,768,711,8877,4443,45,12,3266,0,12,488,225,237,353,187,106,76,321,13,12,0,699,12,674,51,217,1010,1335,692,516,701,353,835,0,713,240,10,74,635,155,674,418,979,327,0,1351,321,15,12,22,669,0,0,1455,589,9,0,768,711,8883,4443,45,19,3266,1.013591,197.26666666666668,0.5005069280162217,5.879013180128422,15.8,12.485232067510548,197.4,0.5001688618709895,5.884048181920522,15.8,12.49367088607595
78e639db7c65f3b680dc79a6,benchmark://cbench-v1/susan,2,0,-licm,True,-1.192678,-5.353482,b367f8918b7359c1,e64eabded23d1796,9218,9216,0.458556,0.483105,81294,81422,666,666,45,45,9218,9216,4114,4114,73,95,443,182,235,308,187,104,78,321,13,103,65,498,168,629,51,214,965,1439,692,579,713,308,836,0,709,240,10,100,564,155,629,418,979,327,0,1156,311,15,785,22,638,0,0,1321,580,9,0,758,666,9218,4114,45,2015,3030,73,95,443,182,235,308,187,104,78,321,13,103,65,498,168,629,51,214,965,1437,692,579,711,308,836,0,709,240,10,100,564,155,629,418,979,327,0,1156,311,15,783,22,638,0,0,1321,580,9,0,758,666,9216,4114,45,2011,3030,-1.192678,204.84444444444443,0.44630071599045346,8.819049685398134,14.8,13.84084084084084,204.8,0.4463975694444444,8.834852430555555,14.8,13.837837837837839
78e639db7c65f3b680dc79a6,benchmark://cbench-v1/susan,2,1,-loop-rotate,True,0.262477,-2.134004,b367f8918b7359c1,1b6ad57ea7198f13,9218,9475,0.458556,0.468342,81294,87653,666,705,45,45,9218,9475,4114,4125,73,95,443,182,235,308,187,104,78,321,13,103,65,498,168,629,51,214,965,1439,692,579,713,308,836,0,709,240,10,100,564,155,629,418,979,327,0,1156,311,15,785,22,638,0,0,1321,580,9,0,758,666,9218,4114,45,2015,3030,87,130,439,205,219,304,230,87,127,364,13,145,72,488,217,668,52,304,1047,1502,693,598,722,304,856,0,710,240,10,105,598,155,668,419,980,370,0,1165,312,15,926,22,638,0,0,1321,601,9,0,758,705,9475,4125,45,2359,3039,0.262477,204.84444444444443,0.44630071599045346,8.819049685398134,14.8,13.84084084084084,210.55555555555554,0.43535620052770446,9.250976253298154,15.666666666666666,13.439716312056738
78e639db7c65f3b680dc79a6,benchmark://cbench-v1/susan,2,2,-loop-unroll,True,0.533792,-1.533728,b367f8918b7359c1,7cac1ddacda90a52,9218,9246,0.458556,0.465589,81294,81654,666,675,45,45,9218,9246,4114,4120,73,95,443,182,235,308,187,104,78,321,13,103,65,498,168,629,51,214,965,1439,692,579,713,308,836,0,709,240,10,100,564,155,629,418,979,327,0,1156,311,15,785,22,638,0,0,1321,580,9,0,758,666,9218,4114,45,2015,3030,74,96,450,186,238,313,189,105,78,324,13,104,66,505,170,637,51,217,976,1448,695,584,716,313,838,0,710,240,10,100,573,155,637,418,982,329,0,1159,311,15,792,22,641,0,0,1321,580,9,0,758,675,9246,4120,45,2027,3036,0.533792,204.84444444444443,0.44630071599045346,8.819049685398134,14.8,13.84084084084084,205.46666666666667,0.445598096474151,8.831278390655418,15.0,13.697777777777778
78e639db7c65f3b680dc79a6,benchmark://cbench-v1/susan,2,3,-loop-vectorize,True,1.059157,-0.371377,b367f8918b7359c1,b367f8918b7359c1,9218,9218,0.458556,0.460259,81294,81294,666,666,45,45,9218,9218,4114,4114,73,95,443,182,235,308,187,104,78,321,13,103,65,498,168,629,51,214,965,1439,692,579,713,308,836,0,709,240,10,100,564,155,629,418,979,327,0,1156,311,15,785,22,638,0,0,1321,580,9,0,758,666,9218,4114,45,2015,3030,73,95,443,182,235,308,187,104,78,321,13,103,65,498,168,629,51,214,965,1439,692,579,713,308,836,0,709,240,10,100,564,155,629,418,979,327,0,1156,311,15,785,22,638,0,0,1321,580,9,0,758,666,9218,4114,45,2015,3030,1.059157,204.84444444444443,0.44630071599045346,8.819049685398134,14.8,13.84084084084084,204.84444444444443,0.44630071599045346,8.819049685398134,14.8,13.84084084084084
78e639db7c65f3b680dc79a6,benchmark://cbench-v1/susan,2,4,-loop-deletion,True,0.161742,-2.356877,b367f8918b7359c1,b367f8918b7359c1,9218,9218,0.458556,0.469364,81294,81294,666,666,45,45,9218,9218,4114,4114,73,95,443,182,235,308,187,104,78,321,13,103,65,498,168,629,51,214,965,1439,692,579,713,308,836,0,709,240,10,100,564,155,629,418,979,327,0,1156,311,15,785,22,638,0,0,1321,580,9,0,758,666,9218,4114,45,2015,3030,73,95,443,182,235,308,187,104,78,321,13,103,65,498,168,629,51,214,965,1439,692,579,713,308,836,0,709,240,10,100,564,155,629,418,979,327,0,1156,311,15,785,22,638,0,0,1321,580,9,0,758,666,9218,4114,45,2015,3030,0.161742,204.84444444444443,0.44630071599045346,8.819049685398134,14.8,13.84084084084084,204.84444444444443,0.44630071599045346,8.819049685398134,14.8,13.84084084084084
78e639db7c65f3b680dc79a6,benchmark://cbench-v1/susan,2,5,-loop-unswitch,True,1.165615,-0.135843,b367f8918b7359c1,37e753fd5318e9c6,9218,9315,0.458556,0.459179,81294,82118,666,685,45,45,9218,9315,4114,4152,73,95,443,182,235,308,187,104,78,321,13,103,65,498,168,629,51,214,965,1439,692,579,713,308,836,0,709,240,10,100,564,155,629,418,979,327,0,1156,311,15,785,22,638,0,0,1321,580,9,0,758,666,9218,4114,45,2015,3030,75,101,456,195,237,321,193,106,80,327,13,111,65,509,176,648,51,215,990,1463,693,591,727,321,841,0,712,240,10,101,582,155,648,419,999,329,0,1162,313,15,802,22,644,0,0,1332,581,9,0,758,685,9315,4152,45,2045,3046,1.165615,204.84444444444443,0.44630071599045346,8.819049685398134,14.8,13.84084084084084,207.0,0.4457326892109501,8.815673644659151,15.222222222222221,13.598540145985401
78e639db7c65f3b680dc79a6,benchmark://cbench-v1/susan,2,6,-loop-distribute,True,-1.926933,-6.977996,b367f8918b7359c1,b367f8918b7359c1,9218,9218,0.458556,0.490554,81294,81294,666,666,45,45,9218,9218,4114,4114,73,95,443,182,235,308,187,104,78,321,13,103,65,498,168,629,51,214,965,1439,692,579,713,308,836,0,709,240,10,100,564,155,629,418,979,327,0,1156,311,15,785,22,638,0,0,1321,580,9,0,758,666,9218,4114,45,2015,3030,73,95,443,182,235,308,187,104,78,321,13,103,65,498,168,629,51,214,965,1439,692,579,713,308,836,0,709,240,10,100,564,155,629,418,979,327,0,1156,311,15,785,22,638,0,0,1321,580,9,0,758,666,9218,4114,45,2015,3030,-1.926933,204.84444444444443,0.44630071599045346,8.819049685398134,14.8,13.84084084084084,204.84444444444443,0.44630071599045346,8.819049685398134,14.8,13.84084084084084
78e639db7c65f3b680dc79a6,benchmark://cbench-v1/susan,2,7,-indvars,True,-0.063171,-2.854489,b367f8918b7359c1,50d7b17042b737ad,9218,9233,0.458556,0.471646,81294,81894,666,666,45,45,9218,9233,4114,4113,73,95,443,182,235,308,187,104,78,321,13,103,65,498,168,629,51,214,965,1439,692,579,713,308,836,0,709,240,10,100,564,155,629,418,979,327,0,1156,311,15,785,22,638,0,0,1321,580,9,0,758,666,9218,4114,45,2015,3030,71,97,443,182,235,308,187,104,78,321,13,103,65,498,168,629,51,214,965,1412,719,576,714,308,838,0,712,240,10,100,564,155,629,418,979,327,0,1155,311,15,778,22,636,0,0,1321,579,32,0,758,666,9233,4113,45,2004,3050,-0.063171,204.84444444444443,0.44630071599045346,8.819049685398134,14.8,13.84084084084084,205.17777777777778,0.4454673453915304,8.86970648759883,14.8,13.863363363363364
ee27e03af547d222b64a8405,benchmark://cbench-v1/tiffmedian,0,0,-licm,True,-0.665104,6.328113,efe29a0161459577,76ee0fd55d068ec6,61265,61966,0.113695,0.106500,389650,458108,7480,7509,420,420,61265,61966,40136,39456,0,347,4880,3472,1199,4619,1976,953,833,2278,244,347,0,7133,347,6866,512,1440,10053,18688,4282,8023,5067,4619,2489,137,1210,2567,493,941,6537,3123,6866,3788,7759,2294,77,18186,294,587,347,379,974,32,468,7836,546,482,10,1982,7480,61265,40136,420,698,27543,120,804,4903,3495,1199,4648,1986,959,837,2278,240,817,107,6585,924,6895,512,1417,10082,18693,4282,8024,5069,4648,2490,137,1210,2567,493,923,6585,3123,6895,3788,7759,2294,77,17447,294,587,1709,379,974,32,468,7895,546,482,10,1972,7509,61966,39456,420,2821,26794,-0.665104,145.86904761904762,0.6551211948094344,6.360075083652983,17.80952380952381,8.190508021390375,147.53809523809525,0.6367362747313042,7.392892876738856,17.87857142857143,8.252230656545478
ee27e03af547d222b64a8405,benchmark://cbench-v1/tiffmedian,0,1,-loop-rotate,True,-0.975041,3.335706,efe29a0161459577,9cefbbf47826c42a,61265,62457,0.113695,0.109902,389650,395720,7480,7764,420,420,61265,62457,40136,40668,0,347,4880,3472,1199,4619,1976,953,833,2278,244,347,0,7133,347,6866,512,1440,10053,18688,4282,8023,5067,4619,2489,137,1210,2567,493,941,6537,3123,6866,3788,7759,2294,77,18186,294,587,347,379,974,32,468,7836,546,482,10,1982,7480,61265,40136,420,698,27543,0,347,4899,3436,1317,4644,2245,1094,898,2537,240,347,0,7417,347,7150,513,1939,10596,18948,4322,8182,5075,4644,2565,137,1275,2567,499,984,6778,3123,7150,3789,7802,2553,77,18603,294,587,347,379,995,32,468,7907,551,483,12,1997,7764,62457,40668,420,698,27999,-0.975041,145.86904761904762,0.6551211948094344,6.360075083652983,17.80952380952381,8.190508021390375,148.70714285714286,0.65113598155531,6.335879084810349,18.485714285714284,8.044435857805254
ee27e03af547d222b64a8405,benchmark://cbench-v1/tiffmedian,0,2,-loop-unroll,True,-0.478177,8.132865,efe29a0161459577,91c5ed1db9e2382f,61265,61294,0.113695,0.104448,389650,389826,7480,7509,420,420,61265,61294,40136,40136,0,347,4880,3472,1199,4619,1976,953,833,2278,244,347,0,7133,347,6866,512,1440,10053,18688,4282,8023,5067,4619,2489,137,1210,2567,493,941,6537,3123,6866,3788,7759,2294,77,18186,294,587,347,379,974,32,468,7836,546,482,10,1982,7480,61265,40136,420,698,27543,0,347,4903,3495,1199,4648,1986,959,837,2278,240,347,0,7162,347,6895,512,1417,10082,18688,4282,8023,5067,4648,2489,137,1210,2567,493,941,6566,3123,6895,3788,7759,2294,77,18186,294,587,347,379,974,32,468,7836,546,482,10,1982,7509,61294,40136,420,698,27543,-0.478177,145.86904761904762,0.6551211948094344,6.360075083652983,17.80952380952381,8.190508021390375,145.93809523809523,0.6548112376415309,6.359937351127353,17.87857142857143,8.162738047676122
ee27e03af547d222b64a8405,benchmark://cbench-v1/tiffmedian,0,3,-loop-vectorize,True,-0.562230,7.321350,efe29a0161459577,91c5ed1db9e2382f,61265,61294,0.113695,0.105371,389650,389826,7480,7509,420,420,61265,61294,40136,40136,0,347,4880,3472,1199,4619,1976,953,833,2278,244,347,0,7133,347,6866,512,1440,10053,18688,4282,8023,5067,4619,2489,137,1210,2567,493,941,6537,3123,6866,3788,7759,2294,77,18186,294,587,347,379,974,32,468,7836,546,482,10,1982,7480,61265,40136,420,698,27543,0,347,4903,3495,1199,4648,1986,959,837,2278,240,347,0,7162,347,6895,512,1417,10082,18688,4282,8023,5067,4648,2489,137,1210,2567,493,941,6566,3123,6895,3788,7759,2294,77,18186,294,587,347,379,974,32,468,7836,546,482,10,1982,7509,61294,40136,420,698,27543,-0.562230,145.86904761904762,0.6551211948094344,6.360075083652983,17.80952380952381,8.190508021390375,145.93809523809523,0.6548112376415309,6.359937351127353,17.87857142857143,8.162738047676122
ee27e03af547d222b64a8405,benchmark://cbench-v1/tiffmedian,0,4,-loop-deletion,True,-0.309939,9.757189,efe29a0161459577,91c5ed1db9e2382f,61265,61294,0.113695,0.102601,389650,389826,7480,7509,420,420,61265,61294,40136,40136,0,347,4880,3472,1199,4619,1976,953,833,2278,244,347,0,7133,347,6866,512,1440,10053,18688,4282,8023,5067,4619,2489,137,1210,2567,493,941,6537,3123,6866,3788,7759,2294,77,18186,294,587,347,379,974,32,468,7836,546,482,10,1982,7480,61265,40136,420,698,27543,0,347,4903,3495,1199,4648,1986,959,837,2278,240,347,0,7162,347,6895,512,1417,10082,18688,4282,8023,5067,4648,2489,137,1210,2567,493,941,6566,3123,6895,3788,7759,2294,77,18186,294,587,347,379,974,32,468,7836,546,482,10,1982,7509,61294,40136,420,698,27543,-0.309939,145.86904761904762,0.6551211948094344,6.360075083652983,17.80952380952381,8.190508021390375,145.93809523809523,0.6548112376415309,6.359937351127353,17.87857142857143,8.162738047676122
ee27e03af547d222b64a8405,benchmark://cbench-v1/tiffmedian,0,5,-loop-unswitch,True,-0.404199,8.847115,efe29a0161459577,91c5ed1db9e2382f,61265,61294,0.113695,0.103636,389650,389826,7480,7509,420,420,61265,61294,40136,40136,0,347,4880,3472,1199,4619,1976,953,833,2278,244,347,0,7133,347,6866,512,1440,10053,18688,4282,8023,5067,4619,2489,137,1210,2567,493,941,6537,3123,6866,3788,7759,2294,77,18186,294,587,347,379,974,32,468,7836,546,482,10,1982,7480,61265,40136,420,698,27543,0,347,4903,3495,1199,4648,1986,959,837,2278,240,347,0,7162,347,6895,512,1417,10082,18688,4282,8023,5067,4648,2489,137,1210,2567,493,941,6566,3123,6895,3788,7759,2294,77,18186,294,587,347,379,974,32,468,7836,546,482,10,1982,7509,61294,40136,420,698,27543,-0.404199,145.86904761904762,0.6551211948094344,6.360075083652983,17.80952380952381,8.190508021390375,145.93809523809523,0.6548112376415309,6.359937351127353,17.87857142857143,8.162738047676122
ee27e03af547d222b64a8405,benchmark://cbench-v1/tiffmedian,0,6,-loop-distribute,True,1.554555,27.758677,efe29a0161459577,ec9d88276f6ab86b,61265,61265,0.148654,0.107390,389650,389650,7480,7480,420,420,61265,61265,40136,40136,0,347,4880,3472,1199,4619,1976,953,833,2278,244,347,0,7133,347,6866,512,1440,10053,18688,4282,8023,5067,4619,2489,137,1210,2567,493,941,6537,3123,6866,3788,7759,2294,77,18186,294,587,347,379,974,32,468,7836,546,482,10,1982,7480,61265,40136,420,698,27543,0,347,4880,3472,1199,4619,1976,953,833,2278,244,347,0,7133,347,6866,512,1440,10053,18688,4282,8023,5067,4619,2489,137,1210,2567,493,941,6537,3123,6866,3788,7759,2294,77,18186,294,587,347,379,974,32,468,7836,546,482,10,1982,7480,61265,40136,420,698,27543,1.554555,145.86904761904762,0.6551211948094344,6.360075083652983,17.80952380952381,8.190508021390375,145.86904761904762,0.6551211948094344,6.360075083652983,17.80952380952381,8.190508021390375
ee27e03af547d222b64a8405,benchmark://cbench-v1/tiffmedian,0,7,-indvars,True,1.840135,30.515914,efe29a0161459577,4f01ef075e002188,61265,61294,0.148654,0.103291,389650,389826,7480,7509,420,420,61265,61294,40136,40136,0,347,4880,3472,1199,4619,1976,953,833,2278,244,347,0,7133,347,6866,512,1440,10053,18688,4282,8023,5067,4619,2489,137,1210,2567,493,941,6537,3123,6866,3788,7759,2294,77,18186,294,587,347,379,974,32,468,7836,546,482,10,1982,7480,61265,40136,420,698,27543,0,347,4903,3495,1199,4648,1986,959,837,2278,240,347,0,7162,347,6895,512,1417,10082,18688,4282,8023,5067,4648,2489,137,1210,2567,493,940,6567,3123,6895,3788,7759,2294,77,18186,294,587,347,379,974,32,468,7836,546,482,10,1982,7509,61294,40136,420,698,27543,1.840135,145.86904761904762,0.6551211948094344,6.360075083652983,17.80952380952381,8.190508021390375,145.93809523809523,0.6548112376415309,6.359937351127353,17.87857142857143,8.162738047676122
d1f3a5a32440359a19217da2,benchmark://cbench-v1/tiffmedian,1,0,-licm,True,-0.625668,-4.918011,2dbf76d059629b92,f1c1cc9d66798af7,48511,50240,0.125884,0.132075,411177,463578,7480,7509,420,420,48511,50240,29426,29335,0,347,4880,3472,1199,4619,1976,953,833,2278,244,347,0,7133,347,6866,512,1440,10053,16900,3831,6649,4948,4619,2374,135,1099,2567,492,572,6907,1945,6866,3788,6436,2250,77,8839,271,582,347,379,690,30,465,7796,518,446,10,1667,7480,48511,29426,420,698,16371,152,917,4903,3495,1199,4648,1986,959,837,2278,240,916,153,6440,1069,6895,512,1417,10082,16904,3831,6649,4950,4648,2374,135,1099,2567,492,598,6910,1945,6895,3788,6436,2250,77,8753,271,582,2149,379,690,30,465,7791,511,446,10,1663,7509,50240,29335,420,3385,16281,-0.625668,115.50238095238095,0.6065840737152398,8.475953907361218,17.80952380952381,6.485427807486631,119.61904761904762,0.5838972929936306,9.227269108280256,17.87857142857143,6.690637901185244
d1f3a5a32440359a19217da2,benchmark://cbench-v1/tiffmedian,1,1,-loop-rotate,True,0.677157,13.433337,2dbf76d059629b92,c782c2aee9c200f1,48511,50086,0.125884,0.108974,411177,429260,7480,7766,420,420,48511,50086,29426,29864,0,347,4880,3472,1199,4619,1976,953,833,2278,244,347,0,7133,347,6866,512,1440,10053,16900,3831,6649,4948,4619,2374,135,1099,2567,492,572,6907,1945,6866,3788,6436,2250,77,8839,271,582,347,379,690,30,465,7796,518,446,10,1667,7480,48511,29426,420,698,16371,1,723,4900,3437,1317,4645,2246,1095,898,2538,240,723,1,7042,724,7152,514,1940,10599,17116,3871,6786,4955,4645,2450,135,1165,2567,498,631,7134,1945,7152,3791,6457,2510,77,9180,271,582,821,379,710,30,465,7869,523,447,12,1682,7766,50086,29864,420,1459,16750,0.677157,115.50238095238095,0.6065840737152398,8.475953907361218,17.80952380952381,6.485427807486631,119.25238095238095,0.5962544423591423,8.570458810845347,18.49047619047619,6.4493947978367245
d1f3a5a32440359a19217da2,benchmark://cbench-v1/tiffmedian,1,2,-loop-unroll,True,0.576586,12.016711,2dbf76d059629b92,892238e24ec8a419,48511,48739,0.125884,0.110757,411177,414905,7480,7509,420,420,48511,48739,29426,29426,0,347,4880,3472,1199,4619,1976,953,833,2278,244,347,0,7133,347,6866,512,1440,10053,16900,3831,6649,4948,4619,2374,135,1099,2567,492,572,6907,1945,6866,3788,6436,2250,77,8839,271,582,347,379,690,30,465,7796,518,446,10,1667,7480,48511,29426,420,698,16371,0,487,4903,3495,1199,4648,1986,959,837,2278,240,486,1,7022,487,6895,512,1417,10082,16900,3831,6649,4948,4648,2374,135,1099,2567,492,574,6934,1945,6895,3788,6436,2250,77,8839,271,582,546,379,690,30,465,7796,518,446,10,1667,7509,48739,29426,420,907,16371,0.576586,115.50238095238095,0.6065840737152398,8.475953907361218,17.80952380952381,6.485427807486631,116.04523809523809,0.6037464863866718,8.512792630131926,17.87857142857143,6.490744440005327
d1f3a5a32440359a19217da2,benchmark://cbench-v1/tiffmedian,1,3,-loop-vectorize,True,0.387727,9.356472,2dbf76d059629b92,58edcd5aee725b77,48511,48680,0.125884,0.114106,411177,413721,7480,7509,420,420,48511,48680,29426,29426,0,347,4880,3472,1199,4619,1976,953,833,2278,244,347,0,7133,347,6866,512,1440,10053,16900,3831,6649,4948,4619,2374,135,1099,2567,492,572,6907,1945,6866,3788,6436,2250,77,8839,271,582,347,379,690,30,465,7796,518,446,10,1667,7480,48511,29426,420,698,16371,0,439,4903,3495,1199,4648,1986,959,837,2278,240,438,1,7070,439,6895,512,1417,10082,16900,3831,6649,4948,4648,2374,135,1099,2567,492,574,6934,1945,6895,3788,6436,2250,77,8839,271,582,487,379,690,30,465,7796,518,446,10,1667,7509,48680,29426,420,841,16371,0.387727,115.50238095238095,0.6065840737152398,8.475953907361218,17.80952380952381,6.485427807486631,115.9047619047619,0.6044782251437962,8.498788003286771,17.87857142857143,6.482887202024237
d1f3a5a32440359a19217da2,benchmark://cbench-v1/tiffmedian,1,4,-loop-deletion,True,1.068154,18.940838,2dbf76d059629b92,892238e24ec8a419,48511,48739,0.125884,0.102041,411177,414905,7480,7509,420,420,48511,48739,29426,29426,0,347,4880,3472,1199,4619,1976,953,833,2278,244,347,0,7133,347,6866,512,1440,10053,16900,3831,6649,4948,4619,2374,135,1099,2567,492,572,6907,1945,6866,3788,6436,2250,77,8839,271,582,347,379,690,30,465,7796,518,446,10,1667,7480,48511,29426,420,698,16371,0,487,4903,3495,1199,4648,1986,959,837,2278,240,486,1,7022,487,6895,512,1417,10082,16900,3831,6649,4948,4648,2374,135,1099,2567,492,574,6934,1945,6895,3788,6436,2250,77,8839,271,582,546,379,690,30,465,7796,518,446,10,1667,7509,48739,29426,420,907,16371,1.068154,115.50238095238095,0.6065840737152398,8.475953907361218,17.80952380952381,6.485427807486631,116.04523809523809,0.6037464863866718,8.512792630131926,17.87857142857143,6.490744440005327
d1f3a5a32440359a19217da2,benchmark://cbench-v1/tiffmedian,1,5,-loop-unswitch,True,-1.595978,-18.585611,2dbf76d059629b92,a952af9384095bb2,48511,49527,0.125884,0.149281,411177,419761,7480,7720,420,420,48511,49527,29426,29781,0,347,4880,3472,1199,4619,1976,953,833,2278,244,347,0,7133,347,6866,512,1440,10053,16900,3831,6649,4948,4619,2374,135,1099,2567,492,572,6907,1945,6866,3788,6436,2250,77,8839,271,582,347,379,690,30,465,7796,518,446,10,1667,7480,48511,29426,420,698,16371,0,492,5038,3593,1231,4791,2059,1003,860,2335,243,491,1,7228,492,7094,515,1467,10379,17050,3878,6709,4992,4791,2406,135,1134,2567,499,576,7143,1955,7094,3816,6506,2283,77,8994,277,588,551,379,722,30,465,7898,539,472,10,1697,7720,49527,29781,420,917,16629,-1.595978,115.50238095238095,0.6065840737152398,8.475953907361218,17.80952380952381,6.485427807486631,117.92142857142858,0.6013083772487734,8.475397258061259,18.38095238095238,6.415414507772021
d1f3a5a32440359a19217da2,benchmark://cbench-v1/tiffmedian,1,6,-loop-distribute,True,-1.439826,-16.386074,2dbf76d059629b92,2dbf76d059629b92,48511,48511,0.125884,0.146512,411177,411177,7480,7480,420,420,48511,48511,29426,29426,0,347,4880,3472,1199,4619,1976,953,833,2278,244,347,0,7133,347,6866,512,1440,10053,16900,3831,6649,4948,4619,2374,135,1099,2567,492,572,6907,1945,6866,3788,6436,2250,77,8839,271,582,347,379,690,30,465,7796,518,446,10,1667,7480,48511,29426,420,698,16371,0,347,4880,3472,1199,4619,1976,953,833,2278,244,347,0,7133,347,6866,512,1440,10053,16900,3831,6649,4948,4619,2374,135,1099,2567,492,572,6907,1945,6866,3788,6436,2250,77,8839,271,582,347,379,690,30,465,7796,518,446,10,1667,7480,48511,29426,420,698,16371,-1.439826,115.50238095238095,0.6065840737152398,8.475953907361218,17.80952380952381,6.485427807486631,115.50238095238095,0.6065840737152398,8.475953907361218,17.80952380952381,6.485427807486631
d1f3a5a32440359a19217da2,benchmark://cbench-v1/tiffmedian,1,7,-indvars,True,0.951849,17.302586,2dbf76d059629b92,614412cce0291a90,48511,48739,0.125884,0.104103,411177,414921,7480,7509,420,420,48511,48739,29426,29426,0,347,4880,3472,1199,4619,1976,953,833,2278,244,347,0,7133,347,6866,512,1440,10053,16900,3831,6649,4948,4619,2374,135,1099,2567,492,572,6907,1945,6866,3788,6436,2250,77,8839,271,582,347,379,690,30,465,7796,518,446,10,1667,7480,48511,29426,420,698,16371,0,487,4903,3495,1199,4648,1986,959,837,2278,240,486,1,7022,487,6895,512,1417,10082,16900,3831,6649,4948,4648,2374,135,1099,2567,492,574,6934,1945,6895,3788,6436,2250,77,8839,271,582,545,379,691,30,465,7796,518,446,10,1667,7509,48739,29426,420,906,16372,0.951849,115.50238095238095,0.6065840737152398,8.475953907361218,17.80952380952381,6.485427807486631,116.04523809523809,0.6037464863866718,8.513120909333388,17.87857142857143,6.490744440005327
46b33675ad1e170ee5f62edc,benchmark://cbench-v1/tiffmedian,2,0,-licm,True,-0.194820,-3.332284,3609dcdd881992f9,78487a317b73c384,50685,50681,0.106242,0.109783,582291,582195,6703,6703,420,420,50685,50681,27070,27070,493,1509,4096,2782,1121,3842,1987,876,905,2278,240,1607,395,4701,2002,6089,512,1338,9276,17351,3856,6830,5179,3842,2409,135,1163,2567,489,649,6053,1934,6089,3788,6149,2245,75,6724,272,582,5701,379,682,30,461,7842,467,444,10,1641,6703,50685,27070,420,11103,14209,493,1509,4096,2782,1121,3842,1987,876,905,2278,240,1607,395,4701,2002,6089,512,1338,9276,17351,3856,6830,5179,3842,2409,135,1163,2567,489,649,6053,1934,6089,3788,6149,2245,75,6724,272,582,5697,379,682,30,461,7842,467,444,10,1641,6703,50681,27070,420,11099,14209,-0.194820,120.67857142857143,0.5340830620499162,11.488428529150637,15.959523809523809,7.56153960913024,120.66904761904762,0.5341252145774551,11.487441052860046,15.959523809523809,7.560942861405341
46b33675ad1e170ee5f62edc,benchmark://cbench-v1/tiffmedian,2,1,-loop-rotate,True,-1.393082,-7.753435,3609dcdd881992f9,4effb481fe1c1d14,50685,51911,0.106242,0.114480,582291,604025,6703,6923,420,420,50685,51911,27070,27185,493,1509,4096,2782,1121,3842,1987,876,905,2278,240,1607,395,4701,2002,6089,512,1338,9276,17351,3856,6830,5179,3842,2409,135,1163,2567,489,649,6053,1934,6089,3788,6149,2245,75,6724,272,582,5701,379,682,30,461,7842,467,444,10,1641,6703,50685,27070,420,11103,14209,557,1645,4074,2836,1105,3820,2229,887,1076,2520,240,1779,423,4721,2202,6309,514,1844,9738,17628,3898,7028,5192,3820,2480,135,1227,2567,495,695,6227,1934,6309,3791,6162,2487,75,6766,272,582,6250,379,698,30,461,7899,468,445,12,1649,6923,51911,27185,420,12220,14278,-1.393082,120.67857142857143,0.5340830620499162,11.488428529150637,15.959523809523809,7.56153960913024,123.59761904761905,0.5236847681608907,11.635780470420528,16.483333333333334,7.498338870431894
46b33675ad1e170ee5f62edc,benchmark://cbench-v1/tiffmedian,2,2,-loop-unroll,True,-1.380666,-7.707624,3609dcdd881992f9,f1278e3b3a82a028,50685,50723,0.106242,0.114431,582291,582499,6703,6712,420,420,50685,50723,27070,27096,493,1509,4096,2782,1121,3842,1987,876,905,2278,240,1607,395,4701,2002,6089,512,1338,9276,17351,3856,6830,5179,3842,2409,135,1163,2567,489,649,6053,1934,6089,3788,6149,2245,75,6724,272,582,5701,379,682,30,461,7842,467,444,10,1641,6703,50685,27070,420,11103,14209,493,1507,4107,2789,1123,3849,1985,876,903,2278,240,1605,395,4712,2000,6096,512,1338,9283,17345,3869,6830,5183,3849,2411,135,1160,2567,489,648,6063,1934,6096,3794,6154,2243,75,6733,271,582,5697,379,680,30,464,7848,470,444,10,1647,6712,50723,27096,420,11095,14225,-1.380666,120.67857142857143,0.5340830620499162,11.488428529150637,15.959523809523809,7.56153960913024,120.76904761904763,0.5341955325986238,11.483922480925813,15.980952380952381,7.557061978545888
46b33675ad1e170ee5f62edc,benchmark://cbench-v1/tiffmedian,2,3,-loop-vectorize,True,1.286156,2.131977,3609dcdd881992f9,3609dcdd881992f9,50685,50685,0.106242,0.103977,582291,582291,6703,6703,420,420,50685,50685,27070,27070,493,1509,4096,2782,1121,3842,1987,876,905,2278,240,1607,395,4701,2002,6089,512,1338,9276,17351,3856,6830,5179,3842,2409,135,1163,2567,489,649,6053,1934,6089,3788,6149,2245,75,6724,272,582,5701,379,682,30,461,7842,467,444,10,1641,6703,50685,27070,420,11103,14209,493,1509,4096,2782,1121,3842,1987,876,905,2278,240,1607,395,4701,2002,6089,512,1338,9276,17351,3856,6830,5179,3842,2409,135,1163,2567,489,649,6053,1934,6089,3788,6149,2245,75,6724,272,582,5701,379,682,30,461,7842,467,444,10,1641,6703,50685,27070,420,11103,14209,1.286156,120.67857142857143,0.5340830620499162,11.488428529150637,15.959523809523809,7.56153960913024,120.67857142857143,0.5340830620499162,11.488428529150637,15.959523809523809,7.56153960913024
46b33675ad1e170ee5f62edc,benchmark://cbench-v1/tiffmedian,2,4,-loop-deletion,True,0.078986,-2.322039,3609dcdd881992f9,3609dcdd881992f9,50685,50685,0.106242,0.108709,582291,582291,6703,6703,420,420,50685,50685,27070,27070,493,1509,4096,2782,1121,3842,1987,876,905,2278,240,1607,395,4701,2002,6089,512,1338,9276,17351,3856,6830,5179,3842,2409,135,1163,2567,489,649,6053,1934,6089,3788,6149,2245,75,6724,272,582,5701,379,682,30,461,7842,467,444,10,1641,6703,50685,27070,420,11103,14209,493,1509,4096,2782,1121,3842,1987,876,905,2278,240,1607,395,4701,2002,6089,512,1338,9276,17351,3856,6830,5179,3842,2409,135,1163,2567,489,649,6053,1934,6089,3788,6149,2245,75,6724,272,582,5701,379,682,30,461,7842,467,444,10,1641,6703,50685,27070,420,11103,14209,0.078986,120.67857142857143,0.5340830620499162,11.488428529150637,15.959523809523809,7.56153960913024,120.67857142857143,0.5340830620499162,11.488428529150637,15.959523809523809,7.56153960913024
46b33675ad1e170ee5f62edc,benchmark://cbench-v1/tiffmedian,2,5,-loop-unswitch,True,1.516982,2.983640,3609dcdd881992f9,d1f9ef177be87db7,50685,51801,0.106242,0.103072,582291,596483,6703,6972,420,420,50685,51801,27070,27393,493,1509,4096,2782,1121,3842,1987,876,905,2278,240,1607,395,4701,2002,6089,512,1338,9276,17351,3856,6830,5179,3842,2409,135,1163,2567,489,649,6053,1934,6089,3788,6149,2245,75,6724,272,582,5701,379,682,30,461,7842,467,444,10,1641,6703,50685,27070,420,11103,14209,520,1591,4264,2909,1157,4019,2083,924,946,2358,245,1692,419,4861,2111,6345,525,1387,9658,17517,3886,6901,5233,4019,2444,135,1208,2567,494,655,6316,1934,6345,3827,6219,2295,75,6836,280,588,5971,379,716,31,461,7944,493,473,10,1675,6972,51801,27393,420,11597,14428,1.516982,120.67857142857143,0.5340830620499162,11.488428529150637,15.959523809523809,7.56153960913024,123.33571428571429,0.5288121850929519,11.514893534873844,16.6,7.429862306368331
46b33675ad1e170ee5f62edc,benchmark://cbench-v1/tiffmedian,2,6,-loop-distribute,True,0.316829,-1.444485,3609dcdd881992f9,3609dcdd881992f9,50685,50685,0.106242,0.107777,582291,582291,6703,6703,420,420,50685,50685,27070,27070,493,1509,4096,2782,1121,3842,1987,876,905,2278,240,1607,395,4701,2002,6089,512,1338,9276,17351,3856,6830,5179,3842,2409,135,1163,2567,489,649,6053,1934,6089,3788,6149,2245,75,6724,272,582,5701,379,682,30,461,7842,467,444,10,1641,6703,50685,27070,420,11103,14209,493,1509,4096,2782,1121,3842,1987,876,905,2278,240,1607,395,4701,2002,6089,512,1338,9276,17351,3856,6830,5179,3842,2409,135,1163,2567,489,649,6053,1934,6089,3788,6149,2245,75,6724,272,582,5701,379,682,30,461,7842,467,444,10,1641,6703,50685,27070,420,11103,14209,0.316829,120.67857142857143,0.5340830620499162,11.488428529150637,15.959523809523809,7.56153960913024,120.67857142857143,0.5340830620499162,11.488428529150637,15.959523809523809,7.56153960913024
46b33675ad1e170ee5f62edc,benchmark://cbench-v1/tiffmedian,2,7,-indvars,True,-0.230385,-3.463505,3609dcdd881992f9,546c79038e179169,50685,50798,0.106242,0.109922,582291,584251,6703,6703,420,420,50685,50798,27070,27072,493,1509,4096,2782,1121,3842,1987,876,905,2278,240,1607,395,4701,2002,6089,512,1338,9276,17351,3856,6830,5179,3842,2409,135,1163,2567,489,649,6053,1934,6089,3788,6149,2245,75,6724,272,582,5701,379,682,30,461,7842,467,444,10,1641,6703,50685,27070,420,11103,14209,487,1512,4096,2782,1121,3842,1987,876,905,2278,240,1607,392,4704,1999,6089,512,1338,9276,17234,3998,6831,5197,3842,2428,135,1182,2567,489,653,6049,1934,6089,3788,6151,2245,76,6724,272,582,5674,379,682,30,462,7842,470,552,10,1647,6703,50798,27072,420,11061,14323,-0.230385,120.67857142857143,0.5340830620499162,11.488428529150637,15.959523809523809,7.56153960913024,120.94761904761904,0.5329343674947833,11.501456750265758,15.959523809523809,7.5783977323586456
9587deb34c14c695ec3184fc,benchmark://cbench-v1/tiffdither,0,0,-licm,True,0.228630,-2.572255,214e4ac57aab38b7,8b033b7455ed1273,58450,59107,0.002555,0.002621,380601,440795,7153,7180,414,414,58450,59107,38310,37763,0,344,4668,3297,1167,4415,1874,931,753,2162,237,344,0,6809,344,6546,517,1374,9613,17979,3984,7635,4867,4415,2352,111,1121,2492,494,891,6260,2982,6546,3623,7391,2178,77,17306,266,590,344,373,842,32,455,7498,511,460,10,1938,7153,58450,38310,414,692,26247,103,761,4689,3318,1167,4442,1884,937,757,2162,233,774,90,6316,864,6573,517,1353,9640,17983,3984,7635,4869,4442,2352,111,1121,2492,494,865,6314,2982,6573,3623,7391,2178,77,16667,266,590,1531,373,842,32,455,7590,511,460,10,1928,7180,59107,37763,414,2549,25598,0.228630,141.18357487922705,0.6554319931565441,6.511565440547477,17.27777777777778,8.171396616804138,142.77053140096618,0.6388921785913682,7.457576936741841,17.342995169082126,8.23217270194986
9587deb34c14c695ec3184fc,benchmark://cbench-v1/tiffdither,0,1,-loop-rotate,True,-2.464809,-27.827406,214e4ac57aab38b7,f131e6f7d6a938c4,58450,59404,0.002555,0.003266,380601,385631,7153,7389,414,414,58450,59404,38310,38704,0,344,4668,3297,1167,4415,1874,931,753,2162,237,344,0,6809,344,6546,517,1374,9613,17979,3984,7635,4867,4415,2352,111,1121,2492,494,891,6260,2982,6546,3623,7391,2178,77,17306,266,590,344,373,842,32,455,7498,511,460,10,1938,7153,58450,38310,414,692,26247,0,344,4685,3289,1251,4438,2097,1038,810,2375,233,344,0,7045,344,6782,518,1783,10062,18178,4021,7764,4874,4438,2425,111,1184,2492,500,928,6459,2982,6782,3624,7407,2391,77,17614,266,590,344,373,860,32,455,7567,515,461,12,1953,7389,59404,38704,414,692,26591,-2.464809,141.18357487922705,0.6554319931565441,6.511565440547477,17.27777777777778,8.171396616804138,143.48792270531402,0.651538616928153,6.491667227796108,17.847826086956523,8.039518202733793
9587deb34c14c695ec3184fc,benchmark://cbench-v1/tiffdither,0,2,-loop-unroll,True,-0.307563,-7.599897,214e4ac57aab38b7,f93323b27e947e9f,58450,58477,0.002555,0.002749,380601,380761,7153,7180,414,414,58450,58477,38310,38310,0,344,4668,3297,1167,4415,1874,931,753,2162,237,344,0,6809,344,6546,517,1374,9613,17979,3984,7635,4867,4415,2352,111,1121,2492,494,891,6260,2982,6546,3623,7391,2178,77,17306,266,590,344,373,842,32,455,7498,511,460,10,1938,7153,58450,38310,414,692,26247,0,344,4689,3318,1167,4442,1884,937,757,2162,233,344,0,6836,344,6573,517,1353,9640,17979,3984,7635,4867,4442,2352,111,1121,2492,494,891,6287,2982,6573,3623,7391,2178,77,17306,266,590,344,373,842,32,455,7498,511,460,10,1938,7180,58477,38310,414,692,26247,-0.307563,141.18357487922705,0.6554319931565441,6.511565440547477,17.27777777777778,8.171396616804138,141.2487922705314,0.6551293671015955,6.511295039075192,17.342995169082126,8.144428969359332
9587deb34c14c695ec3184fc,benchmark://cbench-v1/tiffdither,0,3,-loop-vectorize,True,0.060015,-4.153285,214e4ac57aab38b7,f93323b27e947e9f,58450,58477,0.002555,0.002661,380601,380761,7153,7180,414,414,58450,58477,38310,38310,0,344,4668,3297,1167,4415,1874,931,753,2162,237,344,0,6809,344,6546,517,1374,9613,17979,3984,7635,4867,4415,2352,111,1121,2492,494,891,6260,2982,6546,3623,7391,2178,77,17306,266,590,344,373,842,32,455,7498,511,460,10,1938,7153,58450,38310,414,692,26247,0,344,4689,3318,1167,4442,1884,937,757,2162,233,344,0,6836,344,6573,517,1353,9640,17979,3984,7635,4867,4442,2352,111,1121,2492,494,891,6287,2982,6573,3623,7391,2178,77,17306,266,590,344,373,842,32,455,7498,511,460,10,1938,7180,58477,38310,414,692,26247,0.060015,141.18357487922705,0.6554319931565441,6.511565440547477,17.27777777777778,8.171396616804138,141.2487922705314,0.6551293671015955,6.511295039075192,17.342995169082126,8.144428969359332
9587deb34c14c695ec3184fc,benchmark://cbench-v1/tiffdither,0,4,-loop-deletion,True,0.813668,2.913380,214e4ac57aab38b7,f93323b27e947e9f,58450,58477,0.002555,0.002480,380601,380761,7153,7180,414,414,58450,58477,38310,38310,0,344,4668,3297,1167,4415,1874,931,753,2162,237,344,0,6809,344,6546,517,1374,9613,17979,3984,7635,4867,4415,2352,111,1121,2492,494,891,6260,2982,6546,3623,7391,2178,77,17306,266,590,344,373,842,32,455,7498,511,460,10,1938,7153,58450,38310,414,692,26247,0,344,4689,3318,1167,4442,1884,937,757,2162,233,344,0,6836,344,6573,517,1353,9640,17979,3984,7635,4867,4442,2352,111,1121,2492,494,891,6287,2982,6573,3623,7391,2178,77,17306,266,590,344,373,842,32,455,7498,511,460,10,1938,7180,58477,38310,414,692,26247,0.813668,141.18357487922705,0.6554319931565441,6.511565440547477,17.27777777777778,8.171396616804138,141.2487922705314,0.6551293671015955,6.511295039075192,17.342995169082126,8.144428969359332
9587deb34c14c695ec3184fc,benchmark://cbench-v1/tiffdither,0,5,-loop-unswitch,True,0.229874,-2.560590,214e4ac57aab38b7,f93323b27e947e9f,58450,58477,0.002555,0.002620,380601,380761,7153,7180,414,414,58450,58477,38310,38310,0,344,4668,3297,1167,4415,1874,931,753,2162,237,344,0,6809,344,6546,517,1374,9613,17979,3984,7635,4867,4415,2352,111,1121,2492,494,891,6260,2982,6546,3623,7391,2178,77,17306,266,590,344,373,842,32,455,7498,511,460,10,1938,7153,58450,38310,414,692,26247,0,344,4689,3318,1167,4442,1884,937,757,2162,233,344,0,6836,344,6573,517,1353,9640,17979,3984,7635,4867,4442,2352,111,1121,2492,494,891,6287,2982,6573,3623,7391,2178,77,17306,266,590,344,373,842,32,455,7498,511,460,10,1938,7180,58477,38310,414,692,26247,0.229874,141.18357487922705,0.6554319931565441,6.511565440547477,17.27777777777778,8.171396616804138,141.2487922705314,0.6551293671015955,6.511295039075192,17.342995169082126,8.144428969359332
9587deb34c14c695ec3184fc,benchmark://cbench-v1/tiffdither,0,6,-loop-distribute,True,0.614543,1.046268,214e4ac57aab38b7,27f98b824715a87c,58450,58450,0.002555,0.002528,380601,380601,7153,7153,414,414,58450,58450,38310,38310,0,344,4668,3297,1167,4415,1874,931,753,2162,237,344,0,6809,344,6546,517,1374,9613,17979,3984,7635,4867,4415,2352,111,1121,2492,494,891,6260,2982,6546,3623,7391,2178,77,17306,266,590,344,373,842,32,455,7498,511,460,10,1938,7153,58450,38310,414,692,26247,0,344,4668,3297,1167,4415,1874,931,753,2162,237,344,0,6809,344,6546,517,1374,9613,17979,3984,7635,4867,4415,2352,111,1121,2492,494,891,6260,2982,6546,3623,7391,2178,77,17306,266,590,344,373,842,32,455,7498,511,460,10,1938,7153,58450,38310,414,692,26247,0.614543,141.18357487922705,0.6554319931565441,6.511565440547477,17.27777777777778,8.171396616804138,141.18357487922705,0.6554319931565441,6.511565440547477,17.27777777777778,8.171396616804138
9587deb34c14c695ec3184fc,benchmark://cbench-v1/tiffdither,0,7,-indvars,True,0.825642,3.025655,214e4ac57aab38b7,7c97eaf80c64568d,58450,58477,0.002555,0.002478,380601,380761,7153,7180,414,414,58450,58477,38310,38310,0,344,4668,3297,1167,4415,1874,931,753,2162,237,344,0,6809,344,6546,517,1374,9613,17979,3984,7635,4867,4415,2352,111,1121,2492,494,891,6260,2982,6546,3623,7391,2178,77,17306,266,590,344,373,842,32,455,7498,511,460,10,1938,7153,58450,38310,414,692,26247,0,344,4689,3318,1167,4442,1884,937,757,2162,233,344,0,6836,344,6573,517,1353,9640,17979,3984,7635,4867,4442,2352,111,1121,2492,494,890,6288,2982,6573,3623,7391,2178,77,17306,266,590,344,373,842,32,455,7498,511,460,10,1938,7180,58477,38310,414,692,26247,0.825642,141.18357487922705,0.6554319931565441,6.511565440547477,17.27777777777778,8.171396616804138,141.2487922705314,0.6551293671015955,6.511295039075192,17.342995169082126,8.144428969359332
afb6bbb4c21bdc5fdab4ccdd,benchmark://cbench-v1/tiffdither,1,0,-licm,True,0.966113,-11.286240,ac3871a8695b0999,4828d9e32cf2c45c,46393,47904,0.002381,0.002650,399792,444553,7153,7180,414,414,46393,47904,28183,28116,0,344,4668,3297,1167,4415,1874,931,753,2162,237,344,0,6809,344,6546,517,1374,9613,16358,3550,6361,4758,4415,2240,109,1013,2492,493,542,6610,1874,6546,3623,6167,2132,77,8443,243,585,344,373,595,30,452,7458,485,424,10,1627,7153,46393,28183,414,692,15670,130,854,4689,3318,1167,4442,1884,937,757,2162,233,853,131,6196,984,6573,517,1353,9640,16362,3550,6361,4760,4442,2240,109,1013,2492,493,556,6623,1874,6573,3623,6167,2132,77,8355,243,585,1906,373,595,30,452,7479,478,424,10,1623,7180,47904,28116,414,3029,15578,0.966113,112.06038647342996,0.6074838876554652,8.617506951479749,17.27777777777778,6.485810149587586,115.71014492753623,0.5869238476953907,9.280080995323981,17.342995169082126,6.671866295264624
afb6bbb4c21bdc5fdab4ccdd,benchmark://cbench-v1/tiffdither,1,1,-loop-rotate,True,-1.939902,-77.494008,ac3871a8695b0999,612c0fe0106f1217,46393,47696,0.002381,0.004227,399792,414379,7153,7391,414,414,46393,47696,28183,28527,0,344,4668,3297,1167,4415,1874,931,753,2162,237,344,0,6809,344,6546,517,1374,9613,16358,3550,6361,4758,4415,2240,109,1013,2492,493,542,6610,1874,6546,3623,6167,2132,77,8443,243,585,344,373,595,30,452,7458,485,424,10,1627,7153,46393,28183,414,692,15670,1,652,4686,3290,1251,4439,2098,1039,810,2376,233,652,1,6738,653,6784,519,1784,10065,16549,3587,6486,4764,4439,2313,109,1077,2492,499,592,6798,1874,6784,3626,6179,2346,77,8701,243,585,740,373,612,30,452,7529,489,425,12,1642,7391,47696,28527,414,1311,15963,-1.939902,112.06038647342996,0.6074838876554652,8.617506951479749,17.27777777777778,6.485810149587586,115.20772946859903,0.59810046964106,8.687919322375041,17.852657004830917,6.453253957515898
afb6bbb4c21bdc5fdab4ccdd,benchmark://cbench-v1/tiffdither,1,2,-loop-unroll,True,1.189227,-6.203028,ac3871a8695b0999,f2c7f92f27823977,46393,46603,0.002381,0.002529,399792,403328,7153,7180,414,414,46393,46603,28183,28183,0,344,4668,3297,1167,4415,1874,931,753,2162,237,344,0,6809,344,6546,517,1374,9613,16358,3550,6361,4758,4415,2240,109,1013,2492,493,542,6610,1874,6546,3623,6167,2132,77,8443,243,585,344,373,595,30,452,7458,485,424,10,1627,7153,46393,28183,414,692,15670,0,472,4689,3318,1167,4442,1884,937,757,2162,233,471,1,6708,472,6573,517,1353,9640,16358,3550,6361,4758,4442,2240,109,1013,2492,493,544,6635,1874,6573,3623,6167,2132,77,8443,243,585,527,373,595,30,452,7458,485,424,10,1627,7180,46603,28183,414,885,15670,1.189227,112.06038647342996,0.6074838876554652,8.617506951479749,17.27777777777778,6.485810149587586,112.56763285024155,0.6047464755487845,8.654550136257322,17.342995169082126,6.49066852367688
afb6bbb4c21bdc5fdab4ccdd,benchmark://cbench-v1/tiffdither,1,3,-loop-vectorize,True,0.542019,-20.948371,ac3871a8695b0999,d86bb39d322ba6a5,46393,46556,0.002381,0.002880,399792,402256,7153,7180,414,414,46393,46556,28183,28183,0,344,4668,3297,1167,4415,1874,931,753,2162,237,344,0,6809,344,6546,517,1374,9613,16358,3550,6361,4758,4415,2240,109,1013,2492,493,542,6610,1874,6546,3623,6167,2132,77,8443,243,585,344,373,595,30,452,7458,485,424,10,1627,7153,46393,28183,414,692,15670,0,433,4689,3318,1167,4442,1884,937,757,2162,233,432,1,6747,433,6573,517,1353,9640,16358,3550,6361,4758,4442,2240,109,1013,2492,493,544,6635,1874,6573,3623,6167,2132,77,8443,243,585,480,373,595,30,452,7458,485,424,10,1627,7180,46556,28183,414,831,15670,0.542019,112.06038647342996,0.6074838876554652,8.617506951479749,17.27777777777778,6.485810149587586,112.45410628019323,0.6053569894320818,8.640261190823955,17.342995169082126,6.484122562674095
afb6bbb4c21bdc5fdab4ccdd,benchmark://cbench-v1/tiffdither,1,4,-loop-deletion,True,0.107742,-30.842506,ac3871a8695b0999,f2c7f92f27823977,46393,46603,0.002381,0.003116,399792,403328,7153,7180,414,414,46393,46603,28183,28183,0,344,4668,3297,1167,4415,1874,931,753,2162,237,344,0,6809,344,6546,517,1374,9613,16358,3550,6361,4758,4415,2240,109,1013,2492,493,542,6610,1874,6546,3623,6167,2132,77,8443,243,585,344,373,595,30,452,7458,485,424,10,1627,7153,46393,28183,414,692,15670,0,472,4689,3318,1167,4442,1884,937,757,2162,233,471,1,6708,472,6573,517,1353,9640,16358,3550,6361,4758,4442,2240,109,1013,2492,493,544,6635,1874,6573,3623,6167,2132,77,8443,243,585,527,373,595,30,452,7458,485,424,10,1627,7180,46603,28183,414,885,15670,0.107742,112.06038647342996,0.6074838876554652,8.617506951479749,17.27777777777778,6.485810149587586,112.56763285024155,0.6047464755487845,8.654550136257322,17.342995169082126,6.49066852367688
afb6bbb4c21bdc5fdab4ccdd,benchmark://cbench-v1/tiffdither,1,5,-loop-unswitch,True,-0.753395,-50.461819,ac3871a8695b0999,76203e40ca63ed14,46393,47391,0.002381,0.003583,399792,408184,7153,7391,414,414,46393,47391,28183,28538,0,344,4668,3297,1167,4415,1874,931,753,2162,237,344,0,6809,344,6546,517,1374,9613,16358,3550,6361,4758,4415,2240,109,1013,2492,493,542,6610,1874,6546,3623,6167,2132,77,8443,243,585,344,373,595,30,452,7458,485,424,10,1627,7153,46393,28183,414,692,15670,0,477,4824,3416,1199,4585,1957,981,780,2219,236,476,1,6914,477,6772,520,1403,9937,16508,3597,6421,4802,4585,2272,109,1048,2492,500,546,6844,1884,6772,3651,6237,2165,77,8598,249,591,532,373,627,30,452,7560,506,450,10,1657,7391,47391,28538,414,895,15928,-0.753395,112.06038647342996,0.6074838876554652,8.617506951479749,17.27777777777778,6.485810149587586,114.47101449275362,0.6021818488742589,8.613112194298495,17.852657004830917,6.41198755242863
afb6bbb4c21bdc5fdab4ccdd,benchmark://cbench-v1/tiffdither,1,6,-loop-distribute,True,-0.766500,-50.760389,ac3871a8695b0999,ac3871a8695b0999,46393,46393,0.002381,0.003590,399792,399792,7153,7153,414,414,46393,46393,28183,28183,0,344,4668,3297,1167,4415,1874,931,753,2162,237,344,0,6809,344,6546,517,1374,9613,16358,3550,6361,4758,4415,2240,109,1013,2492,493,542,6610,1874,6546,3623,6167,2132,77,8443,243,585,344,373,595,30,452,7458,485,424,10,1627,7153,46393,28183,414,692,15670,0,344,4668,3297,1167,4415,1874,931,753,2162,237,344,0,6809,344,6546,517,1374,9613,16358,3550,6361,4758,4415,2240,109,1013,2492,493,542,6610,1874,6546,3623,6167,2132,77,8443,243,585,344,373,595,30,452,7458,485,424,10,1627,7153,46393,28183,414,692,15670,-0.766500,112.06038647342996,0.6074838876554652,8.617506951479749,17.27777777777778,6.485810149587586,112.06038647342996,0.6074838876554652,8.617506951479749,17.27777777777778,6.485810149587586
afb6bbb4c21bdc5fdab4ccdd,benchmark://cbench-v1/tiffdither,1,7,-indvars,True,0.654697,-18.381226,ac3871a8695b0999,1df9f72c7e67988b,46393,46603,0.002381,0.002819,399792,403344,7153,7180,414,414,46393,46603,28183,28183,0,344,4668,3297,1167,4415,1874,931,753,2162,237,344,0,6809,344,6546,517,1374,9613,16358,3550,6361,4758,4415,2240,109,1013,2492,493,542,6610,1874,6546,3623,6167,2132,77,8443,243,585,344,373,595,30,452,7458,485,424,10,1627,7153,46393,28183,414,692,15670,0,472,4689,3318,1167,4442,1884,937,757,2162,233,471,1,6708,472,6573,517,1353,9640,16358,3550,6361,4758,4442,2240,109,1013,2492,493,544,6635,1874,6573,3623,6167,2132,77,8443,243,585,526,373,596,30,452,7458,485,424,10,1627,7180,46603,28183,414,884,15671,0.654697,112.06038647342996,0.6074838876554652,8.617506951479749,17.27777777777778,6.485810149587586,112.56763285024155,0.6047464755487845,8.654893461794305,17.342995169082126,6.49066852367688
0039bd0c154c0a9b2722549c,benchmark://cbench-v1/tiffdither,2,0,-licm,True,1.569335,0.765838,8356de79120ba6d2,681da33beffee707,48425,48421,0.002427,0.002408,562178,562082,6416,6416,414,414,48425,48421,25969,25969,448,1431,3924,2648,1088,3678,1885,853,826,2162,233,1519,360,4537,1879,5809,517,1274,8876,16808,3590,6552,5001,3678,2280,109,1078,2492,490,614,5801,1863,5809,3623,5904,2129,75,6455,241,585,5360,373,594,30,452,7495,437,422,10,1601,6416,48425,25969,414,10548,13642,448,1431,3924,2648,1088,3678,1885,853,826,2162,233,1519,360,4537,1879,5809,517,1274,8876,16808,3590,6552,5001,3678,2280,109,1078,2492,490,614,5801,1863,5809,3623,5904,2129,75,6455,241,585,5356,373,594,30,452,7495,437,422,10,1601,6416,48421,25969,414,10544,13642,1.569335,116.96859903381643,0.5362725864739287,11.609251419721218,15.497584541062801,7.547537406483791,116.95893719806763,0.5363168873009645,11.608227835030256,15.497584541062801,7.546913965087282
0039bd0c154c0a9b2722549c,benchmark://cbench-v1/tiffdither,2,1,-loop-rotate,True,0.512249,-11.436754,8356de79120ba6d2,d0df94ff7f7cd4c8,48425,49499,0.002427,0.002704,562178,581920,6416,6600,414,414,48425,49499,25969,26069,448,1431,3924,2648,1088,3678,1885,853,826,2162,233,1519,360,4537,1879,5809,517,1274,8876,16808,3590,6552,5001,3678,2280,109,1078,2492,490,614,5801,1863,5809,3623,5904,2129,75,6455,241,585,5360,373,594,30,452,7495,437,422,10,1601,6416,48425,25969,414,10548,13642,504,1538,3907,2707,1069,3661,2086,860,963,2363,233,1653,389,4558,2042,5993,519,1693,9261,17065,3632,6737,5012,3661,2349,109,1141,2492,496,659,5940,1863,5993,3626,5914,2330,75,6486,241,585,5851,373,610,30,452,7551,437,423,12,1609,6600,49499,26069,414,11548,13700,0.512249,116.96859903381643,0.5362725864739287,11.609251419721218,15.497584541062801,7.547537406483791,119.56280193236715,0.5266571041839229,11.756197094890807,15.942028985507246,7.499848484848485
0039bd0c154c0a9b2722549c,benchmark://cbench-v1/tiffdither,2,2,-loop-unroll,True,0.518453,-11.365137,8356de79120ba6d2,14af6b8aa1f168bc,48425,48463,0.002427,0.002702,562178,562386,6416,6425,414,414,48425,48463,25969,25995,448,1431,3924,2648,1088,3678,1885,853,826,2162,233,1519,360,4537,1879,5809,517,1274,8876,16808,3590,6552,5001,3678,2280,109,1078,2492,490,614,5801,1863,5809,3623,5904,2129,75,6455,241,585,5360,373,594,30,452,7495,437,422,10,1601,6416,48425,25969,414,10548,13642,448,1429,3935,2655,1090,3685,1883,853,824,2162,233,1517,360,4548,1877,5816,517,1274,8883,16802,3603,6552,5005,3685,2282,109,1075,2492,490,613,5811,1863,5816,3629,5909,2127,75,6464,240,585,5356,373,592,30,455,7501,440,422,10,1607,6425,48463,25995,414,10540,13658,0.518453,116.96859903381643,0.5362725864739287,11.609251419721218,15.497584541062801,7.547537406483791,117.06038647342996,0.5363885851061635,11.604440501000763,15.519323671497585,7.542879377431906
0039bd0c154c0a9b2722549c,benchmark://cbench-v1/tiffdither,2,3,-loop-vectorize,True,-0.623010,-24.541741,8356de79120ba6d2,8356de79120ba6d2,48425,48425,0.002427,0.003022,562178,562178,6416,6416,414,414,48425,48425,25969,25969,448,1431,3924,2648,1088,3678,1885,853,826,2162,233,1519,360,4537,1879,5809,517,1274,8876,16808,3590,6552,5001,3678,2280,109,1078,2492,490,614,5801,1863,5809,3623,5904,2129,75,6455,241,585,5360,373,594,30,452,7495,437,422,10,1601,6416,48425,25969,414,10548,13642,448,1431,3924,2648,1088,3678,1885,853,826,2162,233,1519,360,4537,1879,5809,517,1274,8876,16808,3590,6552,5001,3678,2280,109,1078,2492,490,614,5801,1863,5809,3623,5904,2129,75,6455,241,585,5360,373,594,30,452,7495,437,422,10,1601,6416,48425,25969,414,10548,13642,-0.623010,116.96859903381643,0.5362725864739287,11.609251419721218,15.497584541062801,7.547537406483791,116.96859903381643,0.5362725864739287,11.609251419721218,15.497584541062801,7.547537406483791
0039bd0c154c0a9b2722549c,benchmark://cbench-v1/tiffdither,2,4,-loop-deletion,True,-0.115606,-18.684466,8356de79120ba6d2,8356de79120ba6d2,48425,48425,0.002427,0.002880,562178,562178,6416,6416,414,414,48425,48425,25969,25969,448,1431,3924,2648,1088,3678,1885,853,826,2162,233,1519,360,4537,1879,5809,517,1274,8876,16808,3590,6552,5001,3678,2280,109,1078,2492,490,614,5801,1863,5809,3623,5904,2129,75,6455,241,585,5360,373,594,30,452,7495,437,422,10,1601,6416,48425,25969,414,10548,13642,448,1431,3924,2648,1088,3678,1885,853,826,2162,233,1519,360,4537,1879,5809,517,1274,8876,16808,3590,6552,5001,3678,2280,109,1078,2492,490,614,5801,1863,5809,3623,5904,2129,75,6455,241,585,5360,373,594,30,452,7495,437,422,10,1601,6416,48425,25969,414,10548,13642,-0.115606,116.96859903381643,0.5362725864739287,11.609251419721218,15.497584541062801,7.547537406483791,116.96859903381643,0.5362725864739287,11.609251419721218,15.497584541062801,7.547537406483791
0039bd0c154c0a9b2722549c,benchmark://cbench-v1/tiffdither,2,5,-loop-unswitch,True,0.694787,-9.329606,8356de79120ba6d2,51162252af90efd8,48425,49647,0.002427,0.002653,562178,577186,6416,6711,414,414,48425,49647,25969,26330,448,1431,3924,2648,1088,3678,1885,853,826,2162,233,1519,360,4537,1879,5809,517,1274,8876,16808,3590,6552,5001,3678,2280,109,1078,2492,490,614,5801,1863,5809,3623,5904,2129,75,6455,241,585,5360,373,594,30,452,7495,437,422,10,1601,6416,48425,25969,414,10548,13642,475,1518,4108,2788,1127,3871,1991,904,874,2252,238,1609,384,4718,1993,6091,530,1328,9294,16997,3623,6630,5061,3871,2325,110,1128,2492,495,620,6090,1863,6091,3664,5978,2186,75,6583,252,592,5638,373,633,31,452,7613,464,456,10,1637,6711,49647,26330,414,11058,13889,0.694787,116.96859903381643,0.5362725864739287,11.609251419721218,15.497584541062801,7.547537406483791,119.92028985507247,0.5303442302656757,11.625798134831914,16.21014492753623,7.397854269110415
0039bd0c154c0a9b2722549c,benchmark://cbench-v1/tiffdither,2,6,-loop-distribute,True,-1.931809,-39.650019,8356de79120ba6d2,8356de79120ba6d2,48425,48425,0.002427,0.003389,562178,562178,6416,6416,414,414,48425,48425,25969,25969,448,1431,3924,2648,1088,3678,1885,853,826,2162,233,1519,360,4537,1879,5809,517,1274,8876,16808,3590,6552,5001,3678,2280,109,1078,2492,490,614,5801,1863,5809,3623,5904,2129,75,6455,241,585,5360,373,594,30,452,7495,437,422,10,1601,6416,48425,25969,414,10548,13642,448,1431,3924,2648,1088,3678,1885,853,826,2162,233,1519,360,4537,1879,5809,517,1274,8876,16808,3590,6552,5001,3678,2280,109,1078,2492,490,614,5801,1863,5809,3623,5904,2129,75,6455,241,585,5360,373,594,30,452,7495,437,422,10,1601,6416,48425,25969,414,10548,13642,-1.931809,116.96859903381643,0.5362725864739287,11.609251419721218,15.497584541062801,7.547537406483791,116.96859903381643,0.5362725864739287,11.609251419721218,15.497584541062801,7.547537406483791
0039bd0c154c0a9b2722549c,benchmark://cbench-v1/tiffdither,2,7,-indvars,True,-0.624399,-24.557784,8356de79120ba6d2,7546ec70422b6c26,48425,48493,0.002427,0.003022,562178,563410,6416,6416,414,414,48425,48493,25969,25971,448,1431,3924,2648,1088,3678,1885,853,826,2162,233,1519,360,4537,1879,5809,517,1274,8876,16808,3590,6552,5001,3678,2280,109,1078,2492,490,614,5801,1863,5809,3623,5904,2129,75,6455,241,585,5360,373,594,30,452,7495,437,422,10,1601,6416,48425,25969,414,10548,13642,448,1429,3924,2648,1088,3678,1885,853,826,2162,233,1517,360,4539,1877,5809,517,1274,8876,16732,3684,6553,5013,3678,2293,109,1091,2492,490,616,5799,1863,5809,3623,5906,2129,76,6455,241,585,5343,373,587,30,453,7495,440,488,10,1607,6416,48493,25971,414,10525,13707,-0.624399,116.96859903381643,0.5362725864739287,11.609251419721218,15.497584541062801,7.547537406483791,117.1328502415459,0.5355618336667148,11.618377910213844,15.497584541062801,7.558135910224439
3553f4cdc66e5748326a8966,generator://csmith-v0/4,0,0,-licm,True,0.277428,0.262102,8427975f3830d07e,e7c9d11a33dffe2c,10904,10820,0.002335,0.002328,72520,82656,803,811,64,64,10904,10820,6464,6369,0,59,484,380,99,471,235,73,128,267,22,59,0,744,59,726,140,163,1023,1766,1743,1243,812,471,596,193,106,435,105,132,671,722,726,1583,847,377,51,2834,4,34,59,58,860,0,161,765,15,243,29,666,803,10904,6464,64,120,5760,1,123,495,388,102,476,232,73,125,267,22,124,0,687,124,731,140,155,1028,1740,1719,1221,802,476,575,184,106,435,98,124,687,722,731,1583,836,364,50,2755,4,31,146,58,853,0,152,760,15,239,27,637,811,10820,6369,64,254,5641,0.277428,170.375,0.5928099779897286,6.6507703595011005,12.546875,13.579078455790784,169.0625,0.5886321626617376,7.639186691312385,12.671875,13.341553637484587
3553f4cdc66e5748326a8966,generator://csmith-v0/4,0,1,-loop-rotate,True,0.505917,3.421687,8427975f3830d07e,8c85254303c2bb83,10904,11207,0.002335,0.002255,72520,74336,803,910,64,64,10904,11207,6464,6558,0,59,484,380,99,471,235,73,128,267,22,59,0,744,59,726,140,163,1023,1766,1743,1243,812,471,596,193,106,435,105,132,671,722,726,1583,847,377,51,2834,4,34,59,58,860,0,161,765,15,243,29,666,803,10904,6464,64,120,5760,0,59,504,341,162,481,318,129,151,361,26,59,0,851,59,830,140,334,1221,1854,1749,1244,820,481,596,193,106,435,105,132,778,722,830,1583,847,471,51,2928,4,34,59,58,862,0,161,765,15,243,29,672,910,11207,6558,64,120,5862,0.505917,170.375,0.5928099779897286,6.6507703595011005,12.546875,13.579078455790784,175.109375,0.5851699830463103,6.632997233871687,14.21875,12.315384615384616
3553f4cdc66e5748326a8966,generator://csmith-v0/4,0,2,-loop-unroll,True,-1.284014,-21.329755,8427975f3830d07e,6c456324c87a127e,10904,10912,0.002335,0.002832,72520,72640,803,811,64,64,10904,10912,6464,6464,0,59,484,380,99,471,235,73,128,267,22,59,0,744,59,726,140,163,1023,1766,1743,1243,812,471,596,193,106,435,105,132,671,722,726,1583,847,377,51,2834,4,34,59,58,860,0,161,765,15,243,29,666,803,10904,6464,64,120,5760,0,59,495,388,102,476,232,73,125,267,22,59,0,752,59,731,140,155,1028,1766,1743,1243,812,476,596,193,106,435,105,132,679,722,731,1583,847,377,51,2834,4,34,59,58,860,0,161,765,15,243,29,666,811,10912,6464,64,120,5760,-1.284014,170.375,0.5928099779897286,6.6507703595011005,12.546875,13.579078455790784,170.5,0.592375366568915,6.656891495601173,12.671875,13.454993834771887
3553f4cdc66e5748326a8966,generator://csmith-v0/4,0,3,-loop-vectorize,True,1.180843,12.754672,8427975f3830d07e,6c456324c87a127e,10904,10912,0.002335,0.002037,72520,72640,803,811,64,64,10904,10912,6464,6464,0,59,484,380,99,471,235,73,128,267,22,59,0,744,59,726,140,163,1023,1766,1743,1243,812,471,596,193,106,435,105,132,671,722,726,1583,847,377,51,2834,4,34,59,58,860,0,161,765,15,243,29,666,803,10904,6464,64,120,5760,0,59,495,388,102,476,232,73,125,267,22,59,0,752,59,731,140,155,1028,1766,1743,1243,812,476,596,193,106,435,105,132,679,722,731,1583,847,377,51,2834,4,34,59,58,860,0,161,765,15,243,29,666,811,10912,6464,64,120,5760,1.180843,170.375,0.5928099779897286,6.6507703595011005,12.546875,13.579078455790784,170.5,0.592375366568915,6.656891495601173,12.671875,13.454993834771887
3553f4cdc66e5748326a8966,generator://csmith-v0/4,0,4,-loop-deletion,True,0.470939,2.938015,8427975f3830d07e,6c456324c87a127e,10904,10912,0.002335,0.002266,72520,72640,803,811,64,64,10904,10912,6464,6464,0,59,484,380,99,471,235,73,128,267,22,59,0,744,59,726,140,163,1023,1766,1743,1243,812,471,596,193,106,435,105,132,671,722,726,1583,847,377,51,2834,4,34,59,58,860,0,161,765,15,243,29,666,803,10904,6464,64,120,5760,0,59,495,388,102,476,232,73,125,267,22,59,0,752,59,731,140,155,1028,1766,1743,1243,812,476,596,193,106,435,105,132,679,722,731,1583,847,377,51,2834,4,34,59,58,860,0,161,765,15,243,29,666,811,10912,6464,64,120,5760,0.470939,170.375,0.5928099779897286,6.6507703595011005,12.546875,13.579078455790784,170.5,0.592375366568915,6.656891495601173,12.671875,13.454993834771887
3553f4cdc66e5748326a8966,generator://csmith-v0/4,0,5,-loop-unswitch,True,-1.818938,-28.726775,8427975f3830d07e,6c456324c87a127e,10904,10912,0.002335,0.003005,72520,72640,803,811,64,64,10904,10912,6464,6464,0,59,484,380,99,471,235,73,128,267,22,59,0,744,59,726,140,163,1023,1766,1743,1243,812,471,596,193,106,435,105,132,671,722,726,1583,847,377,51,2834,4,34,59,58,860,0,161,765,15,243,29,666,803,10904,6464,64,120,5760,0,59,495,388,102,476,232,73,125,267,22,59,0,752,59,731,140,155,1028,1766,1743,1243,812,476,596,193,106,435,105,132,679,722,731,1583,847,377,51,2834,4,34,59,58,860,0,161,765,15,243,29,666,811,10912,6464,64,120,5760,-1.818938,170.375,0.5928099779897286,6.6507703595011005,12.546875,13.579078455790784,170.5,0.592375366568915,6.656891495601173,12.671875,13.454993834771887
3553f4cdc66e5748326a8966,generator://csmith-v0/4,0,6,-loop-distribute,True,0.993718,10.167083,8427975f3830d07e,04b5c0e4f71fe0c5,10904,10904,0.002335,0.002097,72520,72520,803,803,64,64,10904,10904,6464,6464,0,59,484,380,99,471,235,73,128,267,22,59,0,744,59,726,140,163,1023,1766,1743,1243,812,471,596,193,106,435,105,132,671,722,726,1583,847,377,51,2834,4,34,59,58,860,0,161,765,15,243,29,666,803,10904,6464,64,120,5760,0,59,484,380,99,471,235,73,128,267,22,59,0,744,59,726,140,163,1023,1766,1743,1243,812,471,596,193,106,435,105,132,671,722,726,1583,847,377,51,2834,4,34,59,58,860,0,161,765,15,243,29,666,803,10904,6464,64,120,5760,0.993718,170.375,0.5928099779897286,6.6507703595011005,12.546875,13.579078455790784,170.375,0.5928099779897286,6.6507703595011005,12.546875,13.579078455790784
3553f4cdc66e5748326a8966,generator://csmith-v0/4,0,7,-indvars,True,-0.325894,-8.080719,8427975f3830d07e,6c456324c87a127e,10904,10912,0.002335,0.002523,72520,72640,803,811,64,64,10904,10912,6464,6464,0,59,484,380,99,471,235,73,128,267,22,59,0,744,59,726,140,163,1023,1766,1743,1243,812,471,596,193,106,435,105,132,671,722,726,1583,847,377,51,2834,4,34,59,58,860,0,161,765,15,243,29,666,803,10904,6464,64,120,5760,0,59,495,388,102,476,232,73,125,267,22,59,0,752,59,731,140,155,1028,1766,1743,1243,812,476,596,193,106,435,105,132,679,722,731,1583,847,377,51,2834,4,34,59,58,860,0,161,765,15,243,29,666,811,10912,6464,64,120,5760,-0.325894,170.375,0.5928099779897286,6.6507703595011005,12.546875,13.579078455790784,170.5,0.592375366568915,6.656891495601173,12.671875,13.454993834771887
19d852ace7ccac44d930f7f4,generator://csmith-v0/4,1,0,-licm,True,0.209729,-21.570657,19a4e148deeda36d,10293a99a58ca464,8707,8729,0.002264,0.002753,72420,75604,803,811,64,64,8707,8729,5382,5332,0,36,484,380,99,471,235,73,128,267,22,36,0,767,36,726,77,163,1023,1482,1308,1000,690,471,485,169,88,435,63,83,720,268,726,1323,711,225,44,2178,4,11,36,58,772,0,134,735,14,181,13,488,803,8707,5382,64,74,4322,1,86,495,388,102,476,232,73,125,267,22,87,0,724,87,731,77,155,1028,1482,1305,1011,692,476,484,169,88,435,62,81,730,268,731,1323,710,223,44,2172,4,11,109,58,770,0,134,692,14,181,13,484,811,8729,5332,64,189,4310,0.209729,136.046875,0.6181233490295165,8.31744573331802,12.546875,10.843088418430884,136.390625,0.6108374384236454,8.661244128766182,12.671875,10.763255240443897
19d852ace7ccac44d930f7f4,generator://csmith-v0/4,1,1,-loop-rotate,True,-0.929355,-38.272765,19a4e148deeda36d,db2998b15f74abb2,8707,9030,0.002264,0.003131,72420,75492,803,910,64,64,8707,9030,5382,5471,0,36,484,380,99,471,235,73,128,267,22,36,0,767,36,726,77,163,1023,1482,1308,1000,690,471,485,169,88,435,63,83,720,268,726,1323,711,225,44,2178,4,11,36,58,772,0,134,735,14,181,13,488,803,8707,5382,64,74,4322,0,82,504,341,162,481,318,129,151,361,26,82,0,828,82,830,77,334,1221,1558,1309,1030,700,481,485,169,88,435,63,84,826,268,830,1323,711,302,44,2255,4,11,82,58,773,0,134,747,14,181,13,491,910,9030,5471,64,166,4403,-0.929355,136.046875,0.6181233490295165,8.31744573331802,12.546875,10.843088418430884,141.09375,0.6058693244739757,8.360132890365449,14.21875,9.923076923076923
19d852ace7ccac44d930f7f4,generator://csmith-v0/4,1,2,-loop-unroll,True,0.449244,-18.058701,19a4e148deeda36d,cbcc3c2a2b74a553,8707,8715,0.002264,0.002673,72420,72524,803,811,64,64,8707,8715,5382,5382,0,36,484,380,99,471,235,73,128,267,22,36,0,767,36,726,77,163,1023,1482,1308,1000,690,471,485,169,88,435,63,83,720,268,726,1323,711,225,44,2178,4,11,36,58,772,0,134,735,14,181,13,488,803,8707,5382,64,74,4322,0,36,503,380,110,468,224,73,117,267,22,36,0,775,36,723,77,155,1020,1482,1308,1012,692,468,485,169,88,435,63,83,728,268,723,1323,711,225,44,2178,4,11,36,58,772,0,134,735,14,181,13,488,811,8715,5382,64,74,4322,0.449244,136.046875,0.6181233490295165,8.31744573331802,12.546875,10.843088418430884,136.171875,0.6175559380378658,8.32174411933448,12.671875,10.745992601726265
19d852ace7ccac44d930f7f4,generator://csmith-v0/4,1,3,-loop-vectorize,True,0.341027,-19.645465,19a4e148deeda36d,fa94d880d25f8486,8707,8715,0.002264,0.002709,72420,72572,803,811,64,64,8707,8715,5382,5382,0,36,484,380,99,471,235,73,128,267,22,36,0,767,36,726,77,163,1023,1482,1308,1000,690,471,485,169,88,435,63,83,720,268,726,1323,711,225,44,2178,4,11,36,58,772,0,134,735,14,181,13,488,803,8707,5382,64,74,4322,0,36,495,388,102,476,232,73,125,267,22,36,0,775,36,731,77,155,1028,1482,1308,1012,692,476,485,169,88,435,63,83,728,268,731,1323,711,225,44,2178,4,11,36,58,772,0,134,735,14,181,13,488,811,8715,5382,64,74,4322,0.341027,136.046875,0.6181233490295165,8.31744573331802,12.546875,10.843088418430884,136.171875,0.6175559380378658,8.327251864601262,12.671875,10.745992601726265
19d852ace7ccac44d930f7f4,generator://csmith-v0/4,1,4,-loop-deletion,True,-2.266010,-57.871833,19a4e148deeda36d,f53022a4d51c8082,8707,8675,0.002264,0.003575,72420,72316,803,791,64,64,8707,8675,5382,5362,0,36,484,380,99,471,235,73,128,267,22,36,0,767,36,726,77,163,1023,1482,1308,1000,690,471,485,169,88,435,63,83,720,268,726,1323,711,225,44,2178,4,11,36,58,772,0,134,735,14,181,13,488,803,8707,5382,64,74,4322,0,36,481,374,102,462,226,73,119,261,22,36,0,755,36,711,77,155,1002,1482,1308,1006,692,462,485,169,88,435,63,83,708,268,711,1323,711,225,44,2178,4,11,36,58,772,0,134,715,14,181,13,488,791,8675,5362,64,74,4322,-2.266010,136.046875,0.6181233490295165,8.31744573331802,12.546875,10.843088418430884,135.546875,0.6180979827089337,8.336138328530259,12.359375,10.967130214917825
19d852ace7ccac44d930f7f4,generator://csmith-v0/4,1,5,-loop-unswitch,True,0.665392,-14.889369,19a4e148deeda36d,fa94d880d25f8486,8707,8715,0.002264,0.002601,72420,72572,803,811,64,64,8707,8715,5382,5382,0,36,484,380,99,471,235,73,128,267,22,36,0,767,36,726,77,163,1023,1482,1308,1000,690,471,485,169,88,435,63,83,720,268,726,1323,711,225,44,2178,4,11,36,58,772,0,134,735,14,181,13,488,803,8707,5382,64,74,4322,0,36,495,388,102,476,232,73,125,267,22,36,0,775,36,731,77,155,1028,1482,1308,1012,692,476,485,169,88,435,63,83,728,268,731,1323,711,225,44,2178,4,11,36,58,772,0,134,735,14,181,13,488,811,8715,5382,64,74,4322,0.665392,136.046875,0.6181233490295165,8.31744573331802,12.546875,10.843088418430884,136.171875,0.6175559380378658,8.327251864601262,12.671875,10.745992601726265
19d852ace7ccac44d930f7f4,generator://csmith-v0/4,1,6,-loop-distribute,True,0.879521,-11.749652,19a4e148deeda36d,19a4e148deeda36d,8707,8707,0.002264,0.002530,72420,72420,803,803,64,64,8707,8707,5382,5382,0,36,484,380,99,471,235,73,128,267,22,36,0,767,36,726,77,163,1023,1482,1308,1000,690,471,485,169,88,435,63,83,720,268,726,1323,711,225,44,2178,4,11,36,58,772,0,134,735,14,181,13,488,803,8707,5382,64,74,4322,0,36,484,380,99,471,235,73,128,267,22,36,0,767,36,726,77,163,1023,1482,1308,1000,690,471,485,169,88,435,63,83,720,268,726,1323,711,225,44,2178,4,11,36,58,772,0,134,735,14,181,13,488,803,8707,5382,64,74,4322,0.879521,136.046875,0.6181233490295165,8.31744573331802,12.546875,10.843088418430884,136.046875,0.6181233490295165,8.31744573331802,12.546875,10.843088418430884
19d852ace7ccac44d930f7f4,generator://csmith-v0/4,1,7,-indvars,True,0.650452,-15.108434,19a4e148deeda36d,fa94d880d25f8486,8707,8715,0.002264,0.002606,72420,72572,803,811,64,64,8707,8715,5382,5382,0,36,484,380,99,471,235,73,128,267,22,36,0,767,36,726,77,163,1023,1482,1308,1000,690,471,485,169,88,435,63,83,720,268,726,1323,711,225,44,2178,4,11,36,58,772,0,134,735,14,181,13,488,803,8707,5382,64,74,4322,0,36,495,388,102,476,232,73,125,267,22,36,0,775,36,731,77,155,1028,1482,1308,1012,692,476,485,169,88,435,63,83,728,268,731,1323,711,225,44,2178,4,11,36,58,772,0,134,735,14,181,13,488,811,8715,5382,64,74,4322,0.650452,136.046875,0.6181233490295165,8.31744573331802,12.546875,10.843088418430884,136.171875,0.6175559380378658,8.327251864601262,12.671875,10.745992601726265
fbb64fcf48d38e7561e7ad0a,generator://csmith-v0/4,2,0,-licm,True,0.932466,5.429925,05959d154cab651c,07a7ce23f1fc59c3,8049,8060,0.002498,0.002362,73524,73620,428,431,64,64,8049,8060,4992,4993,10,110,230,175,46,217,130,35,83,149,10,117,3,308,120,366,77,73,520,1433,1297,1030,597,217,473,166,88,348,74,78,350,266,366,1323,697,218,42,2057,4,25,162,60,756,21,131,567,14,182,12,456,428,8049,4992,64,305,4065,9,117,233,178,46,220,130,35,83,149,10,123,3,305,126,369,77,70,523,1432,1297,1030,597,220,473,166,88,348,74,78,353,266,369,1323,697,218,42,2058,4,25,169,60,756,21,131,567,14,182,12,456,431,8060,4993,64,312,4066,0.932466,125.765625,0.6202012672381663,9.134550875885203,6.6875,18.80607476635514,125.9375,0.6194789081885856,9.133995037220844,6.734375,18.700696055684453
fbb64fcf48d38e7561e7ad0a,generator://csmith-v0/4,2,1,-loop-rotate,True,1.224713,9.857255,05959d154cab651c,75bec901c523d426,8049,7939,0.002498,0.002251,73524,71276,428,354,64,64,8049,7939,4992,4997,10,110,230,175,46,217,130,35,83,149,10,117,3,308,120,366,77,73,520,1433,1297,1030,597,217,473,166,88,348,74,78,350,266,366,1323,697,218,42,2057,4,25,162,60,756,21,131,567,14,182,12,456,428,8049,4992,64,305,4065,2,95,156,96,51,143,130,40,78,149,10,97,0,257,97,292,77,147,446,1405,1296,999,597,143,473,166,88,348,74,80,274,266,292,1323,697,218,42,2062,4,25,121,60,756,21,131,567,14,182,12,456,354,7939,4997,64,217,4070,1.224713,125.765625,0.6202012672381663,9.134550875885203,6.6875,18.80607476635514,124.046875,0.6294243607507243,8.97795692152664,5.53125,22.426553672316384
fbb64fcf48d38e7561e7ad0a,generator://csmith-v0/4,2,2,-loop-unroll,True,-1.196542,-26.822982,05959d154cab651c,bb148b31675921b3,8049,8232,0.002498,0.003168,73524,74316,428,485,64,64,8049,8232,4992,5114,10,110,230,175,46,217,130,35,83,149,10,117,3,308,120,366,77,73,520,1433,1297,1030,597,217,473,166,88,348,74,78,350,266,366,1323,697,218,42,2057,4,25,162,60,756,21,131,567,14,182,12,456,428,8049,4992,64,305,4065,9,109,299,220,58,262,118,35,71,149,10,116,2,367,118,411,77,70,565,1462,1399,1093,616,262,489,166,80,348,82,78,407,266,411,1333,738,214,50,2067,4,25,149,60,746,36,131,628,14,182,20,456,485,8232,5114,64,269,4065,-1.196542,125.765625,0.6202012672381663,9.134550875885203,6.6875,18.80607476635514,128.625,0.6212342079689018,9.027696793002915,7.578125,16.97319587628866
fbb64fcf48d38e7561e7ad0a,generator://csmith-v0/4,2,3,-loop-vectorize,True,0.378010,-2.969675,05959d154cab651c,36a8d96c18197be2,8049,8057,0.002498,0.002572,73524,73588,428,431,64,64,8049,8057,4992,4992,10,110,230,175,46,217,130,35,83,149,10,117,3,308,120,366,77,73,520,1433,1297,1030,597,217,473,166,88,348,74,78,350,266,366,1323,697,218,42,2057,4,25,162,60,756,21,131,567,14,182,12,456,428,8049,4992,64,305,4065,10,115,233,178,46,220,130,35,83,149,10,122,3,306,125,369,77,70,523,1433,1297,1030,597,220,473,166,88,348,74,78,353,266,369,1323,697,218,42,2057,4,25,167,60,756,21,131,567,14,182,12,456,431,8057,4992,64,310,4065,0.378010,125.765625,0.6202012672381663,9.134550875885203,6.6875,18.80607476635514,125.890625,0.619585453642795,9.133424351495593,6.734375,18.693735498839906
fbb64fcf48d38e7561e7ad0a,generator://csmith-v0/4,2,4,-loop-deletion,True,-0.646974,-18.497436,05959d154cab651c,86be41f4a752ee89,8049,8058,0.002498,0.002960,73524,73588,428,431,64,64,8049,8058,4992,4992,10,110,230,175,46,217,130,35,83,149,10,117,3,308,120,366,77,73,520,1433,1297,1030,597,217,473,166,88,348,74,78,350,266,366,1323,697,218,42,2057,4,25,162,60,756,21,131,567,14,182,12,456,428,8049,4992,64,305,4065,10,116,233,178,46,220,130,35,83,149,10,123,3,305,126,369,77,70,523,1433,1297,1030,597,220,473,166,88,348,74,78,353,266,369,1323,697,218,42,2057,4,25,168,60,756,21,131,567,14,182,12,456,431,8058,4992,64,311,4065,-0.646974,125.765625,0.6202012672381663,9.134550875885203,6.6875,18.80607476635514,125.90625,0.6195085629188384,9.132290891039961,6.734375,18.696055684454755
fbb64fcf48d38e7561e7ad0a,generator://csmith-v0/4,2,5,-loop-unswitch,True,-0.909690,-22.477387,05959d154cab651c,f45e62252ec57a1a,8049,8278,0.002498,0.003059,73524,75612,428,474,64,64,8049,8278,4992,5116,10,110,230,175,46,217,130,35,83,149,10,117,3,308,120,366,77,73,520,1433,1297,1030,597,217,473,166,88,348,74,78,350,266,366,1323,697,218,42,2057,4,25,162,60,756,21,131,567,14,182,12,456,428,8049,4992,64,305,4065,14,131,259,200,51,248,146,41,92,163,11,141,4,329,145,411,82,80,584,1471,1367,1051,608,248,478,166,91,348,75,81,393,266,411,1390,698,226,42,2071,4,26,204,60,759,18,131,609,14,184,12,458,474,8278,5116,64,379,4086,-0.909690,125.765625,0.6202012672381663,9.134550875885203,6.6875,18.80607476635514,129.34375,0.618023677216719,9.134090359990337,7.40625,17.464135021097047
fbb64fcf48d38e7561e7ad0a,generator://csmith-v0/4,2,6,-loop-distribute,True,1.289284,10.835463,05959d154cab651c,05959d154cab651c,8049,8049,0.002498,0.002227,73524,73524,428,428,64,64,8049,8049,4992,4992,10,110,230,175,46,217,130,35,83,149,10,117,3,308,120,366,77,73,520,1433,1297,1030,597,217,473,166,88,348,74,78,350,266,366,1323,697,218,42,2057,4,25,162,60,756,21,131,567,14,182,12,456,428,8049,4992,64,305,4065,10,110,230,175,46,217,130,35,83,149,10,117,3,308,120,366,77,73,520,1433,1297,1030,597,217,473,166,88,348,74,78,350,266,366,1323,697,218,42,2057,4,25,162,60,756,21,131,567,14,182,12,456,428,8049,4992,64,305,4065,1.289284,125.765625,0.6202012672381663,9.134550875885203,6.6875,18.80607476635514,125.765625,0.6202012672381663,9.134550875885203,6.6875,18.80607476635514
fbb64fcf48d38e7561e7ad0a,generator://csmith-v0/4,2,7,-indvars,True,-1.071268,-24.925182,05959d154cab651c,ad6ef0fada69fcee,8049,8039,0.002498,0.003120,73524,73588,428,431,64,64,8049,8039,4992,4988,10,110,230,175,46,217,130,35,83,149,10,117,3,308,120,366,77,73,520,1433,1297,1030,597,217,473,166,88,348,74,78,350,266,366,1323,697,218,42,2057,4,25,162,60,756,21,131,567,14,182,12,456,428,8049,4992,64,305,4065,6,117,233,178,46,220,130,35,83,149,10,121,2,308,123,369,77,70,523,1394,1339,1031,597,220,473,166,88,348,74,78,353,266,369,1323,697,218,42,2053,4,25,155,60,742,21,131,567,14,194,12,456,431,8039,4988,64,293,4059,-1.071268,125.765625,0.6202012672381663,9.134550875885203,6.6875,18.80607476635514,125.609375,0.6204751834805324,9.15387486005722,6.734375,18.651972157772622
40b883b1e19133cf52040785,generator://csmith-v0/6,0,0,-licm,True,0.739882,9.452781,bdb08d13d4c8f9c6,1db3d345cd6a39c5,1246,1252,0.002253,0.002040,6208,7536,126,126,13,13,1246,1252,857,828,0,0,83,69,11,82,34,10,23,36,1,0,0,126,0,118,13,12,154,165,329,136,206,82,49,0,24,61,11,17,109,96,118,187,165,36,11,235,0,1,0,8,40,0,0,209,0,10,5,29,126,1246,857,13,0,471,1,26,83,69,11,82,34,10,23,36,1,27,0,99,27,118,13,12,154,165,329,136,206,82,49,0,24,61,11,18,108,96,118,187,165,36,11,212,0,1,35,8,40,0,0,203,0,10,5,29,126,1252,828,13,53,448,0.739882,95.84615384615384,0.687800963081862,4.982343499197432,9.692307692307692,9.88888888888889,96.3076923076923,0.6613418530351438,6.019169329073482,9.692307692307692,9.936507936507937
40b883b1e19133cf52040785,generator://csmith-v0/6,0,1,-loop-rotate,True,0.324034,-4.862802,bdb08d13d4c8f9c6,55e7d19e05e807fc,1246,1316,0.002253,0.002363,6208,6608,126,149,13,13,1246,1316,857,880,0,0,83,69,11,82,34,10,23,36,1,0,0,126,0,118,13,12,154,165,329,136,206,82,49,0,24,61,11,17,109,96,118,187,165,36,11,235,0,1,0,8,40,0,0,209,0,10,5,29,126,1246,857,13,0,471,0,0,83,59,24,82,57,23,30,59,1,0,0,149,0,141,13,58,200,188,329,137,207,82,49,0,24,61,11,17,132,96,141,187,165,59,11,258,0,1,0,8,40,0,0,209,0,10,5,30,149,1316,880,13,0,495,0.324034,95.84615384615384,0.687800963081862,4.982343499197432,9.692307692307692,9.88888888888889,101.23076923076923,0.668693009118541,5.0212765957446805,11.461538461538462,8.832214765100671
40b883b1e19133cf52040785,generator://csmith-v0/6,0,2,-loop-unroll,True,-2.408112,-98.916805,bdb08d13d4c8f9c6,cb5faa9da66aa09d,1246,1246,0.002253,0.004482,6208,6208,126,126,13,13,1246,1246,857,857,0,0,83,69,11,82,34,10,23,36,1,0,0,126,0,118,13,12,154,165,329,136,206,82,49,0,24,61,11,17,109,96,118,187,165,36,11,235,0,1,0,8,40,0,0,209,0,10,5,29,126,1246,857,13,0,471,0,0,83,69,11,82,34,10,23,36,1,0,0,126,0,118,13,12,154,165,329,136,206,82,49,0,24,61,11,17,109,96,118,187,165,36,11,235,0,1,0,8,40,0,0,209,0,10,5,29,126,1246,857,13,0,471,-2.408112,95.84615384615384,0.687800963081862,4.982343499197432,9.692307692307692,9.88888888888889,95.84615384615384,0.687800963081862,4.982343499197432,9.692307692307692,9.88888888888889
40b883b1e19133cf52040785,generator://csmith-v0/6,0,3,-loop-vectorize,True,0.885953,14.481262,bdb08d13d4c8f9c6,cb5faa9da66aa09d,1246,1246,0.002253,0.001927,6208,6208,126,126,13,13,1246,1246,857,857,0,0,83,69,11,82,34,10,23,36,1,0,0,126,0,118,13,12,154,165,329,136,206,82,49,0,24,61,11,17,109,96,118,187,165,36,11,235,0,1,0,8,40,0,0,209,0,10,5,29,126,1246,857,13,0,471,0,0,83,69,11,82,34,10,23,36,1,0,0,126,0,118,13,12,154,165,329,136,206,82,49,0,24,61,11,17,109,96,118,187,165,36,11,235,0,1,0,8,40,0,0,209,0,10,5,29,126,1246,857,13,0,471,0.885953,95.84615384615384,0.687800963081862,4.982343499197432,9.692307692307692,9.88888888888889,95.84615384615384,0.687800963081862,4.982343499197432,9.692307692307692,9.88888888888889
40b883b1e19133cf52040785,generator://csmith-v0/6,0,4,-loop-deletion,True,-0.213820,-23.378391,bdb08d13d4c8f9c6,cb5faa9da66aa09d,1246,1246,0.002253,0.002780,6208,6208,126,126,13,13,1246,1246,857,857,0,0,83,69,11,82,34,10,23,36,1,0,0,126,0,118,13,12,154,165,329,136,206,82,49,0,24,61,11,17,109,96,118,187,165,36,11,235,0,1,0,8,40,0,0,209,0,10,5,29,126,1246,857,13,0,471,0,0,83,69,11,82,34,10,23,36,1,0,0,126,0,118,13,12,154,165,329,136,206,82,49,0,24,61,11,17,109,96,118,187,165,36,11,235,0,1,0,8,40,0,0,209,0,10,5,29,126,1246,857,13,0,471,-0.213820,95.84615384615384,0.687800963081862,4.982343499197432,9.692307692307692,9.88888888888889,95.84615384615384,0.687800963081862,4.982343499197432,9.692307692307692,9.88888888888889
40b883b1e19133cf52040785,generator://csmith-v0/6,0,5,-loop-unswitch,True,0.353751,-3.839794,bdb08d13d4c8f9c6,cb5faa9da66aa09d,1246,1246,0.002253,0.002340,6208,6208,126,126,13,13,1246,1246,857,857,0,0,83,69,11,82,34,10,23,36,1,0,0,126,0,118,13,12,154,165,329,136,206,82,49,0,24,61,11,17,109,96,118,187,165,36,11,235,0,1,0,8,40,0,0,209,0,10,5,29,126,1246,857,13,0,471,0,0,83,69,11,82,34,10,23,36,1,0,0,126,0,118,13,12,154,165,329,136,206,82,49,0,24,61,11,17,109,96,118,187,165,36,11,235,0,1,0,8,40,0,0,209,0,10,5,29,126,1246,857,13,0,471,0.353751,95.84615384615384,0.687800963081862,4.982343499197432,9.692307692307692,9.88888888888889,95.84615384615384,0.687800963081862,4.982343499197432,9.692307692307692,9.88888888888889
40b883b1e19133cf52040785,generator://csmith-v0/6,0,6,-loop-distribute,True,-0.361488,-28.461850,bdb08d13d4c8f9c6,cb5faa9da66aa09d,1246,1246,0.002253,0.002894,6208,6208,126,126,13,13,1246,1246,857,857,0,0,83,69,11,82,34,10,23,36,1,0,0,126,0,118,13,12,154,165,329,136,206,82,49,0,24,61,11,17,109,96,118,187,165,36,11,235,0,1,0,8,40,0,0,209,0,10,5,29,126,1246,857,13,0,471,0,0,83,69,11,82,34,10,23,36,1,0,0,126,0,118,13,12,154,165,329,136,206,82,49,0,24,61,11,17,109,96,118,187,165,36,11,235,0,1,0,8,40,0,0,209,0,10,5,29,126,1246,857,13,0,471,-0.361488,95.84615384615384,0.687800963081862,4.982343499197432,9.692307692307692,9.88888888888889,95.84615384615384,0.687800963081862,4.982343499197432,9.692307692307692,9.88888888888889
40b883b1e19133cf52040785,generator://csmith-v0/6,0,7,-indvars,True,0.679800,7.384442,bdb08d13d4c8f9c6,cb5faa9da66aa09d,1246,1246,0.002253,0.002087,6208,6208,126,126,13,13,1246,1246,857,857,0,0,83,69,11,82,34,10,23,36,1,0,0,126,0,118,13,12,154,165,329,136,206,82,49,0,24,61,11,17,109,96,118,187,165,36,11,235,0,1,0,8,40,0,0,209,0,10,5,29,126,1246,857,13,0,471,0,0,83,69,11,82,34,10,23,36,1,0,0,126,0,118,13,12,154,165,329,136,206,82,49,0,24,61,11,17,109,96,118,187,165,36,11,235,0,1,0,8,40,0,0,209,0,10,5,29,126,1246,857,13,0,471,0.679800,95.84615384615384,0.687800963081862,4.982343499197432,9.692307692307692,9.88888888888889,95.84615384615384,0.687800963081862,4.982343499197432,9.692307692307692,9.88888888888889
86b583974ba16dc7b9db78e4,generator://csmith-v0/6,1,0,-licm,True,0.146639,-10.989182,c234cf0169555985,3b6e97aeac72d2e6,1142,1171,0.002147,0.002382,7148,7740,126,126,14,14,1142,1171,804,797,0,0,83,69,11,82,34,10,23,36,1,0,0,126,0,118,13,12,154,164,327,139,204,82,46,0,24,61,9,15,111,49,118,189,163,36,10,186,0,1,0,8,40,0,0,205,0,10,5,28,126,1142,804,14,0,374,1,27,83,69,11,82,34,10,23,36,1,28,0,98,28,118,13,12,154,164,327,139,204,82,46,0,24,61,9,16,110,49,118,189,163,36,10,185,0,1,36,8,40,0,0,199,0,10,5,28,126,1171,797,14,54,373,0.146639,81.57142857142857,0.7040280210157618,6.259194395796848,9.0,9.063492063492063,83.64285714285714,0.6806148590947908,6.609735269000854,9.0,9.293650793650794
86b583974ba16dc7b9db78e4,generator://csmith-v0/6,1,1,-loop-rotate,True,0.848793,0.006855,c234cf0169555985,81551527a865c173,1142,1232,0.002147,0.002146,7148,7948,126,149,14,14,1142,1232,804,827,0,0,83,69,11,82,34,10,23,36,1,0,0,126,0,118,13,12,154,164,327,139,204,82,46,0,24,61,9,15,111,49,118,189,163,36,10,186,0,1,0,8,40,0,0,205,0,10,5,28,126,1142,804,14,0,374,0,19,83,59,24,82,57,23,30,59,1,19,0,130,19,141,13,58,200,187,327,140,205,82,46,0,24,61,9,16,133,49,141,189,163,59,10,209,0,1,20,8,40,0,0,205,0,10,5,29,149,1232,827,14,39,398,0.848793,81.57142857142857,0.7040280210157618,6.259194395796848,9.0,9.063492063492063,88.0,0.6712662337662337,6.451298701298701,10.642857142857142,8.268456375838927
86b583974ba16dc7b9db78e4,generator://csmith-v0/6,1,2,-loop-unroll,True,-1.142105,-31.171463,c234cf0169555985,603f2f090c90e73b,1142,1143,0.002147,0.002816,7148,7164,126,126,14,14,1142,1143,804,804,0,0,83,69,11,82,34,10,23,36,1,0,0,126,0,118,13,12,154,164,327,139,204,82,46,0,24,61,9,15,111,49,118,189,163,36,10,186,0,1,0,8,40,0,0,205,0,10,5,28,126,1142,804,14,0,374,0,1,83,69,11,82,34,10,23,36,1,1,0,125,1,118,13,12,154,164,327,139,204,82,46,0,24,61,9,15,111,49,118,189,163,36,10,186,0,1,1,8,40,0,0,205,0,10,5,28,126,1143,804,14,1,374,-1.142105,81.57142857142857,0.7040280210157618,6.259194395796848,9.0,9.063492063492063,81.64285714285714,0.7034120734908137,6.267716535433071,9.0,9.071428571428571
86b583974ba16dc7b9db78e4,generator://csmith-v0/6,1,3,-loop-vectorize,True,-1.725120,-40.301736,c234cf0169555985,603f2f090c90e73b,1142,1143,0.002147,0.003012,7148,7164,126,126,14,14,1142,1143,804,804,0,0,83,69,11,82,34,10,23,36,1,0,0,126,0,118,13,12,154,164,327,139,204,82,46,0,24,61,9,15,111,49,118,189,163,36,10,186,0,1,0,8,40,0,0,205,0,10,5,28,126,1142,804,14,0,374,0,1,83,69,11,82,34,10,23,36,1,1,0,125,1,118,13,12,154,164,327,139,204,82,46,0,24,61,9,15,111,49,118,189,163,36,10,186,0,1,1,8,40,0,0,205,0,10,5,28,126,1143,804,14,1,374,-1.725120,81.57142857142857,0.7040280210157618,6.259194395796848,9.0,9.063492063492063,81.64285714285714,0.7034120734908137,6.267716535433071,9.0,9.071428571428571
86b583974ba16dc7b9db78e4,generator://csmith-v0/6,1,4,-loop-deletion,True,-0.782733,-25.543541,c234cf0169555985,603f2f090c90e73b,1142,1143,0.002147,0.002695,7148,7164,126,126,14,14,1142,1143,804,804,0,0,83,69,11,82,34,10,23,36,1,0,0,126,0,118,13,12,154,164,327,139,204,82,46,0,24,61,9,15,111,49,118,189,163,36,10,186,0,1,0,8,40,0,0,205,0,10,5,28,126,1142,804,14,0,374,0,1,83,69,11,82,34,10,23,36,1,1,0,125,1,118,13,12,154,164,327,139,204,82,46,0,24,61,9,15,111,49,118,189,163,36,10,186,0,1,1,8,40,0,0,205,0,10,5,28,126,1143,804,14,1,374,-0.782733,81.57142857142857,0.7040280210157618,6.259194395796848,9.0,9.063492063492063,81.64285714285714,0.7034120734908137,6.267716535433071,9.0,9.071428571428571
86b583974ba16dc7b9db78e4,generator://csmith-v0/6,1,5,-loop-unswitch,True,0.969284,1.893792,c234cf0169555985,603f2f090c90e73b,1142,1143,0.002147,0.002106,7148,7164,126,126,14,14,1142,1143,804,804,0,0,83,69,11,82,34,10,23,36,1,0,0,126,0,118,13,12,154,164,327,139,204,82,46,0,24,61,9,15,111,49,118,189,163,36,10,186,0,1,0,8,40,0,0,205,0,10,5,28,126,1142,804,14,0,374,0,1,83,69,11,82,34,10,23,36,1,1,0,125,1,118,13,12,154,164,327,139,204,82,46,0,24,61,9,15,111,49,118,189,163,36,10,186,0,1,1,8,40,0,0,205,0,10,5,28,126,1143,804,14,1,374,0.969284,81.57142857142857,0.7040280210157618,6.259194395796848,9.0,9.063492063492063,81.64285714285714,0.7034120734908137,6.267716535433071,9.0,9.071428571428571
86b583974ba16dc7b9db78e4,generator://csmith-v0/6,1,6,-loop-distribute,True,0.790657,-0.903580,c234cf0169555985,c234cf0169555985,1142,1142,0.002655,0.002679,7148,7148,126,126,14,14,1142,1142,804,804,0,0,83,69,11,82,34,10,23,36,1,0,0,126,0,118,13,12,154,164,327,139,204,82,46,0,24,61,9,15,111,49,118,189,163,36,10,186,0,1,0,8,40,0,0,205,0,10,5,28,126,1142,804,14,0,374,0,0,83,69,11,82,34,10,23,36,1,0,0,126,0,118,13,12,154,164,327,139,204,82,46,0,24,61,9,15,111,49,118,189,163,36,10,186,0,1,0,8,40,0,0,205,0,10,5,28,126,1142,804,14,0,374,0.790657,81.57142857142857,0.7040280210157618,6.259194395796848,9.0,9.063492063492063,81.57142857142857,0.7040280210157618,6.259194395796848,9.0,9.063492063492063
86b583974ba16dc7b9db78e4,generator://csmith-v0/6,1,7,-indvars,True,0.894585,0.723973,c234cf0169555985,603f2f090c90e73b,1142,1143,0.002655,0.002636,7148,7164,126,126,14,14,1142,1143,804,804,0,0,83,69,11,82,34,10,23,36,1,0,0,126,0,118,13,12,154,164,327,139,204,82,46,0,24,61,9,15,111,49,118,189,163,36,10,186,0,1,0,8,40,0,0,205,0,10,5,28,126,1142,804,14,0,374,0,1,83,69,11,82,34,10,23,36,1,1,0,125,1,118,13,12,154,164,327,139,204,82,46,0,24,61,9,15,111,49,118,189,163,36,10,186,0,1,1,8,40,0,0,205,0,10,5,28,126,1143,804,14,1,374,0.894585,81.57142857142857,0.7040280210157618,6.259194395796848,9.0,9.063492063492063,81.64285714285714,0.7034120734908137,6.267716535433071,9.0,9.071428571428571
4bfc5702acca9405e71b10b1,generator://csmith-v0/6,2,0,-licm,True,1.147041,8.714993,57de02712f3e5851,57de02712f3e5851,1168,1168,0.002034,0.001857,8476,8476,103,103,14,14,1168,1168,774,774,7,35,60,46,11,59,34,10,23,36,1,40,2,61,42,95,13,12,131,186,327,160,204,59,46,0,24,61,9,15,88,49,95,189,163,36,10,166,0,1,79,8,40,0,0,195,0,10,5,28,103,1168,774,14,130,354,7,35,60,46,11,59,34,10,23,36,1,40,2,61,42,95,13,12,131,186,327,160,204,59,46,0,24,61,9,15,88,49,95,189,163,36,10,166,0,1,79,8,40,0,0,195,0,10,5,28,103,1168,774,14,130,354,1.147041,83.42857142857143,0.6626712328767124,7.256849315068493,7.357142857142857,11.339805825242719,83.42857142857143,0.6626712328767124,7.256849315068493,7.357142857142857,11.339805825242719
4bfc5702acca9405e71b10b1,generator://csmith-v0/6,2,1,-loop-rotate,True,-0.893819,-29.719282,57de02712f3e5851,d26158cc6f761596,1168,1118,0.002034,0.002638,8476,7676,103,80,14,14,1168,1118,774,774,7,35,60,46,11,59,34,10,23,36,1,40,2,61,42,95,13,12,131,186,327,160,204,59,46,0,24,61,9,15,88,49,95,189,163,36,10,166,0,1,79,8,40,0,0,195,0,10,5,28,103,1168,774,14,130,354,0,40,37,24,10,36,34,9,24,36,1,40,0,40,40,72,13,35,108,175,327,149,204,36,46,0,24,61,9,15,65,49,72,189,163,36,10,166,0,1,52,8,40,0,0,195,0,10,5,28,80,1118,774,14,76,354,-0.893819,83.42857142857143,0.6626712328767124,7.256849315068493,7.357142857142857,11.339805825242719,79.85714285714286,0.6923076923076923,6.8658318425760285,5.714285714285714,13.975
4bfc5702acca9405e71b10b1,generator://csmith-v0/6,2,2,-loop-unroll,True,0.187783,-9.350137,57de02712f3e5851,9d78224697520c40,1168,1382,0.002034,0.002224,8476,9604,103,181,14,14,1168,1382,774,854,7,35,60,46,11,59,34,10,23,36,1,40,2,61,42,95,13,12,131,186,327,160,204,59,46,0,24,61,9,15,88,49,95,189,163,36,10,166,0,1,79,8,40,0,0,195,0,10,5,28,103,1168,774,14,130,354,4,46,125,85,31,110,47,22,23,56,1,49,1,131,50,166,19,18,222,257,377,220,239,110,77,0,23,61,17,15,166,49,166,201,191,49,26,196,0,1,82,8,46,0,0,205,0,10,13,31,181,1382,854,14,134,393,0.187783,83.42857142857143,0.6626712328767124,7.256849315068493,7.357142857142857,11.339805825242719,98.71428571428571,0.61794500723589,6.949348769898697,12.928571428571429,7.6353591160221
4bfc5702acca9405e71b10b1,generator://csmith-v0/6,2,3,-loop-vectorize,True,0.517580,-3.139273,57de02712f3e5851,57de02712f3e5851,1168,1168,0.002034,0.002098,8476,8476,103,103,14,14,1168,1168,774,774,7,35,60,46,11,59,34,10,23,36,1,40,2,61,42,95,13,12,131,186,327,160,204,59,46,0,24,61,9,15,88,49,95,189,163,36,10,166,0,1,79,8,40,0,0,195,0,10,5,28,103,1168,774,14,130,354,7,35,60,46,11,59,34,10,23,36,1,40,2,61,42,95,13,12,131,186,327,160,204,59,46,0,24,61,9,15,88,49,95,189,163,36,10,166,0,1,79,8,40,0,0,195,0,10,5,28,103,1168,774,14,130,354,0.517580,83.42857142857143,0.6626712328767124,7.256849315068493,7.357142857142857,11.339805825242719,83.42857142857143,0.6626712328767124,7.256849315068493,7.357142857142857,11.339805825242719
4bfc5702acca9405e71b10b1,generator://csmith-v0/6,2,4,-loop-deletion,True,-0.984050,-31.418557,57de02712f3e5851,57de02712f3e5851,1168,1168,0.002034,0.002673,8476,8476,103,103,14,14,1168,1168,774,774,7,35,60,46,11,59,34,10,23,36,1,40,2,61,42,95,13,12,131,186,327,160,204,59,46,0,24,61,9,15,88,49,95,189,163,36,10,166,0,1,79,8,40,0,0,195,0,10,5,28,103,1168,774,14,130,354,7,35,60,46,11,59,34,10,23,36,1,40,2,61,42,95,13,12,131,186,327,160,204,59,46,0,24,61,9,15,88,49,95,189,163,36,10,166,0,1,79,8,40,0,0,195,0,10,5,28,103,1168,774,14,130,354,-0.984050,83.42857142857143,0.6626712328767124,7.256849315068493,7.357142857142857,11.339805825242719,83.42857142857143,0.6626712328767124,7.256849315068493,7.357142857142857,11.339805825242719
4bfc5702acca9405e71b10b1,generator://csmith-v0/6,2,5,-loop-unswitch,True,1.415785,13.776094,57de02712f3e5851,57de02712f3e5851,1168,1168,0.002034,0.001754,8476,8476,103,103,14,14,1168,1168,774,774,7,35,60,46,11,59,34,10,23,36,1,40,2,61,42,95,13,12,131,186,327,160,204,59,46,0,24,61,9,15,88,49,95,189,163,36,10,166,0,1,79,8,40,0,0,195,0,10,5,28,103,1168,774,14,130,354,7,35,60,46,11,59,34,10,23,36,1,40,2,61,42,95,13,12,131,186,327,160,204,59,46,0,24,61,9,15,88,49,95,189,163,36,10,166,0,1,79,8,40,0,0,195,0,10,5,28,103,1168,774,14,130,354,1.415785,83.42857142857143,0.6626712328767124,7.256849315068493,7.357142857142857,11.339805825242719,83.42857142857143,0.6626712328767124,7.256849315068493,7.357142857142857,11.339805825242719
4bfc5702acca9405e71b10b1,generator://csmith-v0/6,2,6,-loop-distribute,True,0.211189,-8.909337,57de02712f3e5851,57de02712f3e5851,1168,1168,0.002034,0.002215,8476,8476,103,103,14,14,1168,1168,774,774,7,35,60,46,11,59,34,10,23,36,1,40,2,61,42,95,13,12,131,186,327,160,204,59,46,0,24,61,9,15,88,49,95,189,163,36,10,166,0,1,79,8,40,0,0,195,0,10,5,28,103,1168,774,14,130,354,7,35,60,46,11,59,34,10,23,36,1,40,2,61,42,95,13,12,131,186,327,160,204,59,46,0,24,61,9,15,88,49,95,189,163,36,10,166,0,1,79,8,40,0,0,195,0,10,5,28,103,1168,774,14,130,354,0.211189,83.42857142857143,0.6626712328767124,7.256849315068493,7.357142857142857,11.339805825242719,83.42857142857143,0.6626712328767124,7.256849315068493,7.357142857142857,11.339805825242719
4bfc5702acca9405e71b10b1,generator://csmith-v0/6,2,7,-indvars,True,-1.601509,-43.046790,57de02712f3e5851,095386130dd31b5a,1168,1145,0.002034,0.002909,8476,8460,103,103,14,14,1168,1145,774,772,7,35,60,46,11,59,34,10,23,36,1,40,2,61,42,95,13,12,131,186,327,160,204,59,46,0,24,61,9,15,88,49,95,189,163,36,10,166,0,1,79,8,40,0,0,195,0,10,5,28,103,1168,774,14,130,354,4,31,60,46,11,59,34,10,23,36,1,35,0,68,35,95,13,12,131,148,366,154,204,59,46,0,24,61,9,15,88,49,95,189,163,36,10,164,0,1,54,8,28,0,0,195,0,26,5,28,103,1145,772,14,93,356,-1.601509,83.42857142857143,0.6626712328767124,7.256849315068493,7.357142857142857,11.339805825242719,81.78571428571429,0.674235807860262,7.388646288209607,7.357142857142857,11.116504854368932
340da6d2400cce56c2e84beb,generator://csmith-v0/8,0,0,-licm,True,0.809062,-0.126118,212b5c8276fa852a,cd1b7ce7a5aee79c,2565,2577,0.002022,0.002024,14340,15972,211,212,26,26,2565,2577,1593,1564,0,10,130,104,24,125,56,15,33,66,5,10,0,201,10,189,28,33,257,327,633,326,321,125,196,39,30,90,74,30,181,112,189,288,346,74,25,548,0,2,10,20,136,0,34,321,2,84,9,130,211,2565,1593,26,20,1100,3,32,131,105,24,126,56,15,33,66,5,35,0,177,35,190,28,32,258,327,631,326,321,126,194,39,30,90,73,30,182,112,190,288,346,73,24,524,0,2,56,20,136,0,34,316,2,83,8,129,212,2577,1564,26,89,1074,0.809062,98.65384615384616,0.6210526315789474,5.590643274853801,8.115384615384615,12.156398104265403,99.11538461538461,0.6069072564998059,6.19790454016298,8.153846153846153,12.15566037735849
340da6d2400cce56c2e84beb,generator://csmith-v0/8,0,1,-loop-rotate,True,0.231618,-9.792417,212b5c8276fa852a,d84a7c464ed4ab02,2565,2655,0.002022,0.002220,14340,14868,211,241,26,26,2565,2655,1593,1622,0,10,130,104,24,125,56,15,33,66,5,10,0,201,10,189,28,33,257,327,633,326,321,125,196,39,30,90,74,30,181,112,189,288,346,74,25,548,0,2,10,20,136,0,34,321,2,84,9,130,211,2565,1593,26,20,1100,0,10,131,91,40,126,85,32,43,95,5,10,0,231,10,219,28,90,316,356,633,327,323,126,196,39,30,90,74,30,211,112,219,288,346,103,25,577,0,2,10,20,136,0,34,321,2,84,9,132,241,2655,1622,26,20,1131,0.231618,98.65384615384616,0.6210526315789474,5.590643274853801,8.115384615384615,12.156398104265403,102.11538461538461,0.6109227871939736,5.6,9.26923076923077,11.016597510373444
340da6d2400cce56c2e84beb,generator://csmith-v0/8,0,2,-loop-unroll,True,-1.115576,-32.344198,212b5c8276fa852a,b280e8a44fdd5978,2565,2566,0.002022,0.002676,14340,14356,211,212,26,26,2565,2566,1593,1593,0,10,130,104,24,125,56,15,33,66,5,10,0,201,10,189,28,33,257,327,633,326,321,125,196,39,30,90,74,30,181,112,189,288,346,74,25,548,0,2,10,20,136,0,34,321,2,84,9,130,211,2565,1593,26,20,1100,0,10,131,105,24,126,56,15,33,66,5,10,0,202,10,190,28,32,258,327,633,326,321,126,196,39,30,90,74,30,182,112,190,288,346,74,25,548,0,2,10,20,136,0,34,321,2,84,9,130,212,2566,1593,26,20,1100,-1.115576,98.65384615384616,0.6210526315789474,5.590643274853801,8.115384615384615,12.156398104265403,98.6923076923077,0.6208106001558846,5.594699922057678,8.153846153846153,12.10377358490566
340da6d2400cce56c2e84beb,generator://csmith-v0/8,0,3,-loop-vectorize,True,1.041417,3.763451,212b5c8276fa852a,b280e8a44fdd5978,2565,2566,0.002022,0.001946,14340,14356,211,212,26,26,2565,2566,1593,1593,0,10,130,104,24,125,56,15,33,66,5,10,0,201,10,189,28,33,257,327,633,326,321,125,196,39,30,90,74,30,181,112,189,288,346,74,25,548,0,2,10,20,136,0,34,321,2,84,9,130,211,2565,1593,26,20,1100,0,10,131,105,24,126,56,15,33,66,5,10,0,202,10,190,28,32,258,327,633,326,321,126,196,39,30,90,74,30,182,112,190,288,346,74,25,548,0,2,10,20,136,0,34,321,2,84,9,130,212,2566,1593,26,20,1100,1.041417,98.65384615384616,0.6210526315789474,5.590643274853801,8.115384615384615,12.156398104265403,98.6923076923077,0.6208106001558846,5.594699922057678,8.153846153846153,12.10377358490566
340da6d2400cce56c2e84beb,generator://csmith-v0/8,0,4,-loop-deletion,True,0.254364,-9.411668,212b5c8276fa852a,b280e8a44fdd5978,2565,2566,0.002022,0.002212,14340,14356,211,212,26,26,2565,2566,1593,1593,0,10,130,104,24,125,56,15,33,66,5,10,0,201,10,189,28,33,257,327,633,326,321,125,196,39,30,90,74,30,181,112,189,288,346,74,25,548,0,2,10,20,136,0,34,321,2,84,9,130,211,2565,1593,26,20,1100,0,10,131,105,24,126,56,15,33,66,5,10,0,202,10,190,28,32,258,327,633,326,321,126,196,39,30,90,74,30,182,112,190,288,346,74,25,548,0,2,10,20,136,0,34,321,2,84,9,130,212,2566,1593,26,20,1100,0.254364,98.65384615384616,0.6210526315789474,5.590643274853801,8.115384615384615,12.156398104265403,98.6923076923077,0.6208106001558846,5.594699922057678,8.153846153846153,12.10377358490566
340da6d2400cce56c2e84beb,generator://csmith-v0/8,0,5,-loop-unswitch,True,1.255737,7.351130,212b5c8276fa852a,b280e8a44fdd5978,2565,2566,0.002022,0.001873,14340,14356,211,212,26,26,2565,2566,1593,1593,0,10,130,104,24,125,56,15,33,66,5,10,0,201,10,189,28,33,257,327,633,326,321,125,196,39,30,90,74,30,181,112,189,288,346,74,25,548,0,2,10,20,136,0,34,321,2,84,9,130,211,2565,1593,26,20,1100,0,10,131,105,24,126,56,15,33,66,5,10,0,202,10,190,28,32,258,327,633,326,321,126,196,39,30,90,74,30,182,112,190,288,346,74,25,548,0,2,10,20,136,0,34,321,2,84,9,130,212,2566,1593,26,20,1100,1.255737,98.65384615384616,0.6210526315789474,5.590643274853801,8.115384615384615,12.156398104265403,98.6923076923077,0.6208106001558846,5.594699922057678,8.153846153846153,12.10377358490566
340da6d2400cce56c2e84beb,generator://csmith-v0/8,0,6,-loop-distribute,True,-1.594897,-40.367925,212b5c8276fa852a,24baf5f2726fc2c0,2565,2565,0.002022,0.002838,14340,14340,211,211,26,26,2565,2565,1593,1593,0,10,130,104,24,125,56,15,33,66,5,10,0,201,10,189,28,33,257,327,633,326,321,125,196,39,30,90,74,30,181,112,189,288,346,74,25,548,0,2,10,20,136,0,34,321,2,84,9,130,211,2565,1593,26,20,1100,0,10,130,104,24,125,56,15,33,66,5,10,0,201,10,189,28,33,257,327,633,326,321,125,196,39,30,90,74,30,181,112,189,288,346,74,25,548,0,2,10,20,136,0,34,321,2,84,9,130,211,2565,1593,26,20,1100,-1.594897,98.65384615384616,0.6210526315789474,5.590643274853801,8.115384615384615,12.156398104265403,98.65384615384616,0.6210526315789474,5.590643274853801,8.115384615384615,12.156398104265403
340da6d2400cce56c2e84beb,generator://csmith-v0/8,0,7,-indvars,True,-0.881725,-28.429571,212b5c8276fa852a,b280e8a44fdd5978,2565,2566,0.002022,0.002597,14340,14356,211,212,26,26,2565,2566,1593,1593,0,10,130,104,24,125,56,15,33,66,5,10,0,201,10,189,28,33,257,327,633,326,321,125,196,39,30,90,74,30,181,112,189,288,346,74,25,548,0,2,10,20,136,0,34,321,2,84,9,130,211,2565,1593,26,20,1100,0,10,131,105,24,126,56,15,33,66,5,10,0,202,10,190,28,32,258,327,633,326,321,126,196,39,30,90,74,30,182,112,190,288,346,74,25,548,0,2,10,20,136,0,34,321,2,84,9,130,212,2566,1593,26,20,1100,-0.881725,98.65384615384616,0.6210526315789474,5.590643274853801,8.115384615384615,12.156398104265403,98.6923076923077,0.6208106001558846,5.594699922057678,8.153846153846153,12.10377358490566
fb099d9b564f2bf352430f2b,generator://csmith-v0/8,1,0,-licm,True,-1.771945,-33.479890,e6ccc65dd45c80c1,6019ebec8e19ad25,1690,1670,0.002541,0.003391,11584,11632,211,212,26,26,1690,1670,929,895,0,7,130,104,24,125,56,15,33,66,5,7,0,204,7,189,14,33,257,284,221,139,129,125,174,37,22,90,65,17,194,24,189,206,92,51,23,397,0,0,7,20,114,0,32,144,2,69,5,99,211,1690,929,26,14,793,1,13,131,105,24,126,56,15,33,66,5,14,0,198,14,190,14,32,258,284,221,147,129,126,174,37,22,90,65,17,195,24,190,206,92,51,23,396,0,0,20,20,114,0,32,111,2,69,5,99,212,1670,895,26,34,792,-1.771945,65.0,0.5497041420118344,6.854437869822485,8.115384615384615,8.009478672985782,64.23076923076923,0.5359281437125748,6.9652694610778445,8.153846153846153,7.877358490566038
fb099d9b564f2bf352430f2b,generator://csmith-v0/8,1,1,-loop-rotate,True,0.779647,19.607265,e6ccc65dd45c80c1,ba791deade2a3136,1690,1783,0.002541,0.002042,11584,12304,211,241,26,26,1690,1783,929,958,0,7,130,104,24,125,56,15,33,66,5,7,0,204,7,189,14,33,257,284,221,139,129,125,174,37,22,90,65,17,194,24,189,206,92,51,23,397,0,0,7,20,114,0,32,144,2,69,5,99,211,1690,929,26,14,793,0,20,131,91,40,126,85,32,43,95,5,20,0,221,20,219,14,90,316,305,221,156,130,126,174,37,22,90,65,18,223,24,219,206,92,72,23,418,0,0,20,20,114,0,32,152,2,69,5,99,241,1783,958,26,40,814,0.779647,65.0,0.5497041420118344,6.854437869822485,8.115384615384615,8.009478672985782,68.57692307692308,0.5372966909702748,6.900729108244532,9.26923076923077,7.398340248962656
fb099d9b564f2bf352430f2b,generator://csmith-v0/8,1,2,-loop-unroll,True,0.351825,10.706216,e6ccc65dd45c80c1,90e9fb08e6104aea,1690,1691,0.002541,0.002269,11584,11584,211,212,26,26,1690,1691,929,929,0,7,130,104,24,125,56,15,33,66,5,7,0,204,7,189,14,33,257,284,221,139,129,125,174,37,22,90,65,17,194,24,189,206,92,51,23,397,0,0,7,20,114,0,32,144,2,69,5,99,211,1690,929,26,14,793,0,7,135,101,28,122,52,15,29,66,5,7,0,205,7,186,14,32,254,284,221,147,129,122,174,37,22,90,65,17,195,24,186,206,92,51,23,397,0,0,7,20,114,0,32,144,2,69,5,99,212,1691,929,26,14,793,0.351825,65.0,0.5497041420118344,6.854437869822485,8.115384615384615,8.009478672985782,65.03846153846153,0.5493790656416322,6.850384387936132,8.153846153846153,7.976415094339623
fb099d9b564f2bf352430f2b,generator://csmith-v0/8,1,3,-loop-vectorize,True,-0.685828,-10.882685,e6ccc65dd45c80c1,e12fc6ed50de8983,1690,1691,0.002541,0.002817,11584,11616,211,212,26,26,1690,1691,929,929,0,7,130,104,24,125,56,15,33,66,5,7,0,204,7,189,14,33,257,284,221,139,129,125,174,37,22,90,65,17,194,24,189,206,92,51,23,397,0,0,7,20,114,0,32,144,2,69,5,99,211,1690,929,26,14,793,0,7,131,105,24,126,56,15,33,66,5,7,0,205,7,190,14,32,258,284,221,147,129,126,174,37,22,90,65,17,195,24,190,206,92,51,23,397,0,0,7,20,114,0,32,144,2,69,5,99,212,1691,929,26,14,793,-0.685828,65.0,0.5497041420118344,6.854437869822485,8.115384615384615,8.009478672985782,65.03846153846153,0.5493790656416322,6.869308101714962,8.153846153846153,7.976415094339623
fb099d9b564f2bf352430f2b,generator://csmith-v0/8,1,4,-loop-deletion,True,0.156601,6.644481,e6ccc65dd45c80c1,06f09cdddc57195c,1690,1657,0.002541,0.002372,11584,11408,211,195,26,26,1690,1657,929,912,0,7,130,104,24,125,56,15,33,66,5,7,0,204,7,189,14,33,257,284,221,139,129,125,174,37,22,90,65,17,194,24,189,206,92,51,23,397,0,0,7,20,114,0,32,144,2,69,5,99,211,1690,929,26,14,793,0,7,119,93,24,114,51,15,28,61,5,7,0,188,7,173,14,32,236,284,221,142,129,114,174,37,22,90,65,17,178,24,173,206,92,51,23,397,0,0,7,20,114,0,32,127,2,69,5,99,195,1657,912,26,14,793,0.156601,65.0,0.5497041420118344,6.854437869822485,8.115384615384615,8.009478672985782,63.73076923076923,0.5503922751961376,6.884731442365721,7.5,8.497435897435897
fb099d9b564f2bf352430f2b,generator://csmith-v0/8,1,5,-loop-unswitch,True,1.088740,26.038106,e6ccc65dd45c80c1,e12fc6ed50de8983,1690,1691,0.002541,0.001879,11584,11616,211,212,26,26,1690,1691,929,929,0,7,130,104,24,125,56,15,33,66,5,7,0,204,7,189,14,33,257,284,221,139,129,125,174,37,22,90,65,17,194,24,189,206,92,51,23,397,0,0,7,20,114,0,32,144,2,69,5,99,211,1690,929,26,14,793,0,7,131,105,24,126,56,15,33,66,5,7,0,205,7,190,14,32,258,284,221,147,129,126,174,37,22,90,65,17,195,24,190,206,92,51,23,397,0,0,7,20,114,0,32,144,2,69,5,99,212,1691,929,26,14,793,1.088740,65.0,0.5497041420118344,6.854437869822485,8.115384615384615,8.009478672985782,65.03846153846153,0.5493790656416322,6.869308101714962,8.153846153846153,7.976415094339623
fb099d9b564f2bf352430f2b,generator://csmith-v0/8,1,6,-loop-distribute,True,1.146161,27.232777,e6ccc65dd45c80c1,e6ccc65dd45c80c1,1690,1690,0.002541,0.001849,11584,11584,211,211,26,26,1690,1690,929,929,0,7,130,104,24,125,56,15,33,66,5,7,0,204,7,189,14,33,257,284,221,139,129,125,174,37,22,90,65,17,194,24,189,206,92,51,23,397,0,0,7,20,114,0,32,144,2,69,5,99,211,1690,929,26,14,793,0,7,130,104,24,125,56,15,33,66,5,7,0,204,7,189,14,33,257,284,221,139,129,125,174,37,22,90,65,17,194,24,189,206,92,51,23,397,0,0,7,20,114,0,32,144,2,69,5,99,211,1690,929,26,14,793,1.146161,65.0,0.5497041420118344,6.854437869822485,8.115384615384615,8.009478672985782,65.0,0.5497041420118344,6.854437869822485,8.115384615384615,8.009478672985782
fb099d9b564f2bf352430f2b,generator://csmith-v0/8,1,7,-indvars,True,-1.065201,-18.775724,e6ccc65dd45c80c1,e12fc6ed50de8983,1690,1691,0.002541,0.003018,11584,11616,211,212,26,26,1690,1691,929,929,0,7,130,104,24,125,56,15,33,66,5,7,0,204,7,189,14,33,257,284,221,139,129,125,174,37,22,90,65,17,194,24,189,206,92,51,23,397,0,0,7,20,114,0,32,144,2,69,5,99,211,1690,929,26,14,793,0,7,131,105,24,126,56,15,33,66,5,7,0,205,7,190,14,32,258,284,221,147,129,126,174,37,22,90,65,17,195,24,190,206,92,51,23,397,0,0,7,20,114,0,32,144,2,69,5,99,212,1691,929,26,14,793,-1.065201,65.0,0.5497041420118344,6.854437869822485,8.115384615384615,8.009478672985782,65.03846153846153,0.5493790656416322,6.869308101714962,8.153846153846153,7.976415094339623
0d01511432f9b7ecb8d7978f,generator://csmith-v0/8,2,0,-licm,True,0.979493,3.076550,fa79cc882ff8bc7e,ae3e03169ba7b381,1613,1616,0.002211,0.002143,12480,12832,182,183,26,26,1613,1616,862,833,0,30,101,75,24,96,56,15,33,66,5,30,0,152,30,160,14,31,228,273,221,159,97,96,174,37,22,58,65,17,165,24,160,206,92,51,23,362,0,0,31,20,109,0,32,144,2,69,5,99,182,1613,862,26,62,721,2,40,102,76,24,97,56,15,33,66,5,40,2,141,42,161,14,30,229,273,221,167,97,97,174,37,22,58,65,17,166,24,161,206,92,51,23,369,0,0,62,20,109,0,32,108,2,69,5,99,183,1616,833,26,108,728,0.979493,62.03846153846154,0.5344079355238686,7.737135771853689,7.0,8.862637362637363,62.15384615384615,0.5154702970297029,7.9405940594059405,7.038461538461538,8.830601092896174
0d01511432f9b7ecb8d7978f,generator://csmith-v0/8,2,1,-loop-rotate,True,-0.095828,-9.162493,fa79cc882ff8bc7e,54c98ce7d5ad962a,1613,1602,0.002211,0.002413,12480,11552,182,170,26,26,1613,1602,862,870,0,30,101,75,24,96,56,15,33,66,5,30,0,152,30,160,14,31,228,273,221,159,97,96,174,37,22,58,65,17,165,24,160,206,92,51,23,362,0,0,31,20,109,0,32,144,2,69,5,99,182,1613,862,26,62,721,0,23,81,57,22,76,64,13,43,74,5,23,0,147,23,148,14,67,224,265,221,167,97,76,174,37,22,58,65,18,152,24,148,206,92,51,23,362,0,0,24,20,109,0,32,152,2,69,5,99,170,1602,870,26,47,721,-0.095828,62.03846153846154,0.5344079355238686,7.737135771853689,7.0,8.862637362637363,61.61538461538461,0.5430711610486891,7.210986267166042,6.538461538461538,9.423529411764706
0d01511432f9b7ecb8d7978f,generator://csmith-v0/8,2,2,-loop-unroll,True,0.644602,-0.735096,fa79cc882ff8bc7e,df8892e560189d09,1613,1767,0.002211,0.002227,12480,13384,182,226,26,26,1613,1767,862,927,0,30,101,75,24,96,56,15,33,66,5,30,0,152,30,160,14,31,228,273,221,159,97,96,174,37,22,58,65,17,165,24,160,206,92,51,23,362,0,0,31,20,109,0,32,144,2,69,5,99,182,1613,862,26,62,721,0,36,142,96,39,123,59,21,28,76,5,36,0,190,36,197,16,32,275,327,241,192,125,123,203,37,19,58,73,16,210,24,197,210,103,58,39,376,0,0,36,20,111,0,32,180,2,69,13,101,226,1767,927,26,70,739,0.644602,62.03846153846154,0.5344079355238686,7.737135771853689,7.0,8.862637362637363,67.96153846153847,0.5246179966044142,7.5744199207696665,8.692307692307692,7.81858407079646
0d01511432f9b7ecb8d7978f,generator://csmith-v0/8,2,3,-loop-vectorize,True,-1.478558,-24.900403,fa79cc882ff8bc7e,fd76a0f7d475b0a5,1613,1615,0.002211,0.002761,12480,12512,182,183,26,26,1613,1615,862,862,0,30,101,75,24,96,56,15,33,66,5,30,0,152,30,160,14,31,228,273,221,159,97,96,174,37,22,58,65,17,165,24,160,206,92,51,23,362,0,0,31,20,109,0,32,144,2,69,5,99,182,1613,862,26,62,721,0,31,102,76,24,97,56,15,33,66,5,31,0,152,31,161,14,30,229,273,221,167,97,97,174,37,22,58,65,17,166,24,161,206,92,51,23,362,0,0,32,20,109,0,32,144,2,69,5,99,183,1615,862,26,63,721,-1.478558,62.03846153846154,0.5344079355238686,7.737135771853689,7.0,8.862637362637363,62.11538461538461,0.5337461300309597,7.747368421052632,7.038461538461538,8.825136612021858
0d01511432f9b7ecb8d7978f,generator://csmith-v0/8,2,4,-loop-deletion,True,1.167415,5.215439,fa79cc882ff8bc7e,ba472fafa2c3c381,1613,1586,0.002211,0.002095,12480,12320,182,171,26,26,1613,1586,862,845,0,30,101,75,24,96,56,15,33,66,5,30,0,152,30,160,14,31,228,273,221,159,97,96,174,37,22,58,65,17,165,24,160,206,92,51,23,362,0,0,31,20,109,0,32,144,2,69,5,99,182,1613,862,26,62,721,0,31,95,69,24,90,51,15,28,61,5,31,0,140,31,149,14,30,212,273,221,162,97,90,174,37,22,58,65,17,154,24,149,206,92,51,23,362,0,0,32,20,109,0,32,127,2,69,5,99,171,1586,845,26,63,721,1.167415,62.03846153846154,0.5344079355238686,7.737135771853689,7.0,8.862637362637363,61.0,0.5327868852459017,7.76796973518285,6.576923076923077,9.274853801169591
0d01511432f9b7ecb8d7978f,generator://csmith-v0/8,2,5,-loop-unswitch,True,0.121337,-6.690771,fa79cc882ff8bc7e,fd76a0f7d475b0a5,1613,1615,0.002211,0.002358,12480,12512,182,183,26,26,1613,1615,862,862,0,30,101,75,24,96,56,15,33,66,5,30,0,152,30,160,14,31,228,273,221,159,97,96,174,37,22,58,65,17,165,24,160,206,92,51,23,362,0,0,31,20,109,0,32,144,2,69,5,99,182,1613,862,26,62,721,0,31,102,76,24,97,56,15,33,66,5,31,0,152,31,161,14,30,229,273,221,167,97,97,174,37,22,58,65,17,166,24,161,206,92,51,23,362,0,0,32,20,109,0,32,144,2,69,5,99,183,1615,862,26,63,721,0.121337,62.03846153846154,0.5344079355238686,7.737135771853689,7.0,8.862637362637363,62.11538461538461,0.5337461300309597,7.747368421052632,7.038461538461538,8.825136612021858
0d01511432f9b7ecb8d7978f,generator://csmith-v0/8,2,6,-loop-distribute,True,-1.707605,-27.507364,fa79cc882ff8bc7e,fa79cc882ff8bc7e,1613,1613,0.002211,0.002819,12480,12480,182,182,26,26,1613,1613,862,862,0,30,101,75,24,96,56,15,33,66,5,30,0,152,30,160,14,31,228,273,221,159,97,96,174,37,22,58,65,17,165,24,160,206,92,51,23,362,0,0,31,20,109,0,32,144,2,69,5,99,182,1613,862,26,62,721,0,30,101,75,24,96,56,15,33,66,5,30,0,152,30,160,14,31,228,273,221,159,97,96,174,37,22,58,65,17,165,24,160,206,92,51,23,362,0,0,31,20,109,0,32,144,2,69,5,99,182,1613,862,26,62,721,-1.707605,62.03846153846154,0.5344079355238686,7.737135771853689,7.0,8.862637362637363,62.03846153846154,0.5344079355238686,7.737135771853689,7.0,8.862637362637363
0d01511432f9b7ecb8d7978f,generator://csmith-v0/8,2,7,-indvars,True,0.369144,-3.870291,fa79cc882ff8bc7e,3aff76c00a741a67,1613,1620,0.002211,0.002296,12480,12608,182,183,26,26,1613,1620,862,862,0,30,101,75,24,96,56,15,33,66,5,30,0,152,30,160,14,31,228,273,221,159,97,96,174,37,22,58,65,17,165,24,160,206,92,51,23,362,0,0,31,20,109,0,32,144,2,69,5,99,182,1613,862,26,62,721,0,31,102,76,24,97,56,15,33,66,5,31,0,152,31,161,14,30,229,258,236,167,97,97,174,37,22,58,65,16,167,24,161,206,92,51,23,362,0,0,32,20,104,0,32,144,2,79,5,99,183,1620,862,26,63,726,0.369144,62.03846153846154,0.5344079355238686,7.737135771853689,7.0,8.862637362637363,62.30769230769231,0.5320987654320988,7.782716049382716,7.038461538461538,8.852459016393443
376ebb6a832adc3fe9b44060,generator://csmith-v0/9,0,0,-licm,True,-1.106617,-16.797892,6b4eb4126938320e,a60e7365425af623,14866,14675,0.002048,0.002393,76070,116414,1069,1092,77,77,14866,14675,9594,9336,0,106,635,516,114,626,329,82,194,356,27,106,0,963,106,963,289,236,1379,1745,5275,2395,2596,626,254,16,146,869,61,178,888,1586,963,1966,2413,662,11,1881,4,57,106,71,548,0,8,2465,26,294,94,568,1069,14866,9594,77,212,5746,22,248,663,539,119,644,324,82,189,356,27,258,12,822,270,981,289,213,1397,1747,5097,2238,2583,644,245,16,146,869,56,165,924,1580,981,1966,2333,603,11,1696,4,50,389,71,495,0,8,2472,26,287,79,481,1092,14675,9336,77,643,5408,-1.106617,193.06493506493507,0.6453652630162787,5.117045607426342,13.883116883116884,13.90645463049579,190.58441558441558,0.6361839863713799,7.932810902896081,14.181818181818182,13.438644688644688
376ebb6a832adc3fe9b44060,generator://csmith-v0/9,0,1,-loop-rotate,True,0.625300,-1.087143,6b4eb4126938320e,6f7bb42ca5d0a5ac,14866,15252,0.002048,0.002071,76070,78702,1069,1215,77,77,14866,15252,9594,9707,0,106,635,516,114,626,329,82,194,356,27,106,0,963,106,963,289,236,1379,1745,5275,2395,2596,626,254,16,146,869,61,178,888,1586,963,1966,2413,662,11,1881,4,57,106,71,548,0,8,2465,26,294,94,568,1069,14866,9594,77,212,5746,0,106,683,467,215,654,417,168,193,469,37,106,0,1109,106,1104,289,419,1633,1846,5287,2407,2607,654,254,16,146,869,61,182,1030,1586,1104,1966,2413,775,11,1994,4,57,106,71,558,0,8,2465,26,294,94,572,1215,15252,9707,77,212,5873,0.625300,193.06493506493507,0.6453652630162787,5.117045607426342,13.883116883116884,13.90645463049579,198.07792207792207,0.6364411224757409,5.160110149488592,15.779220779220779,12.553086419753086
376ebb6a832adc3fe9b44060,generator://csmith-v0/9,0,2,-loop-unroll,True,-0.351115,-9.944506,6b4eb4126938320e,decc10b33165dbbb,14866,14889,0.002048,0.002252,76070,76414,1069,1092,77,77,14866,14889,9594,9594,0,106,635,516,114,626,329,82,194,356,27,106,0,963,106,963,289,236,1379,1745,5275,2395,2596,626,254,16,146,869,61,178,888,1586,963,1966,2413,662,11,1881,4,57,106,71,548,0,8,2465,26,294,94,568,1069,14866,9594,77,212,5746,0,106,663,539,119,644,324,82,189,356,27,106,0,986,106,981,289,213,1397,1745,5275,2395,2596,644,254,16,146,869,61,178,911,1586,981,1966,2413,662,11,1881,4,57,106,71,548,0,8,2465,26,294,94,568,1092,14889,9594,77,212,5746,-0.351115,193.06493506493507,0.6453652630162787,5.117045607426342,13.883116883116884,13.90645463049579,193.36363636363637,0.6443683256095104,5.132245281751628,14.181818181818182,13.634615384615385
376ebb6a832adc3fe9b44060,generator://csmith-v0/9,0,3,-loop-vectorize,True,0.870863,1.140428,6b4eb4126938320e,decc10b33165dbbb,14866,14889,0.002048,0.002025,76070,76414,1069,1092,77,77,14866,14889,9594,9594,0,106,635,516,114,626,329,82,194,356,27,106,0,963,106,963,289,236,1379,1745,5275,2395,2596,626,254,16,146,869,61,178,888,1586,963,1966,2413,662,11,1881,4,57,106,71,548,0,8,2465,26,294,94,568,1069,14866,9594,77,212,5746,0,106,663,539,119,644,324,82,189,356,27,106,0,986,106,981,289,213,1397,1745,5275,2395,2596,644,254,16,146,869,61,178,911,1586,981,1966,2413,662,11,1881,4,57,106,71,548,0,8,2465,26,294,94,568,1092,14889,9594,77,212,5746,0.870863,193.06493506493507,0.6453652630162787,5.117045607426342,13.883116883116884,13.90645463049579,193.36363636363637,0.6443683256095104,5.132245281751628,14.181818181818182,13.634615384615385
376ebb6a832adc3fe9b44060,generator://csmith-v0/9,0,4,-loop-deletion,True,-0.134842,-7.982629,6b4eb4126938320e,decc10b33165dbbb,14866,14889,0.002048,0.002212,76070,76414,1069,1092,77,77,14866,14889,9594,9594,0,106,635,516,114,626,329,82,194,356,27,106,0,963,106,963,289,236,1379,1745,5275,2395,2596,626,254,16,146,869,61,178,888,1586,963,1966,2413,662,11,1881,4,57,106,71,548,0,8,2465,26,294,94,568,1069,14866,9594,77,212,5746,0,106,663,539,119,644,324,82,189,356,27,106,0,986,106,981,289,213,1397,1745,5275,2395,2596,644,254,16,146,869,61,178,911,1586,981,1966,2413,662,11,1881,4,57,106,71,548,0,8,2465,26,294,94,568,1092,14889,9594,77,212,5746,-0.134842,193.06493506493507,0.6453652630162787,5.117045607426342,13.883116883116884,13.90645463049579,193.36363636363637,0.6443683256095104,5.132245281751628,14.181818181818182,13.634615384615385
376ebb6a832adc3fe9b44060,generator://csmith-v0/9,0,5,-loop-unswitch,True,-1.440278,-19.824635,6b4eb4126938320e,decc10b33165dbbb,14866,14889,0.002048,0.002455,76070,76414,1069,1092,77,77,14866,14889,9594,9594,0,106,635,516,114,626,329,82,194,356,27,106,0,963,106,963,289,236,1379,1745,5275,2395,2596,626,254,16,146,869,61,178,888,1586,963,1966,2413,662,11,1881,4,57,106,71,548,0,8,2465,26,294,94,568,1069,14866,9594,77,212,5746,0,106,663,539,119,644,324,82,189,356,27,106,0,986,106,981,289,213,1397,1745,5275,2395,2596,644,254,16,146,869,61,178,911,1586,981,1966,2413,662,11,1881,4,57,106,71,548,0,8,2465,26,294,94,568,1092,14889,9594,77,212,5746,-1.440278,193.06493506493507,0.6453652630162787,5.117045607426342,13.883116883116884,13.90645463049579,193.36363636363637,0.6443683256095104,5.132245281751628,14.181818181818182,13.634615384615385
376ebb6a832adc3fe9b44060,generator://csmith-v0/9,0,6,-loop-distribute,True,-0.287454,-9.367018,6b4eb4126938320e,2cdc72d004197afc,14866,14866,0.002048,0.002240,76070,76070,1069,1069,77,77,14866,14866,9594,9594,0,106,635,516,114,626,329,82,194,356,27,106,0,963,106,963,289,236,1379,1745,5275,2395,2596,626,254,16,146,869,61,178,888,1586,963,1966,2413,662,11,1881,4,57,106,71,548,0,8,2465,26,294,94,568,1069,14866,9594,77,212,5746,0,106,635,516,114,626,329,82,194,356,27,106,0,963,106,963,289,236,1379,1745,5275,2395,2596,626,254,16,146,869,61,178,888,1586,963,1966,2413,662,11,1881,4,57,106,71,548,0,8,2465,26,294,94,568,1069,14866,9594,77,212,5746,-0.287454,193.06493506493507,0.6453652630162787,5.117045607426342,13.883116883116884,13.90645463049579,193.06493506493507,0.6453652630162787,5.117045607426342,13.883116883116884,13.90645463049579
376ebb6a832adc3fe9b44060,generator://csmith-v0/9,0,7,-indvars,True,1.824144,9.787927,6b4eb4126938320e,dc3cfae9e0404385,14866,14889,0.002048,0.001848,76070,76414,1069,1092,77,77,14866,14889,9594,9594,0,106,635,516,114,626,329,82,194,356,27,106,0,963,106,963,289,236,1379,1745,5275,2395,2596,626,254,16,146,869,61,178,888,1586,963,1966,2413,662,11,1881,4,57,106,71,548,0,8,2465,26,294,94,568,1069,14866,9594,77,212,5746,0,106,663,539,119,644,324,82,189,356,27,106,0,986,106,981,289,213,1397,1745,5275,2395,2596,644,254,16,146,869,61,178,911,1586,981,1966,2413,662,11,1881,4,57,106,71,548,0,8,2465,26,294,94,568,1092,14889,9594,77,212,5746,1.824144,193.06493506493507,0.6453652630162787,5.117045607426342,13.883116883116884,13.90645463049579,193.36363636363637,0.6443683256095104,5.132245281751628,14.181818181818182,13.634615384615385
8a7c602ea29d1e4086c8b3d6,generator://csmith-v0/9,1,0,-licm,True,0.833627,24.071280,c16e2517e518bbea,2b3ab1568ce5e8d4,9475,9517,0.002677,0.002032,64098,75722,1069,1092,77,77,9475,9517,6215,6094,0,63,635,516,114,626,329,82,194,356,27,63,0,1006,63,963,199,236,1379,1571,2862,1086,1897,626,182,16,105,869,42,107,960,633,963,1549,1126,404,10,789,4,29,63,71,324,0,8,1882,22,187,47,281,1069,9475,6215,77,126,3083,9,206,663,539,119,644,324,82,189,356,27,210,5,877,215,981,199,213,1397,1566,2847,1098,1898,644,178,16,105,869,39,110,980,633,981,1549,1120,380,10,769,4,28,286,71,297,0,8,1787,22,185,46,256,1092,9517,6094,77,471,3009,0.833627,123.05194805194805,0.6559366754617414,6.764960422163588,13.883116883116884,8.863423760523855,123.59740259740259,0.6403278344015971,7.956498896711149,14.181818181818182,8.715201465201465
8a7c602ea29d1e4086c8b3d6,generator://csmith-v0/9,1,1,-loop-rotate,True,-0.717388,2.170933,c16e2517e518bbea,ca5bea3cf2018e8f,9475,9879,0.002677,0.002619,64098,68674,1069,1215,77,77,9475,9879,6215,6323,0,63,635,516,114,626,329,82,194,356,27,63,0,1006,63,963,199,236,1379,1571,2862,1086,1897,626,182,16,105,869,42,107,960,633,963,1549,1126,404,10,789,4,29,63,71,324,0,8,1882,22,187,47,281,1069,9475,6215,77,126,3083,0,123,683,467,215,654,417,168,193,469,37,123,0,1092,123,1104,199,419,1633,1649,2867,1150,1909,654,182,16,105,869,42,112,1101,633,1104,1549,1126,487,10,872,4,29,123,71,328,0,8,1907,22,187,47,284,1215,9879,6323,77,246,3173,-0.717388,123.05194805194805,0.6559366754617414,6.764960422163588,13.883116883116884,8.863423760523855,128.2987012987013,0.6400445389209434,6.951513311063873,15.779220779220779,8.130864197530864
8a7c602ea29d1e4086c8b3d6,generator://csmith-v0/9,1,2,-loop-unroll,True,0.339376,17.092452,c16e2517e518bbea,83692417f855b1b1,9475,9498,0.002677,0.002219,64098,64378,1069,1092,77,77,9475,9498,6215,6215,0,63,635,516,114,626,329,82,194,356,27,63,0,1006,63,963,199,236,1379,1571,2862,1086,1897,626,182,16,105,869,42,107,960,633,963,1549,1126,404,10,789,4,29,63,71,324,0,8,1882,22,187,47,281,1069,9475,6215,77,126,3083,0,63,678,524,134,629,309,82,174,356,27,63,0,1029,63,966,199,213,1382,1571,2862,1111,1898,629,182,16,105,869,42,107,983,633,966,1549,1126,404,10,789,4,29,63,71,324,0,8,1882,22,187,47,281,1092,9498,6215,77,126,3083,0.339376,123.05194805194805,0.6559366754617414,6.764960422163588,13.883116883116884,8.863423760523855,123.35064935064935,0.6543482838492314,6.778058538639714,14.181818181818182,8.697802197802197
8a7c602ea29d1e4086c8b3d6,generator://csmith-v0/9,1,3,-loop-vectorize,True,0.060552,13.155448,c16e2517e518bbea,7d7b506e960ab2b4,9475,9498,0.002677,0.002325,64098,64458,1069,1092,77,77,9475,9498,6215,6215,0,63,635,516,114,626,329,82,194,356,27,63,0,1006,63,963,199,236,1379,1571,2862,1086,1897,626,182,16,105,869,42,107,960,633,963,1549,1126,404,10,789,4,29,63,71,324,0,8,1882,22,187,47,281,1069,9475,6215,77,126,3083,0,63,663,539,119,644,324,82,189,356,27,63,0,1029,63,981,199,213,1397,1571,2862,1111,1898,644,182,16,105,869,42,107,983,633,981,1549,1126,404,10,789,4,29,63,71,324,0,8,1882,22,187,47,281,1092,9498,6215,77,126,3083,0.060552,123.05194805194805,0.6559366754617414,6.764960422163588,13.883116883116884,8.863423760523855,123.35064935064935,0.6543482838492314,6.786481364497789,14.181818181818182,8.697802197802197
8a7c602ea29d1e4086c8b3d6,generator://csmith-v0/9,1,4,-loop-deletion,True,1.041124,27.001138,c16e2517e518bbea,e3234258d4882a88,9475,9428,0.002677,0.001954,64098,64042,1069,1057,77,77,9475,9428,6215,6180,0,63,635,516,114,626,329,82,194,356,27,63,0,1006,63,963,199,236,1379,1571,2862,1086,1897,626,182,16,105,869,42,107,960,633,963,1549,1126,404,10,789,4,29,63,71,324,0,8,1882,22,187,47,281,1069,9475,6215,77,126,3083,0,63,638,514,119,619,314,82,179,346,27,63,0,994,63,946,199,213,1352,1571,2862,1101,1898,619,182,16,105,869,42,107,948,633,946,1549,1126,404,10,789,4,29,63,71,324,0,8,1847,22,187,47,281,1057,9428,6180,77,126,3083,1.041124,123.05194805194805,0.6559366754617414,6.764960422163588,13.883116883116884,8.863423760523855,122.44155844155844,0.6554942723801442,6.792745014849385,13.727272727272727,8.919583727530748
8a7c602ea29d1e4086c8b3d6,generator://csmith-v0/9,1,5,-loop-unswitch,True,-0.806980,0.905895,c16e2517e518bbea,7d7b506e960ab2b4,9475,9498,0.002677,0.002652,64098,64458,1069,1092,77,77,9475,9498,6215,6215,0,63,635,516,114,626,329,82,194,356,27,63,0,1006,63,963,199,236,1379,1571,2862,1086,1897,626,182,16,105,869,42,107,960,633,963,1549,1126,404,10,789,4,29,63,71,324,0,8,1882,22,187,47,281,1069,9475,6215,77,126,3083,0,63,663,539,119,644,324,82,189,356,27,63,0,1029,63,981,199,213,1397,1571,2862,1111,1898,644,182,16,105,869,42,107,983,633,981,1549,1126,404,10,789,4,29,63,71,324,0,8,1882,22,187,47,281,1092,9498,6215,77,126,3083,-0.806980,123.05194805194805,0.6559366754617414,6.764960422163588,13.883116883116884,8.863423760523855,123.35064935064935,0.6543482838492314,6.786481364497789,14.181818181818182,8.697802197802197
8a7c602ea29d1e4086c8b3d6,generator://csmith-v0/9,1,6,-loop-distribute,True,-1.900760,-14.538298,c16e2517e518bbea,c16e2517e518bbea,9475,9475,0.002677,0.003066,64098,64098,1069,1069,77,77,9475,9475,6215,6215,0,63,635,516,114,626,329,82,194,356,27,63,0,1006,63,963,199,236,1379,1571,2862,1086,1897,626,182,16,105,869,42,107,960,633,963,1549,1126,404,10,789,4,29,63,71,324,0,8,1882,22,187,47,281,1069,9475,6215,77,126,3083,0,63,635,516,114,626,329,82,194,356,27,63,0,1006,63,963,199,236,1379,1571,2862,1086,1897,626,182,16,105,869,42,107,960,633,963,1549,1126,404,10,789,4,29,63,71,324,0,8,1882,22,187,47,281,1069,9475,6215,77,126,3083,-1.900760,123.05194805194805,0.6559366754617414,6.764960422163588,13.883116883116884,8.863423760523855,123.05194805194805,0.6559366754617414,6.764960422163588,13.883116883116884,8.863423760523855
8a7c602ea29d1e4086c8b3d6,generator://csmith-v0/9,1,7,-indvars,True,1.150449,28.544806,c16e2517e518bbea,7534903198506c13,9475,9498,0.002677,0.001913,64098,64474,1069,1092,77,77,9475,9498,6215,6215,0,63,635,516,114,626,329,82,194,356,27,63,0,1006,63,963,199,236,1379,1571,2862,1086,1897,626,182,16,105,869,42,107,960,633,963,1549,1126,404,10,789,4,29,63,71,324,0,8,1882,22,187,47,281,1069,9475,6215,77,126,3083,0,63,663,539,119,644,324,82,189,356,27,63,0,1029,63,981,199,213,1397,1571,2862,1111,1898,644,182,16,105,869,42,107,983,633,981,1549,1126,404,10,789,4,29,63,71,324,0,8,1882,22,187,47,281,1092,9498,6215,77,126,3083,1.150449,123.05194805194805,0.6559366754617414,6.764960422163588,13.883116883116884,8.863423760523855,123.35064935064935,0.6543482838492314,6.788165929669404,14.181818181818182,8.697802197802197
f78966b1666c1803976f6fda,generator://csmith-v0/9,2,0,-licm,True,0.638918,3.234876,f7f2c8bdce71e8f5,feb774000effe1d5,9072,9229,0.002217,0.002146,68890,79466,973,992,77,77,9072,9229,5855,5804,15,168,539,420,114,530,329,82,194,356,27,175,8,790,183,867,199,214,1283,1551,2861,1166,1782,530,176,16,105,730,40,107,864,630,867,1549,1122,362,10,572,4,23,249,71,282,0,8,1882,22,176,45,256,973,9072,5855,77,515,2646,37,230,563,439,119,544,324,82,189,356,27,240,27,725,267,881,199,195,1297,1539,2847,1179,1778,544,173,16,105,730,38,109,881,630,881,1549,1118,346,10,630,4,23,485,71,275,0,8,1777,22,176,44,235,992,9229,5804,77,862,2676,0.638918,117.81818181818181,0.6453924162257496,7.593694885361552,12.636363636363637,9.323741007194245,119.85714285714286,0.628887203380648,8.610467006176183,12.883116883116884,9.303427419354838
f78966b1666c1803976f6fda,generator://csmith-v0/9,2,1,-loop-rotate,True,-0.033283,-7.725196,f7f2c8bdce71e8f5,66e7e58dd5f5adf0,9072,9057,0.002217,0.002389,68890,67730,973,940,77,77,9072,9057,5855,5880,15,168,539,420,114,530,329,82,194,356,27,175,8,790,183,867,199,214,1283,1551,2861,1166,1782,530,176,16,105,730,40,107,864,630,867,1549,1122,362,10,572,4,23,249,71,282,0,8,1882,22,176,45,256,973,9072,5855,77,515,2646,13,176,482,336,141,462,352,102,197,386,28,182,7,751,189,829,199,336,1275,1538,2857,1202,1783,462,176,16,105,730,40,109,829,630,829,1549,1122,362,10,572,4,23,242,71,282,0,8,1907,22,176,45,256,940,9057,5880,77,480,2646,-0.033283,117.81818181818181,0.6453924162257496,7.593694885361552,12.636363636363637,9.323741007194245,117.62337662337663,0.6492215965551507,7.478193662360605,12.207792207792208,9.635106382978723
f78966b1666c1803976f6fda,generator://csmith-v0/9,2,2,-loop-unroll,True,0.115006,-5.307377,f7f2c8bdce71e8f5,52851ca7efe79fda,9072,9820,0.002217,0.002335,68890,72498,973,1155,77,77,9072,9820,5855,6423,15,168,539,420,114,530,329,82,194,356,27,175,8,790,183,867,199,214,1283,1551,2861,1166,1782,530,176,16,105,730,40,107,864,630,867,1549,1122,362,10,572,4,23,249,71,282,0,8,1882,22,176,45,256,973,9072,5855,77,515,2646,15,164,764,534,180,643,286,86,141,369,27,171,8,976,179,993,204,200,1422,1725,3251,1394,1846,643,170,16,68,730,48,109,1044,666,993,1632,1277,339,26,607,4,23,246,71,273,0,8,2177,21,174,53,261,1155,9820,6423,77,479,2711,0.115006,117.81818181818181,0.6453924162257496,7.593694885361552,12.636363636363637,9.323741007194245,127.53246753246754,0.6540733197556008,7.3826883910386965,15.0,8.502164502164502
f78966b1666c1803976f6fda,generator://csmith-v0/9,2,3,-loop-vectorize,True,-1.972264,-39.339803,f7f2c8bdce71e8f5,23371c025288d932,9072,9100,0.002217,0.003090,68890,69298,973,992,77,77,9072,9100,5855,5855,15,168,539,420,114,530,329,82,194,356,27,175,8,790,183,867,199,214,1283,1551,2861,1166,1782,530,176,16,105,730,40,107,864,630,867,1549,1122,362,10,572,4,23,249,71,282,0,8,1882,22,176,45,256,973,9072,5855,77,515,2646,15,176,563,439,119,544,324,82,189,356,27,183,8,801,191,881,199,195,1297,1551,2861,1191,1783,544,176,16,105,730,40,107,883,630,881,1549,1122,362,10,572,4,23,258,71,282,0,8,1882,22,176,45,256,992,9100,5855,77,523,2646,-1.972264,117.81818181818181,0.6453924162257496,7.593694885361552,12.636363636363637,9.323741007194245,118.18181818181819,0.6434065934065935,7.615164835164835,12.883116883116884,9.173387096774194
f78966b1666c1803976f6fda,generator://csmith-v0/9,2,4,-loop-deletion,True,0.864963,6.920488,f7f2c8bdce71e8f5,f967b7f0104337a0,9072,9038,0.002217,0.002064,68890,68930,973,965,77,77,9072,9038,5855,5815,15,168,539,420,114,530,329,82,194,356,27,175,8,790,183,867,199,214,1283,1551,2861,1166,1782,530,176,16,105,730,40,107,864,630,867,1549,1122,362,10,572,4,23,249,71,282,0,8,1882,22,176,45,256,973,9072,5855,77,515,2646,15,184,547,423,119,528,313,82,178,345,27,191,8,766,199,854,199,195,1259,1547,2859,1180,1780,528,175,16,105,730,40,107,856,629,854,1547,1122,361,10,572,4,23,268,71,281,0,8,1844,21,175,45,256,965,9038,5815,77,532,2643,0.864963,117.81818181818181,0.6453924162257496,7.593694885361552,12.636363636363637,9.323741007194245,117.37662337662337,0.6433945563177694,7.626687320203585,12.532467532467532,9.36580310880829
f78966b1666c1803976f6fda,generator://csmith-v0/9,2,5,-loop-unswitch,True,1.347063,14.781007,f7f2c8bdce71e8f5,1155cc23f7b6352e,9072,9111,0.002217,0.001890,68890,69458,973,992,77,77,9072,9111,5855,5855,15,168,539,420,114,530,329,82,194,356,27,175,8,790,183,867,199,214,1283,1551,2861,1166,1782,530,176,16,105,730,40,107,864,630,867,1549,1122,362,10,572,4,23,249,71,282,0,8,1882,22,176,45,256,973,9072,5855,77,515,2646,15,185,563,439,119,544,324,82,189,356,27,192,8,792,200,881,199,195,1297,1551,2861,1191,1783,544,176,16,105,730,40,107,883,630,881,1549,1122,362,10,572,4,23,269,71,282,0,8,1882,22,176,45,256,992,9111,5855,77,534,2646,1.347063,117.81818181818181,0.6453924162257496,7.593694885361552,12.636363636363637,9.323741007194245,118.32467532467533,0.6426297881681484,7.623531994292613,12.883116883116884,9.184475806451612
f78966b1666c1803976f6fda,generator://csmith-v0/9,2,6,-loop-distribute,True,-1.056265,-24.404659,f7f2c8bdce71e8f5,f7f2c8bdce71e8f5,9072,9072,0.002217,0.002759,68890,68890,973,973,77,77,9072,9072,5855,5855,15,168,539,420,114,530,329,82,194,356,27,175,8,790,183,867,199,214,1283,1551,2861,1166,1782,530,176,16,105,730,40,107,864,630,867,1549,1122,362,10,572,4,23,249,71,282,0,8,1882,22,176,45,256,973,9072,5855,77,515,2646,15,168,539,420,114,530,329,82,194,356,27,175,8,790,183,867,199,214,1283,1551,2861,1166,1782,530,176,16,105,730,40,107,864,630,867,1549,1122,362,10,572,4,23,249,71,282,0,8,1882,22,176,45,256,973,9072,5855,77,515,2646,-1.056265,117.81818181818181,0.6453924162257496,7.593694885361552,12.636363636363637,9.323741007194245,117.81818181818181,0.6453924162257496,7.593694885361552,12.636363636363637,9.323741007194245
f78966b1666c1803976f6fda,generator://csmith-v0/9,2,7,-indvars,True,0.095862,-5.619516,f7f2c8bdce71e8f5,e68eacadb953f239,9072,9110,0.002217,0.002342,68890,69938,973,992,77,77,9072,9110,5855,5855,15,168,539,420,114,530,329,82,194,356,27,175,8,790,183,867,199,214,1283,1551,2861,1166,1782,530,176,16,105,730,40,107,864,630,867,1549,1122,362,10,572,4,23,249,71,282,0,8,1882,22,176,45,256,973,9072,5855,77,515,2646,15,180,563,439,119,544,324,82,189,356,27,187,8,797,195,881,199,195,1297,1425,2989,1189,1783,544,176,16,106,730,40,104,886,630,881,1549,1122,362,10,572,4,23,263,71,241,0,8,1882,21,223,45,255,992,9110,5855,77,524,2651,0.095862,117.81818181818181,0.6453924162257496,7.593694885361552,12.636363636363637,9.323741007194245,118.31168831168831,0.6427003293084522,7.677058177826564,12.883116883116884,9.183467741935484
ab306c3034f51c964e59dba0,generator://csmith-v0/12,0,0,-licm,True,-0.965492,4.031130,f9ef111ca80d379a,360237ffffb5e5e4,1181,1187,0.002822,0.002708,7464,9128,129,129,14,14,1181,1187,725,692,0,0,85,69,13,82,34,10,22,37,2,0,0,129,0,119,13,14,159,182,171,95,102,82,51,2,22,62,11,17,112,111,119,218,41,37,11,301,0,0,0,8,88,0,2,103,0,9,5,29,129,1181,725,14,0,600,1,30,85,69,13,82,34,10,22,37,2,31,0,98,31,119,13,14,159,182,171,95,102,82,51,2,22,62,11,18,111,111,119,218,41,37,11,275,0,0,39,8,88,0,2,96,0,9,5,29,129,1187,692,14,61,574,-0.965492,84.35714285714286,0.6138865368331922,6.320067739204064,9.214285714285714,9.155038759689923,84.78571428571429,0.5829823083403538,7.689974726200505,9.214285714285714,9.2015503875969
ab306c3034f51c964e59dba0,generator://csmith-v0/12,0,1,-loop-rotate,True,-0.073480,15.446998,f9ef111ca80d379a,e948b945fc919b2d,1181,1248,0.002822,0.002386,7464,7848,129,152,14,14,1181,1248,725,747,0,0,85,69,13,82,34,10,22,37,2,0,0,129,0,119,13,14,159,182,171,95,102,82,51,2,22,62,11,17,112,111,119,218,41,37,11,301,0,0,0,8,88,0,2,103,0,9,5,29,129,1181,725,14,0,600,0,0,87,62,24,83,54,21,30,59,3,0,0,152,0,142,13,56,204,204,171,97,104,83,51,2,22,62,11,17,135,111,142,218,41,59,11,323,0,0,0,8,88,0,2,103,0,9,5,29,152,1248,747,14,0,622,-0.073480,84.35714285714286,0.6138865368331922,6.320067739204064,9.214285714285714,9.155038759689923,89.14285714285714,0.5985576923076923,6.288461538461538,10.857142857142858,8.210526315789474
ab306c3034f51c964e59dba0,generator://csmith-v0/12,0,2,-loop-unroll,True,0.955526,28.616103,f9ef111ca80d379a,4a8bfcb164792b9a,1181,1181,0.002822,0.002014,7464,7464,129,129,14,14,1181,1181,725,725,0,0,85,69,13,82,34,10,22,37,2,0,0,129,0,119,13,14,159,182,171,95,102,82,51,2,22,62,11,17,112,111,119,218,41,37,11,301,0,0,0,8,88,0,2,103,0,9,5,29,129,1181,725,14,0,600,0,0,85,69,13,82,34,10,22,37,2,0,0,129,0,119,13,14,159,182,171,95,102,82,51,2,22,62,11,17,112,111,119,218,41,37,11,301,0,0,0,8,88,0,2,103,0,9,5,29,129,1181,725,14,0,600,0.955526,84.35714285714286,0.6138865368331922,6.320067739204064,9.214285714285714,9.155038759689923,84.35714285714286,0.6138865368331922,6.320067739204064,9.214285714285714,9.155038759689923
ab306c3034f51c964e59dba0,generator://csmith-v0/12,0,3,-loop-vectorize,True,-0.343915,11.986002,f9ef111ca80d379a,4a8bfcb164792b9a,1181,1181,0.002822,0.002484,7464,7464,129,129,14,14,1181,1181,725,725,0,0,85,69,13,82,34,10,22,37,2,0,0,129,0,119,13,14,159,182,171,95,102,82,51,2,22,62,11,17,112,111,119,218,41,37,11,301,0,0,0,8,88,0,2,103,0,9,5,29,129,1181,725,14,0,600,0,0,85,69,13,82,34,10,22,37,2,0,0,129,0,119,13,14,159,182,171,95,102,82,51,2,22,62,11,17,112,111,119,218,41,37,11,301,0,0,0,8,88,0,2,103,0,9,5,29,129,1181,725,14,0,600,-0.343915,84.35714285714286,0.6138865368331922,6.320067739204064,9.214285714285714,9.155038759689923,84.35714285714286,0.6138865368331922,6.320067739204064,9.214285714285714,9.155038759689923
ab306c3034f51c964e59dba0,generator://csmith-v0/12,0,4,-loop-deletion,True,1.461321,35.089210,f9ef111ca80d379a,4a8bfcb164792b9a,1181,1181,0.002822,0.001832,7464,7464,129,129,14,14,1181,1181,725,725,0,0,85,69,13,82,34,10,22,37,2,0,0,129,0,119,13,14,159,182,171,95,102,82,51,2,22,62,11,17,112,111,119,218,41,37,11,301,0,0,0,8,88,0,2,103,0,9,5,29,129,1181,725,14,0,600,0,0,85,69,13,82,34,10,22,37,2,0,0,129,0,119,13,14,159,182,171,95,102,82,51,2,22,62,11,17,112,111,119,218,41,37,11,301,0,0,0,8,88,0,2,103,0,9,5,29,129,1181,725,14,0,600,1.461321,84.35714285714286,0.6138865368331922,6.320067739204064,9.214285714285714,9.155038759689923,84.35714285714286,0.6138865368331922,6.320067739204064,9.214285714285714,9.155038759689923
ab306c3034f51c964e59dba0,generator://csmith-v0/12,0,5,-loop-unswitch,True,1.184325,31.544258,f9ef111ca80d379a,4a8bfcb164792b9a,1181,1181,0.002822,0.001932,7464,7464,129,129,14,14,1181,1181,725,725,0,0,85,69,13,82,34,10,22,37,2,0,0,129,0,119,13,14,159,182,171,95,102,82,51,2,22,62,11,17,112,111,119,218,41,37,11,301,0,0,0,8,88,0,2,103,0,9,5,29,129,1181,725,14,0,600,0,0,85,69,13,82,34,10,22,37,2,0,0,129,0,119,13,14,159,182,171,95,102,82,51,2,22,62,11,17,112,111,119,218,41,37,11,301,0,0,0,8,88,0,2,103,0,9,5,29,129,1181,725,14,0,600,1.184325,84.35714285714286,0.6138865368331922,6.320067739204064,9.214285714285714,9.155038759689923,84.35714285714286,0.6138865368331922,6.320067739204064,9.214285714285714,9.155038759689923
ab306c3034f51c964e59dba0,generator://csmith-v0/12,0,6,-loop-distribute,True,-0.981387,3.827709,f9ef111ca80d379a,4a8bfcb164792b9a,1181,1181,0.002822,0.002714,7464,7464,129,129,14,14,1181,1181,725,725,0,0,85,69,13,82,34,10,22,37,2,0,0,129,0,119,13,14,159,182,171,95,102,82,51,2,22,62,11,17,112,111,119,218,41,37,11,301,0,0,0,8,88,0,2,103,0,9,5,29,129,1181,725,14,0,600,0,0,85,69,13,82,34,10,22,37,2,0,0,129,0,119,13,14,159,182,171,95,102,82,51,2,22,62,11,17,112,111,119,218,41,37,11,301,0,0,0,8,88,0,2,103,0,9,5,29,129,1181,725,14,0,600,-0.981387,84.35714285714286,0.6138865368331922,6.320067739204064,9.214285714285714,9.155038759689923,84.35714285714286,0.6138865368331922,6.320067739204064,9.214285714285714,9.155038759689923
ab306c3034f51c964e59dba0,generator://csmith-v0/12,0,7,-indvars,True,-1.236897,0.557725,f9ef111ca80d379a,4a8bfcb164792b9a,1181,1181,0.002822,0.002806,7464,7464,129,129,14,14,1181,1181,725,725,0,0,85,69,13,82,34,10,22,37,2,0,0,129,0,119,13,14,159,182,171,95,102,82,51,2,22,62,11,17,112,111,119,218,41,37,11,301,0,0,0,8,88,0,2,103,0,9,5,29,129,1181,725,14,0,600,0,0,85,69,13,82,34,10,22,37,2,0,0,129,0,119,13,14,159,182,171,95,102,82,51,2,22,62,11,17,112,111,119,218,41,37,11,301,0,0,0,8,88,0,2,103,0,9,5,29,129,1181,725,14,0,600,-1.236897,84.35714285714286,0.6138865368331922,6.320067739204064,9.214285714285714,9.155038759689923,84.35714285714286,0.6138865368331922,6.320067739204064,9.214285714285714,9.155038759689923
ec7ef8aaf402bd3485bdfb72,generator://csmith-v0/12,1,0,-licm,True,-0.873119,-44.363509,41d5fcb3e35d0069,ce356478ba5688f8,1066,1100,0.001808,0.002610,8292,9380,129,129,14,14,1066,1100,675,670,0,0,85,69,13,82,34,10,22,37,2,0,0,129,0,119,13,14,159,178,167,90,103,82,47,2,21,62,9,15,114,56,119,218,41,34,10,248,0,0,0,8,85,0,2,106,0,9,5,29,129,1066,675,14,0,489,1,30,85,69,13,82,34,10,22,37,2,31,0,98,31,119,13,14,159,178,167,90,103,82,47,2,21,62,9,16,113,56,119,218,41,34,10,248,0,0,39,8,85,0,2,101,0,9,5,29,129,1100,670,14,61,489,-0.873119,76.14285714285714,0.6332082551594747,7.778611632270169,9.214285714285714,8.263565891472869,78.57142857142857,0.6090909090909091,8.527272727272727,9.214285714285714,8.527131782945736
ec7ef8aaf402bd3485bdfb72,generator://csmith-v0/12,1,1,-loop-rotate,True,1.531415,-2.469339,41d5fcb3e35d0069,63663fccf19bf7a4,1066,1144,0.001808,0.001852,8292,8980,129,149,14,14,1066,1144,675,696,0,0,85,69,13,82,34,10,22,37,2,0,0,129,0,119,13,14,159,178,167,90,103,82,47,2,21,62,9,15,114,56,119,218,41,34,10,248,0,0,0,8,85,0,2,106,0,9,5,29,129,1066,675,14,0,489,0,16,84,59,24,81,55,22,29,58,2,16,0,133,16,139,13,57,200,199,167,91,105,81,47,2,21,62,9,16,133,56,139,218,41,55,10,269,0,0,16,8,85,0,2,106,0,9,5,29,149,1144,696,14,32,510,1.531415,76.14285714285714,0.6332082551594747,7.778611632270169,9.214285714285714,8.263565891472869,81.71428571428571,0.6083916083916084,7.84965034965035,10.642857142857142,7.677852348993288
ec7ef8aaf402bd3485bdfb72,generator://csmith-v0/12,1,2,-loop-unroll,True,1.127384,-9.508770,41d5fcb3e35d0069,41d5fcb3e35d0069,1066,1066,0.001808,0.001980,8292,8292,129,129,14,14,1066,1066,675,675,0,0,85,69,13,82,34,10,22,37,2,0,0,129,0,119,13,14,159,178,167,90,103,82,47,2,21,62,9,15,114,56,119,218,41,34,10,248,0,0,0,8,85,0,2,106,0,9,5,29,129,1066,675,14,0,489,0,0,85,69,13,82,34,10,22,37,2,0,0,129,0,119,13,14,159,178,167,90,103,82,47,2,21,62,9,15,114,56,119,218,41,34,10,248,0,0,0,8,85,0,2,106,0,9,5,29,129,1066,675,14,0,489,1.127384,76.14285714285714,0.6332082551594747,7.778611632270169,9.214285714285714,8.263565891472869,76.14285714285714,0.6332082551594747,7.778611632270169,9.214285714285714,8.263565891472869
ec7ef8aaf402bd3485bdfb72,generator://csmith-v0/12,1,3,-loop-vectorize,True,0.292719,-24.051122,41d5fcb3e35d0069,41d5fcb3e35d0069,1066,1066,0.001808,0.002242,8292,8292,129,129,14,14,1066,1066,675,675,0,0,85,69,13,82,34,10,22,37,2,0,0,129,0,119,13,14,159,178,167,90,103,82,47,2,21,62,9,15,114,56,119,218,41,34,10,248,0,0,0,8,85,0,2,106,0,9,5,29,129,1066,675,14,0,489,0,0,85,69,13,82,34,10,22,37,2,0,0,129,0,119,13,14,159,178,167,90,103,82,47,2,21,62,9,15,114,56,119,218,41,34,10,248,0,0,0,8,85,0,2,106,0,9,5,29,129,1066,675,14,0,489,0.292719,76.14285714285714,0.6332082551594747,7.778611632270169,9.214285714285714,8.263565891472869,76.14285714285714,0.6332082551594747,7.778611632270169,9.214285714285714,8.263565891472869
ec7ef8aaf402bd3485bdfb72,generator://csmith-v0/12,1,4,-loop-deletion,True,-0.026478,-29.612494,41d5fcb3e35d0069,41d5fcb3e35d0069,1066,1066,0.001808,0.002343,8292,8292,129,129,14,14,1066,1066,675,675,0,0,85,69,13,82,34,10,22,37,2,0,0,129,0,119,13,14,159,178,167,90,103,82,47,2,21,62,9,15,114,56,119,218,41,34,10,248,0,0,0,8,85,0,2,106,0,9,5,29,129,1066,675,14,0,489,0,0,85,69,13,82,34,10,22,37,2,0,0,129,0,119,13,14,159,178,167,90,103,82,47,2,21,62,9,15,114,56,119,218,41,34,10,248,0,0,0,8,85,0,2,106,0,9,5,29,129,1066,675,14,0,489,-0.026478,76.14285714285714,0.6332082551594747,7.778611632270169,9.214285714285714,8.263565891472869,76.14285714285714,0.6332082551594747,7.778611632270169,9.214285714285714,8.263565891472869
ec7ef8aaf402bd3485bdfb72,generator://csmith-v0/12,1,5,-loop-unswitch,True,-1.199153,-50.044000,41d5fcb3e35d0069,41d5fcb3e35d0069,1066,1066,0.001808,0.002712,8292,8292,129,129,14,14,1066,1066,675,675,0,0,85,69,13,82,34,10,22,37,2,0,0,129,0,119,13,14,159,178,167,90,103,82,47,2,21,62,9,15,114,56,119,218,41,34,10,248,0,0,0,8,85,0,2,106,0,9,5,29,129,1066,675,14,0,489,0,0,85,69,13,82,34,10,22,37,2,0,0,129,0,119,13,14,159,178,167,90,103,82,47,2,21,62,9,15,114,56,119,218,41,34,10,248,0,0,0,8,85,0,2,106,0,9,5,29,129,1066,675,14,0,489,-1.199153,76.14285714285714,0.6332082551594747,7.778611632270169,9.214285714285714,8.263565891472869,76.14285714285714,0.6332082551594747,7.778611632270169,9.214285714285714,8.263565891472869
ec7ef8aaf402bd3485bdfb72,generator://csmith-v0/12,1,6,-loop-distribute,True,-1.357371,-52.800625,41d5fcb3e35d0069,41d5fcb3e35d0069,1066,1066,0.001808,0.002762,8292,8292,129,129,14,14,1066,1066,675,675,0,0,85,69,13,82,34,10,22,37,2,0,0,129,0,119,13,14,159,178,167,90,103,82,47,2,21,62,9,15,114,56,119,218,41,34,10,248,0,0,0,8,85,0,2,106,0,9,5,29,129,1066,675,14,0,489,0,0,85,69,13,82,34,10,22,37,2,0,0,129,0,119,13,14,159,178,167,90,103,82,47,2,21,62,9,15,114,56,119,218,41,34,10,248,0,0,0,8,85,0,2,106,0,9,5,29,129,1066,675,14,0,489,-1.357371,76.14285714285714,0.6332082551594747,7.778611632270169,9.214285714285714,8.263565891472869,76.14285714285714,0.6332082551594747,7.778611632270169,9.214285714285714,8.263565891472869
ec7ef8aaf402bd3485bdfb72,generator://csmith-v0/12,1,7,-indvars,True,0.504603,-20.359478,41d5fcb3e35d0069,41d5fcb3e35d0069,1066,1066,0.001808,0.002176,8292,8292,129,129,14,14,1066,1066,675,675,0,0,85,69,13,82,34,10,22,37,2,0,0,129,0,119,13,14,159,178,167,90,103,82,47,2,21,62,9,15,114,56,119,218,41,34,10,248,0,0,0,8,85,0,2,106,0,9,5,29,129,1066,675,14,0,489,0,0,85,69,13,82,34,10,22,37,2,0,0,129,0,119,13,14,159,178,167,90,103,82,47,2,21,62,9,15,114,56,119,218,41,34,10,248,0,0,0,8,85,0,2,106,0,9,5,29,129,1066,675,14,0,489,0.504603,76.14285714285714,0.6332082551594747,7.778611632270169,9.214285714285714,8.263565891472869,76.14285714285714,0.6332082551594747,7.778611632270169,9.214285714285714,8.263565891472869
85bd7387457725b7fcf3c747,generator://csmith-v0/12,2,0,-licm,True,-1.748504,-14.361107,2e5381948fd20dbb,2e5381948fd20dbb,1100,1100,0.002907,0.003325,9972,9972,109,109,14,14,1100,1100,646,646,9,35,65,49,13,62,34,10,22,37,2,40,4,65,44,99,13,12,139,200,167,111,103,62,47,2,21,62,9,16,93,56,99,218,41,34,10,226,0,0,85,8,83,0,2,99,0,9,5,29,109,1100,646,14,142,465,9,35,65,49,13,62,34,10,22,37,2,40,4,65,44,99,13,12,139,200,167,111,103,62,47,2,21,62,9,16,93,56,99,218,41,34,10,226,0,0,85,8,83,0,2,99,0,9,5,29,109,1100,646,14,142,465,-1.748504,78.57142857142857,0.5872727272727273,9.065454545454546,7.785714285714286,10.091743119266056,78.57142857142857,0.5872727272727273,9.065454545454546,7.785714285714286,10.091743119266056
85bd7387457725b7fcf3c747,generator://csmith-v0/12,2,1,-loop-rotate,True,0.530209,27.497376,2e5381948fd20dbb,f0e37d96a4733b97,1100,1053,0.002907,0.002108,9972,9172,109,87,14,14,1100,1053,646,646,9,35,65,49,13,62,34,10,22,37,2,40,4,65,44,99,13,12,139,200,167,111,103,62,47,2,21,62,9,16,93,56,99,218,41,34,10,226,0,0,85,8,83,0,2,99,0,9,5,29,109,1100,646,14,142,465,3,38,43,29,11,40,34,8,24,37,2,41,0,46,41,77,13,34,117,190,167,102,103,40,47,2,21,62,9,17,70,56,77,218,41,34,10,226,0,0,60,8,83,0,2,99,0,9,5,29,87,1053,646,14,92,465,0.530209,78.57142857142857,0.5872727272727273,9.065454545454546,7.785714285714286,10.091743119266056,75.21428571428571,0.6134852801519468,8.710351377018045,6.214285714285714,12.10344827586207
85bd7387457725b7fcf3c747,generator://csmith-v0/12,2,2,-loop-unroll,True,0.879837,33.919814,2e5381948fd20dbb,b18d8291787bb081,1100,1267,0.002907,0.001921,9972,10796,109,170,14,14,1100,1267,646,719,9,35,65,49,13,62,34,10,22,37,2,40,4,65,44,99,13,12,139,200,167,111,103,62,47,2,21,62,9,16,93,56,99,218,41,34,10,226,0,0,85,8,83,0,2,99,0,9,5,29,109,1100,646,14,142,465,8,39,119,82,30,104,41,19,18,50,2,44,3,123,47,154,18,17,207,239,215,156,128,104,73,2,15,62,17,16,154,56,154,228,65,41,26,251,0,0,80,8,88,0,2,113,0,9,13,29,170,1267,719,14,130,495,0.879837,78.57142857142857,0.5872727272727273,9.065454545454546,7.785714285714286,10.091743119266056,90.5,0.5674822415153907,8.520915548539858,12.142857142857142,7.452941176470588
85bd7387457725b7fcf3c747,generator://csmith-v0/12,2,3,-loop-vectorize,True,0.459879,26.205457,2e5381948fd20dbb,2e5381948fd20dbb,1100,1100,0.002907,0.002145,9972,9972,109,109,14,14,1100,1100,646,646,9,35,65,49,13,62,34,10,22,37,2,40,4,65,44,99,13,12,139,200,167,111,103,62,47,2,21,62,9,16,93,56,99,218,41,34,10,226,0,0,85,8,83,0,2,99,0,9,5,29,109,1100,646,14,142,465,9,35,65,49,13,62,34,10,22,37,2,40,4,65,44,99,13,12,139,200,167,111,103,62,47,2,21,62,9,16,93,56,99,218,41,34,10,226,0,0,85,8,83,0,2,99,0,9,5,29,109,1100,646,14,142,465,0.459879,78.57142857142857,0.5872727272727273,9.065454545454546,7.785714285714286,10.091743119266056,78.57142857142857,0.5872727272727273,9.065454545454546,7.785714285714286,10.091743119266056
85bd7387457725b7fcf3c747,generator://csmith-v0/12,2,4,-loop-deletion,True,0.828791,32.982141,2e5381948fd20dbb,2e5381948fd20dbb,1100,1100,0.002907,0.001948,9972,9972,109,109,14,14,1100,1100,646,646,9,35,65,49,13,62,34,10,22,37,2,40,4,65,44,99,13,12,139,200,167,111,103,62,47,2,21,62,9,16,93,56,99,218,41,34,10,226,0,0,85,8,83,0,2,99,0,9,5,29,109,1100,646,14,142,465,9,35,65,49,13,62,34,10,22,37,2,40,4,65,44,99,13,12,139,200,167,111,103,62,47,2,21,62,9,16,93,56,99,218,41,34,10,226,0,0,85,8,83,0,2,99,0,9,5,29,109,1100,646,14,142,465,0.828791,78.57142857142857,0.5872727272727273,9.065454545454546,7.785714285714286,10.091743119266056,78.57142857142857,0.5872727272727273,9.065454545454546,7.785714285714286,10.091743119266056
85bd7387457725b7fcf3c747,generator://csmith-v0/12,2,5,-loop-unswitch,True,-1.493576,-9.678250,2e5381948fd20dbb,2e5381948fd20dbb,1100,1100,0.002907,0.003189,9972,9972,109,109,14,14,1100,1100,646,646,9,35,65,49,13,62,34,10,22,37,2,40,4,65,44,99,13,12,139,200,167,111,103,62,47,2,21,62,9,16,93,56,99,218,41,34,10,226,0,0,85,8,83,0,2,99,0,9,5,29,109,1100,646,14,142,465,9,35,65,49,13,62,34,10,22,37,2,40,4,65,44,99,13,12,139,200,167,111,103,62,47,2,21,62,9,16,93,56,99,218,41,34,10,226,0,0,85,8,83,0,2,99,0,9,5,29,109,1100,646,14,142,465,-1.493576,78.57142857142857,0.5872727272727273,9.065454545454546,7.785714285714286,10.091743119266056,78.57142857142857,0.5872727272727273,9.065454545454546,7.785714285714286,10.091743119266056
85bd7387457725b7fcf3c747,generator://csmith-v0/12,2,6,-loop-distribute,True,-0.280914,12.597564,2e5381948fd20dbb,2e5381948fd20dbb,1100,1100,0.002907,0.002541,9972,9972,109,109,14,14,1100,1100,646,646,9,35,65,49,13,62,34,10,22,37,2,40,4,65,44,99,13,12,139,200,167,111,103,62,47,2,21,62,9,16,93,56,99,218,41,34,10,226,0,0,85,8,83,0,2,99,0,9,5,29,109,1100,646,14,142,465,9,35,65,49,13,62,34,10,22,37,2,40,4,65,44,99,13,12,139,200,167,111,103,62,47,2,21,62,9,16,93,56,99,218,41,34,10,226,0,0,85,8,83,0,2,99,0,9,5,29,109,1100,646,14,142,465,-0.280914,78.57142857142857,0.5872727272727273,9.065454545454546,7.785714285714286,10.091743119266056,78.57142857142857,0.5872727272727273,9.065454545454546,7.785714285714286,10.091743119266056
85bd7387457725b7fcf3c747,generator://csmith-v0/12,2,7,-indvars,True,0.824278,32.899234,2e5381948fd20dbb,6f5d8808c6885b37,1100,1085,0.002907,0.001951,9972,9956,109,109,14,14,1100,1085,646,644,9,35,65,49,13,62,34,10,22,37,2,40,4,65,44,99,13,12,139,200,167,111,103,62,47,2,21,62,9,16,93,56,99,218,41,34,10,226,0,0,85,8,83,0,2,99,0,9,5,29,109,1100,646,14,142,465,8,34,65,49,13,62,34,10,22,37,2,42,0,67,42,99,13,12,139,173,194,108,103,62,47,2,21,62,9,16,93,56,99,218,41,34,10,224,0,0,71,8,74,0,2,99,0,19,5,29,109,1085,644,14,121,464,0.824278,78.57142857142857,0.5872727272727273,9.065454545454546,7.785714285714286,10.091743119266056,77.5,0.5935483870967742,9.176036866359446,7.785714285714286,9.954128440366972
332def8d0a15ea903cfeed77,generator://csmith-v0/17,0,0,-licm,True,0.699901,-1.687295,3e66b1d81966de8d,c878d4158d94b79f,307,326,0.001960,0.001993,1548,2108,42,43,15,15,307,326,171,163,0,0,20,17,2,21,9,1,6,10,1,0,0,42,0,30,7,4,41,56,42,14,36,21,28,0,4,26,11,5,37,16,30,38,3,9,11,59,0,1,0,11,8,0,0,45,2,17,5,10,42,307,171,15,0,136,3,9,22,18,3,21,8,1,5,10,1,12,0,31,12,30,7,3,41,56,42,14,36,21,28,0,4,26,11,7,36,16,30,38,3,9,11,51,0,1,26,11,8,0,0,45,2,17,5,10,43,326,163,15,39,128,0.699901,20.466666666666665,0.5570032573289903,5.042345276872964,2.8,7.309523809523809,21.733333333333334,0.5,6.466257668711656,2.8666666666666667,7.5813953488372094
332def8d0a15ea903cfeed77,generator://csmith-v0/17,0,1,-loop-rotate,True,-1.232239,-30.485917,3e66b1d81966de8d,fadf2c0cfd3ce658,307,320,0.001960,0.002557,1548,1644,42,47,15,15,307,320,171,175,0,0,20,17,2,21,9,1,6,10,1,0,0,42,0,30,7,4,41,56,42,14,36,21,28,0,4,26,11,5,37,16,30,38,3,9,11,59,0,1,0,11,8,0,0,45,2,17,5,10,42,307,171,15,0,136,0,0,22,16,6,21,12,5,4,14,1,0,0,47,0,34,7,11,49,59,43,15,36,21,28,0,4,26,11,5,42,16,34,38,3,13,11,63,0,1,0,11,8,0,0,45,2,17,5,10,47,320,175,15,0,140,-1.232239,20.466666666666665,0.5570032573289903,5.042345276872964,2.8,7.309523809523809,21.333333333333332,0.546875,5.1375,3.1333333333333333,6.808510638297872
332def8d0a15ea903cfeed77,generator://csmith-v0/17,0,2,-loop-unroll,True,1.843076,15.351776,3e66b1d81966de8d,306a23009accbfad,307,308,0.001960,0.001659,1548,1564,42,43,15,15,307,308,171,171,0,0,20,17,2,21,9,1,6,10,1,0,0,42,0,30,7,4,41,56,42,14,36,21,28,0,4,26,11,5,37,16,30,38,3,9,11,59,0,1,0,11,8,0,0,45,2,17,5,10,42,307,171,15,0,136,0,0,22,18,3,21,8,1,5,10,1,0,0,43,0,30,7,3,41,56,42,14,36,21,28,0,4,26,11,5,38,16,30,38,3,9,11,59,0,1,0,11,8,0,0,45,2,17,5,10,43,308,171,15,0,136,1.843076,20.466666666666665,0.5570032573289903,5.042345276872964,2.8,7.309523809523809,20.533333333333335,0.5551948051948052,5.077922077922078,2.8666666666666667,7.162790697674419
332def8d0a15ea903cfeed77,generator://csmith-v0/17,0,3,-loop-vectorize,True,0.592105,-3.293997,3e66b1d81966de8d,306a23009accbfad,307,308,0.001960,0.002024,1548,1564,42,43,15,15,307,308,171,171,0,0,20,17,2,21,9,1,6,10,1,0,0,42,0,30,7,4,41,56,42,14,36,21,28,0,4,26,11,5,37,16,30,38,3,9,11,59,0,1,0,11,8,0,0,45,2,17,5,10,42,307,171,15,0,136,0,0,22,18,3,21,8,1,5,10,1,0,0,43,0,30,7,3,41,56,42,14,36,21,28,0,4,26,11,5,38,16,30,38,3,9,11,59,0,1,0,11,8,0,0,45,2,17,5,10,43,308,171,15,0,136,0.592105,20.466666666666665,0.5570032573289903,5.042345276872964,2.8,7.309523809523809,20.533333333333335,0.5551948051948052,5.077922077922078,2.8666666666666667,7.162790697674419
332def8d0a15ea903cfeed77,generator://csmith-v0/17,0,4,-loop-deletion,True,0.181012,-9.421346,3e66b1d81966de8d,306a23009accbfad,307,308,0.001960,0.002145,1548,1564,42,43,15,15,307,308,171,171,0,0,20,17,2,21,9,1,6,10,1,0,0,42,0,30,7,4,41,56,42,14,36,21,28,0,4,26,11,5,37,16,30,38,3,9,11,59,0,1,0,11,8,0,0,45,2,17,5,10,42,307,171,15,0,136,0,0,22,18,3,21,8,1,5,10,1,0,0,43,0,30,7,3,41,56,42,14,36,21,28,0,4,26,11,5,38,16,30,38,3,9,11,59,0,1,0,11,8,0,0,45,2,17,5,10,43,308,171,15,0,136,0.181012,20.466666666666665,0.5570032573289903,5.042345276872964,2.8,7.309523809523809,20.533333333333335,0.5551948051948052,5.077922077922078,2.8666666666666667,7.162790697674419
332def8d0a15ea903cfeed77,generator://csmith-v0/17,0,5,-loop-unswitch,True,-0.131262,-14.075804,3e66b1d81966de8d,306a23009accbfad,307,308,0.001960,0.002236,1548,1564,42,43,15,15,307,308,171,171,0,0,20,17,2,21,9,1,6,10,1,0,0,42,0,30,7,4,41,56,42,14,36,21,28,0,4,26,11,5,37,16,30,38,3,9,11,59,0,1,0,11,8,0,0,45,2,17,5,10,42,307,171,15,0,136,0,0,22,18,3,21,8,1,5,10,1,0,0,43,0,30,7,3,41,56,42,14,36,21,28,0,4,26,11,5,38,16,30,38,3,9,11,59,0,1,0,11,8,0,0,45,2,17,5,10,43,308,171,15,0,136,-0.131262,20.466666666666665,0.5570032573289903,5.042345276872964,2.8,7.309523809523809,20.533333333333335,0.5551948051948052,5.077922077922078,2.8666666666666667,7.162790697674419
332def8d0a15ea903cfeed77,generator://csmith-v0/17,0,6,-loop-distribute,True,-0.596884,-21.015912,3e66b1d81966de8d,1a017fb805ecc3a3,307,307,0.001960,0.002372,1548,1548,42,42,15,15,307,307,171,171,0,0,20,17,2,21,9,1,6,10,1,0,0,42,0,30,7,4,41,56,42,14,36,21,28,0,4,26,11,5,37,16,30,38,3,9,11,59,0,1,0,11,8,0,0,45,2,17,5,10,42,307,171,15,0,136,0,0,20,17,2,21,9,1,6,10,1,0,0,42,0,30,7,4,41,56,42,14,36,21,28,0,4,26,11,5,37,16,30,38,3,9,11,59,0,1,0,11,8,0,0,45,2,17,5,10,42,307,171,15,0,136,-0.596884,20.466666666666665,0.5570032573289903,5.042345276872964,2.8,7.309523809523809,20.466666666666665,0.5570032573289903,5.042345276872964,2.8,7.309523809523809
332def8d0a15ea903cfeed77,generator://csmith-v0/17,0,7,-indvars,True,-1.355708,-32.326222,3e66b1d81966de8d,306a23009accbfad,307,308,0.001960,0.002593,1548,1564,42,43,15,15,307,308,171,171,0,0,20,17,2,21,9,1,6,10,1,0,0,42,0,30,7,4,41,56,42,14,36,21,28,0,4,26,11,5,37,16,30,38,3,9,11,59,0,1,0,11,8,0,0,45,2,17,5,10,42,307,171,15,0,136,0,0,22,18,3,21,8,1,5,10,1,0,0,43,0,30,7,3,41,56,42,14,36,21,28,0,4,26,11,5,38,16,30,38,3,9,11,59,0,1,0,11,8,0,0,45,2,17,5,10,43,308,171,15,0,136,-1.355708,20.466666666666665,0.5570032573289903,5.042345276872964,2.8,7.309523809523809,20.533333333333335,0.5551948051948052,5.077922077922078,2.8666666666666667,7.162790697674419
2fe4cf39354bcde3a7e2afbb,generator://csmith-v0/17,1,0,-licm,True,0.088814,7.417788,fe00edd3e76ae87b,4527abeac6c420e4,247,265,0.002415,0.002236,1592,1864,42,43,15,15,247,265,130,129,0,0,20,17,2,21,9,1,6,10,1,0,0,42,0,30,5,4,41,53,39,14,34,21,24,0,3,26,9,4,38,8,30,36,3,7,10,19,0,1,0,11,8,0,0,46,2,14,5,8,42,247,130,15,0,83,1,8,22,18,3,21,8,1,5,10,1,9,0,34,9,30,5,3,41,53,39,14,35,21,24,0,3,26,9,3,40,8,30,36,3,7,10,19,0,1,18,11,8,0,0,45,2,14,5,8,43,265,129,15,27,83,0.088814,16.466666666666665,0.5263157894736842,6.445344129554656,2.8,5.880952380952381,17.666666666666668,0.4867924528301887,7.033962264150944,2.8666666666666667,6.162790697674419
2fe4cf39354bcde3a7e2afbb,generator://csmith-v0/17,1,1,-loop-rotate,True,-0.615132,-2.666045,fe00edd3e76ae87b,600d6a5c701309c3,247,260,0.002415,0.002480,1592,1720,42,47,15,15,247,260,130,133,0,0,20,17,2,21,9,1,6,10,1,0,0,42,0,30,5,4,41,53,39,14,34,21,24,0,3,26,9,4,38,8,30,36,3,7,10,19,0,1,0,11,8,0,0,46,2,14,5,8,42,247,130,15,0,83,0,2,22,16,6,21,12,5,4,14,1,2,0,45,2,34,5,11,49,56,39,16,35,21,24,0,3,26,9,4,43,8,34,36,3,10,10,22,0,1,2,11,8,0,0,46,2,14,5,8,47,260,133,15,4,86,-0.615132,16.466666666666665,0.5263157894736842,6.445344129554656,2.8,5.880952380952381,17.333333333333332,0.5115384615384615,6.615384615384615,3.1333333333333333,5.531914893617022
2fe4cf39354bcde3a7e2afbb,generator://csmith-v0/17,1,2,-loop-unroll,True,0.828281,18.010473,fe00edd3e76ae87b,a778a5823b982ab7,247,248,0.002415,0.001980,1592,1608,42,43,15,15,247,248,130,130,0,0,20,17,2,21,9,1,6,10,1,0,0,42,0,30,5,4,41,53,39,14,34,21,24,0,3,26,9,4,38,8,30,36,3,7,10,19,0,1,0,11,8,0,0,46,2,14,5,8,42,247,130,15,0,83,0,0,22,18,3,21,8,1,5,10,1,0,0,43,0,30,5,3,41,53,39,14,35,21,24,0,3,26,9,4,39,8,30,36,3,7,10,19,0,1,0,11,8,0,0,46,2,14,5,8,43,248,130,15,0,83,0.828281,16.466666666666665,0.5263157894736842,6.445344129554656,2.8,5.880952380952381,16.533333333333335,0.5241935483870968,6.483870967741935,2.8666666666666667,5.767441860465116
2fe4cf39354bcde3a7e2afbb,generator://csmith-v0/17,1,3,-loop-vectorize,True,1.005168,20.544330,fe00edd3e76ae87b,a778a5823b982ab7,247,248,0.002415,0.001919,1592,1608,42,43,15,15,247,248,130,130,0,0,20,17,2,21,9,1,6,10,1,0,0,42,0,30,5,4,41,53,39,14,34,21,24,0,3,26,9,4,38,8,30,36,3,7,10,19,0,1,0,11,8,0,0,46,2,14,5,8,42,247,130,15,0,83,0,0,22,18,3,21,8,1,5,10,1,0,0,43,0,30,5,3,41,53,39,14,35,21,24,0,3,26,9,4,39,8,30,36,3,7,10,19,0,1,0,11,8,0,0,46,2,14,5,8,43,248,130,15,0,83,1.005168,16.466666666666665,0.5263157894736842,6.445344129554656,2.8,5.880952380952381,16.533333333333335,0.5241935483870968,6.483870967741935,2.8666666666666667,5.767441860465116
2fe4cf39354bcde3a7e2afbb,generator://csmith-v0/17,1,4,-loop-deletion,True,-0.849265,-6.019944,fe00edd3e76ae87b,a778a5823b982ab7,247,248,0.002415,0.002561,1592,1608,42,43,15,15,247,248,130,130,0,0,20,17,2,21,9,1,6,10,1,0,0,42,0,30,5,4,41,53,39,14,34,21,24,0,3,26,9,4,38,8,30,36,3,7,10,19,0,1,0,11,8,0,0,46,2,14,5,8,42,247,130,15,0,83,0,0,22,18,3,21,8,1,5,10,1,0,0,43,0,30,5,3,41,53,39,14,35,21,24,0,3,26,9,4,39,8,30,36,3,7,10,19,0,1,0,11,8,0,0,46,2,14,5,8,43,248,130,15,0,83,-0.849265,16.466666666666665,0.5263157894736842,6.445344129554656,2.8,5.880952380952381,16.533333333333335,0.5241935483870968,6.483870967741935,2.8666666666666667,5.767441860465116
2fe4cf39354bcde3a7e2afbb,generator://csmith-v0/17,1,5,-loop-unswitch,True,0.499570,13.301765,fe00edd3e76ae87b,a778a5823b982ab7,247,248,0.002415,0.002094,1592,1608,42,43,15,15,247,248,130,130,0,0,20,17,2,21,9,1,6,10,1,0,0,42,0,30,5,4,41,53,39,14,34,21,24,0,3,26,9,4,38,8,30,36,3,7,10,19,0,1,0,11,8,0,0,46,2,14,5,8,42,247,130,15,0,83,0,0,22,18,3,21,8,1,5,10,1,0,0,43,0,30,5,3,41,53,39,14,35,21,24,0,3,26,9,4,39,8,30,36,3,7,10,19,0,1,0,11,8,0,0,46,2,14,5,8,43,248,130,15,0,83,0.499570,16.466666666666665,0.5263157894736842,6.445344129554656,2.8,5.880952380952381,16.533333333333335,0.5241935483870968,6.483870967741935,2.8666666666666667,5.767441860465116
2fe4cf39354bcde3a7e2afbb,generator://csmith-v0/17,1,6,-loop-distribute,True,-1.976742,-22.170764,fe00edd3e76ae87b,fe00edd3e76ae87b,247,247,0.002415,0.002951,1592,1592,42,42,15,15,247,247,130,130,0,0,20,17,2,21,9,1,6,10,1,0,0,42,0,30,5,4,41,53,39,14,34,21,24,0,3,26,9,4,38,8,30,36,3,7,10,19,0,1,0,11,8,0,0,46,2,14,5,8,42,247,130,15,0,83,0,0,20,17,2,21,9,1,6,10,1,0,0,42,0,30,5,4,41,53,39,14,34,21,24,0,3,26,9,4,38,8,30,36,3,7,10,19,0,1,0,11,8,0,0,46,2,14,5,8,42,247,130,15,0,83,-1.976742,16.466666666666665,0.5263157894736842,6.445344129554656,2.8,5.880952380952381,16.466666666666665,0.5263157894736842,6.445344129554656,2.8,5.880952380952381
2fe4cf39354bcde3a7e2afbb,generator://csmith-v0/17,1,7,-indvars,True,1.019306,20.746853,fe00edd3e76ae87b,a778a5823b982ab7,247,248,0.002415,0.001914,1592,1608,42,43,15,15,247,248,130,130,0,0,20,17,2,21,9,1,6,10,1,0,0,42,0,30,5,4,41,53,39,14,34,21,24,0,3,26,9,4,38,8,30,36,3,7,10,19,0,1,0,11,8,0,0,46,2,14,5,8,42,247,130,15,0,83,0,0,22,18,3,21,8,1,5,10,1,0,0,43,0,30,5,3,41,53,39,14,35,21,24,0,3,26,9,4,39,8,30,36,3,7,10,19,0,1,0,11,8,0,0,46,2,14,5,8,43,248,130,15,0,83,1.019306,16.466666666666665,0.5263157894736842,6.445344129554656,2.8,5.880952380952381,16.533333333333335,0.5241935483870968,6.483870967741935,2.8666666666666667,5.767441860465116
9f1ebd4af2a321566045a332,generator://csmith-v0/17,2,0,-licm,True,-2.029153,-2.808968,f8c03446cd5cd398,73ae7ff40ef8b48f,250,269,0.002778,0.002856,1848,2104,38,39,15,15,250,269,121,125,2,7,16,13,2,17,9,1,6,10,1,9,0,29,9,26,5,4,37,59,40,17,35,17,24,0,3,26,9,4,34,8,26,36,3,7,10,10,0,1,16,11,8,0,0,46,2,14,5,8,38,250,121,15,33,74,4,7,18,14,3,17,8,1,5,10,1,8,3,28,11,26,5,3,37,59,40,17,36,17,24,0,3,26,9,3,36,8,26,36,3,7,10,15,0,1,30,11,8,0,0,45,2,14,5,8,39,269,125,15,50,79,-2.029153,16.666666666666668,0.484,7.392,2.533333333333333,6.578947368421052,17.933333333333334,0.4646840148698885,7.821561338289963,2.6,6.897435897435898
9f1ebd4af2a321566045a332,generator://csmith-v0/17,2,1,-loop-rotate,True,0.776711,32.362653,f8c03446cd5cd398,c9cb05e664f7c302,250,246,0.002778,0.001879,1848,1816,38,37,15,15,250,246,121,121,2,7,16,13,2,17,9,1,6,10,1,9,0,29,9,26,5,4,37,59,40,17,35,17,24,0,3,26,9,4,34,8,26,36,3,7,10,10,0,1,16,11,8,0,0,46,2,14,5,8,38,250,121,15,33,74,1,8,15,9,5,14,9,3,4,11,1,9,0,28,9,24,5,8,36,59,40,18,36,14,24,0,3,26,9,4,33,8,24,36,3,7,10,10,0,1,13,11,8,0,0,46,2,14,5,8,37,246,121,15,25,74,0.776711,16.666666666666668,0.484,7.392,2.533333333333333,6.578947368421052,16.4,0.491869918699187,7.382113821138211,2.466666666666667,6.648648648648648
9f1ebd4af2a321566045a332,generator://csmith-v0/17,2,2,-loop-unroll,True,-1.291317,6.439832,f8c03446cd5cd398,8076cc13281a726f,250,348,0.002778,0.002599,1848,2344,38,71,15,15,250,348,121,145,2,7,16,13,2,17,9,1,6,10,1,9,0,29,9,26,5,4,37,59,40,17,35,17,24,0,3,26,9,4,34,8,26,36,3,7,10,10,0,1,16,11,8,0,0,46,2,14,5,8,38,250,121,15,33,74,1,15,43,31,11,40,15,7,5,18,1,16,0,55,16,57,5,3,76,105,40,26,61,40,55,0,2,26,17,4,67,8,57,36,3,14,26,10,0,1,19,11,8,0,0,70,2,14,13,8,71,348,145,15,36,74,-1.291317,16.666666666666668,0.484,7.392,2.533333333333333,6.578947368421052,23.2,0.4166666666666667,6.735632183908046,4.733333333333333,4.901408450704225
9f1ebd4af2a321566045a332,generator://csmith-v0/17,2,3,-loop-vectorize,True,0.678589,31.132694,f8c03446cd5cd398,22737408b1be9345,250,247,0.002778,0.001913,1848,1800,38,39,15,15,250,247,121,121,2,7,16,13,2,17,9,1,6,10,1,9,0,29,9,26,5,4,37,59,40,17,35,17,24,0,3,26,9,4,34,8,26,36,3,7,10,10,0,1,16,11,8,0,0,46,2,14,5,8,38,250,121,15,33,74,1,7,18,14,3,17,8,1,5,10,1,8,0,31,8,26,5,3,37,59,40,17,36,17,24,0,3,26,9,4,35,8,26,36,3,7,10,10,0,1,12,11,8,0,0,46,2,14,5,8,39,247,121,15,24,74,0.678589,16.666666666666668,0.484,7.392,2.533333333333333,6.578947368421052,16.466666666666665,0.4898785425101215,7.287449392712551,2.6,6.333333333333333
9f1ebd4af2a321566045a332,generator://csmith-v0/17,2,4,-loop-deletion,True,0.799282,32.645582,f8c03446cd5cd398,32efd103126bfaa4,250,248,0.002778,0.001871,1848,1800,38,39,15,15,250,248,121,121,2,7,16,13,2,17,9,1,6,10,1,9,0,29,9,26,5,4,37,59,40,17,35,17,24,0,3,26,9,4,34,8,26,36,3,7,10,10,0,1,16,11,8,0,0,46,2,14,5,8,38,250,121,15,33,74,1,8,18,14,3,17,8,1,5,10,1,9,0,30,9,26,5,3,37,59,40,17,36,17,24,0,3,26,9,4,35,8,26,36,3,7,10,10,0,1,13,11,8,0,0,46,2,14,5,8,39,248,121,15,25,74,0.799282,16.666666666666668,0.484,7.392,2.533333333333333,6.578947368421052,16.533333333333335,0.4879032258064516,7.258064516129032,2.6,6.358974358974359
9f1ebd4af2a321566045a332,generator://csmith-v0/17,2,5,-loop-unswitch,True,0.326494,26.719166,f8c03446cd5cd398,32efd103126bfaa4,250,248,0.002778,0.002035,1848,1800,38,39,15,15,250,248,121,121,2,7,16,13,2,17,9,1,6,10,1,9,0,29,9,26,5,4,37,59,40,17,35,17,24,0,3,26,9,4,34,8,26,36,3,7,10,10,0,1,16,11,8,0,0,46,2,14,5,8,38,250,121,15,33,74,1,8,18,14,3,17,8,1,5,10,1,9,0,30,9,26,5,3,37,59,40,17,36,17,24,0,3,26,9,4,35,8,26,36,3,7,10,10,0,1,13,11,8,0,0,46,2,14,5,8,39,248,121,15,25,74,0.326494,16.666666666666668,0.484,7.392,2.533333333333333,6.578947368421052,16.533333333333335,0.4879032258064516,7.258064516129032,2.6,6.358974358974359
9f1ebd4af2a321566045a332,generator://csmith-v0/17,2,6,-loop-distribute,True,0.627060,30.486766,f8c03446cd5cd398,f8c03446cd5cd398,250,250,0.002778,0.001931,1848,1848,38,38,15,15,250,250,121,121,2,7,16,13,2,17,9,1,6,10,1,9,0,29,9,26,5,4,37,59,40,17,35,17,24,0,3,26,9,4,34,8,26,36,3,7,10,10,0,1,16,11,8,0,0,46,2,14,5,8,38,250,121,15,33,74,2,7,16,13,2,17,9,1,6,10,1,9,0,29,9,26,5,4,37,59,40,17,35,17,24,0,3,26,9,4,34,8,26,36,3,7,10,10,0,1,16,11,8,0,0,46,2,14,5,8,38,250,121,15,33,74,0.627060,16.666666666666668,0.484,7.392,2.533333333333333,6.578947368421052,16.666666666666668,0.484,7.392,2.533333333333333,6.578947368421052
9f1ebd4af2a321566045a332,generator://csmith-v0/17,2,7,-indvars,True,0.112334,24.034662,f8c03446cd5cd398,9db15b35eeec0aaf,250,246,0.002778,0.002110,1848,1752,38,39,15,15,250,246,121,121,2,7,16,13,2,17,9,1,6,10,1,9,0,29,9,26,5,4,37,59,40,17,35,17,24,0,3,26,9,4,34,8,26,36,3,7,10,10,0,1,16,11,8,0,0,46,2,14,5,8,38,250,121,15,33,74,0,7,18,14,3,17,8,1,5,10,1,7,0,32,7,26,5,3,37,56,43,17,36,17,24,0,3,26,9,4,35,8,26,36,3,7,10,10,0,1,9,11,7,0,0,46,2,17,5,8,39,246,121,15,18,76,0.112334,16.666666666666668,0.484,7.392,2.533333333333333,6.578947368421052,16.4,0.491869918699187,7.121951219512195,2.6,6.3076923076923075
5144bc55ffa72edd31481325,generator://csmith-v0/24,0,0,-licm,True,1.243832,14.741553,8c1b7e1c208973ef,b5cccb277fedcbad,1289,1292,0.002171,0.001851,7021,8805,65,65,14,14,1289,1292,1013,991,0,0,39,30,6,38,16,5,10,18,1,0,0,65,0,56,9,7,74,115,669,330,291,38,35,0,11,59,11,9,55,104,56,162,379,19,11,140,0,0,0,9,27,0,0,273,0,10,5,13,65,1289,1013,14,0,353,1,14,39,30,6,38,16,5,10,18,1,15,0,50,15,56,9,7,74,115,669,330,291,38,35,0,11,59,11,9,55,104,56,162,379,19,11,124,0,0,25,9,27,0,0,267,0,10,5,13,65,1292,991,14,38,337,1.243832,92.07142857142857,0.7858805275407292,5.446858029480217,4.642857142857143,19.83076923076923,92.28571428571429,0.7670278637770898,6.815015479876161,4.642857142857143,19.876923076923077
5144bc55ffa72edd31481325,generator://csmith-v0/24,0,1,-loop-rotate,True,-1.612963,-38.405602,8c1b7e1c208973ef,e77b2a17eb0e733e,1289,1319,0.002171,0.003005,7021,7197,65,75,14,14,1289,1319,1013,1023,0,0,39,30,6,38,16,5,10,18,1,0,0,65,0,56,9,7,74,115,669,330,291,38,35,0,11,59,11,9,55,104,56,162,379,19,11,140,0,0,0,9,27,0,0,273,0,10,5,13,65,1289,1013,14,0,353,0,0,39,28,11,38,26,10,12,28,1,0,0,75,0,66,9,27,94,125,669,331,292,38,35,0,11,59,11,9,65,104,66,162,379,29,11,150,0,0,0,9,27,0,0,273,0,10,5,13,75,1319,1023,14,0,363,-1.612963,92.07142857142857,0.7858805275407292,5.446858029480217,4.642857142857143,19.83076923076923,94.21428571428571,0.775587566338135,5.456406368460955,5.357142857142857,17.586666666666666
5144bc55ffa72edd31481325,generator://csmith-v0/24,0,2,-loop-unroll,True,0.874794,7.876061,8c1b7e1c208973ef,57282eb260bea45b,1289,1289,0.002171,0.002000,7021,7021,65,65,14,14,1289,1289,1013,1013,0,0,39,30,6,38,16,5,10,18,1,0,0,65,0,56,9,7,74,115,669,330,291,38,35,0,11,59,11,9,55,104,56,162,379,19,11,140,0,0,0,9,27,0,0,273,0,10,5,13,65,1289,1013,14,0,353,0,0,39,30,6,38,16,5,10,18,1,0,0,65,0,56,9,7,74,115,669,330,291,38,35,0,11,59,11,9,55,104,56,162,379,19,11,140,0,0,0,9,27,0,0,273,0,10,5,13,65,1289,1013,14,0,353,0.874794,92.07142857142857,0.7858805275407292,5.446858029480217,4.642857142857143,19.83076923076923,92.07142857142857,0.7858805275407292,5.446858029480217,4.642857142857143,19.83076923076923
5144bc55ffa72edd31481325,generator://csmith-v0/24,0,3,-loop-vectorize,True,0.778698,6.088302,8c1b7e1c208973ef,57282eb260bea45b,1289,1289,0.002171,0.002039,7021,7021,65,65,14,14,1289,1289,1013,1013,0,0,39,30,6,38,16,5,10,18,1,0,0,65,0,56,9,7,74,115,669,330,291,38,35,0,11,59,11,9,55,104,56,162,379,19,11,140,0,0,0,9,27,0,0,273,0,10,5,13,65,1289,1013,14,0,353,0,0,39,30,6,38,16,5,10,18,1,0,0,65,0,56,9,7,74,115,669,330,291,38,35,0,11,59,11,9,55,104,56,162,379,19,11,140,0,0,0,9,27,0,0,273,0,10,5,13,65,1289,1013,14,0,353,0.778698,92.07142857142857,0.7858805275407292,5.446858029480217,4.642857142857143,19.83076923076923,92.07142857142857,0.7858805275407292,5.446858029480217,4.642857142857143,19.83076923076923
5144bc55ffa72edd31481325,generator://csmith-v0/24,0,4,-loop-deletion,True,-0.358477,-15.067427,8c1b7e1c208973ef,57282eb260bea45b,1289,1289,0.002171,0.002498,7021,7021,65,65,14,14,1289,1289,1013,1013,0,0,39,30,6,38,16,5,10,18,1,0,0,65,0,56,9,7,74,115,669,330,291,38,35,0,11,59,11,9,55,104,56,162,379,19,11,140,0,0,0,9,27,0,0,273,0,10,5,13,65,1289,1013,14,0,353,0,0,39,30,6,38,16,5,10,18,1,0,0,65,0,56,9,7,74,115,669,330,291,38,35,0,11,59,11,9,55,104,56,162,379,19,11,140,0,0,0,9,27,0,0,273,0,10,5,13,65,1289,1013,14,0,353,-0.358477,92.07142857142857,0.7858805275407292,5.446858029480217,4.642857142857143,19.83076923076923,92.07142857142857,0.7858805275407292,5.446858029480217,4.642857142857143,19.83076923076923
5144bc55ffa72edd31481325,generator://csmith-v0/24,0,5,-loop-unswitch,True,-0.606577,-19.683032,8c1b7e1c208973ef,57282eb260bea45b,1289,1289,0.002171,0.002598,7021,7021,65,65,14,14,1289,1289,1013,1013,0,0,39,30,6,38,16,5,10,18,1,0,0,65,0,56,9,7,74,115,669,330,291,38,35,0,11,59,11,9,55,104,56,162,379,19,11,140,0,0,0,9,27,0,0,273,0,10,5,13,65,1289,1013,14,0,353,0,0,39,30,6,38,16,5,10,18,1,0,0,65,0,56,9,7,74,115,669,330,291,38,35,0,11,59,11,9,55,104,56,162,379,19,11,140,0,0,0,9,27,0,0,273,0,10,5,13,65,1289,1013,14,0,353,-0.606577,92.07142857142857,0.7858805275407292,5.446858029480217,4.642857142857143,19.83076923076923,92.07142857142857,0.7858805275407292,5.446858029480217,4.642857142857143,19.83076923076923
5144bc55ffa72edd31481325,generator://csmith-v0/24,0,6,-loop-distribute,True,0.823245,6.917058,8c1b7e1c208973ef,57282eb260bea45b,1289,1289,0.002171,0.002021,7021,7021,65,65,14,14,1289,1289,1013,1013,0,0,39,30,6,38,16,5,10,18,1,0,0,65,0,56,9,7,74,115,669,330,291,38,35,0,11,59,11,9,55,104,56,162,379,19,11,140,0,0,0,9,27,0,0,273,0,10,5,13,65,1289,1013,14,0,353,0,0,39,30,6,38,16,5,10,18,1,0,0,65,0,56,9,7,74,115,669,330,291,38,35,0,11,59,11,9,55,104,56,162,379,19,11,140,0,0,0,9,27,0,0,273,0,10,5,13,65,1289,1013,14,0,353,0.823245,92.07142857142857,0.7858805275407292,5.446858029480217,4.642857142857143,19.83076923076923,92.07142857142857,0.7858805275407292,5.446858029480217,4.642857142857143,19.83076923076923
5144bc55ffa72edd31481325,generator://csmith-v0/24,0,7,-indvars,True,-1.142552,-29.654194,8c1b7e1c208973ef,5ebfa74c66cb552d,1289,1289,0.002171,0.002815,7021,7365,65,65,14,14,1289,1289,1013,1013,0,0,39,30,6,38,16,5,10,18,1,0,0,65,0,56,9,7,74,115,669,330,291,38,35,0,11,59,11,9,55,104,56,162,379,19,11,140,0,0,0,9,27,0,0,273,0,10,5,13,65,1289,1013,14,0,353,0,0,39,30,6,38,16,5,10,18,1,0,0,65,0,56,9,7,74,115,669,330,291,38,35,0,11,59,11,9,55,104,56,162,379,19,11,140,0,0,0,9,27,0,0,273,0,10,5,13,65,1289,1013,14,0,353,-1.142552,92.07142857142857,0.7858805275407292,5.446858029480217,4.642857142857143,19.83076923076923,92.07142857142857,0.7858805275407292,5.713731574864235,4.642857142857143,19.83076923076923
900e382a84fb2248457ffb24,generator://csmith-v0/24,1,0,-licm,True,-1.956211,5.024097,42ab95139d19428c,ba4131d558117a90,945,963,0.003157,0.002999,7105,7649,65,65,15,15,945,963,737,730,0,0,39,30,6,38,16,5,10,18,1,0,0,65,0,56,8,7,74,113,401,179,239,38,32,0,11,59,9,5,59,42,56,129,239,18,10,103,0,0,0,9,26,0,0,207,0,9,5,13,65,945,737,15,0,252,1,14,39,30,6,38,16,5,10,18,1,15,0,50,15,56,8,7,74,113,401,179,239,38,32,0,11,59,9,5,59,42,56,129,239,18,10,102,0,0,25,9,26,0,0,201,0,9,5,13,65,963,730,15,38,251,-1.956211,63.0,0.7798941798941799,7.518518518518518,4.333333333333333,14.538461538461538,64.2,0.7580477673935618,7.942886812045691,4.333333333333333,14.815384615384616
900e382a84fb2248457ffb24,generator://csmith-v0/24,1,1,-loop-rotate,True,-0.445093,22.849342,42ab95139d19428c,5370f7bc1246d840,945,980,0.003157,0.002436,7105,7409,65,75,15,15,945,980,737,746,0,0,39,30,6,38,16,5,10,18,1,0,0,65,0,56,8,7,74,113,401,179,239,38,32,0,11,59,9,5,59,42,56,129,239,18,10,103,0,0,0,9,26,0,0,207,0,9,5,13,65,945,737,15,0,252,0,7,39,28,11,38,26,10,12,28,1,7,0,68,7,66,8,27,94,122,401,181,240,38,32,0,11,59,9,5,69,42,66,129,239,27,10,112,0,0,7,9,26,0,0,207,0,9,5,13,75,980,746,15,14,261,-0.445093,63.0,0.7798941798941799,7.518518518518518,4.333333333333333,14.538461538461538,65.33333333333333,0.7612244897959184,7.560204081632653,5.0,13.066666666666666
900e382a84fb2248457ffb24,generator://csmith-v0/24,1,2,-loop-unroll,True,1.599155,46.963425,42ab95139d19428c,ccd9de90850c0600,945,945,0.003157,0.001675,7105,7105,65,65,15,15,945,945,737,737,0,0,39,30,6,38,16,5,10,18,1,0,0,65,0,56,8,7,74,113,401,179,239,38,32,0,11,59,9,5,59,42,56,129,239,18,10,103,0,0,0,9,26,0,0,207,0,9,5,13,65,945,737,15,0,252,0,0,40,29,7,37,15,5,9,18,1,0,0,65,0,55,8,7,73,113,401,179,239,37,32,0,11,59,9,5,59,42,55,129,239,18,10,103,0,0,0,9,26,0,0,207,0,9,5,13,65,945,737,15,0,252,1.599155,63.0,0.7798941798941799,7.518518518518518,4.333333333333333,14.538461538461538,63.0,0.7798941798941799,7.518518518518518,4.333333333333333,14.538461538461538
900e382a84fb2248457ffb24,generator://csmith-v0/24,1,3,-loop-vectorize,True,-0.155029,26.270950,42ab95139d19428c,42ab95139d19428c,945,945,0.003157,0.002328,7105,7105,65,65,15,15,945,945,737,737,0,0,39,30,6,38,16,5,10,18,1,0,0,65,0,56,8,7,74,113,401,179,239,38,32,0,11,59,9,5,59,42,56,129,239,18,10,103,0,0,0,9,26,0,0,207,0,9,5,13,65,945,737,15,0,252,0,0,39,30,6,38,16,5,10,18,1,0,0,65,0,56,8,7,74,113,401,179,239,38,32,0,11,59,9,5,59,42,56,129,239,18,10,103,0,0,0,9,26,0,0,207,0,9,5,13,65,945,737,15,0,252,-0.155029,63.0,0.7798941798941799,7.518518518518518,4.333333333333333,14.538461538461538,63.0,0.7798941798941799,7.518518518518518,4.333333333333333,14.538461538461538
900e382a84fb2248457ffb24,generator://csmith-v0/24,1,4,-loop-deletion,True,0.228368,30.793528,42ab95139d19428c,42ab95139d19428c,945,945,0.003157,0.002185,7105,7105,65,65,15,15,945,945,737,737,0,0,39,30,6,38,16,5,10,18,1,0,0,65,0,56,8,7,74,113,401,179,239,38,32,0,11,59,9,5,59,42,56,129,239,18,10,103,0,0,0,9,26,0,0,207,0,9,5,13,65,945,737,15,0,252,0,0,39,30,6,38,16,5,10,18,1,0,0,65,0,56,8,7,74,113,401,179,239,38,32,0,11,59,9,5,59,42,56,129,239,18,10,103,0,0,0,9,26,0,0,207,0,9,5,13,65,945,737,15,0,252,0.228368,63.0,0.7798941798941799,7.518518518518518,4.333333333333333,14.538461538461538,63.0,0.7798941798941799,7.518518518518518,4.333333333333333,14.538461538461538
900e382a84fb2248457ffb24,generator://csmith-v0/24,1,5,-loop-unswitch,True,-0.394530,23.445784,42ab95139d19428c,42ab95139d19428c,945,945,0.003157,0.002417,7105,7105,65,65,15,15,945,945,737,737,0,0,39,30,6,38,16,5,10,18,1,0,0,65,0,56,8,7,74,113,401,179,239,38,32,0,11,59,9,5,59,42,56,129,239,18,10,103,0,0,0,9,26,0,0,207,0,9,5,13,65,945,737,15,0,252,0,0,39,30,6,38,16,5,10,18,1,0,0,65,0,56,8,7,74,113,401,179,239,38,32,0,11,59,9,5,59,42,56,129,239,18,10,103,0,0,0,9,26,0,0,207,0,9,5,13,65,945,737,15,0,252,-0.394530,63.0,0.7798941798941799,7.518518518518518,4.333333333333333,14.538461538461538,63.0,0.7798941798941799,7.518518518518518,4.333333333333333,14.538461538461538
900e382a84fb2248457ffb24,generator://csmith-v0/24,1,6,-loop-distribute,True,0.034864,28.510942,42ab95139d19428c,42ab95139d19428c,945,945,0.003157,0.002257,7105,7105,65,65,15,15,945,945,737,737,0,0,39,30,6,38,16,5,10,18,1,0,0,65,0,56,8,7,74,113,401,179,239,38,32,0,11,59,9,5,59,42,56,129,239,18,10,103,0,0,0,9,26,0,0,207,0,9,5,13,65,945,737,15,0,252,0,0,39,30,6,38,16,5,10,18,1,0,0,65,0,56,8,7,74,113,401,179,239,38,32,0,11,59,9,5,59,42,56,129,239,18,10,103,0,0,0,9,26,0,0,207,0,9,5,13,65,945,737,15,0,252,0.034864,63.0,0.7798941798941799,7.518518518518518,4.333333333333333,14.538461538461538,63.0,0.7798941798941799,7.518518518518518,4.333333333333333,14.538461538461538
900e382a84fb2248457ffb24,generator://csmith-v0/24,1,7,-indvars,True,1.088476,40.939417,42ab95139d19428c,42ab95139d19428c,945,945,0.003157,0.001865,7105,7105,65,65,15,15,945,945,737,737,0,0,39,30,6,38,16,5,10,18,1,0,0,65,0,56,8,7,74,113,401,179,239,38,32,0,11,59,9,5,59,42,56,129,239,18,10,103,0,0,0,9,26,0,0,207,0,9,5,13,65,945,737,15,0,252,0,0,39,30,6,38,16,5,10,18,1,0,0,65,0,56,8,7,74,113,401,179,239,38,32,0,11,59,9,5,59,42,56,129,239,18,10,103,0,0,0,9,26,0,0,207,0,9,5,13,65,945,737,15,0,252,1.088476,63.0,0.7798941798941799,7.518518518518518,4.333333333333333,14.538461538461538,63.0,0.7798941798941799,7.518518518518518,4.333333333333333,14.538461538461538
3df6c31cdfc013767056e894,generator://csmith-v0/24,2,0,-licm,True,0.177438,4.783814,65d3e710bec02338,013b4de0265bdbdc,913,954,0.002287,0.002178,7537,8097,55,55,15,15,913,954,697,701,3,9,29,20,6,28,16,5,10,18,1,12,0,43,12,46,8,7,64,106,401,188,222,28,31,0,10,42,9,6,49,42,46,129,239,17,10,80,0,0,21,9,26,0,0,207,0,9,5,12,55,913,697,15,42,211,7,14,29,20,6,28,16,5,10,18,1,15,6,34,21,46,8,7,64,106,401,188,222,28,31,0,10,42,9,8,47,42,46,129,239,17,10,90,0,0,58,9,26,0,0,201,0,9,5,12,55,954,701,15,95,221,0.177438,60.86666666666667,0.7634173055859803,8.255202628696605,3.6666666666666665,16.6,63.6,0.7348008385744235,8.4874213836478,3.6666666666666665,17.345454545454544
3df6c31cdfc013767056e894,generator://csmith-v0/24,2,1,-loop-rotate,True,0.639792,8.074626,65d3e710bec02338,ac5b44c3089b8d77,913,909,0.002287,0.002103,7537,7473,55,47,15,15,913,909,697,697,3,9,29,20,6,28,16,5,10,18,1,12,0,43,12,46,8,7,64,106,401,188,222,28,31,0,10,42,9,6,49,42,46,129,239,17,10,80,0,0,21,9,26,0,0,207,0,9,5,12,55,913,697,15,42,211,2,14,20,13,5,19,17,4,11,19,1,16,0,31,16,38,8,18,57,106,401,189,222,19,31,0,10,42,9,6,41,42,38,129,239,17,10,80,0,0,25,9,26,0,0,207,0,9,5,12,47,909,697,15,45,211,0.639792,60.86666666666667,0.7634173055859803,8.255202628696605,3.6666666666666665,16.6,60.6,0.7667766776677668,8.221122112211221,3.1333333333333333,19.340425531914892
3df6c31cdfc013767056e894,generator://csmith-v0/24,2,2,-loop-unroll,True,1.305079,12.809824,65d3e710bec02338,d5f9617834f43aad,913,1126,0.002287,0.001994,7537,8761,55,114,15,15,913,1126,697,791,3,9,29,20,6,28,16,5,10,18,1,12,0,43,12,46,8,7,64,106,401,188,222,28,31,0,10,42,9,6,49,42,46,129,239,17,10,80,0,0,21,9,26,0,0,207,0,9,5,12,55,913,697,15,42,211,1,22,76,48,24,65,28,14,9,35,1,23,0,91,23,100,17,16,135,176,426,227,252,65,59,0,6,42,17,6,108,42,100,147,255,30,26,107,0,0,29,9,37,0,0,240,0,9,13,12,114,1126,791,15,48,249,1.305079,60.86666666666667,0.7634173055859803,8.255202628696605,3.6666666666666665,16.6,75.06666666666666,0.7024866785079928,7.780639431616341,7.6,9.87719298245614
3df6c31cdfc013767056e894,generator://csmith-v0/24,2,3,-loop-vectorize,True,0.904462,9.958428,65d3e710bec02338,6fcac7f09862ae76,913,917,0.002287,0.002060,7537,7537,55,55,15,15,913,917,697,697,3,9,29,20,6,28,16,5,10,18,1,12,0,43,12,46,8,7,64,106,401,188,222,28,31,0,10,42,9,6,49,42,46,129,239,17,10,80,0,0,21,9,26,0,0,207,0,9,5,12,55,913,697,15,42,211,3,12,29,20,6,28,16,5,10,18,1,15,0,40,15,46,8,7,64,106,401,188,222,28,31,0,10,42,9,6,49,42,46,129,239,17,10,80,0,0,25,9,26,0,0,207,0,9,5,12,55,917,697,15,46,211,0.904462,60.86666666666667,0.7634173055859803,8.255202628696605,3.6666666666666665,16.6,61.13333333333333,0.7600872410032715,8.219193020719738,3.6666666666666665,16.672727272727272
3df6c31cdfc013767056e894,generator://csmith-v0/24,2,4,-loop-deletion,True,-1.107519,-4.361907,65d3e710bec02338,f2584e7de345a0ae,913,918,0.002287,0.002387,7537,7537,55,55,15,15,913,918,697,697,3,9,29,20,6,28,16,5,10,18,1,12,0,43,12,46,8,7,64,106,401,188,222,28,31,0,10,42,9,6,49,42,46,129,239,17,10,80,0,0,21,9,26,0,0,207,0,9,5,12,55,913,697,15,42,211,3,13,29,20,6,28,16,5,10,18,1,16,0,39,16,46,8,7,64,106,401,188,222,28,31,0,10,42,9,6,49,42,46,129,239,17,10,80,0,0,26,9,26,0,0,207,0,9,5,12,55,918,697,15,47,211,-1.107519,60.86666666666667,0.7634173055859803,8.255202628696605,3.6666666666666665,16.6,61.2,0.7592592592592593,8.210239651416122,3.6666666666666665,16.69090909090909
3df6c31cdfc013767056e894,generator://csmith-v0/24,2,5,-loop-unswitch,True,0.154270,4.618911,65d3e710bec02338,f2584e7de345a0ae,913,918,0.002287,0.002182,7537,7537,55,55,15,15,913,918,697,697,3,9,29,20,6,28,16,5,10,18,1,12,0,43,12,46,8,7,64,106,401,188,222,28,31,0,10,42,9,6,49,42,46,129,239,17,10,80,0,0,21,9,26,0,0,207,0,9,5,12,55,913,697,15,42,211,3,13,29,20,6,28,16,5,10,18,1,16,0,39,16,46,8,7,64,106,401,188,222,28,31,0,10,42,9,6,49,42,46,129,239,17,10,80,0,0,26,9,26,0,0,207,0,9,5,12,55,918,697,15,47,211,0.154270,60.86666666666667,0.7634173055859803,8.255202628696605,3.6666666666666665,16.6,61.2,0.7592592592592593,8.210239651416122,3.6666666666666665,16.69090909090909
3df6c31cdfc013767056e894,generator://csmith-v0/24,2,6,-loop-distribute,True,-1.941679,-10.299065,65d3e710bec02338,65d3e710bec02338,913,913,0.002287,0.002523,7537,7537,55,55,15,15,913,913,697,697,3,9,29,20,6,28,16,5,10,18,1,12,0,43,12,46,8,7,64,106,401,188,222,28,31,0,10,42,9,6,49,42,46,129,239,17,10,80,0,0,21,9,26,0,0,207,0,9,5,12,55,913,697,15,42,211,3,9,29,20,6,28,16,5,10,18,1,12,0,43,12,46,8,7,64,106,401,188,222,28,31,0,10,42,9,6,49,42,46,129,239,17,10,80,0,0,21,9,26,0,0,207,0,9,5,12,55,913,697,15,42,211,-1.941679,60.86666666666667,0.7634173055859803,8.255202628696605,3.6666666666666665,16.6,60.86666666666667,0.7634173055859803,8.255202628696605,3.6666666666666665,16.6
3df6c31cdfc013767056e894,generator://csmith-v0/24,2,7,-indvars,True,-0.131842,2.582502,65d3e710bec02338,e2d2793308212ca9,913,925,0.002287,0.002228,7537,7745,55,55,15,15,913,925,697,697,3,9,29,20,6,28,16,5,10,18,1,12,0,43,12,46,8,7,64,106,401,188,222,28,31,0,10,42,9,6,49,42,46,129,239,17,10,80,0,0,21,9,26,0,0,207,0,9,5,12,55,913,697,15,42,211,3,13,29,20,6,28,16,5,10,18,1,16,0,39,16,46,8,7,64,88,419,188,222,28,31,0,10,42,9,6,49,42,46,129,239,17,10,80,0,0,26,9,20,0,0,207,0,22,5,12,55,925,697,15,47,218,-0.131842,60.86666666666667,0.7634173055859803,8.255202628696605,3.6666666666666665,16.6,61.666666666666664,0.7535135135135135,8.372972972972972,3.6666666666666665,16.818181818181817
2eda56cf0b44ba2a81ae2df0,generator://csmith-v0/26,0,0,-licm,True,0.155794,-17.080195,6bf707840bf3905d,6107e2504b846b80,4241,4242,0.002109,0.002469,31814,32070,268,268,12,12,4241,4242,2165,2153,0,0,182,153,26,181,77,25,51,79,1,0,0,268,0,260,28,27,339,320,246,328,93,181,654,145,50,25,155,32,235,120,260,507,244,79,155,1264,0,0,0,8,366,0,145,125,1,335,5,252,268,4241,2165,12,0,2362,1,6,182,153,26,181,77,25,51,79,1,7,0,261,7,260,28,27,339,320,246,328,93,181,654,145,50,25,155,33,234,120,260,507,244,79,155,1255,0,0,13,8,366,0,145,122,1,335,5,252,268,4242,2153,12,20,2353,0.155794,353.4166666666667,0.5104928082999293,7.501532657392125,22.333333333333332,15.824626865671641,353.5,0.5075436115040075,7.56011315417256,22.333333333333332,15.828358208955224
2eda56cf0b44ba2a81ae2df0,generator://csmith-v0/26,0,1,-loop-rotate,True,-0.283351,-24.042077,6bf707840bf3905d,b8eb16e4fb734206,4241,4394,0.002109,0.002615,31814,32806,268,319,12,12,4241,4394,2165,2216,0,0,182,153,26,181,77,25,51,79,1,0,0,268,0,260,28,27,339,320,246,328,93,181,654,145,50,25,155,32,235,120,260,507,244,79,155,1264,0,0,0,8,366,0,145,125,1,335,5,252,268,4241,2165,12,0,2362,0,0,182,130,52,181,128,51,73,130,1,0,0,319,0,311,28,129,441,371,246,331,95,181,654,145,50,25,155,33,285,120,311,507,244,130,155,1315,0,0,0,8,366,0,145,125,1,335,5,252,319,4394,2216,12,0,2413,-0.283351,353.4166666666667,0.5104928082999293,7.501532657392125,22.333333333333332,15.824626865671641,366.1666666666667,0.5043240782885753,7.466090122894856,26.583333333333332,13.774294670846395
2eda56cf0b44ba2a81ae2df0,generator://csmith-v0/26,0,2,-loop-unroll,True,-1.706943,-46.610666,6bf707840bf3905d,47b451d6da3dc7c2,4241,4241,0.002109,0.003091,31814,31814,268,268,12,12,4241,4241,2165,2165,0,0,182,153,26,181,77,25,51,79,1,0,0,268,0,260,28,27,339,320,246,328,93,181,654,145,50,25,155,32,235,120,260,507,244,79,155,1264,0,0,0,8,366,0,145,125,1,335,5,252,268,4241,2165,12,0,2362,0,0,182,153,26,181,77,25,51,79,1,0,0,268,0,260,28,27,339,320,246,328,93,181,654,145,50,25,155,32,235,120,260,507,244,79,155,1264,0,0,0,8,366,0,145,125,1,335,5,252,268,4241,2165,12,0,2362,-1.706943,353.4166666666667,0.5104928082999293,7.501532657392125,22.333333333333332,15.824626865671641,353.4166666666667,0.5104928082999293,7.501532657392125,22.333333333333332,15.824626865671641
2eda56cf0b44ba2a81ae2df0,generator://csmith-v0/26,0,3,-loop-vectorize,True,0.955626,-4.400238,6bf707840bf3905d,47b451d6da3dc7c2,4241,4241,0.002109,0.002201,31814,31814,268,268,12,12,4241,4241,2165,2165,0,0,182,153,26,181,77,25,51,79,1,0,0,268,0,260,28,27,339,320,246,328,93,181,654,145,50,25,155,32,235,120,260,507,244,79,155,1264,0,0,0,8,366,0,145,125,1,335,5,252,268,4241,2165,12,0,2362,0,0,182,153,26,181,77,25,51,79,1,0,0,268,0,260,28,27,339,320,246,328,93,181,654,145,50,25,155,32,235,120,260,507,244,79,155,1264,0,0,0,8,366,0,145,125,1,335,5,252,268,4241,2165,12,0,2362,0.955626,353.4166666666667,0.5104928082999293,7.501532657392125,22.333333333333332,15.824626865671641,353.4166666666667,0.5104928082999293,7.501532657392125,22.333333333333332,15.824626865671641
2eda56cf0b44ba2a81ae2df0,generator://csmith-v0/26,0,4,-loop-deletion,True,-0.829801,-32.705098,6bf707840bf3905d,47b451d6da3dc7c2,4241,4241,0.002109,0.002798,31814,31814,268,268,12,12,4241,4241,2165,2165,0,0,182,153,26,181,77,25,51,79,1,0,0,268,0,260,28,27,339,320,246,328,93,181,654,145,50,25,155,32,235,120,260,507,244,79,155,1264,0,0,0,8,366,0,145,125,1,335,5,252,268,4241,2165,12,0,2362,0,0,182,153,26,181,77,25,51,79,1,0,0,268,0,260,28,27,339,320,246,328,93,181,654,145,50,25,155,32,235,120,260,507,244,79,155,1264,0,0,0,8,366,0,145,125,1,335,5,252,268,4241,2165,12,0,2362,-0.829801,353.4166666666667,0.5104928082999293,7.501532657392125,22.333333333333332,15.824626865671641,353.4166666666667,0.5104928082999293,7.501532657392125,22.333333333333332,15.824626865671641
2eda56cf0b44ba2a81ae2df0,generator://csmith-v0/26,0,5,-loop-unswitch,True,-0.433836,-26.427752,6bf707840bf3905d,47b451d6da3dc7c2,4241,4241,0.002109,0.002666,31814,31814,268,268,12,12,4241,4241,2165,2165,0,0,182,153,26,181,77,25,51,79,1,0,0,268,0,260,28,27,339,320,246,328,93,181,654,145,50,25,155,32,235,120,260,507,244,79,155,1264,0,0,0,8,366,0,145,125,1,335,5,252,268,4241,2165,12,0,2362,0,0,182,153,26,181,77,25,51,79,1,0,0,268,0,260,28,27,339,320,246,328,93,181,654,145,50,25,155,32,235,120,260,507,244,79,155,1264,0,0,0,8,366,0,145,125,1,335,5,252,268,4241,2165,12,0,2362,-0.433836,353.4166666666667,0.5104928082999293,7.501532657392125,22.333333333333332,15.824626865671641,353.4166666666667,0.5104928082999293,7.501532657392125,22.333333333333332,15.824626865671641
2eda56cf0b44ba2a81ae2df0,generator://csmith-v0/26,0,6,-loop-distribute,True,1.740809,8.047477,6bf707840bf3905d,47b451d6da3dc7c2,4241,4241,0.002109,0.001939,31814,31814,268,268,12,12,4241,4241,2165,2165,0,0,182,153,26,181,77,25,51,79,1,0,0,268,0,260,28,27,339,320,246,328,93,181,654,145,50,25,155,32,235,120,260,507,244,79,155,1264,0,0,0,8,366,0,145,125,1,335,5,252,268,4241,2165,12,0,2362,0,0,182,153,26,181,77,25,51,79,1,0,0,268,0,260,28,27,339,320,246,328,93,181,654,145,50,25,155,32,235,120,260,507,244,79,155,1264,0,0,0,8,366,0,145,125,1,335,5,252,268,4241,2165,12,0,2362,1.740809,353.4166666666667,0.5104928082999293,7.501532657392125,22.333333333333332,15.824626865671641,353.4166666666667,0.5104928082999293,7.501532657392125,22.333333333333332,15.824626865671641
2eda56cf0b44ba2a81ae2df0,generator://csmith-v0/26,0,7,-indvars,True,0.401703,-13.181721,6bf707840bf3905d,47b451d6da3dc7c2,4241,4241,0.002109,0.002386,31814,31814,268,268,12,12,4241,4241,2165,2165,0,0,182,153,26,181,77,25,51,79,1,0,0,268,0,260,28,27,339,320,246,328,93,181,654,145,50,25,155,32,235,120,260,507,244,79,155,1264,0,0,0,8,366,0,145,125,1,335,5,252,268,4241,2165,12,0,2362,0,0,182,153,26,181,77,25,51,79,1,0,0,268,0,260,28,27,339,320,246,328,93,181,654,145,50,25,155,32,235,120,260,507,244,79,155,1264,0,0,0,8,366,0,145,125,1,335,5,252,268,4241,2165,12,0,2362,0.401703,353.4166666666667,0.5104928082999293,7.501532657392125,22.333333333333332,15.824626865671641,353.4166666666667,0.5104928082999293,7.501532657392125,22.333333333333332,15.824626865671641
8d8392e41b191d70c9aa1dde,generator://csmith-v0/26,1,0,-licm,True,1.132603,0.256251,1bd41c8d8cef9d5c,f9ff56579c6432bd,3998,4019,0.002147,0.002142,32178,32370,217,217,12,12,3998,4019,2034,2036,0,52,131,102,26,130,77,25,51,79,1,52,0,165,52,209,28,27,288,370,272,380,94,130,607,129,50,25,149,28,188,105,209,507,244,79,146,1133,0,0,53,8,350,0,129,125,1,311,5,240,217,3998,2034,12,106,2164,3,54,131,102,26,130,77,25,51,79,1,55,2,160,57,209,28,27,288,370,272,380,94,130,607,129,50,25,149,28,188,105,209,507,244,79,146,1139,0,0,72,8,350,0,129,121,1,311,5,240,217,4019,2036,12,134,2170,1.132603,333.1666666666667,0.5087543771885943,8.048524262131066,18.083333333333332,18.42396313364055,334.9166666666667,0.5065936800199055,8.054242348842996,18.083333333333332,18.52073732718894
8d8392e41b191d70c9aa1dde,generator://csmith-v0/26,1,1,-loop-rotate,True,-1.670994,-44.185032,1bd41c8d8cef9d5c,72b9860ac7189ade,3998,3926,0.002147,0.003096,32178,31090,217,166,12,12,3998,3926,2034,2034,0,52,131,102,26,130,77,25,51,79,1,52,0,165,52,209,28,27,288,370,272,380,94,130,607,129,50,25,149,28,188,105,209,507,244,79,146,1133,0,0,53,8,350,0,129,125,1,311,5,240,217,3998,2034,12,106,2164,0,31,80,52,25,79,77,24,52,79,1,31,0,135,31,158,28,78,237,348,272,358,94,79,607,129,50,25,149,30,135,105,158,507,244,79,146,1133,0,0,32,8,350,0,129,125,1,311,5,240,166,3926,2034,12,63,2164,-1.670994,333.1666666666667,0.5087543771885943,8.048524262131066,18.083333333333332,18.42396313364055,327.1666666666667,0.5180845644421803,7.919001528273052,13.833333333333334,23.650602409638555
8d8392e41b191d70c9aa1dde,generator://csmith-v0/26,1,2,-loop-unroll,True,-0.550301,-26.420334,1bd41c8d8cef9d5c,52fbd732da42ae3a,3998,4105,0.002147,0.002715,32178,32722,217,251,12,12,3998,4105,2034,2067,0,52,131,102,26,130,77,25,51,79,1,52,0,165,52,209,28,27,288,370,272,380,94,130,607,129,50,25,149,28,188,105,209,507,244,79,146,1133,0,0,53,8,350,0,129,125,1,311,5,240,217,3998,2034,12,106,2164,0,58,160,119,36,153,82,31,49,87,1,58,0,193,58,240,28,27,327,414,281,390,119,153,636,129,47,25,157,28,222,107,240,511,245,84,162,1133,0,0,58,8,349,0,129,153,1,311,13,240,251,4105,2067,12,114,2165,-0.550301,333.1666666666667,0.5087543771885943,8.048524262131066,18.083333333333332,18.42396313364055,342.0833333333333,0.5035322777101097,7.971254567600488,20.916666666666668,16.35458167330677
8d8392e41b191d70c9aa1dde,generator://csmith-v0/26,1,3,-loop-vectorize,True,-0.665972,-28.253909,1bd41c8d8cef9d5c,ab52b27c3fb329dc,3998,3999,0.002147,0.002754,32178,32178,217,217,12,12,3998,3999,2034,2034,0,52,131,102,26,130,77,25,51,79,1,52,0,165,52,209,28,27,288,370,272,380,94,130,607,129,50,25,149,28,188,105,209,507,244,79,146,1133,0,0,53,8,350,0,129,125,1,311,5,240,217,3998,2034,12,106,2164,0,53,131,102,26,130,77,25,51,79,1,53,0,164,53,209,28,27,288,370,272,380,94,130,607,129,50,25,149,28,188,105,209,507,244,79,146,1133,0,0,54,8,350,0,129,125,1,311,5,240,217,3999,2034,12,107,2164,-0.665972,333.1666666666667,0.5087543771885943,8.048524262131066,18.083333333333332,18.42396313364055,333.25,0.5086271567891973,8.046511627906977,18.083333333333332,18.428571428571427
8d8392e41b191d70c9aa1dde,generator://csmith-v0/26,1,4,-loop-deletion,True,1.227348,1.758105,1bd41c8d8cef9d5c,ab52b27c3fb329dc,3998,3999,0.002147,0.002109,32178,32178,217,217,12,12,3998,3999,2034,2034,0,52,131,102,26,130,77,25,51,79,1,52,0,165,52,209,28,27,288,370,272,380,94,130,607,129,50,25,149,28,188,105,209,507,244,79,146,1133,0,0,53,8,350,0,129,125,1,311,5,240,217,3998,2034,12,106,2164,0,53,131,102,26,130,77,25,51,79,1,53,0,164,53,209,28,27,288,370,272,380,94,130,607,129,50,25,149,28,188,105,209,507,244,79,146,1133,0,0,54,8,350,0,129,125,1,311,5,240,217,3999,2034,12,107,2164,1.227348,333.1666666666667,0.5087543771885943,8.048524262131066,18.083333333333332,18.42396313364055,333.25,0.5086271567891973,8.046511627906977,18.083333333333332,18.428571428571427
8d8392e41b191d70c9aa1dde,generator://csmith-v0/26,1,5,-loop-unswitch,True,-0.287255,-22.250656,1bd41c8d8cef9d5c,ab52b27c3fb329dc,3998,3999,0.002147,0.002625,32178,32178,217,217,12,12,3998,3999,2034,2034,0,52,131,102,26,130,77,25,51,79,1,52,0,165,52,209,28,27,288,370,272,380,94,130,607,129,50,25,149,28,188,105,209,507,244,79,146,1133,0,0,53,8,350,0,129,125,1,311,5,240,217,3998,2034,12,106,2164,0,53,131,102,26,130,77,25,51,79,1,53,0,164,53,209,28,27,288,370,272,380,94,130,607,129,50,25,149,28,188,105,209,507,244,79,146,1133,0,0,54,8,350,0,129,125,1,311,5,240,217,3999,2034,12,107,2164,-0.287255,333.1666666666667,0.5087543771885943,8.048524262131066,18.083333333333332,18.42396313364055,333.25,0.5086271567891973,8.046511627906977,18.083333333333332,18.428571428571427
8d8392e41b191d70c9aa1dde,generator://csmith-v0/26,1,6,-loop-distribute,True,1.200374,1.330529,1bd41c8d8cef9d5c,1bd41c8d8cef9d5c,3998,3998,0.002147,0.002119,32178,32178,217,217,12,12,3998,3998,2034,2034,0,52,131,102,26,130,77,25,51,79,1,52,0,165,52,209,28,27,288,370,272,380,94,130,607,129,50,25,149,28,188,105,209,507,244,79,146,1133,0,0,53,8,350,0,129,125,1,311,5,240,217,3998,2034,12,106,2164,0,52,131,102,26,130,77,25,51,79,1,52,0,165,52,209,28,27,288,370,272,380,94,130,607,129,50,25,149,28,188,105,209,507,244,79,146,1133,0,0,53,8,350,0,129,125,1,311,5,240,217,3998,2034,12,106,2164,1.200374,333.1666666666667,0.5087543771885943,8.048524262131066,18.083333333333332,18.42396313364055,333.1666666666667,0.5087543771885943,8.048524262131066,18.083333333333332,18.42396313364055
8d8392e41b191d70c9aa1dde,generator://csmith-v0/26,1,7,-indvars,True,-0.385803,-23.812800,1bd41c8d8cef9d5c,96971c30275f91c5,3998,4001,0.002147,0.002659,32178,32210,217,217,12,12,3998,4001,2034,2034,0,52,131,102,26,130,77,25,51,79,1,52,0,165,52,209,28,27,288,370,272,380,94,130,607,129,50,25,149,28,188,105,209,507,244,79,146,1133,0,0,53,8,350,0,129,125,1,311,5,240,217,3998,2034,12,106,2164,0,53,131,102,26,130,77,25,51,79,1,53,0,164,53,209,28,27,288,364,278,379,95,130,607,129,50,25,149,28,188,105,209,507,244,79,146,1133,0,0,54,8,348,0,129,125,1,315,5,240,217,4001,2034,12,107,2166,-0.385803,333.1666666666667,0.5087543771885943,8.048524262131066,18.083333333333332,18.42396313364055,333.4166666666667,0.5083729067733067,8.050487378155461,18.083333333333332,18.43778801843318
e2a87c0249f7996c5266cce5,generator://csmith-v0/26,2,0,-licm,True,0.950587,10.896485,d4b2b43b5c21b397,a56d21aff8b2683b,3152,3153,0.002059,0.001835,31277,33325,213,214,12,12,3152,3153,1145,1145,2,55,128,100,25,127,76,24,51,78,1,56,1,156,57,205,28,28,283,340,243,379,68,127,606,129,50,1,149,21,192,91,205,479,244,79,145,415,0,0,114,8,350,1,129,6,1,311,5,240,213,3152,1145,12,220,1408,2,55,129,101,25,128,76,24,51,78,1,56,1,157,57,206,28,27,284,340,243,379,68,128,606,129,50,1,149,28,186,91,206,479,244,79,145,415,0,0,114,8,350,1,129,6,1,311,5,240,214,3153,1145,12,220,1408,0.950587,262.6666666666667,0.36326142131979694,9.922906091370558,17.75,14.7981220657277,262.75,0.36314620995876945,10.56929908024104,17.833333333333332,14.733644859813085
e2a87c0249f7996c5266cce5,generator://csmith-v0/26,2,1,-loop-rotate,True,0.786305,4.672739,d4b2b43b5c21b397,7ff29ba592551444,3152,3074,0.002059,0.001963,31277,30365,213,163,12,12,3152,3074,1145,1145,2,55,128,100,25,127,76,24,51,78,1,56,1,156,57,205,28,28,283,340,243,379,68,127,606,129,50,1,149,21,192,91,205,479,244,79,145,415,0,0,114,8,350,1,129,6,1,311,5,240,213,3152,1145,12,220,1408,0,57,78,50,25,77,76,24,51,78,1,57,0,106,57,155,28,78,233,316,243,355,68,77,606,129,50,1,149,21,142,91,155,479,244,79,145,415,0,0,86,8,350,1,129,6,1,311,5,240,163,3074,1145,12,164,1408,0.786305,262.6666666666667,0.36326142131979694,9.922906091370558,17.75,14.7981220657277,256.1666666666667,0.37247885491216653,9.87800910865322,13.583333333333334,18.858895705521473
e2a87c0249f7996c5266cce5,generator://csmith-v0/26,2,2,-loop-unroll,True,0.040052,-23.598694,d4b2b43b5c21b397,ccf9f9099424e6fb,3152,3609,0.002059,0.002545,31277,35533,213,368,12,12,3152,3609,1145,1351,2,55,128,100,25,127,76,24,51,78,1,56,1,156,57,205,28,28,283,340,243,379,68,127,606,129,50,1,149,21,192,91,205,479,244,79,145,415,0,0,114,8,350,1,129,6,1,311,5,240,213,3152,1145,12,220,1408,2,49,249,167,76,220,110,50,48,126,1,50,1,317,51,346,76,75,472,428,340,503,91,220,616,129,36,1,157,21,347,91,346,575,305,121,153,463,0,0,99,8,395,8,129,7,1,311,13,247,368,3609,1351,12,178,1508,0.040052,262.6666666666667,0.36326142131979694,9.922906091370558,17.75,14.7981220657277,300.75,0.3743419229703519,9.845663618730951,30.666666666666668,9.807065217391305
e2a87c0249f7996c5266cce5,generator://csmith-v0/26,2,3,-loop-vectorize,True,-2.209533,-108.823109,d4b2b43b5c21b397,1bea102bcdc402fe,3152,3153,0.002059,0.004300,31277,31277,213,214,12,12,3152,3153,1145,1145,2,55,128,100,25,127,76,24,51,78,1,56,1,156,57,205,28,28,283,340,243,379,68,127,606,129,50,1,149,21,192,91,205,479,244,79,145,415,0,0,114,8,350,1,129,6,1,311,5,240,213,3152,1145,12,220,1408,2,55,129,101,25,128,76,24,51,78,1,56,1,157,57,206,28,27,284,340,243,379,68,128,606,129,50,1,149,21,193,91,206,479,244,79,145,415,0,0,114,8,350,1,129,6,1,311,5,240,214,3153,1145,12,220,1408,-2.209533,262.6666666666667,0.36326142131979694,9.922906091370558,17.75,14.7981220657277,262.75,0.36314620995876945,9.9197589597209,17.833333333333332,14.733644859813085
e2a87c0249f7996c5266cce5,generator://csmith-v0/26,2,4,-loop-deletion,True,-0.753813,-53.673861,d4b2b43b5c21b397,1bea102bcdc402fe,3152,3153,0.002059,0.003164,31277,31277,213,214,12,12,3152,3153,1145,1145,2,55,128,100,25,127,76,24,51,78,1,56,1,156,57,205,28,28,283,340,243,379,68,127,606,129,50,1,149,21,192,91,205,479,244,79,145,415,0,0,114,8,350,1,129,6,1,311,5,240,213,3152,1145,12,220,1408,2,55,129,101,25,128,76,24,51,78,1,56,1,157,57,206,28,27,284,340,243,379,68,128,606,129,50,1,149,21,193,91,206,479,244,79,145,415,0,0,114,8,350,1,129,6,1,311,5,240,214,3153,1145,12,220,1408,-0.753813,262.6666666666667,0.36326142131979694,9.922906091370558,17.75,14.7981220657277,262.75,0.36314620995876945,9.9197589597209,17.833333333333332,14.733644859813085
e2a87c0249f7996c5266cce5,generator://csmith-v0/26,2,5,-loop-unswitch,True,0.545123,-4.464334,d4b2b43b5c21b397,13006a5a2b5a5863,3152,3703,0.002059,0.002151,31277,37581,213,445,12,12,3152,3703,1145,1275,2,55,128,100,25,127,76,24,51,78,1,56,1,156,57,205,28,28,283,340,243,379,68,127,606,129,50,1,149,21,192,91,205,479,244,79,145,415,0,0,114,8,350,1,129,6,1,311,5,240,213,3152,1145,12,220,1408,2,84,283,209,71,282,153,71,81,155,1,85,1,359,86,437,52,51,592,456,301,519,122,282,635,129,79,1,149,22,423,91,437,527,302,108,145,439,0,0,172,8,415,1,129,6,1,311,5,248,445,3703,1275,12,336,1505,0.545123,262.6666666666667,0.36326142131979694,9.922906091370558,17.75,14.7981220657277,308.5833333333333,0.34431541992978665,10.148798271671618,37.083333333333336,8.321348314606741
e2a87c0249f7996c5266cce5,generator://csmith-v0/26,2,6,-loop-distribute,True,-0.190954,-32.350254,d4b2b43b5c21b397,d4b2b43b5c21b397,3152,3152,0.002059,0.002725,31277,31277,213,213,12,12,3152,3152,1145,1145,2,55,128,100,25,127,76,24,51,78,1,56,1,156,57,205,28,28,283,340,243,379,68,127,606,129,50,1,149,21,192,91,205,479,244,79,145,415,0,0,114,8,350,1,129,6,1,311,5,240,213,3152,1145,12,220,1408,2,55,128,100,25,127,76,24,51,78,1,56,1,156,57,205,28,28,283,340,243,379,68,127,606,129,50,1,149,21,192,91,205,479,244,79,145,415,0,0,114,8,350,1,129,6,1,311,5,240,213,3152,1145,12,220,1408,-0.190954,262.6666666666667,0.36326142131979694,9.922906091370558,17.75,14.7981220657277,262.6666666666667,0.36326142131979694,9.922906091370558,17.75,14.7981220657277
e2a87c0249f7996c5266cce5,generator://csmith-v0/26,2,7,-indvars,True,0.832233,6.412703,d4b2b43b5c21b397,441c2d5d17b7dfee,3152,2953,0.002059,0.001927,31277,31453,213,214,12,12,3152,2953,1145,1144,2,55,128,100,25,127,76,24,51,78,1,56,1,156,57,205,28,28,283,340,243,379,68,127,606,129,50,1,149,21,192,91,205,479,244,79,145,415,0,0,114,8,350,1,129,6,1,311,5,240,213,3152,1145,12,220,1408,0,55,129,101,25,128,76,24,51,78,1,55,0,159,55,206,28,27,284,151,387,333,70,128,607,129,51,1,149,21,193,91,206,479,244,78,145,414,0,0,60,8,158,1,129,6,1,358,5,240,214,2953,1144,12,116,1262,0.832233,262.6666666666667,0.36326142131979694,9.922906091370558,17.75,14.7981220657277,246.08333333333334,0.38740264138164576,10.651202167287504,17.833333333333332,13.799065420560748
eacfe92fcec4e3a5b55a7204,generator://csmith-v0/29,0,0,-licm,True,-0.986068,6.399213,15cdc03ce3d8b4af,c7609b6003ce8af3,4405,4368,0.002819,0.002639,24610,34266,425,431,59,59,4405,4368,2488,2418,0,45,236,172,61,224,125,41,51,145,11,45,0,380,45,364,115,99,520,559,822,400,466,224,116,10,55,273,42,58,367,360,364,537,247,251,11,930,4,21,45,53,234,0,6,501,18,128,45,249,425,4405,2488,59,90,2174,8,83,242,178,61,230,125,41,51,145,11,83,8,340,91,370,115,93,526,558,810,393,460,230,116,10,55,273,40,60,371,359,370,537,244,232,11,865,4,20,139,53,223,0,6,499,18,127,42,220,431,4368,2418,59,230,2067,-0.986068,74.66101694915254,0.5648127128263337,5.58683314415437,7.203389830508475,10.364705882352942,74.03389830508475,0.5535714285714286,7.84478021978022,7.305084745762712,10.134570765661254
eacfe92fcec4e3a5b55a7204,generator://csmith-v0/29,0,1,-loop-rotate,True,0.931086,27.502233,15cdc03ce3d8b4af,c8d5033a605b2912,4405,4529,0.002819,0.002044,24610,25362,425,469,59,59,4405,4529,2488,2525,0,45,236,172,61,224,125,41,51,145,11,45,0,380,45,364,115,99,520,559,822,400,466,224,116,10,55,273,42,58,367,360,364,537,247,251,11,930,4,21,45,53,234,0,6,501,18,128,45,249,425,4405,2488,59,90,2174,0,45,244,162,81,231,160,62,63,182,12,45,0,424,45,408,115,165,601,593,825,403,466,231,116,10,55,273,42,59,410,360,408,537,247,288,11,967,4,21,45,53,239,0,6,501,18,128,45,250,469,4529,2525,59,90,2217,0.931086,74.66101694915254,0.5648127128263337,5.58683314415437,7.203389830508475,10.364705882352942,76.76271186440678,0.557518215941709,5.599911680282623,7.9491525423728815,9.656716417910447
eacfe92fcec4e3a5b55a7204,generator://csmith-v0/29,0,2,-loop-unroll,True,1.109677,29.468066,15cdc03ce3d8b4af,7140eb28e0330407,4405,4411,0.002819,0.001989,24610,24674,425,431,59,59,4405,4411,2488,2488,0,45,236,172,61,224,125,41,51,145,11,45,0,380,45,364,115,99,520,559,822,400,466,224,116,10,55,273,42,58,367,360,364,537,247,251,11,930,4,21,45,53,234,0,6,501,18,128,45,249,425,4405,2488,59,90,2174,0,45,242,178,61,230,125,41,51,145,11,45,0,386,45,370,115,93,526,559,822,400,466,230,116,10,55,273,42,58,373,360,370,537,247,251,11,930,4,21,45,53,234,0,6,501,18,128,45,249,431,4411,2488,59,90,2174,1.109677,74.66101694915254,0.5648127128263337,5.58683314415437,7.203389830508475,10.364705882352942,74.76271186440678,0.564044434368624,5.593742915438676,7.305084745762712,10.234338747099768
eacfe92fcec4e3a5b55a7204,generator://csmith-v0/29,0,3,-loop-vectorize,True,0.753834,25.551133,15cdc03ce3d8b4af,7140eb28e0330407,4405,4411,0.002819,0.002099,24610,24674,425,431,59,59,4405,4411,2488,2488,0,45,236,172,61,224,125,41,51,145,11,45,0,380,45,364,115,99,520,559,822,400,466,224,116,10,55,273,42,58,367,360,364,537,247,251,11,930,4,21,45,53,234,0,6,501,18,128,45,249,425,4405,2488,59,90,2174,0,45,242,178,61,230,125,41,51,145,11,45,0,386,45,370,115,93,526,559,822,400,466,230,116,10,55,273,42,58,373,360,370,537,247,251,11,930,4,21,45,53,234,0,6,501,18,128,45,249,431,4411,2488,59,90,2174,0.753834,74.66101694915254,0.5648127128263337,5.58683314415437,7.203389830508475,10.364705882352942,74.76271186440678,0.564044434368624,5.593742915438676,7.305084745762712,10.234338747099768
eacfe92fcec4e3a5b55a7204,generator://csmith-v0/29,0,4,-loop-deletion,True,-0.742595,9.079233,15cdc03ce3d8b4af,7140eb28e0330407,4405,4411,0.002819,0.002563,24610,24674,425,431,59,59,4405,4411,2488,2488,0,45,236,172,61,224,125,41,51,145,11,45,0,380,45,364,115,99,520,559,822,400,466,224,116,10,55,273,42,58,367,360,364,537,247,251,11,930,4,21,45,53,234,0,6,501,18,128,45,249,425,4405,2488,59,90,2174,0,45,242,178,61,230,125,41,51,145,11,45,0,386,45,370,115,93,526,559,822,400,466,230,116,10,55,273,42,58,373,360,370,537,247,251,11,930,4,21,45,53,234,0,6,501,18,128,45,249,431,4411,2488,59,90,2174,-0.742595,74.66101694915254,0.5648127128263337,5.58683314415437,7.203389830508475,10.364705882352942,74.76271186440678,0.564044434368624,5.593742915438676,7.305084745762712,10.234338747099768
eacfe92fcec4e3a5b55a7204,generator://csmith-v0/29,0,5,-loop-unswitch,True,1.111609,29.489339,15cdc03ce3d8b4af,7140eb28e0330407,4405,4411,0.002819,0.001988,24610,24674,425,431,59,59,4405,4411,2488,2488,0,45,236,172,61,224,125,41,51,145,11,45,0,380,45,364,115,99,520,559,822,400,466,224,116,10,55,273,42,58,367,360,364,537,247,251,11,930,4,21,45,53,234,0,6,501,18,128,45,249,425,4405,2488,59,90,2174,0,45,242,178,61,230,125,41,51,145,11,45,0,386,45,370,115,93,526,559,822,400,466,230,116,10,55,273,42,58,373,360,370,537,247,251,11,930,4,21,45,53,234,0,6,501,18,128,45,249,431,4411,2488,59,90,2174,1.111609,74.66101694915254,0.5648127128263337,5.58683314415437,7.203389830508475,10.364705882352942,74.76271186440678,0.564044434368624,5.593742915438676,7.305084745762712,10.234338747099768
eacfe92fcec4e3a5b55a7204,generator://csmith-v0/29,0,6,-loop-distribute,True,-1.407465,1.760694,15cdc03ce3d8b4af,f166fc5545a6032b,4405,4405,0.002819,0.002770,24610,24610,425,425,59,59,4405,4405,2488,2488,0,45,236,172,61,224,125,41,51,145,11,45,0,380,45,364,115,99,520,559,822,400,466,224,116,10,55,273,42,58,367,360,364,537,247,251,11,930,4,21,45,53,234,0,6,501,18,128,45,249,425,4405,2488,59,90,2174,0,45,236,172,61,224,125,41,51,145,11,45,0,380,45,364,115,99,520,559,822,400,466,224,116,10,55,273,42,58,367,360,364,537,247,251,11,930,4,21,45,53,234,0,6,501,18,128,45,249,425,4405,2488,59,90,2174,-1.407465,74.66101694915254,0.5648127128263337,5.58683314415437,7.203389830508475,10.364705882352942,74.66101694915254,0.5648127128263337,5.58683314415437,7.203389830508475,10.364705882352942
eacfe92fcec4e3a5b55a7204,generator://csmith-v0/29,0,7,-indvars,True,-0.770078,8.776711,15cdc03ce3d8b4af,7140eb28e0330407,4405,4411,0.002819,0.002572,24610,24674,425,431,59,59,4405,4411,2488,2488,0,45,236,172,61,224,125,41,51,145,11,45,0,380,45,364,115,99,520,559,822,400,466,224,116,10,55,273,42,58,367,360,364,537,247,251,11,930,4,21,45,53,234,0,6,501,18,128,45,249,425,4405,2488,59,90,2174,0,45,242,178,61,230,125,41,51,145,11,45,0,386,45,370,115,93,526,559,822,400,466,230,116,10,55,273,42,58,373,360,370,537,247,251,11,930,4,21,45,53,234,0,6,501,18,128,45,249,431,4411,2488,59,90,2174,-0.770078,74.66101694915254,0.5648127128263337,5.58683314415437,7.203389830508475,10.364705882352942,74.76271186440678,0.564044434368624,5.593742915438676,7.305084745762712,10.234338747099768
104007e3eede0c0d84af5767,generator://csmith-v0/29,1,0,-licm,True,0.963832,32.058907,b453402898e72747,d7b176c3cd594990,2400,2357,0.003036,0.002063,19174,20230,425,431,59,59,2400,2357,1293,1237,0,36,236,172,61,224,125,41,51,145,11,36,0,389,36,364,54,99,520,488,302,186,341,224,74,10,32,273,25,31,394,83,364,290,50,144,10,333,4,8,36,53,112,0,6,347,16,59,19,105,425,2400,1293,59,72,965,1,62,242,178,61,230,125,41,51,145,11,63,0,368,63,370,54,93,526,487,299,193,341,230,72,10,32,273,23,31,400,83,370,290,50,138,10,322,4,7,69,53,103,0,6,302,16,59,19,97,431,2357,1237,59,121,937,0.963832,40.67796610169491,0.53875,7.989166666666667,7.203389830508475,5.647058823529412,39.94915254237288,0.5248196860415782,8.582944420873993,7.305084745762712,5.468677494199536
104007e3eede0c0d84af5767,generator://csmith-v0/29,1,1,-loop-rotate,True,0.823711,30.389990,b453402898e72747,47b62fbc3e093568,2400,2517,0.003036,0.002113,19174,20550,425,469,59,59,2400,2517,1293,1325,0,36,236,172,61,224,125,41,51,145,11,36,0,389,36,364,54,99,520,488,302,186,341,224,74,10,32,273,25,31,394,83,364,290,50,144,10,333,4,8,36,53,112,0,6,347,16,59,19,105,425,2400,1293,59,72,965,0,53,244,162,81,231,160,62,63,182,12,53,0,416,53,408,54,165,601,511,302,210,342,231,74,10,32,273,25,31,438,83,408,290,50,167,10,356,4,8,53,53,113,0,6,356,16,59,19,105,469,2517,1325,59,105,989,0.823711,40.67796610169491,0.53875,7.989166666666667,7.203389830508475,5.647058823529412,42.66101694915254,0.5264203416765991,8.164481525625744,7.9491525423728815,5.366737739872068
104007e3eede0c0d84af5767,generator://csmith-v0/29,1,2,-loop-unroll,True,-0.362193,16.265306,b453402898e72747,3f2c1e38a032b1f8,2400,2407,0.003036,0.002542,19174,19238,425,431,59,59,2400,2407,1293,1293,0,36,236,172,61,224,125,41,51,145,11,36,0,389,36,364,54,99,520,488,302,186,341,224,74,10,32,273,25,31,394,83,364,290,50,144,10,333,4,8,36,53,112,0,6,347,16,59,19,105,425,2400,1293,59,72,965,0,37,248,172,67,224,119,41,45,145,11,37,0,394,37,364,54,93,520,488,302,195,342,224,74,10,32,273,25,31,400,83,364,290,50,144,10,333,4,8,37,53,112,0,6,347,16,59,19,105,431,2407,1293,59,73,965,-0.362193,40.67796610169491,0.53875,7.989166666666667,7.203389830508475,5.647058823529412,40.79661016949152,0.5371832156211052,7.992521811383465,7.305084745762712,5.5846867749419955
104007e3eede0c0d84af5767,generator://csmith-v0/29,1,3,-loop-vectorize,True,0.877330,31.028625,b453402898e72747,72acae7b5d07388e,2400,2406,0.003036,0.002094,19174,19238,425,431,59,59,2400,2406,1293,1293,0,36,236,172,61,224,125,41,51,145,11,36,0,389,36,364,54,99,520,488,302,186,341,224,74,10,32,273,25,31,394,83,364,290,50,144,10,333,4,8,36,53,112,0,6,347,16,59,19,105,425,2400,1293,59,72,965,0,36,242,178,61,230,125,41,51,145,11,36,0,395,36,370,54,93,526,488,302,195,342,230,74,10,32,273,25,31,400,83,370,290,50,144,10,333,4,8,36,53,112,0,6,347,16,59,19,105,431,2406,1293,59,72,965,0.877330,40.67796610169491,0.53875,7.989166666666667,7.203389830508475,5.647058823529412,40.779661016949156,0.5374064837905237,7.995843724023275,7.305084745762712,5.582366589327147
104007e3eede0c0d84af5767,generator://csmith-v0/29,1,4,-loop-deletion,True,-0.639475,12.962749,b453402898e72747,6845b91a11593246,2400,2367,0.003036,0.002643,19174,19030,425,411,59,59,2400,2367,1293,1273,0,36,236,172,61,224,125,41,51,145,11,36,0,389,36,364,54,99,520,488,302,186,341,224,74,10,32,273,25,31,394,83,364,290,50,144,10,333,4,8,36,53,112,0,6,347,16,59,19,105,425,2400,1293,59,72,965,0,37,229,166,60,217,118,40,45,138,11,37,0,374,37,350,54,91,499,488,302,190,342,217,74,10,32,273,25,31,380,83,350,290,50,144,10,333,4,8,37,53,112,0,6,327,16,59,19,105,411,2367,1273,59,73,965,-0.639475,40.67796610169491,0.53875,7.989166666666667,7.203389830508475,5.647058823529412,40.11864406779661,0.5378115758343895,8.0397127165188,6.966101694915254,5.759124087591241
104007e3eede0c0d84af5767,generator://csmith-v0/29,1,5,-loop-unswitch,True,-0.826958,10.729737,b453402898e72747,598dcd837644e56d,2400,2407,0.003036,0.002710,19174,19270,425,431,59,59,2400,2407,1293,1293,0,36,236,172,61,224,125,41,51,145,11,36,0,389,36,364,54,99,520,488,302,186,341,224,74,10,32,273,25,31,394,83,364,290,50,144,10,333,4,8,36,53,112,0,6,347,16,59,19,105,425,2400,1293,59,72,965,0,37,242,178,61,230,125,41,51,145,11,37,0,394,37,370,54,93,526,488,302,195,342,230,74,10,32,273,25,31,400,83,370,290,50,144,10,333,4,8,37,53,112,0,6,347,16,59,19,105,431,2407,1293,59,73,965,-0.826958,40.67796610169491,0.53875,7.989166666666667,7.203389830508475,5.647058823529412,40.79661016949152,0.5371832156211052,8.005816368923972,7.305084745762712,5.5846867749419955
104007e3eede0c0d84af5767,generator://csmith-v0/29,1,6,-loop-distribute,True,-1.841006,-1.348065,b453402898e72747,b453402898e72747,2400,2400,0.003036,0.003077,19174,19174,425,425,59,59,2400,2400,1293,1293,0,36,236,172,61,224,125,41,51,145,11,36,0,389,36,364,54,99,520,488,302,186,341,224,74,10,32,273,25,31,394,83,364,290,50,144,10,333,4,8,36,53,112,0,6,347,16,59,19,105,425,2400,1293,59,72,965,0,36,236,172,61,224,125,41,51,145,11,36,0,389,36,364,54,99,520,488,302,186,341,224,74,10,32,273,25,31,394,83,364,290,50,144,10,333,4,8,36,53,112,0,6,347,16,59,19,105,425,2400,1293,59,72,965,-1.841006,40.67796610169491,0.53875,7.989166666666667,7.203389830508475,5.647058823529412,40.67796610169491,0.53875,7.989166666666667,7.203389830508475,5.647058823529412
104007e3eede0c0d84af5767,generator://csmith-v0/29,1,7,-indvars,True,1.004760,32.546379,b453402898e72747,598dcd837644e56d,2400,2407,0.003036,0.002048,19174,19270,425,431,59,59,2400,2407,1293,1293,0,36,236,172,61,224,125,41,51,145,11,36,0,389,36,364,54,99,520,488,302,186,341,224,74,10,32,273,25,31,394,83,364,290,50,144,10,333,4,8,36,53,112,0,6,347,16,59,19,105,425,2400,1293,59,72,965,0,37,242,178,61,230,125,41,51,145,11,37,0,394,37,370,54,93,526,488,302,195,342,230,74,10,32,273,25,31,400,83,370,290,50,144,10,333,4,8,37,53,112,0,6,347,16,59,19,105,431,2407,1293,59,73,965,1.004760,40.67796610169491,0.53875,7.989166666666667,7.203389830508475,5.647058823529412,40.79661016949152,0.5371832156211052,8.005816368923972,7.305084745762712,5.5846867749419955
41da8970471be0ee92b53b93,generator://csmith-v0/29,2,0,-licm,True,0.063402,-25.024588,2d8b73417cc1232d,d23e9edd4d016be4,2230,2211,0.002002,0.002503,20006,20870,398,401,59,59,2230,2211,1144,1089,3,64,209,145,61,197,125,41,51,145,11,66,1,331,67,337,54,87,493,432,297,205,251,197,71,10,31,184,24,30,368,83,337,290,47,138,10,276,4,5,76,53,100,0,6,347,16,56,19,97,398,2230,1144,59,156,796,11,71,212,148,61,200,125,41,51,145,11,78,4,319,82,340,54,84,496,430,296,212,251,200,71,10,31,184,22,28,373,83,340,290,47,133,10,270,4,5,126,53,96,0,6,298,16,56,19,91,401,2211,1089,59,229,780,0.063402,37.79661016949152,0.5130044843049327,8.971300448430494,6.745762711864407,5.603015075376884,37.47457627118644,0.4925373134328358,9.439167797376752,6.796610169491525,5.513715710723192
41da8970471be0ee92b53b93,generator://csmith-v0/29,2,1,-loop-rotate,True,1.160896,1.191971,2d8b73417cc1232d,c268f0dd158dac74,2230,2232,0.002002,0.001978,20006,19822,398,392,59,59,2230,2232,1144,1153,3,64,209,145,61,197,125,41,51,145,11,66,1,331,67,337,54,87,493,432,297,205,251,197,71,10,31,184,24,30,368,83,337,290,47,138,10,276,4,5,76,53,100,0,6,347,16,56,19,97,398,2230,1144,59,156,796,3,63,189,127,59,177,139,40,66,159,11,65,1,326,66,331,54,135,501,426,297,222,252,177,71,10,31,184,24,31,361,83,331,290,47,138,10,276,4,5,75,53,100,0,6,356,16,56,19,97,392,2232,1153,59,151,796,1.160896,37.79661016949152,0.5130044843049327,8.971300448430494,6.745762711864407,5.603015075376884,37.83050847457627,0.5165770609318996,8.880824372759857,6.6440677966101696,5.6938775510204085
41da8970471be0ee92b53b93,generator://csmith-v0/29,2,2,-loop-unroll,True,-1.007651,-50.609524,2d8b73417cc1232d,3a086e57db1bee40,2230,2408,0.002002,0.003015,20006,20958,398,453,59,59,2230,2408,1144,1228,3,64,209,145,61,197,125,41,51,145,11,66,1,331,67,337,54,87,493,432,297,205,251,197,71,10,31,184,24,30,368,83,337,290,47,138,10,276,4,5,76,53,100,0,6,347,16,56,19,97,398,2230,1144,59,156,796,3,72,265,178,77,235,124,46,43,153,11,74,1,378,75,383,54,84,547,514,339,245,279,235,100,10,28,184,32,30,423,83,383,290,67,143,26,276,4,5,83,53,98,0,6,411,16,56,27,97,453,2408,1228,59,166,794,-1.007651,37.79661016949152,0.5130044843049327,8.971300448430494,6.745762711864407,5.603015075376884,40.813559322033896,0.5099667774086378,8.703488372093023,7.677966101694915,5.315673289183223
41da8970471be0ee92b53b93,generator://csmith-v0/29,2,3,-loop-vectorize,True,-1.042389,-51.439344,2d8b73417cc1232d,983c388da0851597,2230,2235,0.002002,0.003031,20006,20054,398,401,59,59,2230,2235,1144,1144,3,64,209,145,61,197,125,41,51,145,11,66,1,331,67,337,54,87,493,432,297,205,251,197,71,10,31,184,24,30,368,83,337,290,47,138,10,276,4,5,76,53,100,0,6,347,16,56,19,97,398,2230,1144,59,156,796,3,66,212,148,61,200,125,41,51,145,11,68,1,332,69,340,54,84,496,432,297,214,252,200,71,10,31,184,24,30,371,83,340,290,47,138,10,276,4,5,78,53,100,0,6,347,16,56,19,97,401,2235,1144,59,158,796,-1.042389,37.79661016949152,0.5130044843049327,8.971300448430494,6.745762711864407,5.603015075376884,37.88135593220339,0.5118568232662193,8.972706935123043,6.796610169491525,5.5735660847880295
41da8970471be0ee92b53b93,generator://csmith-v0/29,2,4,-loop-deletion,True,-0.618738,-41.319319,2d8b73417cc1232d,5651c3edc37be537,2230,2201,0.002002,0.002829,20006,19870,398,386,59,59,2230,2201,1144,1124,3,64,209,145,61,197,125,41,51,145,11,66,1,331,67,337,54,87,493,432,297,205,251,197,71,10,31,184,24,30,368,83,337,290,47,138,10,276,4,5,76,53,100,0,6,347,16,56,19,97,398,2230,1144,59,156,796,3,67,204,141,60,192,118,40,45,138,11,69,1,316,70,325,54,82,474,432,297,209,252,192,71,10,31,184,24,30,356,83,325,290,47,138,10,276,4,5,79,53,100,0,6,327,16,56,19,97,386,2201,1124,59,159,796,-0.618738,37.79661016949152,0.5130044843049327,8.971300448430494,6.745762711864407,5.603015075376884,37.30508474576271,0.5106769650159019,9.02771467514766,6.5423728813559325,5.7020725388601035
41da8970471be0ee92b53b93,generator://csmith-v0/29,2,5,-loop-unswitch,True,1.098790,-0.291619,2d8b73417cc1232d,376a6573d2bc4b75,2230,2236,0.002002,0.002008,20006,20094,398,401,59,59,2230,2236,1144,1144,3,64,209,145,61,197,125,41,51,145,11,66,1,331,67,337,54,87,493,432,297,205,251,197,71,10,31,184,24,30,368,83,337,290,47,138,10,276,4,5,76,53,100,0,6,347,16,56,19,97,398,2230,1144,59,156,796,3,67,212,148,61,200,125,41,51,145,11,69,1,331,70,340,54,84,496,432,297,214,252,200,71,10,31,184,24,30,371,83,340,290,47,138,10,276,4,5,79,53,100,0,6,347,16,56,19,97,401,2236,1144,59,159,796,1.098790,37.79661016949152,0.5130044843049327,8.971300448430494,6.745762711864407,5.603015075376884,37.898305084745765,0.5116279069767442,8.986583184257602,6.796610169491525,5.576059850374065
41da8970471be0ee92b53b93,generator://csmith-v0/29,2,6,-loop-distribute,True,1.376265,6.336612,2d8b73417cc1232d,2d8b73417cc1232d,2230,2230,0.002002,0.001875,20006,20006,398,398,59,59,2230,2230,1144,1144,3,64,209,145,61,197,125,41,51,145,11,66,1,331,67,337,54,87,493,432,297,205,251,197,71,10,31,184,24,30,368,83,337,290,47,138,10,276,4,5,76,53,100,0,6,347,16,56,19,97,398,2230,1144,59,156,796,3,64,209,145,61,197,125,41,51,145,11,66,1,331,67,337,54,87,493,432,297,205,251,197,71,10,31,184,24,30,368,83,337,290,47,138,10,276,4,5,76,53,100,0,6,347,16,56,19,97,398,2230,1144,59,156,796,1.376265,37.79661016949152,0.5130044843049327,8.971300448430494,6.745762711864407,5.603015075376884,37.79661016949152,0.5130044843049327,8.971300448430494,6.745762711864407,5.603015075376884
41da8970471be0ee92b53b93,generator://csmith-v0/29,2,7,-indvars,True,-1.030575,-51.157123,2d8b73417cc1232d,ffb9a69037f5b267,2230,2241,0.002002,0.003026,20006,20222,398,401,59,59,2230,2241,1144,1144,3,64,209,145,61,197,125,41,51,145,11,66,1,331,67,337,54,87,493,432,297,205,251,197,71,10,31,184,24,30,368,83,337,290,47,138,10,276,4,5,76,53,100,0,6,347,16,56,19,97,398,2230,1144,59,156,796,3,67,212,148,61,200,125,41,51,145,11,69,1,331,70,340,54,84,496,414,315,214,252,200,71,10,31,184,24,28,373,83,340,290,47,138,10,276,4,5,79,53,94,0,6,347,16,67,19,97,401,2241,1144,59,159,801,-1.030575,37.79661016949152,0.5130044843049327,8.971300448430494,6.745762711864407,5.603015075376884,37.983050847457626,0.5104863900044623,9.023650156180278,6.796610169491525,5.58852867830424
