episode_id,benchmark_uri,state_index,step_index,pass_flag,done,hybrid_reward,runtime_improvement,pre_state_id,post_state_id,pre_ir_instruction_count,post_ir_instruction_count,pre_runtime_median_sec,post_runtime_median_sec,pre_object_text_size_bytes,post_object_text_size_bytes,pre_total_basic_blocks,post_total_basic_blocks,pre_total_functions,post_total_functions,pre_total_instructions,post_total_instructions,pre_total_memory_instructions,post_total_memory_instructions,pre_autophase_BBNumArgsHi,pre_autophase_BBNumArgsLo,pre_autophase_onePred,pre_autophase_onePredOneSuc,pre_autophase_onePredTwoSuc,pre_autophase_oneSuccessor,pre_autophase_twoPred,pre_autophase_twoPredOneSuc,pre_autophase_twoEach,pre_autophase_twoSuccessor,pre_autophase_morePreds,pre_autophase_BB03Phi,pre_autophase_BBHiPhi,pre_autophase_BBNoPhi,pre_autophase_BeginPhi,pre_autophase_BranchCount,pre_autophase_returnInt,pre_autophase_CriticalCount,pre_autophase_NumEdges,pre_autophase_const32Bit,pre_autophase_const64Bit,pre_autophase_numConstZeroes,pre_autophase_numConstOnes,pre_autophase_UncondBranches,pre_autophase_binaryConstArg,pre_autophase_NumAShrInst,pre_autophase_NumAddInst,pre_autophase_NumAllocaInst,pre_autophase_NumAndInst,pre_autophase_BlockMid,pre_autophase_BlockLow,pre_autophase_NumBitCastInst,pre_autophase_NumBrInst,pre_autophase_NumCallInst,pre_autophase_NumGetElementPtrInst,pre_autophase_NumICmpInst,pre_autophase_NumLShrInst,pre_autophase_NumLoadInst,pre_autophase_NumMulInst,pre_autophase_NumOrInst,pre_autophase_NumPHIInst,pre_autophase_NumRetInst,pre_autophase_NumSExtInst,pre_autophase_NumSelectInst,pre_autophase_NumShlInst,pre_autophase_NumStoreInst,pre_autophase_NumSubInst,pre_autophase_NumTruncInst,pre_autophase_NumXorInst,pre_autophase_NumZExtInst,pre_autophase_TotalBlocks,pre_autophase_TotalInsts,pre_autophase_TotalMemInst,pre_autophase_TotalFuncs,pre_autophase_ArgsPhi,pre_autophase_testUnary,post_autophase_BBNumArgsHi,post_autophase_BBNumArgsLo,post_autophase_onePred,post_autophase_onePredOneSuc,post_autophase_onePredTwoSuc,post_autophase_oneSuccessor,post_autophase_twoPred,post_autophase_twoPredOneSuc,post_autophase_twoEach,post_autophase_twoSuccessor,post_autophase_morePreds,post_autophase_BB03Phi,post_autophase_BBHiPhi,post_autophase_BBNoPhi,post_autophase_BeginPhi,post_autophase_BranchCount,post_autophase_returnInt,post_autophase_CriticalCount,post_autophase_NumEdges,post_autophase_const32Bit,post_autophase_const64Bit,post_autophase_numConstZeroes,post_autophase_numConstOnes,post_autophase_UncondBranches,post_autophase_binaryConstArg,post_autophase_NumAShrInst,post_autophase_NumAddInst,post_autophase_NumAllocaInst,post_autophase_NumAndInst,post_autophase_BlockMid,post_autophase_BlockLow,post_autophase_NumBitCastInst,post_autophase_NumBrInst,post_autophase_NumCallInst,post_autophase_NumGetElementPtrInst,post_autophase_NumICmpInst,post_autophase_NumLShrInst,post_autophase_NumLoadInst,post_autophase_NumMulInst,post_autophase_NumOrInst,post_autophase_NumPHIInst,post_autophase_NumRetInst,post_autophase_NumSExtInst,post_autophase_NumSelectInst,post_autophase_NumShlInst,post_autophase_NumStoreInst,post_autophase_NumSubInst,post_autophase_NumTruncInst,post_autophase_NumXorInst,post_autophase_NumZExtInst,post_autophase_TotalBlocks,post_autophase_TotalInsts,post_autophase_TotalMemInst,post_autophase_TotalFuncs,post_autophase_ArgsPhi,post_autophase_testUnary,z_runtime_improvement_pct
85e50f02db04231554c2c8a7,benchmark://chstone-v0/adpcm,0,0,-licm,True,0.288446,0.464971,41808ad66f0910b2,16468faf5f3df5d5,1474,1517,0.002307,0.002297,8451,10653,126,127,18,18,1474,1517,974,941,0,0,75,65,5,75,36,3,25,36,0,0,0,126,0,111,29,13,147,248,167,106,120,75,73,27,53,74,2,28,98,86,111,122,81,36,0,406,36,1,0,15,98,0,2,291,12,19,0,0,126,1474,974,18,0,683,7,21,76,66,5,76,36,3,25,36,0,20,8,99,28,112,29,12,148,248,167,106,120,76,73,27,53,74,2,24,103,86,112,122,81,36,0,375,36,1,75,15,98,0,2,289,12,19,0,0,127,1517,941,18,113,652,0.288446
85e50f02db04231554c2c8a7,benchmark://chstone-v0/adpcm,0,1,-loop-rotate,True,0.781185,1.678900,41808ad66f0910b2,5c76df3e0eada175,1474,1523,0.002307,0.002269,8451,8715,126,143,18,18,1474,1523,974,990,0,0,75,65,5,75,36,3,25,36,0,0,0,126,0,111,29,13,147,248,167,106,120,75,73,27,53,74,2,28,98,86,111,122,81,36,0,406,36,1,0,15,98,0,2,291,12,19,0,0,126,1474,974,18,0,683,0,0,76,58,18,76,52,18,21,52,0,0,0,143,0,128,29,44,180,264,167,106,120,76,73,27,53,74,2,28,115,86,128,122,81,52,0,422,36,1,0,15,98,0,2,291,12,19,0,0,143,1523,990,18,0,699,0.781185
85e50f02db04231554c2c8a7,benchmark://chstone-v0/adpcm,0,2,-loop-unroll,True,0.986335,2.184314,41808ad66f0910b2,6f184427a3360b50,1474,1475,0.002307,0.002257,8451,8451,126,127,18,18,1474,1475,974,974,0,0,75,65,5,75,36,3,25,36,0,0,0,126,0,111,29,13,147,248,167,106,120,75,73,27,53,74,2,28,98,86,111,122,81,36,0,406,36,1,0,15,98,0,2,291,12,19,0,0,126,1474,974,18,0,683,0,0,76,66,5,76,36,3,25,36,0,0,0,127,0,112,29,12,148,248,167,106,120,76,73,27,53,74,2,28,99,86,112,122,81,36,0,406,36,1,0,15,98,0,2,291,12,19,0,0,127,1475,974,18,0,683,0.986335
85e50f02db04231554c2c8a7,benchmark://chstone-v0/adpcm,0,3,-loop-vectorize,True,0.195095,0.234988,41808ad66f0910b2,6f184427a3360b50,1474,1475,0.002307,0.002302,8451,8451,126,127,18,18,1474,1475,974,974,0,0,75,65,5,75,36,3,25,36,0,0,0,126,0,111,29,13,147,248,167,106,120,75,73,27,53,74,2,28,98,86,111,122,81,36,0,406,36,1,0,15,98,0,2,291,12,19,0,0,126,1474,974,18,0,683,0,0,76,66,5,76,36,3,25,36,0,0,0,127,0,112,29,12,148,248,167,106,120,76,73,27,53,74,2,28,99,86,112,122,81,36,0,406,36,1,0,15,98,0,2,291,12,19,0,0,127,1475,974,18,0,683,0.195095
85e50f02db04231554c2c8a7,benchmark://chstone-v0/adpcm,0,4,-loop-deletion,True,0.337366,0.585492,41808ad66f0910b2,6f184427a3360b50,1474,1475,0.002307,0.002294,8451,8451,126,127,18,18,1474,1475,974,974,0,0,75,65,5,75,36,3,25,36,0,0,0,126,0,111,29,13,147,248,167,106,120,75,73,27,53,74,2,28,98,86,111,122,81,36,0,406,36,1,0,15,98,0,2,291,12,19,0,0,126,1474,974,18,0,683,0,0,76,66,5,76,36,3,25,36,0,0,0,127,0,112,29,12,148,248,167,106,120,76,73,27,53,74,2,28,99,86,112,122,81,36,0,406,36,1,0,15,98,0,2,291,12,19,0,0,127,1475,974,18,0,683,0.337366
85e50f02db04231554c2c8a7,benchmark://chstone-v0/adpcm,0,5,-loop-unswitch,True,0.754480,1.613110,41808ad66f0910b2,6f184427a3360b50,1474,1475,0.002307,0.002270,8451,8451,126,127,18,18,1474,1475,974,974,0,0,75,65,5,75,36,3,25,36,0,0,0,126,0,111,29,13,147,248,167,106,120,75,73,27,53,74,2,28,98,86,111,122,81,36,0,406,36,1,0,15,98,0,2,291,12,19,0,0,126,1474,974,18,0,683,0,0,76,66,5,76,36,3,25,36,0,0,0,127,0,112,29,12,148,248,167,106,120,76,73,27,53,74,2,28,99,86,112,122,81,36,0,406,36,1,0,15,98,0,2,291,12,19,0,0,127,1475,974,18,0,683,0.754480
85e50f02db04231554c2c8a7,benchmark://chstone-v0/adpcm,0,6,-loop-distribute,True,-1.559507,-4.087708,41808ad66f0910b2,57bc6765f0d9235a,1474,1474,0.002307,0.002402,8451,8451,126,126,18,18,1474,1474,974,974,0,0,75,65,5,75,36,3,25,36,0,0,0,126,0,111,29,13,147,248,167,106,120,75,73,27,53,74,2,28,98,86,111,122,81,36,0,406,36,1,0,15,98,0,2,291,12,19,0,0,126,1474,974,18,0,683,0,0,75,65,5,75,36,3,25,36,0,0,0,126,0,111,29,13,147,248,167,106,120,75,73,27,53,74,2,28,98,86,111,122,81,36,0,406,36,1,0,15,98,0,2,291,12,19,0,0,126,1474,974,18,0,683,-1.559507
85e50f02db04231554c2c8a7,benchmark://chstone-v0/adpcm,0,7,-indvars,True,-1.783399,-4.639296,41808ad66f0910b2,6f184427a3360b50,1474,1475,0.002307,0.002414,8451,8451,126,127,18,18,1474,1475,974,974,0,0,75,65,5,75,36,3,25,36,0,0,0,126,0,111,29,13,147,248,167,106,120,75,73,27,53,74,2,28,98,86,111,122,81,36,0,406,36,1,0,15,98,0,2,291,12,19,0,0,126,1474,974,18,0,683,0,0,76,66,5,76,36,3,25,36,0,0,0,127,0,112,29,12,148,248,167,106,120,76,73,27,53,74,2,28,99,86,112,122,81,36,0,406,36,1,0,15,98,0,2,291,12,19,0,0,127,1475,974,18,0,683,-1.783399
8136f633c47d6e6c2d10db2f,benchmark://chstone-v0/adpcm,1,0,-licm,True,-1.050699,-23.356330,b30308a90afc49a5,f5ab71555fbe570e,1217,1304,0.002470,0.003046,8635,10944,126,127,18,18,1217,1304,776,776,0,0,75,65,5,75,36,3,25,36,0,0,0,126,0,111,29,13,147,241,161,103,113,75,72,27,53,74,2,23,103,43,111,122,67,36,0,222,36,1,0,15,83,0,2,291,11,19,0,0,126,1217,776,18,0,441,7,30,76,66,5,76,36,3,25,36,0,29,8,90,37,112,29,12,148,241,161,103,113,76,72,27,53,74,2,21,106,43,112,122,67,36,0,224,36,1,86,15,83,0,2,289,11,19,0,0,127,1304,776,18,129,443,-1.050699
8136f633c47d6e6c2d10db2f,benchmark://chstone-v0/adpcm,1,1,-loop-rotate,True,-0.425370,-15.288020,b30308a90afc49a5,b3d4e951b242e347,1217,1286,0.002470,0.002847,8635,9359,126,143,18,18,1217,1286,776,792,0,0,75,65,5,75,36,3,25,36,0,0,0,126,0,111,29,13,147,241,161,103,113,75,72,27,53,74,2,23,103,43,111,122,67,36,0,222,36,1,0,15,83,0,2,291,11,19,0,0,126,1217,776,18,0,441,0,20,76,58,18,76,52,18,21,52,0,20,0,123,20,128,29,44,180,257,161,103,113,76,72,27,53,74,2,23,120,43,128,122,67,52,0,238,36,1,20,15,83,0,2,291,11,19,0,0,143,1286,792,18,38,457,-0.425370
8136f633c47d6e6c2d10db2f,benchmark://chstone-v0/adpcm,1,2,-loop-unroll,True,-0.883172,-21.194815,b30308a90afc49a5,0552e012972bed5e,1217,1221,0.002470,0.002993,8635,8675,126,127,18,18,1217,1221,776,776,0,0,75,65,5,75,36,3,25,36,0,0,0,126,0,111,29,13,147,241,161,103,113,75,72,27,53,74,2,23,103,43,111,122,67,36,0,222,36,1,0,15,83,0,2,291,11,19,0,0,126,1217,776,18,0,441,0,3,76,66,5,76,36,3,25,36,0,3,0,124,3,112,29,12,148,241,161,103,113,76,72,27,53,74,2,23,104,43,112,122,67,36,0,222,36,1,3,15,83,0,2,291,11,19,0,0,127,1221,776,18,4,441,-0.883172
8136f633c47d6e6c2d10db2f,benchmark://chstone-v0/adpcm,1,3,-loop-vectorize,True,1.417146,8.485031,b30308a90afc49a5,0552e012972bed5e,1217,1221,0.002470,0.002260,8635,8675,126,127,18,18,1217,1221,776,776,0,0,75,65,5,75,36,3,25,36,0,0,0,126,0,111,29,13,147,241,161,103,113,75,72,27,53,74,2,23,103,43,111,122,67,36,0,222,36,1,0,15,83,0,2,291,11,19,0,0,126,1217,776,18,0,441,0,3,76,66,5,76,36,3,25,36,0,3,0,124,3,112,29,12,148,241,161,103,113,76,72,27,53,74,2,23,104,43,112,122,67,36,0,222,36,1,3,15,83,0,2,291,11,19,0,0,127,1221,776,18,4,441,1.417146
8136f633c47d6e6c2d10db2f,benchmark://chstone-v0/adpcm,1,4,-loop-deletion,True,-0.751637,-19.497688,b30308a90afc49a5,0552e012972bed5e,1217,1221,0.002470,0.002951,8635,8675,126,127,18,18,1217,1221,776,776,0,0,75,65,5,75,36,3,25,36,0,0,0,126,0,111,29,13,147,241,161,103,113,75,72,27,53,74,2,23,103,43,111,122,67,36,0,222,36,1,0,15,83,0,2,291,11,19,0,0,126,1217,776,18,0,441,0,3,76,66,5,76,36,3,25,36,0,3,0,124,3,112,29,12,148,241,161,103,113,76,72,27,53,74,2,23,104,43,112,122,67,36,0,222,36,1,3,15,83,0,2,291,11,19,0,0,127,1221,776,18,4,441,-0.751637
8136f633c47d6e6c2d10db2f,benchmark://chstone-v0/adpcm,1,5,-loop-unswitch,True,-0.576885,-17.242948,b30308a90afc49a5,fe84fac518f80ebf,1217,1221,0.002470,0.002895,8635,8691,126,127,18,18,1217,1221,776,776,0,0,75,65,5,75,36,3,25,36,0,0,0,126,0,111,29,13,147,241,161,103,113,75,72,27,53,74,2,23,103,43,111,122,67,36,0,222,36,1,0,15,83,0,2,291,11,19,0,0,126,1217,776,18,0,441,0,3,76,66,5,76,36,3,25,36,0,3,0,124,3,112,29,12,148,241,161,103,113,76,72,27,53,74,2,23,104,43,112,122,67,36,0,222,36,1,3,15,83,0,2,291,11,19,0,0,127,1221,776,18,4,441,-0.576885
8136f633c47d6e6c2d10db2f,benchmark://chstone-v0/adpcm,1,6,-loop-distribute,True,0.660340,-1.279652,b30308a90afc49a5,b30308a90afc49a5,1217,1217,0.002470,0.002501,8635,8635,126,126,18,18,1217,1217,776,776,0,0,75,65,5,75,36,3,25,36,0,0,0,126,0,111,29,13,147,241,161,103,113,75,72,27,53,74,2,23,103,43,111,122,67,36,0,222,36,1,0,15,83,0,2,291,11,19,0,0,126,1217,776,18,0,441,0,0,75,65,5,75,36,3,25,36,0,0,0,126,0,111,29,13,147,241,161,103,113,75,72,27,53,74,2,23,103,43,111,122,67,36,0,222,36,1,0,15,83,0,2,291,11,19,0,0,126,1217,776,18,0,441,0.660340
8136f633c47d6e6c2d10db2f,benchmark://chstone-v0/adpcm,1,7,-indvars,True,1.610277,10.976906,b30308a90afc49a5,0552e012972bed5e,1217,1221,0.002470,0.002198,8635,8675,126,127,18,18,1217,1221,776,776,0,0,75,65,5,75,36,3,25,36,0,0,0,126,0,111,29,13,147,241,161,103,113,75,72,27,53,74,2,23,103,43,111,122,67,36,0,222,36,1,0,15,83,0,2,291,11,19,0,0,126,1217,776,18,0,441,0,3,76,66,5,76,36,3,25,36,0,3,0,124,3,112,29,12,148,241,161,103,113,76,72,27,53,74,2,23,104,43,112,122,67,36,0,222,36,1,3,15,83,0,2,291,11,19,0,0,127,1221,776,18,4,441,1.610277
4f5463f964d1738a6eff4938,benchmark://chstone-v0/adpcm,2,0,-licm,True,-0.428835,-6.303129,4376353e5fb0c1a9,6c0eb84596ddcfd0,1182,1263,0.002528,0.002688,9773,10806,110,111,18,18,1182,1263,708,728,5,29,59,49,5,59,36,3,25,36,0,30,4,76,34,95,29,13,131,268,165,121,115,59,76,27,53,74,2,22,88,43,95,122,67,36,0,154,36,1,53,15,79,0,2,291,11,19,0,0,110,1182,708,18,106,369,10,42,60,50,5,60,36,3,25,36,0,43,9,59,52,96,29,12,132,266,165,121,115,60,76,27,53,74,2,22,89,43,96,122,67,36,0,173,36,1,113,15,79,0,2,292,11,19,0,0,111,1263,728,18,188,388,-0.428835
4f5463f964d1738a6eff4938,benchmark://chstone-v0/adpcm,2,1,-loop-rotate,True,-0.438492,-6.414220,4376353e5fb0c1a9,30c7093ec429675e,1182,1184,0.002528,0.002691,9773,9496,110,95,18,18,1182,1184,708,708,5,29,59,49,5,59,36,3,25,36,0,30,4,76,34,95,29,13,131,268,165,121,115,59,76,27,53,74,2,22,88,43,95,122,67,36,0,154,36,1,53,15,79,0,2,291,11,19,0,0,110,1182,708,18,106,369,5,39,44,37,2,44,36,0,28,36,0,39,5,51,44,80,29,28,116,268,165,121,115,44,76,27,53,74,2,24,71,43,80,122,67,36,0,154,36,1,70,15,79,0,2,291,11,19,0,0,95,1184,708,18,123,369,-0.438492
4f5463f964d1738a6eff4938,benchmark://chstone-v0/adpcm,2,2,-loop-unroll,True,-1.980118,-24.148745,4376353e5fb0c1a9,123010d1c7c2248f,1182,1535,0.002528,0.003139,9773,12126,110,169,18,18,1182,1535,708,906,5,29,59,49,5,59,36,3,25,36,0,30,4,76,34,95,29,13,131,268,165,121,115,59,76,27,53,74,2,22,88,43,95,122,67,36,0,154,36,1,53,15,79,0,2,291,11,19,0,0,110,1182,708,18,106,369,4,40,118,92,16,106,36,7,20,42,0,39,5,125,44,148,29,12,190,400,203,188,126,106,94,39,58,74,2,23,146,43,148,122,82,36,0,182,59,1,68,15,108,0,2,446,11,31,0,0,169,1535,906,18,119,438,-1.980118
4f5463f964d1738a6eff4938,benchmark://chstone-v0/adpcm,2,3,-loop-vectorize,True,-0.078360,-2.271339,4376353e5fb0c1a9,a849ed9e38c3e6b8,1182,1201,0.002528,0.002586,9773,10006,110,111,18,18,1182,1201,708,708,5,29,59,49,5,59,36,3,25,36,0,30,4,76,34,95,29,13,131,268,165,121,115,59,76,27,53,74,2,22,88,43,95,122,67,36,0,154,36,1,53,15,79,0,2,291,11,19,0,0,110,1182,708,18,106,369,5,39,60,50,5,60,36,3,25,36,0,38,6,67,44,96,29,12,132,268,165,121,115,60,76,27,53,74,2,23,88,43,96,122,67,36,0,154,36,1,71,15,79,0,2,291,11,19,0,0,111,1201,708,18,125,369,-0.078360
4f5463f964d1738a6eff4938,benchmark://chstone-v0/adpcm,2,4,-loop-deletion,True,1.429574,15.075617,4376353e5fb0c1a9,421ad63dcb1fb2bd,1182,1201,0.002528,0.002147,9773,10006,110,111,18,18,1182,1201,708,708,5,29,59,49,5,59,36,3,25,36,0,30,4,76,34,95,29,13,131,268,165,121,115,59,76,27,53,74,2,22,88,43,95,122,67,36,0,154,36,1,53,15,79,0,2,291,11,19,0,0,110,1182,708,18,106,369,5,39,60,50,5,60,36,3,25,36,0,38,6,67,44,96,29,12,132,268,165,121,115,60,76,27,53,74,2,23,88,43,96,122,67,36,0,154,36,1,71,15,79,0,2,291,11,19,0,0,111,1201,708,18,125,369,1.429574
4f5463f964d1738a6eff4938,benchmark://chstone-v0/adpcm,2,5,-loop-unswitch,True,-0.241530,-4.148406,4376353e5fb0c1a9,da6c9c6d227d5851,1182,1201,0.002528,0.002633,9773,10022,110,111,18,18,1182,1201,708,708,5,29,59,49,5,59,36,3,25,36,0,30,4,76,34,95,29,13,131,268,165,121,115,59,76,27,53,74,2,22,88,43,95,122,67,36,0,154,36,1,53,15,79,0,2,291,11,19,0,0,110,1182,708,18,106,369,5,39,60,50,5,60,36,3,25,36,0,38,6,67,44,96,29,12,132,268,165,121,115,60,76,27,53,74,2,23,88,43,96,122,67,36,0,154,36,1,71,15,79,0,2,291,11,19,0,0,111,1201,708,18,125,369,-0.241530
4f5463f964d1738a6eff4938,benchmark://chstone-v0/adpcm,2,6,-loop-distribute,True,0.662857,6.255465,4376353e5fb0c1a9,4376353e5fb0c1a9,1182,1182,0.002528,0.002370,9773,9773,110,110,18,18,1182,1182,708,708,5,29,59,49,5,59,36,3,25,36,0,30,4,76,34,95,29,13,131,268,165,121,115,59,76,27,53,74,2,22,88,43,95,122,67,36,0,154,36,1,53,15,79,0,2,291,11,19,0,0,110,1182,708,18,106,369,5,29,59,49,5,59,36,3,25,36,0,30,4,76,34,95,29,13,131,268,165,121,115,59,76,27,53,74,2,22,88,43,95,122,67,36,0,154,36,1,53,15,79,0,2,291,11,19,0,0,110,1182,708,18,106,369,0.662857
4f5463f964d1738a6eff4938,benchmark://chstone-v0/adpcm,2,7,-indvars,True,1.074905,10.995575,4376353e5fb0c1a9,ef265de6967273dc,1182,1198,0.002528,0.002250,9773,10070,110,111,18,18,1182,1198,708,708,5,29,59,49,5,59,36,3,25,36,0,30,4,76,34,95,29,13,131,268,165,121,115,59,76,27,53,74,2,22,88,43,95,122,67,36,0,154,36,1,53,15,79,0,2,291,11,19,0,0,110,1182,708,18,106,369,5,38,60,50,5,60,36,3,25,36,0,37,6,68,43,96,29,12,132,231,203,121,115,60,76,27,53,74,2,22,89,43,96,122,67,36,0,154,36,1,70,15,64,0,2,291,11,32,0,0,111,1198,708,18,124,367,1.074905
4f944a5a4d7d6b6b135a9c10,benchmark://chstone-v0/aes,0,0,-licm,True,-0.646585,-7.772295,6b85802168ac0bee,9878d0bc30823f27,4048,4037,0.002380,0.002565,17011,19579,177,177,15,15,4048,4037,2752,2727,0,0,109,98,6,116,46,7,38,44,11,0,0,177,0,160,23,45,252,768,850,417,157,116,527,164,106,46,144,37,138,44,160,71,848,46,0,1367,94,0,0,11,408,0,20,420,11,0,64,2,177,4048,2752,15,0,1867,0,14,109,98,6,116,46,7,38,44,11,14,0,163,14,160,23,45,252,768,850,417,157,116,527,164,106,46,144,38,137,44,160,71,848,46,0,1342,94,0,14,11,408,0,20,420,11,0,64,2,177,4037,2727,15,21,1842,-0.646585
4f944a5a4d7d6b6b135a9c10,benchmark://chstone-v0/aes,0,1,-loop-rotate,True,1.208185,21.784681,6b85802168ac0bee,e3470e4127497656,4048,4120,0.002380,0.001862,17011,17395,177,195,15,15,4048,4120,2752,2782,0,0,109,98,6,116,46,7,38,44,11,0,0,177,0,160,23,45,252,768,850,417,157,116,527,164,106,46,144,37,138,44,160,71,848,46,0,1367,94,0,0,11,408,0,20,420,11,0,64,2,177,4048,2752,15,0,1867,0,0,109,89,20,116,64,23,35,62,11,0,0,195,0,178,23,81,288,780,850,417,159,116,532,164,108,46,144,37,156,44,178,71,848,64,0,1397,96,0,0,11,408,0,20,420,11,0,64,2,195,4120,2782,15,0,1897,1.208185
4f944a5a4d7d6b6b135a9c10,benchmark://chstone-v0/aes,0,2,-loop-unroll,True,-1.425027,-20.177275,6b85802168ac0bee,2b28788ca4d8a87e,4048,4048,0.002380,0.002861,17011,17011,177,177,15,15,4048,4048,2752,2752,0,0,109,98,6,116,46,7,38,44,11,0,0,177,0,160,23,45,252,768,850,417,157,116,527,164,106,46,144,37,138,44,160,71,848,46,0,1367,94,0,0,11,408,0,20,420,11,0,64,2,177,4048,2752,15,0,1867,0,0,109,98,6,116,46,7,38,44,11,0,0,177,0,160,23,45,252,768,850,417,157,116,527,164,106,46,144,37,138,44,160,71,848,46,0,1367,94,0,0,11,408,0,20,420,11,0,64,2,177,4048,2752,15,0,1867,-1.425027
4f944a5a4d7d6b6b135a9c10,benchmark://chstone-v0/aes,0,3,-loop-vectorize,True,-1.103437,-15.052532,6b85802168ac0bee,2b28788ca4d8a87e,4048,4048,0.002380,0.002739,17011,17011,177,177,15,15,4048,4048,2752,2752,0,0,109,98,6,116,46,7,38,44,11,0,0,177,0,160,23,45,252,768,850,417,157,116,527,164,106,46,144,37,138,44,160,71,848,46,0,1367,94,0,0,11,408,0,20,420,11,0,64,2,177,4048,2752,15,0,1867,0,0,109,98,6,116,46,7,38,44,11,0,0,177,0,160,23,45,252,768,850,417,157,116,527,164,106,46,144,37,138,44,160,71,848,46,0,1367,94,0,0,11,408,0,20,420,11,0,64,2,177,4048,2752,15,0,1867,-1.103437
4f944a5a4d7d6b6b135a9c10,benchmark://chstone-v0/aes,0,4,-loop-deletion,True,1.212506,21.853544,6b85802168ac0bee,2b28788ca4d8a87e,4048,4048,0.002380,0.001860,17011,17011,177,177,15,15,4048,4048,2752,2752,0,0,109,98,6,116,46,7,38,44,11,0,0,177,0,160,23,45,252,768,850,417,157,116,527,164,106,46,144,37,138,44,160,71,848,46,0,1367,94,0,0,11,408,0,20,420,11,0,64,2,177,4048,2752,15,0,1867,0,0,109,98,6,116,46,7,38,44,11,0,0,177,0,160,23,45,252,768,850,417,157,116,527,164,106,46,144,37,138,44,160,71,848,46,0,1367,94,0,0,11,408,0,20,420,11,0,64,2,177,4048,2752,15,0,1867,1.212506
4f944a5a4d7d6b6b135a9c10,benchmark://chstone-v0/aes,0,5,-loop-unswitch,True,0.417039,9.177258,6b85802168ac0bee,2b28788ca4d8a87e,4048,4048,0.002380,0.002162,17011,17011,177,177,15,15,4048,4048,2752,2752,0,0,109,98,6,116,46,7,38,44,11,0,0,177,0,160,23,45,252,768,850,417,157,116,527,164,106,46,144,37,138,44,160,71,848,46,0,1367,94,0,0,11,408,0,20,420,11,0,64,2,177,4048,2752,15,0,1867,0,0,109,98,6,116,46,7,38,44,11,0,0,177,0,160,23,45,252,768,850,417,157,116,527,164,106,46,144,37,138,44,160,71,848,46,0,1367,94,0,0,11,408,0,20,420,11,0,64,2,177,4048,2752,15,0,1867,0.417039
4f944a5a4d7d6b6b135a9c10,benchmark://chstone-v0/aes,0,6,-loop-distribute,True,0.934478,17.422987,6b85802168ac0bee,2b28788ca4d8a87e,4048,4048,0.002380,0.001966,17011,17011,177,177,15,15,4048,4048,2752,2752,0,0,109,98,6,116,46,7,38,44,11,0,0,177,0,160,23,45,252,768,850,417,157,116,527,164,106,46,144,37,138,44,160,71,848,46,0,1367,94,0,0,11,408,0,20,420,11,0,64,2,177,4048,2752,15,0,1867,0,0,109,98,6,116,46,7,38,44,11,0,0,177,0,160,23,45,252,768,850,417,157,116,527,164,106,46,144,37,138,44,160,71,848,46,0,1367,94,0,0,11,408,0,20,420,11,0,64,2,177,4048,2752,15,0,1867,0.934478
4f944a5a4d7d6b6b135a9c10,benchmark://chstone-v0/aes,0,7,-indvars,True,-0.597160,-6.984673,6b85802168ac0bee,2b28788ca4d8a87e,4048,4048,0.002380,0.002547,17011,17011,177,177,15,15,4048,4048,2752,2752,0,0,109,98,6,116,46,7,38,44,11,0,0,177,0,160,23,45,252,768,850,417,157,116,527,164,106,46,144,37,138,44,160,71,848,46,0,1367,94,0,0,11,408,0,20,420,11,0,64,2,177,4048,2752,15,0,1867,0,0,109,98,6,116,46,7,38,44,11,0,0,177,0,160,23,45,252,768,850,417,157,116,527,164,106,46,144,37,138,44,160,71,848,46,0,1367,94,0,0,11,408,0,20,420,11,0,64,2,177,4048,2752,15,0,1867,-0.597160
07ff7d157f09874cb5a233fc,benchmark://chstone-v0/aes,1,0,-licm,True,1.490913,14.321465,e92bf42339110121,7a44b250b5ca285c,2575,2590,0.002287,0.001960,14779,15835,177,177,15,15,2575,2590,1510,1479,0,0,109,98,6,116,46,7,38,44,11,0,0,177,0,160,23,45,252,657,535,375,128,116,416,164,50,46,144,23,154,21,160,71,512,46,0,461,21,0,0,11,338,0,20,420,8,0,64,2,177,2575,1510,15,0,868,0,36,109,98,6,116,46,7,38,44,11,36,0,141,36,160,23,45,252,657,535,375,128,116,416,164,50,46,144,24,153,21,160,71,512,46,0,442,21,0,46,11,338,0,20,408,8,0,64,2,177,2590,1479,15,68,849,1.490913
07ff7d157f09874cb5a233fc,benchmark://chstone-v0/aes,1,1,-loop-rotate,True,1.413243,13.069701,e92bf42339110121,5050b2749ddc37fe,2575,2662,0.002287,0.001988,14779,15723,177,195,15,15,2575,2662,1510,1534,0,0,109,98,6,116,46,7,38,44,11,0,0,177,0,160,23,45,252,657,535,375,128,116,416,164,50,46,144,23,154,21,160,71,512,46,0,461,21,0,0,11,338,0,20,420,8,0,64,2,177,2575,1510,15,0,868,0,22,109,89,20,116,64,23,35,62,11,22,0,173,22,178,23,81,288,667,535,375,130,116,419,164,52,46,144,24,171,21,178,71,512,64,0,485,23,0,23,11,338,0,20,420,8,0,64,2,195,2662,1534,15,44,892,1.413243
07ff7d157f09874cb5a233fc,benchmark://chstone-v0/aes,1,2,-loop-unroll,True,-0.835390,-23.170055,e92bf42339110121,ad4d4a94a7d41c68,2575,2577,0.002287,0.002817,14779,14795,177,177,15,15,2575,2577,1510,1510,0,0,109,98,6,116,46,7,38,44,11,0,0,177,0,160,23,45,252,657,535,375,128,116,416,164,50,46,144,23,154,21,160,71,512,46,0,461,21,0,0,11,338,0,20,420,8,0,64,2,177,2575,1510,15,0,868,0,2,109,98,6,116,46,7,38,44,11,2,0,175,2,160,23,45,252,657,535,375,128,116,416,164,50,46,144,23,154,21,160,71,512,46,0,461,21,0,2,11,338,0,20,420,8,0,64,2,177,2577,1510,15,2,868,-0.835390
07ff7d157f09874cb5a233fc,benchmark://chstone-v0/aes,1,3,-loop-vectorize,True,-0.171965,-12.478063,e92bf42339110121,720c2441589f85d4,2575,2576,0.002287,0.002573,14779,14795,177,177,15,15,2575,2576,1510,1510,0,0,109,98,6,116,46,7,38,44,11,0,0,177,0,160,23,45,252,657,535,375,128,116,416,164,50,46,144,23,154,21,160,71,512,46,0,461,21,0,0,11,338,0,20,420,8,0,64,2,177,2575,1510,15,0,868,0,1,109,98,6,116,46,7,38,44,11,1,0,176,1,160,23,45,252,657,535,375,128,116,416,164,50,46,144,23,154,21,160,71,512,46,0,461,21,0,1,11,338,0,20,420,8,0,64,2,177,2576,1510,15,1,868,-0.171965
07ff7d157f09874cb5a233fc,benchmark://chstone-v0/aes,1,4,-loop-deletion,True,0.515088,-1.405272,e92bf42339110121,ad4d4a94a7d41c68,2575,2577,0.002287,0.002319,14779,14795,177,177,15,15,2575,2577,1510,1510,0,0,109,98,6,116,46,7,38,44,11,0,0,177,0,160,23,45,252,657,535,375,128,116,416,164,50,46,144,23,154,21,160,71,512,46,0,461,21,0,0,11,338,0,20,420,8,0,64,2,177,2575,1510,15,0,868,0,2,109,98,6,116,46,7,38,44,11,2,0,175,2,160,23,45,252,657,535,375,128,116,416,164,50,46,144,23,154,21,160,71,512,46,0,461,21,0,2,11,338,0,20,420,8,0,64,2,177,2577,1510,15,2,868,0.515088
07ff7d157f09874cb5a233fc,benchmark://chstone-v0/aes,1,5,-loop-unswitch,True,-1.553681,-34.746288,e92bf42339110121,dbdafc15f893f1b4,2575,2577,0.002287,0.003082,14779,14827,177,177,15,15,2575,2577,1510,1510,0,0,109,98,6,116,46,7,38,44,11,0,0,177,0,160,23,45,252,657,535,375,128,116,416,164,50,46,144,23,154,21,160,71,512,46,0,461,21,0,0,11,338,0,20,420,8,0,64,2,177,2575,1510,15,0,868,0,2,109,98,6,116,46,7,38,44,11,2,0,175,2,160,23,45,252,657,535,375,128,116,416,164,50,46,144,23,154,21,160,71,512,46,0,461,21,0,2,11,338,0,20,420,8,0,64,2,177,2577,1510,15,2,868,-1.553681
07ff7d157f09874cb5a233fc,benchmark://chstone-v0/aes,1,6,-loop-distribute,True,-0.379226,-15.818354,e92bf42339110121,e92bf42339110121,2575,2575,0.002287,0.002649,14779,14779,177,177,15,15,2575,2575,1510,1510,0,0,109,98,6,116,46,7,38,44,11,0,0,177,0,160,23,45,252,657,535,375,128,116,416,164,50,46,144,23,154,21,160,71,512,46,0,461,21,0,0,11,338,0,20,420,8,0,64,2,177,2575,1510,15,0,868,0,0,109,98,6,116,46,7,38,44,11,0,0,177,0,160,23,45,252,657,535,375,128,116,416,164,50,46,144,23,154,21,160,71,512,46,0,461,21,0,0,11,338,0,20,420,8,0,64,2,177,2575,1510,15,0,868,-0.379226
07ff7d157f09874cb5a233fc,benchmark://chstone-v0/aes,1,7,-indvars,True,-0.478983,-17.426078,e92bf42339110121,ad4d4a94a7d41c68,2575,2577,0.002287,0.002686,14779,14795,177,177,15,15,2575,2577,1510,1510,0,0,109,98,6,116,46,7,38,44,11,0,0,177,0,160,23,45,252,657,535,375,128,116,416,164,50,46,144,23,154,21,160,71,512,46,0,461,21,0,0,11,338,0,20,420,8,0,64,2,177,2575,1510,15,0,868,0,2,109,98,6,116,46,7,38,44,11,2,0,175,2,160,23,45,252,657,535,375,128,116,416,164,50,46,144,23,154,21,160,71,512,46,0,461,21,0,2,11,338,0,20,420,8,0,64,2,177,2577,1510,15,2,868,-0.478983
5782fe79fac7c3e48b23fc61,benchmark://chstone-v0/aes,2,0,-licm,True,-1.045979,14.217558,c4f4bd925c7edec5,0e3191a00b97acbe,2478,2504,0.003248,0.002786,15451,16507,160,160,15,15,2478,2504,1411,1388,2,42,92,81,6,99,46,7,38,44,11,44,0,116,44,143,23,44,235,696,531,390,122,99,400,164,47,46,144,22,138,21,143,71,508,46,0,366,12,0,46,11,331,0,16,420,5,0,64,2,160,2478,1411,15,121,766,7,55,92,81,6,99,46,7,38,44,11,61,1,98,62,143,23,44,235,696,531,390,122,99,400,164,47,46,144,20,140,21,143,71,508,46,0,385,12,0,95,11,331,0,16,378,5,0,64,2,160,2504,1388,15,194,785,-1.045979
5782fe79fac7c3e48b23fc61,benchmark://chstone-v0/aes,2,1,-loop-rotate,True,-0.361572,21.492308,c4f4bd925c7edec5,773441f2a5b6ae3f,2478,2499,0.003248,0.002550,15451,15563,160,164,15,15,2478,2499,1411,1413,2,42,92,81,6,99,46,7,38,44,11,44,0,116,44,143,23,44,235,696,531,390,122,99,400,164,47,46,144,22,138,21,143,71,508,46,0,366,12,0,46,11,331,0,16,420,5,0,64,2,160,2478,1411,15,121,766,2,44,85,78,5,92,57,8,45,55,11,46,0,118,46,147,23,73,250,709,531,398,125,92,402,164,48,46,144,25,139,21,147,71,508,57,0,368,13,0,48,11,331,0,16,420,5,0,64,2,164,2499,1413,15,124,768,-0.361572
5782fe79fac7c3e48b23fc61,benchmark://chstone-v0/aes,2,2,-loop-unroll,True,1.176629,37.842258,c4f4bd925c7edec5,21c48d3a380044df,2478,2578,0.003248,0.002019,15451,15763,160,172,15,15,2478,2578,1411,1477,2,42,92,81,6,99,46,7,38,44,11,44,0,116,44,143,23,44,235,696,531,390,122,99,400,164,47,46,144,22,138,21,143,71,508,46,0,366,12,0,46,11,331,0,16,420,5,0,64,2,160,2478,1411,15,121,766,2,42,107,90,9,108,43,7,35,44,11,44,0,128,44,152,27,44,244,710,559,410,125,108,405,164,47,46,144,21,151,21,152,75,530,43,0,382,16,0,46,11,344,0,16,444,9,0,68,2,172,2578,1477,15,118,795,1.176629
5782fe79fac7c3e48b23fc61,benchmark://chstone-v0/aes,2,3,-loop-vectorize,True,-0.571905,19.256628,c4f4bd925c7edec5,bd2a874b6d1680a6,2478,2479,0.003248,0.002622,15451,15467,160,160,15,15,2478,2479,1411,1411,2,42,92,81,6,99,46,7,38,44,11,44,0,116,44,143,23,44,235,696,531,390,122,99,400,164,47,46,144,22,138,21,143,71,508,46,0,366,12,0,46,11,331,0,16,420,5,0,64,2,160,2478,1411,15,121,766,2,43,92,81,6,99,46,7,38,44,11,45,0,115,45,143,23,44,235,696,531,390,122,99,400,164,47,46,144,22,138,21,143,71,508,46,0,366,12,0,47,11,331,0,16,420,5,0,64,2,160,2479,1411,15,122,766,-0.571905
5782fe79fac7c3e48b23fc61,benchmark://chstone-v0/aes,2,4,-loop-deletion,True,-1.376173,10.707844,c4f4bd925c7edec5,bd2a874b6d1680a6,2478,2479,0.003248,0.002900,15451,15467,160,160,15,15,2478,2479,1411,1411,2,42,92,81,6,99,46,7,38,44,11,44,0,116,44,143,23,44,235,696,531,390,122,99,400,164,47,46,144,22,138,21,143,71,508,46,0,366,12,0,46,11,331,0,16,420,5,0,64,2,160,2478,1411,15,121,766,2,43,92,81,6,99,46,7,38,44,11,45,0,115,45,143,23,44,235,696,531,390,122,99,400,164,47,46,144,22,138,21,143,71,508,46,0,366,12,0,47,11,331,0,16,420,5,0,64,2,160,2479,1411,15,122,766,-1.376173
5782fe79fac7c3e48b23fc61,benchmark://chstone-v0/aes,2,5,-loop-unswitch,True,1.199581,38.086226,c4f4bd925c7edec5,b3c490f233f784a4,2478,2479,0.003248,0.002011,15451,15515,160,160,15,15,2478,2479,1411,1411,2,42,92,81,6,99,46,7,38,44,11,44,0,116,44,143,23,44,235,696,531,390,122,99,400,164,47,46,144,22,138,21,143,71,508,46,0,366,12,0,46,11,331,0,16,420,5,0,64,2,160,2478,1411,15,121,766,2,43,92,81,6,99,46,7,38,44,11,45,0,115,45,143,23,44,235,696,531,390,122,99,400,164,47,46,144,22,138,21,143,71,508,46,0,366,12,0,47,11,331,0,16,420,5,0,64,2,160,2479,1411,15,122,766,1.199581
5782fe79fac7c3e48b23fc61,benchmark://chstone-v0/aes,2,6,-loop-distribute,True,1.280654,38.947969,c4f4bd925c7edec5,c4f4bd925c7edec5,2478,2478,0.003248,0.001983,15451,15451,160,160,15,15,2478,2478,1411,1411,2,42,92,81,6,99,46,7,38,44,11,44,0,116,44,143,23,44,235,696,531,390,122,99,400,164,47,46,144,22,138,21,143,71,508,46,0,366,12,0,46,11,331,0,16,420,5,0,64,2,160,2478,1411,15,121,766,2,42,92,81,6,99,46,7,38,44,11,44,0,116,44,143,23,44,235,696,531,390,122,99,400,164,47,46,144,22,138,21,143,71,508,46,0,366,12,0,46,11,331,0,16,420,5,0,64,2,160,2478,1411,15,121,766,1.280654
5782fe79fac7c3e48b23fc61,benchmark://chstone-v0/aes,2,7,-indvars,True,-0.301234,22.133654,c4f4bd925c7edec5,70d5c66fa8f2175a,2478,2481,0.003248,0.002529,15451,16219,160,160,15,15,2478,2481,1411,1411,2,42,92,81,6,99,46,7,38,44,11,44,0,116,44,143,23,44,235,696,531,390,122,99,400,164,47,46,144,22,138,21,143,71,508,46,0,366,12,0,46,11,331,0,16,420,5,0,64,2,160,2478,1411,15,121,766,2,43,92,81,6,99,46,7,38,44,11,45,0,115,45,143,23,44,235,633,594,390,122,99,400,164,47,46,144,22,138,21,143,71,508,46,0,366,12,0,47,11,306,0,16,420,5,24,64,5,160,2481,1411,15,122,768,-0.301234
d440a5cf4900a03819cd661f,benchmark://chstone-v0/blowfish,0,0,-licm,True,-0.447135,-20.600795,0defbc82134ff855,256904766dd6c79d,2134,2130,0.002433,0.002934,26845,29709,63,63,9,9,2134,2130,1360,1280,0,1,37,31,3,37,20,4,14,20,0,1,0,62,1,57,2,8,77,139,536,82,120,37,382,0,176,47,148,18,43,62,57,76,250,21,108,738,0,15,1,6,17,0,15,249,0,18,103,27,63,2134,1360,9,2,909,8,19,37,31,3,37,20,4,14,20,0,21,6,36,27,57,2,8,77,139,536,82,120,37,382,0,176,47,148,20,41,62,57,76,250,21,108,685,0,15,77,6,17,0,15,222,0,18,103,27,63,2130,1280,9,120,856,-0.447135
d440a5cf4900a03819cd661f,benchmark://chstone-v0/blowfish,0,1,-loop-rotate,True,-1.339124,-37.224060,0defbc82134ff855,b3a709cb488d9879,2134,2168,0.002433,0.003338,26845,27021,63,72,9,9,2134,2168,1360,1373,0,1,37,31,3,37,20,4,14,20,0,1,0,62,1,57,2,8,77,139,536,82,120,37,382,0,176,47,148,18,43,62,57,76,250,21,108,738,0,15,1,6,17,0,15,249,0,18,103,27,63,2134,1360,9,2,909,0,1,37,29,8,37,29,8,16,29,0,1,0,71,1,66,2,26,95,146,540,85,120,37,385,0,179,47,148,19,51,62,66,76,250,30,108,748,0,15,1,6,17,0,15,252,0,18,103,27,72,2168,1373,9,2,919,-1.339124
d440a5cf4900a03819cd661f,benchmark://chstone-v0/blowfish,0,2,-loop-unroll,True,1.648818,18.459737,0defbc82134ff855,8ac9aacb647dc416,2134,2134,0.002433,0.001984,26845,26845,63,63,9,9,2134,2134,1360,1360,0,1,37,31,3,37,20,4,14,20,0,1,0,62,1,57,2,8,77,139,536,82,120,37,382,0,176,47,148,18,43,62,57,76,250,21,108,738,0,15,1,6,17,0,15,249,0,18,103,27,63,2134,1360,9,2,909,0,1,37,31,3,37,20,4,14,20,0,1,0,62,1,57,2,8,77,139,536,82,120,37,382,0,176,47,148,18,43,62,57,76,250,21,108,738,0,15,1,6,17,0,15,249,0,18,103,27,63,2134,1360,9,2,909,1.648818
d440a5cf4900a03819cd661f,benchmark://chstone-v0/blowfish,0,3,-loop-vectorize,True,-1.033802,-31.534022,0defbc82134ff855,8ac9aacb647dc416,2134,2134,0.002433,0.003200,26845,26845,63,63,9,9,2134,2134,1360,1360,0,1,37,31,3,37,20,4,14,20,0,1,0,62,1,57,2,8,77,139,536,82,120,37,382,0,176,47,148,18,43,62,57,76,250,21,108,738,0,15,1,6,17,0,15,249,0,18,103,27,63,2134,1360,9,2,909,0,1,37,31,3,37,20,4,14,20,0,1,0,62,1,57,2,8,77,139,536,82,120,37,382,0,176,47,148,18,43,62,57,76,250,21,108,738,0,15,1,6,17,0,15,249,0,18,103,27,63,2134,1360,9,2,909,-1.033802
d440a5cf4900a03819cd661f,benchmark://chstone-v0/blowfish,0,4,-loop-deletion,True,1.194693,9.996577,0defbc82134ff855,8ac9aacb647dc416,2134,2134,0.002433,0.002189,26845,26845,63,63,9,9,2134,2134,1360,1360,0,1,37,31,3,37,20,4,14,20,0,1,0,62,1,57,2,8,77,139,536,82,120,37,382,0,176,47,148,18,43,62,57,76,250,21,108,738,0,15,1,6,17,0,15,249,0,18,103,27,63,2134,1360,9,2,909,0,1,37,31,3,37,20,4,14,20,0,1,0,62,1,57,2,8,77,139,536,82,120,37,382,0,176,47,148,18,43,62,57,76,250,21,108,738,0,15,1,6,17,0,15,249,0,18,103,27,63,2134,1360,9,2,909,1.194693
d440a5cf4900a03819cd661f,benchmark://chstone-v0/blowfish,0,5,-loop-unswitch,True,-0.375889,-19.273037,0defbc82134ff855,8ac9aacb647dc416,2134,2134,0.002433,0.002902,26845,26845,63,63,9,9,2134,2134,1360,1360,0,1,37,31,3,37,20,4,14,20,0,1,0,62,1,57,2,8,77,139,536,82,120,37,382,0,176,47,148,18,43,62,57,76,250,21,108,738,0,15,1,6,17,0,15,249,0,18,103,27,63,2134,1360,9,2,909,0,1,37,31,3,37,20,4,14,20,0,1,0,62,1,57,2,8,77,139,536,82,120,37,382,0,176,47,148,18,43,62,57,76,250,21,108,738,0,15,1,6,17,0,15,249,0,18,103,27,63,2134,1360,9,2,909,-0.375889
d440a5cf4900a03819cd661f,benchmark://chstone-v0/blowfish,0,6,-loop-distribute,True,0.718796,1.127686,0defbc82134ff855,8ac9aacb647dc416,2134,2134,0.002433,0.002405,26845,26845,63,63,9,9,2134,2134,1360,1360,0,1,37,31,3,37,20,4,14,20,0,1,0,62,1,57,2,8,77,139,536,82,120,37,382,0,176,47,148,18,43,62,57,76,250,21,108,738,0,15,1,6,17,0,15,249,0,18,103,27,63,2134,1360,9,2,909,0,1,37,31,3,37,20,4,14,20,0,1,0,62,1,57,2,8,77,139,536,82,120,37,382,0,176,47,148,18,43,62,57,76,250,21,108,738,0,15,1,6,17,0,15,249,0,18,103,27,63,2134,1360,9,2,909,0.718796
d440a5cf4900a03819cd661f,benchmark://chstone-v0/blowfish,0,7,-indvars,True,-0.366357,-19.095401,0defbc82134ff855,8ac9aacb647dc416,2134,2134,0.002433,0.002897,26845,26845,63,63,9,9,2134,2134,1360,1360,0,1,37,31,3,37,20,4,14,20,0,1,0,62,1,57,2,8,77,139,536,82,120,37,382,0,176,47,148,18,43,62,57,76,250,21,108,738,0,15,1,6,17,0,15,249,0,18,103,27,63,2134,1360,9,2,909,0,1,37,31,3,37,20,4,14,20,0,1,0,62,1,57,2,8,77,139,536,82,120,37,382,0,176,47,148,18,43,62,57,76,250,21,108,738,0,15,1,6,17,0,15,249,0,18,103,27,63,2134,1360,9,2,909,-0.366357
102f1f233d500b49ae96eab5,benchmark://chstone-v0/blowfish,1,0,-licm,True,0.041693,6.174807,879653d0a8ed7cc6,21f1517995634d2e,1578,1623,0.002318,0.002175,26471,28887,63,63,10,10,1578,1623,836,799,0,1,37,31,3,37,20,4,14,20,0,1,0,62,1,57,2,8,77,140,471,58,114,37,382,0,176,47,148,13,50,33,57,78,198,21,108,268,0,15,1,6,14,0,15,245,0,18,103,27,63,1578,836,10,2,407,10,17,37,31,3,37,20,4,14,20,0,21,6,36,27,57,2,8,77,140,471,58,114,37,382,0,176,47,148,15,48,33,57,78,198,21,108,260,0,15,83,6,14,0,15,216,0,18,103,27,63,1623,799,10,130,399,0.041693
102f1f233d500b49ae96eab5,benchmark://chstone-v0/blowfish,1,1,-loop-rotate,True,0.824481,14.777228,879653d0a8ed7cc6,bd98bbfbd261311e,1578,1616,0.002318,0.001976,26471,26847,63,72,10,10,1578,1616,836,848,0,1,37,31,3,37,20,4,14,20,0,1,0,62,1,57,2,8,77,140,471,58,114,37,382,0,176,47,148,13,50,33,57,78,198,21,108,268,0,15,1,6,14,0,15,245,0,18,103,27,63,1578,836,10,2,407,0,6,37,29,8,37,29,8,16,29,0,6,0,66,6,66,2,26,95,147,475,61,114,37,385,0,179,47,148,13,59,33,66,78,198,30,108,277,0,15,6,6,14,0,15,248,0,18,103,27,72,1616,848,10,12,416,0.824481
102f1f233d500b49ae96eab5,benchmark://chstone-v0/blowfish,1,2,-loop-unroll,True,-0.277347,2.668728,879653d0a8ed7cc6,879653d0a8ed7cc6,1578,1578,0.002318,0.002256,26471,26471,63,63,10,10,1578,1578,836,836,0,1,37,31,3,37,20,4,14,20,0,1,0,62,1,57,2,8,77,140,471,58,114,37,382,0,176,47,148,13,50,33,57,78,198,21,108,268,0,15,1,6,14,0,15,245,0,18,103,27,63,1578,836,10,2,407,0,1,37,31,3,37,20,4,14,20,0,1,0,62,1,57,2,8,77,140,471,58,114,37,382,0,176,47,148,13,50,33,57,78,198,21,108,268,0,15,1,6,14,0,15,245,0,18,103,27,63,1578,836,10,2,407,-0.277347
102f1f233d500b49ae96eab5,benchmark://chstone-v0/blowfish,1,3,-loop-vectorize,True,0.244509,8.403648,879653d0a8ed7cc6,879653d0a8ed7cc6,1578,1578,0.002318,0.002123,26471,26471,63,63,10,10,1578,1578,836,836,0,1,37,31,3,37,20,4,14,20,0,1,0,62,1,57,2,8,77,140,471,58,114,37,382,0,176,47,148,13,50,33,57,78,198,21,108,268,0,15,1,6,14,0,15,245,0,18,103,27,63,1578,836,10,2,407,0,1,37,31,3,37,20,4,14,20,0,1,0,62,1,57,2,8,77,140,471,58,114,37,382,0,176,47,148,13,50,33,57,78,198,21,108,268,0,15,1,6,14,0,15,245,0,18,103,27,63,1578,836,10,2,407,0.244509
102f1f233d500b49ae96eab5,benchmark://chstone-v0/blowfish,1,4,-loop-deletion,True,-2.480606,-21.543935,879653d0a8ed7cc6,879653d0a8ed7cc6,1578,1578,0.002318,0.002818,26471,26471,63,63,10,10,1578,1578,836,836,0,1,37,31,3,37,20,4,14,20,0,1,0,62,1,57,2,8,77,140,471,58,114,37,382,0,176,47,148,13,50,33,57,78,198,21,108,268,0,15,1,6,14,0,15,245,0,18,103,27,63,1578,836,10,2,407,0,1,37,31,3,37,20,4,14,20,0,1,0,62,1,57,2,8,77,140,471,58,114,37,382,0,176,47,148,13,50,33,57,78,198,21,108,268,0,15,1,6,14,0,15,245,0,18,103,27,63,1578,836,10,2,407,-2.480606
102f1f233d500b49ae96eab5,benchmark://chstone-v0/blowfish,1,5,-loop-unswitch,True,0.834599,14.888425,879653d0a8ed7cc6,879653d0a8ed7cc6,1578,1578,0.002318,0.001973,26471,26471,63,63,10,10,1578,1578,836,836,0,1,37,31,3,37,20,4,14,20,0,1,0,62,1,57,2,8,77,140,471,58,114,37,382,0,176,47,148,13,50,33,57,78,198,21,108,268,0,15,1,6,14,0,15,245,0,18,103,27,63,1578,836,10,2,407,0,1,37,31,3,37,20,4,14,20,0,1,0,62,1,57,2,8,77,140,471,58,114,37,382,0,176,47,148,13,50,33,57,78,198,21,108,268,0,15,1,6,14,0,15,245,0,18,103,27,63,1578,836,10,2,407,0.834599
102f1f233d500b49ae96eab5,benchmark://chstone-v0/blowfish,1,6,-loop-distribute,True,0.434677,10.493493,879653d0a8ed7cc6,879653d0a8ed7cc6,1578,1578,0.002318,0.002075,26471,26471,63,63,10,10,1578,1578,836,836,0,1,37,31,3,37,20,4,14,20,0,1,0,62,1,57,2,8,77,140,471,58,114,37,382,0,176,47,148,13,50,33,57,78,198,21,108,268,0,15,1,6,14,0,15,245,0,18,103,27,63,1578,836,10,2,407,0,1,37,31,3,37,20,4,14,20,0,1,0,62,1,57,2,8,77,140,471,58,114,37,382,0,176,47,148,13,50,33,57,78,198,21,108,268,0,15,1,6,14,0,15,245,0,18,103,27,63,1578,836,10,2,407,0.434677
102f1f233d500b49ae96eab5,benchmark://chstone-v0/blowfish,1,7,-indvars,True,0.377994,9.870581,879653d0a8ed7cc6,879653d0a8ed7cc6,1578,1578,0.002318,0.002089,26471,26471,63,63,10,10,1578,1578,836,836,0,1,37,31,3,37,20,4,14,20,0,1,0,62,1,57,2,8,77,140,471,58,114,37,382,0,176,47,148,13,50,33,57,78,198,21,108,268,0,15,1,6,14,0,15,245,0,18,103,27,63,1578,836,10,2,407,0,1,37,31,3,37,20,4,14,20,0,1,0,62,1,57,2,8,77,140,471,58,114,37,382,0,176,47,148,13,50,33,57,78,198,21,108,268,0,15,1,6,14,0,15,245,0,18,103,27,63,1578,836,10,2,407,0.377994
dba1853e400456f11ce957b0,benchmark://chstone-v0/blowfish,2,0,-licm,True,0.889130,0.702181,f461f12b154311b8,5e34ba5c413d0356,1243,1252,0.002121,0.002106,25764,25932,50,56,10,10,1243,1252,462,460,9,16,25,19,3,25,19,4,13,19,0,15,10,25,25,44,2,13,63,96,412,55,60,25,382,0,176,7,148,8,42,9,44,26,188,21,108,204,0,15,76,6,14,1,15,37,0,18,103,27,50,1243,462,10,136,279,9,19,31,25,3,31,19,4,13,19,0,18,10,28,28,50,2,7,69,94,412,55,58,31,382,0,176,7,148,8,48,9,50,26,186,21,108,204,0,15,81,6,14,1,15,37,0,18,103,27,56,1252,460,10,140,279,0.889130
dba1853e400456f11ce957b0,benchmark://chstone-v0/blowfish,2,1,-loop-rotate,True,0.625826,-4.943373,f461f12b154311b8,15a6c93324eb4199,1243,1268,0.002121,0.002226,25764,25972,50,56,10,10,1243,1268,462,462,9,16,25,19,3,25,19,4,13,19,0,15,10,25,25,44,2,13,63,96,412,55,60,25,382,0,176,7,148,8,42,9,44,26,188,21,108,204,0,15,76,6,14,1,15,37,0,18,103,27,50,1243,462,10,136,279,11,22,26,22,2,26,24,3,18,24,0,23,10,23,33,50,2,22,74,99,416,59,61,26,385,0,179,7,148,9,47,9,50,26,188,26,108,204,0,15,86,6,14,2,15,37,0,18,103,27,56,1268,462,10,149,279,0.625826
dba1853e400456f11ce957b0,benchmark://chstone-v0/blowfish,2,2,-loop-unroll,True,-1.747133,-55.822395,f461f12b154311b8,7879631ae2caa346,1243,1335,0.002121,0.003305,25764,26388,50,73,10,10,1243,1335,462,537,9,16,25,19,3,25,19,4,13,19,0,15,10,25,25,44,2,13,63,96,412,55,60,25,382,0,176,7,148,8,42,9,44,26,188,21,108,204,0,15,76,6,14,1,15,37,0,18,103,27,50,1243,462,10,136,279,9,17,50,40,5,46,17,4,11,19,0,15,11,47,26,65,2,7,84,98,446,87,69,46,379,0,173,7,148,8,65,9,65,35,202,19,108,222,0,15,78,6,11,1,15,71,0,18,103,27,73,1335,537,10,133,294,-1.747133
dba1853e400456f11ce957b0,benchmark://chstone-v0/blowfish,2,3,-loop-vectorize,True,-0.791623,-35.335128,f461f12b154311b8,aab6e4d91cf6e649,1243,1255,0.002121,0.002870,25764,25932,50,56,10,10,1243,1255,462,462,9,16,25,19,3,25,19,4,13,19,0,15,10,25,25,44,2,13,63,96,412,55,60,25,382,0,176,7,148,8,42,9,44,26,188,21,108,204,0,15,76,6,14,1,15,37,0,18,103,27,50,1243,462,10,136,279,9,19,31,25,3,31,19,4,13,19,0,17,11,28,28,50,2,7,69,96,412,55,60,31,382,0,176,7,148,8,48,9,50,26,188,21,108,204,0,15,82,6,14,1,15,37,0,18,103,27,56,1255,462,10,141,279,-0.791623
dba1853e400456f11ce957b0,benchmark://chstone-v0/blowfish,2,4,-loop-deletion,True,0.857503,0.024065,f461f12b154311b8,f9e6265fc1903b60,1243,1255,0.002121,0.002120,25764,25932,50,56,10,10,1243,1255,462,462,9,16,25,19,3,25,19,4,13,19,0,15,10,25,25,44,2,13,63,96,412,55,60,25,382,0,176,7,148,8,42,9,44,26,188,21,108,204,0,15,76,6,14,1,15,37,0,18,103,27,50,1243,462,10,136,279,9,19,31,25,3,31,19,4,13,19,0,17,11,28,28,50,2,7,69,96,412,55,60,31,382,0,176,7,148,8,48,9,50,26,188,21,108,204,0,15,82,6,14,1,15,37,0,18,103,27,56,1255,462,10,141,279,0.857503
dba1853e400456f11ce957b0,benchmark://chstone-v0/blowfish,2,5,-loop-unswitch,True,1.282706,9.140915,f461f12b154311b8,f9e6265fc1903b60,1243,1255,0.002121,0.001927,25764,25932,50,56,10,10,1243,1255,462,462,9,16,25,19,3,25,19,4,13,19,0,15,10,25,25,44,2,13,63,96,412,55,60,25,382,0,176,7,148,8,42,9,44,26,188,21,108,204,0,15,76,6,14,1,15,37,0,18,103,27,50,1243,462,10,136,279,9,19,31,25,3,31,19,4,13,19,0,17,11,28,28,50,2,7,69,96,412,55,60,31,382,0,176,7,148,8,48,9,50,26,188,21,108,204,0,15,82,6,14,1,15,37,0,18,103,27,56,1255,462,10,141,279,1.282706
dba1853e400456f11ce957b0,benchmark://chstone-v0/blowfish,2,6,-loop-distribute,True,-0.298570,-24.763502,f461f12b154311b8,f461f12b154311b8,1243,1243,0.002121,0.002646,25764,25764,50,50,10,10,1243,1243,462,462,9,16,25,19,3,25,19,4,13,19,0,15,10,25,25,44,2,13,63,96,412,55,60,25,382,0,176,7,148,8,42,9,44,26,188,21,108,204,0,15,76,6,14,1,15,37,0,18,103,27,50,1243,462,10,136,279,9,16,25,19,3,25,19,4,13,19,0,15,10,25,25,44,2,13,63,96,412,55,60,25,382,0,176,7,148,8,42,9,44,26,188,21,108,204,0,15,76,6,14,1,15,37,0,18,103,27,50,1243,462,10,136,279,-0.298570
dba1853e400456f11ce957b0,benchmark://chstone-v0/blowfish,2,7,-indvars,True,-0.817838,-35.897224,f461f12b154311b8,fd1fde430012c89c,1243,1252,0.002121,0.002882,25764,26212,50,56,10,10,1243,1252,462,462,9,16,25,19,3,25,19,4,13,19,0,15,10,25,25,44,2,13,63,96,412,55,60,25,382,0,176,7,148,8,42,9,44,26,188,21,108,204,0,15,76,6,14,1,15,37,0,18,103,27,50,1243,462,10,136,279,8,20,31,25,3,31,19,4,13,19,0,18,10,28,28,50,2,7,69,78,434,55,62,31,386,0,180,7,148,8,48,9,50,26,188,21,108,204,0,15,77,6,7,1,15,37,0,23,103,27,56,1252,462,10,133,277,-0.817838
8ffd464c35fffa55bcb09930,benchmark://chstone-v0/dfadd,0,0,-licm,True,0.467073,3.537490,a9d37477c6ada4cd,0cfb072179d294a9,991,992,0.002329,0.002246,6398,6606,143,143,21,21,991,992,596,589,0,4,87,53,33,74,35,19,9,51,3,4,0,139,4,125,36,19,176,185,127,64,109,74,55,0,23,75,9,13,130,72,125,116,7,60,8,238,0,15,4,18,14,0,12,160,11,6,4,14,143,991,596,21,8,419,1,5,87,53,33,74,35,19,9,51,3,4,2,137,6,125,36,19,176,185,127,64,109,74,55,0,23,75,9,14,129,72,125,116,7,60,8,231,0,15,12,18,14,0,12,160,11,6,4,14,143,992,589,21,20,412,0.467073
8ffd464c35fffa55bcb09930,benchmark://chstone-v0/dfadd,0,1,-loop-rotate,True,-0.963543,-26.896938,a9d37477c6ada4cd,8b2209cc152b35e1,991,994,0.002329,0.002955,6398,6414,143,144,21,21,991,994,596,597,0,4,87,53,33,74,35,19,9,51,3,4,0,139,4,125,36,19,176,185,127,64,109,74,55,0,23,75,9,13,130,72,125,116,7,60,8,238,0,15,4,18,14,0,12,160,11,6,4,14,143,991,596,21,8,419,0,4,87,53,34,74,36,20,8,52,3,4,0,140,4,126,36,21,178,186,127,64,109,74,55,0,23,75,9,13,131,72,126,116,7,61,8,239,0,15,4,18,14,0,12,160,11,6,4,14,144,994,597,21,8,420,-0.963543
8ffd464c35fffa55bcb09930,benchmark://chstone-v0/dfadd,0,2,-loop-unroll,True,0.761568,9.802482,a9d37477c6ada4cd,91381bfae0af315e,991,991,0.002329,0.002101,6398,6398,143,143,21,21,991,991,596,596,0,4,87,53,33,74,35,19,9,51,3,4,0,139,4,125,36,19,176,185,127,64,109,74,55,0,23,75,9,13,130,72,125,116,7,60,8,238,0,15,4,18,14,0,12,160,11,6,4,14,143,991,596,21,8,419,0,4,87,53,33,74,35,19,9,51,3,4,0,139,4,125,36,19,176,185,127,64,109,74,55,0,23,75,9,13,130,72,125,116,7,60,8,238,0,15,4,18,14,0,12,160,11,6,4,14,143,991,596,21,8,419,0.761568
8ffd464c35fffa55bcb09930,benchmark://chstone-v0/dfadd,0,3,-loop-vectorize,True,-1.140107,-30.653102,a9d37477c6ada4cd,91381bfae0af315e,991,991,0.002329,0.003043,6398,6398,143,143,21,21,991,991,596,596,0,4,87,53,33,74,35,19,9,51,3,4,0,139,4,125,36,19,176,185,127,64,109,74,55,0,23,75,9,13,130,72,125,116,7,60,8,238,0,15,4,18,14,0,12,160,11,6,4,14,143,991,596,21,8,419,0,4,87,53,33,74,35,19,9,51,3,4,0,139,4,125,36,19,176,185,127,64,109,74,55,0,23,75,9,13,130,72,125,116,7,60,8,238,0,15,4,18,14,0,12,160,11,6,4,14,143,991,596,21,8,419,-1.140107
8ffd464c35fffa55bcb09930,benchmark://chstone-v0/dfadd,0,4,-loop-deletion,True,0.537718,5.040371,a9d37477c6ada4cd,91381bfae0af315e,991,991,0.002329,0.002211,6398,6398,143,143,21,21,991,991,596,596,0,4,87,53,33,74,35,19,9,51,3,4,0,139,4,125,36,19,176,185,127,64,109,74,55,0,23,75,9,13,130,72,125,116,7,60,8,238,0,15,4,18,14,0,12,160,11,6,4,14,143,991,596,21,8,419,0,4,87,53,33,74,35,19,9,51,3,4,0,139,4,125,36,19,176,185,127,64,109,74,55,0,23,75,9,13,130,72,125,116,7,60,8,238,0,15,4,18,14,0,12,160,11,6,4,14,143,991,596,21,8,419,0.537718
8ffd464c35fffa55bcb09930,benchmark://chstone-v0/dfadd,0,5,-loop-unswitch,True,0.822314,11.094768,a9d37477c6ada4cd,91381bfae0af315e,991,991,0.002329,0.002070,6398,6398,143,143,21,21,991,991,596,596,0,4,87,53,33,74,35,19,9,51,3,4,0,139,4,125,36,19,176,185,127,64,109,74,55,0,23,75,9,13,130,72,125,116,7,60,8,238,0,15,4,18,14,0,12,160,11,6,4,14,143,991,596,21,8,419,0,4,87,53,33,74,35,19,9,51,3,4,0,139,4,125,36,19,176,185,127,64,109,74,55,0,23,75,9,13,130,72,125,116,7,60,8,238,0,15,4,18,14,0,12,160,11,6,4,14,143,991,596,21,8,419,0.822314
8ffd464c35fffa55bcb09930,benchmark://chstone-v0/dfadd,0,6,-loop-distribute,True,1.152234,18.113360,a9d37477c6ada4cd,91381bfae0af315e,991,991,0.002329,0.001907,6398,6398,143,143,21,21,991,991,596,596,0,4,87,53,33,74,35,19,9,51,3,4,0,139,4,125,36,19,176,185,127,64,109,74,55,0,23,75,9,13,130,72,125,116,7,60,8,238,0,15,4,18,14,0,12,160,11,6,4,14,143,991,596,21,8,419,0,4,87,53,33,74,35,19,9,51,3,4,0,139,4,125,36,19,176,185,127,64,109,74,55,0,23,75,9,13,130,72,125,116,7,60,8,238,0,15,4,18,14,0,12,160,11,6,4,14,143,991,596,21,8,419,1.152234
8ffd464c35fffa55bcb09930,benchmark://chstone-v0/dfadd,0,7,-indvars,True,-1.637258,-41.229339,a9d37477c6ada4cd,91381bfae0af315e,991,991,0.002329,0.003289,6398,6398,143,143,21,21,991,991,596,596,0,4,87,53,33,74,35,19,9,51,3,4,0,139,4,125,36,19,176,185,127,64,109,74,55,0,23,75,9,13,130,72,125,116,7,60,8,238,0,15,4,18,14,0,12,160,11,6,4,14,143,991,596,21,8,419,0,4,87,53,33,74,35,19,9,51,3,4,0,139,4,125,36,19,176,185,127,64,109,74,55,0,23,75,9,13,130,72,125,116,7,60,8,238,0,15,4,18,14,0,12,160,11,6,4,14,143,991,596,21,8,419,-1.637258
2b23be5dd538173340763e40,benchmark://chstone-v0/dfadd,1,0,-licm,True,-0.023464,7.405786,5a0b70a5b9871a35,c6c41fe0eb111385,763,773,0.002506,0.002320,7283,7491,143,143,21,21,763,773,414,416,0,4,87,53,33,74,35,19,9,51,3,4,0,139,4,125,36,19,176,182,124,59,109,74,52,0,19,75,9,9,134,37,125,116,4,58,8,59,0,15,4,18,9,0,12,160,11,6,4,14,143,763,414,21,8,200,1,5,87,53,33,74,35,19,9,51,3,4,2,137,6,125,36,19,176,182,124,59,109,74,52,0,19,75,9,10,133,37,125,116,4,58,8,61,0,15,12,18,9,0,12,160,11,6,4,14,143,773,416,21,20,202,-0.023464
2b23be5dd538173340763e40,benchmark://chstone-v0/dfadd,1,1,-loop-rotate,True,1.038432,29.048756,5a0b70a5b9871a35,b540cfa0fe5e5e4c,763,767,0.002506,0.001778,7283,7315,143,144,21,21,763,767,414,415,0,4,87,53,33,74,35,19,9,51,3,4,0,139,4,125,36,19,176,182,124,59,109,74,52,0,19,75,9,9,134,37,125,116,4,58,8,59,0,15,4,18,9,0,12,160,11,6,4,14,143,763,414,21,8,200,0,5,87,53,34,74,36,20,8,52,3,5,0,139,5,126,36,21,178,183,124,59,109,74,52,0,19,75,9,9,135,37,126,116,4,59,8,60,0,15,5,18,9,0,12,160,11,6,4,14,144,767,415,21,10,201,1.038432
2b23be5dd538173340763e40,benchmark://chstone-v0/dfadd,1,2,-loop-unroll,True,-1.302843,-18.669788,5a0b70a5b9871a35,5a0b70a5b9871a35,763,763,0.002506,0.002974,7283,7283,143,143,21,21,763,763,414,414,0,4,87,53,33,74,35,19,9,51,3,4,0,139,4,125,36,19,176,182,124,59,109,74,52,0,19,75,9,9,134,37,125,116,4,58,8,59,0,15,4,18,9,0,12,160,11,6,4,14,143,763,414,21,8,200,0,4,87,53,33,74,35,19,9,51,3,4,0,139,4,125,36,19,176,182,124,59,109,74,52,0,19,75,9,9,134,37,125,116,4,58,8,59,0,15,4,18,9,0,12,160,11,6,4,14,143,763,414,21,8,200,-1.302843
2b23be5dd538173340763e40,benchmark://chstone-v0/dfadd,1,3,-loop-vectorize,True,1.067956,29.650499,5a0b70a5b9871a35,5a0b70a5b9871a35,763,763,0.002506,0.001763,7283,7283,143,143,21,21,763,763,414,414,0,4,87,53,33,74,35,19,9,51,3,4,0,139,4,125,36,19,176,182,124,59,109,74,52,0,19,75,9,9,134,37,125,116,4,58,8,59,0,15,4,18,9,0,12,160,11,6,4,14,143,763,414,21,8,200,0,4,87,53,33,74,35,19,9,51,3,4,0,139,4,125,36,19,176,182,124,59,109,74,52,0,19,75,9,9,134,37,125,116,4,58,8,59,0,15,4,18,9,0,12,160,11,6,4,14,143,763,414,21,8,200,1.067956
2b23be5dd538173340763e40,benchmark://chstone-v0/dfadd,1,4,-loop-deletion,True,-1.836869,-29.554012,5a0b70a5b9871a35,5a0b70a5b9871a35,763,763,0.002506,0.003246,7283,7283,143,143,21,21,763,763,414,414,0,4,87,53,33,74,35,19,9,51,3,4,0,139,4,125,36,19,176,182,124,59,109,74,52,0,19,75,9,9,134,37,125,116,4,58,8,59,0,15,4,18,9,0,12,160,11,6,4,14,143,763,414,21,8,200,0,4,87,53,33,74,35,19,9,51,3,4,0,139,4,125,36,19,176,182,124,59,109,74,52,0,19,75,9,9,134,37,125,116,4,58,8,59,0,15,4,18,9,0,12,160,11,6,4,14,143,763,414,21,8,200,-1.836869
2b23be5dd538173340763e40,benchmark://chstone-v0/dfadd,1,5,-loop-unswitch,True,0.769995,23.577616,5a0b70a5b9871a35,5a0b70a5b9871a35,763,763,0.002506,0.001915,7283,7283,143,143,21,21,763,763,414,414,0,4,87,53,33,74,35,19,9,51,3,4,0,139,4,125,36,19,176,182,124,59,109,74,52,0,19,75,9,9,134,37,125,116,4,58,8,59,0,15,4,18,9,0,12,160,11,6,4,14,143,763,414,21,8,200,0,4,87,53,33,74,35,19,9,51,3,4,0,139,4,125,36,19,176,182,124,59,109,74,52,0,19,75,9,9,134,37,125,116,4,58,8,59,0,15,4,18,9,0,12,160,11,6,4,14,143,763,414,21,8,200,0.769995
2b23be5dd538173340763e40,benchmark://chstone-v0/dfadd,1,6,-loop-distribute,True,-0.050344,6.857936,5a0b70a5b9871a35,5a0b70a5b9871a35,763,763,0.002506,0.002334,7283,7283,143,143,21,21,763,763,414,414,0,4,87,53,33,74,35,19,9,51,3,4,0,139,4,125,36,19,176,182,124,59,109,74,52,0,19,75,9,9,134,37,125,116,4,58,8,59,0,15,4,18,9,0,12,160,11,6,4,14,143,763,414,21,8,200,0,4,87,53,33,74,35,19,9,51,3,4,0,139,4,125,36,19,176,182,124,59,109,74,52,0,19,75,9,9,134,37,125,116,4,58,8,59,0,15,4,18,9,0,12,160,11,6,4,14,143,763,414,21,8,200,-0.050344
2b23be5dd538173340763e40,benchmark://chstone-v0/dfadd,1,7,-indvars,True,0.337138,14.755374,5a0b70a5b9871a35,5a0b70a5b9871a35,763,763,0.002506,0.002136,7283,7283,143,143,21,21,763,763,414,414,0,4,87,53,33,74,35,19,9,51,3,4,0,139,4,125,36,19,176,182,124,59,109,74,52,0,19,75,9,9,134,37,125,116,4,58,8,59,0,15,4,18,9,0,12,160,11,6,4,14,143,763,414,21,8,200,0,4,87,53,33,74,35,19,9,51,3,4,0,139,4,125,36,19,176,182,124,59,109,74,52,0,19,75,9,9,134,37,125,116,4,58,8,59,0,15,4,18,9,0,12,160,11,6,4,14,143,763,414,21,8,200,0.337138
4ac470292417feffab12e62d,benchmark://chstone-v0/dfadd,2,0,-licm,True,0.379671,-12.053834,e77530fd7fab6932,e77530fd7fab6932,778,778,0.001969,0.002207,8610,8610,140,140,21,21,778,778,375,375,6,28,84,50,33,71,35,19,9,51,3,32,2,106,34,122,36,18,173,198,125,68,111,71,52,0,19,75,9,10,130,37,122,116,4,58,8,20,2,15,61,18,9,0,10,160,11,6,4,14,140,778,375,21,129,161,6,28,84,50,33,71,35,19,9,51,3,32,2,106,34,122,36,18,173,198,125,68,111,71,52,0,19,75,9,10,130,37,122,116,4,58,8,20,2,15,61,18,9,0,10,160,11,6,4,14,140,778,375,21,129,161,0.379671
4ac470292417feffab12e62d,benchmark://chstone-v0/dfadd,2,1,-loop-rotate,True,0.611802,-7.872542,e77530fd7fab6932,fcbbd6263343a3ec,778,773,0.001969,0.002124,8610,8498,140,139,21,21,778,773,375,375,6,28,84,50,33,71,35,19,9,51,3,32,2,106,34,122,36,18,173,198,125,68,111,71,52,0,19,75,9,10,130,37,122,116,4,58,8,20,2,15,61,18,9,0,10,160,11,6,4,14,140,778,375,21,129,161,5,29,83,49,33,70,35,19,9,51,3,33,1,105,34,121,36,19,172,198,125,68,111,70,52,0,19,75,9,10,129,37,121,116,4,58,8,20,2,15,57,18,9,0,10,160,11,6,4,14,139,773,375,21,121,161,0.611802
4ac470292417feffab12e62d,benchmark://chstone-v0/dfadd,2,2,-loop-unroll,True,0.018401,-18.561239,e77530fd7fab6932,e77530fd7fab6932,778,778,0.001969,0.002335,8610,8610,140,140,21,21,778,778,375,375,6,28,84,50,33,71,35,19,9,51,3,32,2,106,34,122,36,18,173,198,125,68,111,71,52,0,19,75,9,10,130,37,122,116,4,58,8,20,2,15,61,18,9,0,10,160,11,6,4,14,140,778,375,21,129,161,6,28,84,50,33,71,35,19,9,51,3,32,2,106,34,122,36,18,173,198,125,68,111,71,52,0,19,75,9,10,130,37,122,116,4,58,8,20,2,15,61,18,9,0,10,160,11,6,4,14,140,778,375,21,129,161,0.018401
4ac470292417feffab12e62d,benchmark://chstone-v0/dfadd,2,3,-loop-vectorize,True,-1.099750,-38.702037,e77530fd7fab6932,e77530fd7fab6932,778,778,0.001969,0.002731,8610,8610,140,140,21,21,778,778,375,375,6,28,84,50,33,71,35,19,9,51,3,32,2,106,34,122,36,18,173,198,125,68,111,71,52,0,19,75,9,10,130,37,122,116,4,58,8,20,2,15,61,18,9,0,10,160,11,6,4,14,140,778,375,21,129,161,6,28,84,50,33,71,35,19,9,51,3,32,2,106,34,122,36,18,173,198,125,68,111,71,52,0,19,75,9,10,130,37,122,116,4,58,8,20,2,15,61,18,9,0,10,160,11,6,4,14,140,778,375,21,129,161,-1.099750
4ac470292417feffab12e62d,benchmark://chstone-v0/dfadd,2,4,-loop-deletion,True,1.130870,1.477219,e77530fd7fab6932,e77530fd7fab6932,778,778,0.001969,0.001940,8610,8610,140,140,21,21,778,778,375,375,6,28,84,50,33,71,35,19,9,51,3,32,2,106,34,122,36,18,173,198,125,68,111,71,52,0,19,75,9,10,130,37,122,116,4,58,8,20,2,15,61,18,9,0,10,160,11,6,4,14,140,778,375,21,129,161,6,28,84,50,33,71,35,19,9,51,3,32,2,106,34,122,36,18,173,198,125,68,111,71,52,0,19,75,9,10,130,37,122,116,4,58,8,20,2,15,61,18,9,0,10,160,11,6,4,14,140,778,375,21,129,161,1.130870
4ac470292417feffab12e62d,benchmark://chstone-v0/dfadd,2,5,-loop-unswitch,True,0.492132,-10.028120,e77530fd7fab6932,e77530fd7fab6932,778,778,0.001969,0.002167,8610,8610,140,140,21,21,778,778,375,375,6,28,84,50,33,71,35,19,9,51,3,32,2,106,34,122,36,18,173,198,125,68,111,71,52,0,19,75,9,10,130,37,122,116,4,58,8,20,2,15,61,18,9,0,10,160,11,6,4,14,140,778,375,21,129,161,6,28,84,50,33,71,35,19,9,51,3,32,2,106,34,122,36,18,173,198,125,68,111,71,52,0,19,75,9,10,130,37,122,116,4,58,8,20,2,15,61,18,9,0,10,160,11,6,4,14,140,778,375,21,129,161,0.492132
4ac470292417feffab12e62d,benchmark://chstone-v0/dfadd,2,6,-loop-distribute,True,0.570498,-8.616543,e77530fd7fab6932,e77530fd7fab6932,778,778,0.001969,0.002139,8610,8610,140,140,21,21,778,778,375,375,6,28,84,50,33,71,35,19,9,51,3,32,2,106,34,122,36,18,173,198,125,68,111,71,52,0,19,75,9,10,130,37,122,116,4,58,8,20,2,15,61,18,9,0,10,160,11,6,4,14,140,778,375,21,129,161,6,28,84,50,33,71,35,19,9,51,3,32,2,106,34,122,36,18,173,198,125,68,111,71,52,0,19,75,9,10,130,37,122,116,4,58,8,20,2,15,61,18,9,0,10,160,11,6,4,14,140,778,375,21,129,161,0.570498
4ac470292417feffab12e62d,benchmark://chstone-v0/dfadd,2,7,-indvars,True,-2.103623,-56.784396,e77530fd7fab6932,04c920a75797f4c0,778,778,0.001969,0.003088,8610,8610,140,140,21,21,778,778,375,375,6,28,84,50,33,71,35,19,9,51,3,32,2,106,34,122,36,18,173,198,125,68,111,71,52,0,19,75,9,10,130,37,122,116,4,58,8,20,2,15,61,18,9,0,10,160,11,6,4,14,140,778,375,21,129,161,6,28,84,50,33,71,35,19,9,51,3,32,2,106,34,122,36,18,173,195,128,68,111,71,52,0,19,75,9,10,130,37,122,116,4,58,8,20,2,15,61,18,8,0,10,160,11,7,4,14,140,778,375,21,129,161,-2.103623
d96809a1ae1760ecb8e04e31,benchmark://chstone-v0/dfdiv,0,0,-licm,True,1.488948,19.851013,7d51258cdc55bbbc,8c7616de27b9028c,1083,1090,0.002407,0.001929,5990,6534,120,120,23,23,1083,1090,654,647,0,6,66,42,23,57,32,13,12,43,2,6,0,114,6,100,26,21,143,183,170,60,121,57,53,0,23,99,10,16,104,98,100,138,7,56,13,249,4,12,6,20,20,0,16,161,10,10,3,26,120,1083,654,23,12,502,1,11,66,42,23,57,32,13,12,43,2,10,2,108,12,100,26,21,143,183,170,60,121,57,53,0,23,99,10,19,101,98,100,138,7,56,13,242,4,12,20,20,20,0,16,161,10,10,3,26,120,1090,647,23,33,495,1.488948
d96809a1ae1760ecb8e04e31,benchmark://chstone-v0/dfdiv,0,1,-loop-rotate,True,-0.522543,1.987833,7d51258cdc55bbbc,c77457c43d7904ba,1083,1092,0.002407,0.002359,5990,6054,120,123,23,23,1083,1092,654,657,0,6,66,42,23,57,32,13,12,43,2,6,0,114,6,100,26,21,143,183,170,60,121,57,53,0,23,99,10,16,104,98,100,138,7,56,13,249,4,12,6,20,20,0,16,161,10,10,3,26,120,1083,654,23,12,502,0,6,66,42,24,57,35,14,13,46,2,6,0,117,6,103,26,27,149,184,172,62,121,57,53,0,23,99,10,16,107,98,103,138,7,59,13,252,4,12,6,20,20,0,16,161,10,10,3,26,123,1092,657,23,12,505,-0.522543
d96809a1ae1760ecb8e04e31,benchmark://chstone-v0/dfdiv,0,2,-loop-unroll,True,-1.146341,-3.551847,7d51258cdc55bbbc,c658dc50c2c7132b,1083,1083,0.002407,0.002492,5990,5990,120,120,23,23,1083,1083,654,654,0,6,66,42,23,57,32,13,12,43,2,6,0,114,6,100,26,21,143,183,170,60,121,57,53,0,23,99,10,16,104,98,100,138,7,56,13,249,4,12,6,20,20,0,16,161,10,10,3,26,120,1083,654,23,12,502,0,6,66,42,23,57,32,13,12,43,2,6,0,114,6,100,26,21,143,183,170,60,121,57,53,0,23,99,10,16,104,98,100,138,7,56,13,249,4,12,6,20,20,0,16,161,10,10,3,26,120,1083,654,23,12,502,-1.146341
d96809a1ae1760ecb8e04e31,benchmark://chstone-v0/dfdiv,0,3,-loop-vectorize,True,-1.315163,-5.051081,7d51258cdc55bbbc,c658dc50c2c7132b,1083,1083,0.002407,0.002528,5990,5990,120,120,23,23,1083,1083,654,654,0,6,66,42,23,57,32,13,12,43,2,6,0,114,6,100,26,21,143,183,170,60,121,57,53,0,23,99,10,16,104,98,100,138,7,56,13,249,4,12,6,20,20,0,16,161,10,10,3,26,120,1083,654,23,12,502,0,6,66,42,23,57,32,13,12,43,2,6,0,114,6,100,26,21,143,183,170,60,121,57,53,0,23,99,10,16,104,98,100,138,7,56,13,249,4,12,6,20,20,0,16,161,10,10,3,26,120,1083,654,23,12,502,-1.315163
d96809a1ae1760ecb8e04e31,benchmark://chstone-v0/dfdiv,0,4,-loop-deletion,True,-0.049884,6.185316,7d51258cdc55bbbc,c658dc50c2c7132b,1083,1083,0.002407,0.002258,5990,5990,120,120,23,23,1083,1083,654,654,0,6,66,42,23,57,32,13,12,43,2,6,0,114,6,100,26,21,143,183,170,60,121,57,53,0,23,99,10,16,104,98,100,138,7,56,13,249,4,12,6,20,20,0,16,161,10,10,3,26,120,1083,654,23,12,502,0,6,66,42,23,57,32,13,12,43,2,6,0,114,6,100,26,21,143,183,170,60,121,57,53,0,23,99,10,16,104,98,100,138,7,56,13,249,4,12,6,20,20,0,16,161,10,10,3,26,120,1083,654,23,12,502,-0.049884
d96809a1ae1760ecb8e04e31,benchmark://chstone-v0/dfdiv,0,5,-loop-unswitch,True,1.566190,20.536972,7d51258cdc55bbbc,c658dc50c2c7132b,1083,1083,0.002407,0.001912,5990,5990,120,120,23,23,1083,1083,654,654,0,6,66,42,23,57,32,13,12,43,2,6,0,114,6,100,26,21,143,183,170,60,121,57,53,0,23,99,10,16,104,98,100,138,7,56,13,249,4,12,6,20,20,0,16,161,10,10,3,26,120,1083,654,23,12,502,0,6,66,42,23,57,32,13,12,43,2,6,0,114,6,100,26,21,143,183,170,60,121,57,53,0,23,99,10,16,104,98,100,138,7,56,13,249,4,12,6,20,20,0,16,161,10,10,3,26,120,1083,654,23,12,502,1.566190
d96809a1ae1760ecb8e04e31,benchmark://chstone-v0/dfdiv,0,6,-loop-distribute,True,0.062089,7.179698,7d51258cdc55bbbc,c658dc50c2c7132b,1083,1083,0.002407,0.002234,5990,5990,120,120,23,23,1083,1083,654,654,0,6,66,42,23,57,32,13,12,43,2,6,0,114,6,100,26,21,143,183,170,60,121,57,53,0,23,99,10,16,104,98,100,138,7,56,13,249,4,12,6,20,20,0,16,161,10,10,3,26,120,1083,654,23,12,502,0,6,66,42,23,57,32,13,12,43,2,6,0,114,6,100,26,21,143,183,170,60,121,57,53,0,23,99,10,16,104,98,100,138,7,56,13,249,4,12,6,20,20,0,16,161,10,10,3,26,120,1083,654,23,12,502,0.062089
d96809a1ae1760ecb8e04e31,benchmark://chstone-v0/dfdiv,0,7,-indvars,True,-0.083298,5.888581,7d51258cdc55bbbc,c658dc50c2c7132b,1083,1083,0.002407,0.002265,5990,5990,120,120,23,23,1083,1083,654,654,0,6,66,42,23,57,32,13,12,43,2,6,0,114,6,100,26,21,143,183,170,60,121,57,53,0,23,99,10,16,104,98,100,138,7,56,13,249,4,12,6,20,20,0,16,161,10,10,3,26,120,1083,654,23,12,502,0,6,66,42,23,57,32,13,12,43,2,6,0,114,6,100,26,21,143,183,170,60,121,57,53,0,23,99,10,16,104,98,100,138,7,56,13,249,4,12,6,20,20,0,16,161,10,10,3,26,120,1083,654,23,12,502,-0.083298
3c5e4fa89263668c0a466ab9,benchmark://chstone-v0/dfdiv,1,0,-licm,True,0.462034,6.333412,b8b4813a72a23a7f,0bf06de1cd02cc20,831,849,0.002180,0.002042,6763,7259,120,120,23,23,831,849,464,467,0,6,66,42,23,57,32,13,12,43,2,6,0,114,6,100,26,21,143,181,166,55,122,57,50,0,21,99,10,13,107,50,100,138,4,54,13,62,4,12,6,20,15,0,15,161,10,10,3,22,120,831,464,23,12,258,1,11,66,42,23,57,32,13,12,43,2,10,2,108,12,100,26,21,143,181,166,55,122,57,50,0,21,99,10,14,106,50,100,138,4,54,13,65,4,12,21,20,15,0,15,161,10,10,3,22,120,849,467,23,34,261,0.462034
3c5e4fa89263668c0a466ab9,benchmark://chstone-v0/dfdiv,1,1,-loop-rotate,True,-1.529597,-21.156197,b8b4813a72a23a7f,06cdc915db8a6f80,831,845,0.002180,0.002641,6763,6939,120,123,23,23,831,845,464,467,0,6,66,42,23,57,32,13,12,43,2,6,0,114,6,100,26,21,143,181,166,55,122,57,50,0,21,99,10,13,107,50,100,138,4,54,13,62,4,12,6,20,15,0,15,161,10,10,3,22,120,831,464,23,12,258,0,11,66,42,24,57,35,14,13,46,2,11,0,112,11,103,26,27,149,182,168,57,122,57,50,0,21,99,10,13,110,50,103,138,4,57,13,65,4,12,11,20,15,0,15,161,10,10,3,22,123,845,467,23,21,261,-1.529597
3c5e4fa89263668c0a466ab9,benchmark://chstone-v0/dfdiv,1,2,-loop-unroll,True,0.615937,8.457677,b8b4813a72a23a7f,a42d9a5665d4d390,831,832,0.002180,0.001996,6763,6779,120,120,23,23,831,832,464,464,0,6,66,42,23,57,32,13,12,43,2,6,0,114,6,100,26,21,143,181,166,55,122,57,50,0,21,99,10,13,107,50,100,138,4,54,13,62,4,12,6,20,15,0,15,161,10,10,3,22,120,831,464,23,12,258,0,7,66,42,23,57,32,13,12,43,2,7,0,113,7,100,26,21,143,181,166,55,122,57,50,0,21,99,10,13,107,50,100,138,4,54,13,62,4,12,7,20,15,0,15,161,10,10,3,22,120,832,464,23,13,258,0.615937
3c5e4fa89263668c0a466ab9,benchmark://chstone-v0/dfdiv,1,3,-loop-vectorize,True,-0.273336,-3.816570,b8b4813a72a23a7f,a42d9a5665d4d390,831,832,0.002180,0.002263,6763,6779,120,120,23,23,831,832,464,464,0,6,66,42,23,57,32,13,12,43,2,6,0,114,6,100,26,21,143,181,166,55,122,57,50,0,21,99,10,13,107,50,100,138,4,54,13,62,4,12,6,20,15,0,15,161,10,10,3,22,120,831,464,23,12,258,0,7,66,42,23,57,32,13,12,43,2,7,0,113,7,100,26,21,143,181,166,55,122,57,50,0,21,99,10,13,107,50,100,138,4,54,13,62,4,12,7,20,15,0,15,161,10,10,3,22,120,832,464,23,13,258,-0.273336
3c5e4fa89263668c0a466ab9,benchmark://chstone-v0/dfdiv,1,4,-loop-deletion,True,0.938916,12.915611,b8b4813a72a23a7f,a42d9a5665d4d390,831,832,0.002180,0.001899,6763,6779,120,120,23,23,831,832,464,464,0,6,66,42,23,57,32,13,12,43,2,6,0,114,6,100,26,21,143,181,166,55,122,57,50,0,21,99,10,13,107,50,100,138,4,54,13,62,4,12,6,20,15,0,15,161,10,10,3,22,120,831,464,23,12,258,0,7,66,42,23,57,32,13,12,43,2,7,0,113,7,100,26,21,143,181,166,55,122,57,50,0,21,99,10,13,107,50,100,138,4,54,13,62,4,12,7,20,15,0,15,161,10,10,3,22,120,832,464,23,13,258,0.938916
3c5e4fa89263668c0a466ab9,benchmark://chstone-v0/dfdiv,1,5,-loop-unswitch,True,0.525281,7.206391,b8b4813a72a23a7f,a42d9a5665d4d390,831,832,0.002180,0.002023,6763,6779,120,120,23,23,831,832,464,464,0,6,66,42,23,57,32,13,12,43,2,6,0,114,6,100,26,21,143,181,166,55,122,57,50,0,21,99,10,13,107,50,100,138,4,54,13,62,4,12,6,20,15,0,15,161,10,10,3,22,120,831,464,23,12,258,0,7,66,42,23,57,32,13,12,43,2,7,0,113,7,100,26,21,143,181,166,55,122,57,50,0,21,99,10,13,107,50,100,138,4,54,13,62,4,12,7,20,15,0,15,161,10,10,3,22,120,832,464,23,13,258,0.525281
3c5e4fa89263668c0a466ab9,benchmark://chstone-v0/dfdiv,1,6,-loop-distribute,True,0.964932,13.274696,b8b4813a72a23a7f,b8b4813a72a23a7f,831,831,0.002180,0.001891,6763,6763,120,120,23,23,831,831,464,464,0,6,66,42,23,57,32,13,12,43,2,6,0,114,6,100,26,21,143,181,166,55,122,57,50,0,21,99,10,13,107,50,100,138,4,54,13,62,4,12,6,20,15,0,15,161,10,10,3,22,120,831,464,23,12,258,0,6,66,42,23,57,32,13,12,43,2,6,0,114,6,100,26,21,143,181,166,55,122,57,50,0,21,99,10,13,107,50,100,138,4,54,13,62,4,12,6,20,15,0,15,161,10,10,3,22,120,831,464,23,12,258,0.964932
3c5e4fa89263668c0a466ab9,benchmark://chstone-v0/dfdiv,1,7,-indvars,True,-1.704168,-23.565732,b8b4813a72a23a7f,a42d9a5665d4d390,831,832,0.002180,0.002694,6763,6779,120,120,23,23,831,832,464,464,0,6,66,42,23,57,32,13,12,43,2,6,0,114,6,100,26,21,143,181,166,55,122,57,50,0,21,99,10,13,107,50,100,138,4,54,13,62,4,12,6,20,15,0,15,161,10,10,3,22,120,831,464,23,12,258,0,7,66,42,23,57,32,13,12,43,2,7,0,113,7,100,26,21,143,181,166,55,122,57,50,0,21,99,10,13,107,50,100,138,4,54,13,62,4,12,7,20,15,0,15,161,10,10,3,22,120,832,464,23,13,258,-1.704168
494b2e1156c2e64edd581595,benchmark://chstone-v0/dfdiv,2,0,-licm,True,-1.840650,-34.673141,d4556ef453b77b8a,d4556ef453b77b8a,854,854,0.001945,0.002619,8082,8082,120,120,23,23,854,854,437,437,3,29,66,42,23,57,32,13,12,43,2,29,3,88,32,100,26,20,143,195,172,66,122,57,53,0,22,99,10,14,106,50,100,138,4,54,13,35,8,12,54,20,15,0,12,161,10,10,3,22,120,854,437,23,105,231,3,29,66,42,23,57,32,13,12,43,2,29,3,88,32,100,26,20,143,195,172,66,122,57,53,0,22,99,10,14,106,50,100,138,4,54,13,35,8,12,54,20,15,0,12,161,10,10,3,22,120,854,437,23,105,231,-1.840650
494b2e1156c2e64edd581595,benchmark://chstone-v0/dfdiv,2,1,-loop-rotate,True,0.553580,-6.220160,d4556ef453b77b8a,e6624f6f7dc95479,854,860,0.001945,0.002066,8082,8066,120,121,23,23,854,860,437,439,3,29,66,42,23,57,32,13,12,43,2,29,3,88,32,100,26,20,143,195,172,66,122,57,53,0,22,99,10,14,106,50,100,138,4,54,13,35,8,12,54,20,15,0,12,161,10,10,3,22,120,854,437,23,105,231,2,32,65,41,23,56,34,13,14,45,2,31,3,87,34,101,26,25,146,195,174,68,122,56,53,0,22,99,10,14,107,50,101,138,4,56,13,37,8,12,55,20,15,0,12,161,10,10,3,22,121,860,439,23,107,233,0.553580
494b2e1156c2e64edd581595,benchmark://chstone-v0/dfdiv,2,2,-loop-unroll,True,0.251391,-9.811370,d4556ef453b77b8a,d4556ef453b77b8a,854,854,0.001945,0.002136,8082,8082,120,120,23,23,854,854,437,437,3,29,66,42,23,57,32,13,12,43,2,29,3,88,32,100,26,20,143,195,172,66,122,57,53,0,22,99,10,14,106,50,100,138,4,54,13,35,8,12,54,20,15,0,12,161,10,10,3,22,120,854,437,23,105,231,3,29,66,42,23,57,32,13,12,43,2,29,3,88,32,100,26,20,143,195,172,66,122,57,53,0,22,99,10,14,106,50,100,138,4,54,13,35,8,12,54,20,15,0,12,161,10,10,3,22,120,854,437,23,105,231,0.251391
494b2e1156c2e64edd581595,benchmark://chstone-v0/dfdiv,2,3,-loop-vectorize,True,0.161047,-10.885016,d4556ef453b77b8a,d4556ef453b77b8a,854,854,0.001945,0.002156,8082,8082,120,120,23,23,854,854,437,437,3,29,66,42,23,57,32,13,12,43,2,29,3,88,32,100,26,20,143,195,172,66,122,57,53,0,22,99,10,14,106,50,100,138,4,54,13,35,8,12,54,20,15,0,12,161,10,10,3,22,120,854,437,23,105,231,3,29,66,42,23,57,32,13,12,43,2,29,3,88,32,100,26,20,143,195,172,66,122,57,53,0,22,99,10,14,106,50,100,138,4,54,13,35,8,12,54,20,15,0,12,161,10,10,3,22,120,854,437,23,105,231,0.161047
494b2e1156c2e64edd581595,benchmark://chstone-v0/dfdiv,2,4,-loop-deletion,True,1.003737,-0.870506,d4556ef453b77b8a,d4556ef453b77b8a,854,854,0.001945,0.001962,8082,8082,120,120,23,23,854,854,437,437,3,29,66,42,23,57,32,13,12,43,2,29,3,88,32,100,26,20,143,195,172,66,122,57,53,0,22,99,10,14,106,50,100,138,4,54,13,35,8,12,54,20,15,0,12,161,10,10,3,22,120,854,437,23,105,231,3,29,66,42,23,57,32,13,12,43,2,29,3,88,32,100,26,20,143,195,172,66,122,57,53,0,22,99,10,14,106,50,100,138,4,54,13,35,8,12,54,20,15,0,12,161,10,10,3,22,120,854,437,23,105,231,1.003737
494b2e1156c2e64edd581595,benchmark://chstone-v0/dfdiv,2,5,-loop-unswitch,True,1.166727,1.066464,d4556ef453b77b8a,d4556ef453b77b8a,854,854,0.001945,0.001924,8082,8082,120,120,23,23,854,854,437,437,3,29,66,42,23,57,32,13,12,43,2,29,3,88,32,100,26,20,143,195,172,66,122,57,53,0,22,99,10,14,106,50,100,138,4,54,13,35,8,12,54,20,15,0,12,161,10,10,3,22,120,854,437,23,105,231,3,29,66,42,23,57,32,13,12,43,2,29,3,88,32,100,26,20,143,195,172,66,122,57,53,0,22,99,10,14,106,50,100,138,4,54,13,35,8,12,54,20,15,0,12,161,10,10,3,22,120,854,437,23,105,231,1.166727
494b2e1156c2e64edd581595,benchmark://chstone-v0/dfdiv,2,6,-loop-distribute,True,0.062047,-12.061526,d4556ef453b77b8a,d4556ef453b77b8a,854,854,0.001945,0.002179,8082,8082,120,120,23,23,854,854,437,437,3,29,66,42,23,57,32,13,12,43,2,29,3,88,32,100,26,20,143,195,172,66,122,57,53,0,22,99,10,14,106,50,100,138,4,54,13,35,8,12,54,20,15,0,12,161,10,10,3,22,120,854,437,23,105,231,3,29,66,42,23,57,32,13,12,43,2,29,3,88,32,100,26,20,143,195,172,66,122,57,53,0,22,99,10,14,106,50,100,138,4,54,13,35,8,12,54,20,15,0,12,161,10,10,3,22,120,854,437,23,105,231,0.062047
494b2e1156c2e64edd581595,benchmark://chstone-v0/dfdiv,2,7,-indvars,True,-1.357878,-28.935883,d4556ef453b77b8a,77737021e1d471d9,854,854,0.001945,0.002508,8082,8082,120,120,23,23,854,854,437,437,3,29,66,42,23,57,32,13,12,43,2,29,3,88,32,100,26,20,143,195,172,66,122,57,53,0,22,99,10,14,106,50,100,138,4,54,13,35,8,12,54,20,15,0,12,161,10,10,3,22,120,854,437,23,105,231,3,29,66,42,23,57,32,13,12,43,2,29,3,88,32,100,26,20,143,192,175,66,122,57,53,0,22,99,10,14,106,50,100,138,4,54,13,35,8,12,54,20,14,0,12,161,10,11,3,22,120,854,437,23,105,231,-1.357878
14aecc5337ad25fc9cd45c3b,benchmark://chstone-v0/dfmul,0,0,-licm,True,0.970151,8.996361,aed0782eb4302ca9,644b7ec8002d27bc,859,860,0.002229,0.002029,5070,5278,100,100,20,20,859,860,503,496,0,4,53,31,21,45,28,12,10,38,2,4,0,96,4,83,24,24,121,151,132,57,90,45,44,0,18,71,9,12,88,76,83,108,7,49,10,190,4,11,4,17,19,0,13,127,6,10,3,24,100,859,503,20,8,390,1,5,53,31,21,45,28,12,10,38,2,4,2,94,6,83,24,24,121,151,132,57,90,45,44,0,18,71,9,13,87,76,83,108,7,49,10,183,4,11,12,17,19,0,13,127,6,10,3,24,100,860,496,20,20,383,0.970151
14aecc5337ad25fc9cd45c3b,benchmark://chstone-v0/dfmul,0,1,-loop-rotate,True,-0.676721,-8.802023,aed0782eb4302ca9,ac89a10fe7713a7e,859,862,0.002229,0.002426,5070,5086,100,101,20,20,859,862,503,504,0,4,53,31,21,45,28,12,10,38,2,4,0,96,4,83,24,24,121,151,132,57,90,45,44,0,18,71,9,12,88,76,83,108,7,49,10,190,4,11,4,17,19,0,13,127,6,10,3,24,100,859,503,20,8,390,0,4,53,31,22,45,29,13,9,39,2,4,0,97,4,84,24,26,123,152,132,57,90,45,44,0,18,71,9,12,89,76,84,108,7,50,10,191,4,11,4,17,19,0,13,127,6,10,3,24,101,862,504,20,8,391,-0.676721
14aecc5337ad25fc9cd45c3b,benchmark://chstone-v0/dfmul,0,2,-loop-unroll,True,1.254592,12.070426,aed0782eb4302ca9,28763815b407fe03,859,859,0.002229,0.001960,5070,5070,100,100,20,20,859,859,503,503,0,4,53,31,21,45,28,12,10,38,2,4,0,96,4,83,24,24,121,151,132,57,90,45,44,0,18,71,9,12,88,76,83,108,7,49,10,190,4,11,4,17,19,0,13,127,6,10,3,24,100,859,503,20,8,390,0,4,53,31,21,45,28,12,10,38,2,4,0,96,4,83,24,24,121,151,132,57,90,45,44,0,18,71,9,12,88,76,83,108,7,49,10,190,4,11,4,17,19,0,13,127,6,10,3,24,100,859,503,20,8,390,1.254592
14aecc5337ad25fc9cd45c3b,benchmark://chstone-v0/dfmul,0,3,-loop-vectorize,True,0.124412,-0.143874,aed0782eb4302ca9,28763815b407fe03,859,859,0.002229,0.002233,5070,5070,100,100,20,20,859,859,503,503,0,4,53,31,21,45,28,12,10,38,2,4,0,96,4,83,24,24,121,151,132,57,90,45,44,0,18,71,9,12,88,76,83,108,7,49,10,190,4,11,4,17,19,0,13,127,6,10,3,24,100,859,503,20,8,390,0,4,53,31,21,45,28,12,10,38,2,4,0,96,4,83,24,24,121,151,132,57,90,45,44,0,18,71,9,12,88,76,83,108,7,49,10,190,4,11,4,17,19,0,13,127,6,10,3,24,100,859,503,20,8,390,0.124412
14aecc5337ad25fc9cd45c3b,benchmark://chstone-v0/dfmul,0,4,-loop-deletion,True,-2.211278,-25.386587,aed0782eb4302ca9,28763815b407fe03,859,859,0.002229,0.002795,5070,5070,100,100,20,20,859,859,503,503,0,4,53,31,21,45,28,12,10,38,2,4,0,96,4,83,24,24,121,151,132,57,90,45,44,0,18,71,9,12,88,76,83,108,7,49,10,190,4,11,4,17,19,0,13,127,6,10,3,24,100,859,503,20,8,390,0,4,53,31,21,45,28,12,10,38,2,4,0,96,4,83,24,24,121,151,132,57,90,45,44,0,18,71,9,12,88,76,83,108,7,49,10,190,4,11,4,17,19,0,13,127,6,10,3,24,100,859,503,20,8,390,-2.211278
14aecc5337ad25fc9cd45c3b,benchmark://chstone-v0/dfmul,0,5,-loop-unswitch,True,0.170232,0.351329,aed0782eb4302ca9,28763815b407fe03,859,859,0.002229,0.002222,5070,5070,100,100,20,20,859,859,503,503,0,4,53,31,21,45,28,12,10,38,2,4,0,96,4,83,24,24,121,151,132,57,90,45,44,0,18,71,9,12,88,76,83,108,7,49,10,190,4,11,4,17,19,0,13,127,6,10,3,24,100,859,503,20,8,390,0,4,53,31,21,45,28,12,10,38,2,4,0,96,4,83,24,24,121,151,132,57,90,45,44,0,18,71,9,12,88,76,83,108,7,49,10,190,4,11,4,17,19,0,13,127,6,10,3,24,100,859,503,20,8,390,0.170232
14aecc5337ad25fc9cd45c3b,benchmark://chstone-v0/dfmul,0,6,-loop-distribute,True,0.073156,-0.697812,aed0782eb4302ca9,28763815b407fe03,859,859,0.002229,0.002245,5070,5070,100,100,20,20,859,859,503,503,0,4,53,31,21,45,28,12,10,38,2,4,0,96,4,83,24,24,121,151,132,57,90,45,44,0,18,71,9,12,88,76,83,108,7,49,10,190,4,11,4,17,19,0,13,127,6,10,3,24,100,859,503,20,8,390,0,4,53,31,21,45,28,12,10,38,2,4,0,96,4,83,24,24,121,151,132,57,90,45,44,0,18,71,9,12,88,76,83,108,7,49,10,190,4,11,4,17,19,0,13,127,6,10,3,24,100,859,503,20,8,390,0.073156
14aecc5337ad25fc9cd45c3b,benchmark://chstone-v0/dfmul,0,7,-indvars,True,0.295457,1.704676,aed0782eb4302ca9,28763815b407fe03,859,859,0.002229,0.002191,5070,5070,100,100,20,20,859,859,503,503,0,4,53,31,21,45,28,12,10,38,2,4,0,96,4,83,24,24,121,151,132,57,90,45,44,0,18,71,9,12,88,76,83,108,7,49,10,190,4,11,4,17,19,0,13,127,6,10,3,24,100,859,503,20,8,390,0,4,53,31,21,45,28,12,10,38,2,4,0,96,4,83,24,24,121,151,132,57,90,45,44,0,18,71,9,12,88,76,83,108,7,49,10,190,4,11,4,17,19,0,13,127,6,10,3,24,100,859,503,20,8,390,0.295457
a6450b5b3267aaa974f664fc,benchmark://chstone-v0/dfmul,1,0,-licm,True,-1.713325,-11.889769,3625f3f26db04661,22ea20788f38f668,661,671,0.002493,0.002789,5651,5859,100,100,20,20,661,671,356,358,0,4,53,31,21,45,28,12,10,38,2,4,0,96,4,83,24,24,121,149,128,52,90,45,41,0,16,71,9,9,91,39,83,108,4,47,10,46,4,11,4,17,14,0,12,127,6,10,3,20,100,661,356,20,8,200,1,5,53,31,21,45,28,12,10,38,2,4,2,94,6,83,24,24,121,149,128,52,90,45,41,0,16,71,9,10,90,39,83,108,4,47,10,48,4,11,12,17,14,0,12,127,6,10,3,20,100,671,358,20,20,202,-1.713325
a6450b5b3267aaa974f664fc,benchmark://chstone-v0/dfmul,1,1,-loop-rotate,True,1.122639,26.013661,3625f3f26db04661,a0250a78c1733cb5,661,665,0.002493,0.001844,5651,5683,100,101,20,20,661,665,356,357,0,4,53,31,21,45,28,12,10,38,2,4,0,96,4,83,24,24,121,149,128,52,90,45,41,0,16,71,9,9,91,39,83,108,4,47,10,46,4,11,4,17,14,0,12,127,6,10,3,20,100,661,356,20,8,200,0,5,53,31,22,45,29,13,9,39,2,5,0,96,5,84,24,26,123,150,128,52,90,45,41,0,16,71,9,9,92,39,84,108,4,48,10,47,4,11,5,17,14,0,12,127,6,10,3,20,101,665,357,20,10,201,1.122639
a6450b5b3267aaa974f664fc,benchmark://chstone-v0/dfmul,1,2,-loop-unroll,True,-0.376686,5.974774,3625f3f26db04661,3625f3f26db04661,661,661,0.002493,0.002344,5651,5651,100,100,20,20,661,661,356,356,0,4,53,31,21,45,28,12,10,38,2,4,0,96,4,83,24,24,121,149,128,52,90,45,41,0,16,71,9,9,91,39,83,108,4,47,10,46,4,11,4,17,14,0,12,127,6,10,3,20,100,661,356,20,8,200,0,4,53,31,21,45,28,12,10,38,2,4,0,96,4,83,24,24,121,149,128,52,90,45,41,0,16,71,9,9,91,39,83,108,4,47,10,46,4,11,4,17,14,0,12,127,6,10,3,20,100,661,356,20,8,200,-0.376686
a6450b5b3267aaa974f664fc,benchmark://chstone-v0/dfmul,1,3,-loop-vectorize,True,-1.378968,-7.420999,3625f3f26db04661,3625f3f26db04661,661,661,0.002493,0.002678,5651,5651,100,100,20,20,661,661,356,356,0,4,53,31,21,45,28,12,10,38,2,4,0,96,4,83,24,24,121,149,128,52,90,45,41,0,16,71,9,9,91,39,83,108,4,47,10,46,4,11,4,17,14,0,12,127,6,10,3,20,100,661,356,20,8,200,0,4,53,31,21,45,28,12,10,38,2,4,0,96,4,83,24,24,121,149,128,52,90,45,41,0,16,71,9,9,91,39,83,108,4,47,10,46,4,11,4,17,14,0,12,127,6,10,3,20,100,661,356,20,8,200,-1.378968
a6450b5b3267aaa974f664fc,benchmark://chstone-v0/dfmul,1,4,-loop-deletion,True,0.390065,16.222614,3625f3f26db04661,3625f3f26db04661,661,661,0.002493,0.002088,5651,5651,100,100,20,20,661,661,356,356,0,4,53,31,21,45,28,12,10,38,2,4,0,96,4,83,24,24,121,149,128,52,90,45,41,0,16,71,9,9,91,39,83,108,4,47,10,46,4,11,4,17,14,0,12,127,6,10,3,20,100,661,356,20,8,200,0,4,53,31,21,45,28,12,10,38,2,4,0,96,4,83,24,24,121,149,128,52,90,45,41,0,16,71,9,9,91,39,83,108,4,47,10,46,4,11,4,17,14,0,12,127,6,10,3,20,100,661,356,20,8,200,0.390065
a6450b5b3267aaa974f664fc,benchmark://chstone-v0/dfmul,1,5,-loop-unswitch,True,0.208577,13.796971,3625f3f26db04661,3625f3f26db04661,661,661,0.002493,0.002149,5651,5651,100,100,20,20,661,661,356,356,0,4,53,31,21,45,28,12,10,38,2,4,0,96,4,83,24,24,121,149,128,52,90,45,41,0,16,71,9,9,91,39,83,108,4,47,10,46,4,11,4,17,14,0,12,127,6,10,3,20,100,661,356,20,8,200,0,4,53,31,21,45,28,12,10,38,2,4,0,96,4,83,24,24,121,149,128,52,90,45,41,0,16,71,9,9,91,39,83,108,4,47,10,46,4,11,4,17,14,0,12,127,6,10,3,20,100,661,356,20,8,200,0.208577
a6450b5b3267aaa974f664fc,benchmark://chstone-v0/dfmul,1,6,-loop-distribute,True,0.736236,20.849278,3625f3f26db04661,3625f3f26db04661,661,661,0.002493,0.001973,5651,5651,100,100,20,20,661,661,356,356,0,4,53,31,21,45,28,12,10,38,2,4,0,96,4,83,24,24,121,149,128,52,90,45,41,0,16,71,9,9,91,39,83,108,4,47,10,46,4,11,4,17,14,0,12,127,6,10,3,20,100,661,356,20,8,200,0,4,53,31,21,45,28,12,10,38,2,4,0,96,4,83,24,24,121,149,128,52,90,45,41,0,16,71,9,9,91,39,83,108,4,47,10,46,4,11,4,17,14,0,12,127,6,10,3,20,100,661,356,20,8,200,0.736236
a6450b5b3267aaa974f664fc,benchmark://chstone-v0/dfmul,1,7,-indvars,True,1.011462,24.527758,3625f3f26db04661,3625f3f26db04661,661,661,0.002493,0.001881,5651,5651,100,100,20,20,661,661,356,356,0,4,53,31,21,45,28,12,10,38,2,4,0,96,4,83,24,24,121,149,128,52,90,45,41,0,16,71,9,9,91,39,83,108,4,47,10,46,4,11,4,17,14,0,12,127,6,10,3,20,100,661,356,20,8,200,0,4,53,31,21,45,28,12,10,38,2,4,0,96,4,83,24,24,121,149,128,52,90,45,41,0,16,71,9,9,91,39,83,108,4,47,10,46,4,11,4,17,14,0,12,127,6,10,3,20,100,661,356,20,8,200,1.011462
ee9782e664018739c13fd789,benchmark://chstone-v0/dfmul,2,0,-licm,True,0.192968,10.154764,2730a9338f849d52,2730a9338f849d52,644,644,0.002445,0.002197,6186,6186,79,79,20,20,644,644,331,331,4,10,44,25,18,30,14,4,6,32,4,12,2,65,14,62,24,20,94,164,130,62,89,30,41,0,17,71,10,10,69,39,62,108,4,47,10,21,7,11,28,17,14,4,9,127,5,10,3,20,79,644,331,20,67,175,4,10,44,25,18,30,14,4,6,32,4,12,2,65,14,62,24,20,94,164,130,62,89,30,41,0,17,71,10,10,69,39,62,108,4,47,10,21,7,11,28,17,14,4,9,127,5,10,3,20,79,644,331,20,67,175,0.192968
ee9782e664018739c13fd789,benchmark://chstone-v0/dfmul,2,1,-loop-rotate,True,0.003311,8.185839,2730a9338f849d52,442586e525d64aeb,644,639,0.002445,0.002245,6186,6074,79,78,20,20,644,639,331,331,4,10,44,25,18,30,14,4,6,32,4,12,2,65,14,62,24,20,94,164,130,62,89,30,41,0,17,71,10,10,69,39,62,108,4,47,10,21,7,11,28,17,14,4,9,127,5,10,3,20,79,644,331,20,67,175,3,11,43,24,18,29,14,4,6,32,4,13,1,64,14,61,24,21,93,164,130,62,89,29,41,0,17,71,10,10,68,39,61,108,4,47,10,21,7,11,24,17,14,4,9,127,5,10,3,20,78,639,331,20,59,175,0.003311
ee9782e664018739c13fd789,benchmark://chstone-v0/dfmul,2,2,-loop-unroll,True,0.754065,15.979797,2730a9338f849d52,2730a9338f849d52,644,644,0.002445,0.002054,6186,6186,79,79,20,20,644,644,331,331,4,10,44,25,18,30,14,4,6,32,4,12,2,65,14,62,24,20,94,164,130,62,89,30,41,0,17,71,10,10,69,39,62,108,4,47,10,21,7,11,28,17,14,4,9,127,5,10,3,20,79,644,331,20,67,175,4,10,44,25,18,30,14,4,6,32,4,12,2,65,14,62,24,20,94,164,130,62,89,30,41,0,17,71,10,10,69,39,62,108,4,47,10,21,7,11,28,17,14,4,9,127,5,10,3,20,79,644,331,20,67,175,0.754065
ee9782e664018739c13fd789,benchmark://chstone-v0/dfmul,2,3,-loop-vectorize,True,-1.637074,-8.843823,2730a9338f849d52,2730a9338f849d52,644,644,0.002445,0.002661,6186,6186,79,79,20,20,644,644,331,331,4,10,44,25,18,30,14,4,6,32,4,12,2,65,14,62,24,20,94,164,130,62,89,30,41,0,17,71,10,10,69,39,62,108,4,47,10,21,7,11,28,17,14,4,9,127,5,10,3,20,79,644,331,20,67,175,4,10,44,25,18,30,14,4,6,32,4,12,2,65,14,62,24,20,94,164,130,62,89,30,41,0,17,71,10,10,69,39,62,108,4,47,10,21,7,11,28,17,14,4,9,127,5,10,3,20,79,644,331,20,67,175,-1.637074
ee9782e664018739c13fd789,benchmark://chstone-v0/dfmul,2,4,-loop-deletion,True,0.732828,15.759326,2730a9338f849d52,2730a9338f849d52,644,644,0.002445,0.002060,6186,6186,79,79,20,20,644,644,331,331,4,10,44,25,18,30,14,4,6,32,4,12,2,65,14,62,24,20,94,164,130,62,89,30,41,0,17,71,10,10,69,39,62,108,4,47,10,21,7,11,28,17,14,4,9,127,5,10,3,20,79,644,331,20,67,175,4,10,44,25,18,30,14,4,6,32,4,12,2,65,14,62,24,20,94,164,130,62,89,30,41,0,17,71,10,10,69,39,62,108,4,47,10,21,7,11,28,17,14,4,9,127,5,10,3,20,79,644,331,20,67,175,0.732828
ee9782e664018739c13fd789,benchmark://chstone-v0/dfmul,2,5,-loop-unswitch,True,-1.588972,-8.344450,2730a9338f849d52,2730a9338f849d52,644,644,0.002445,0.002649,6186,6186,79,79,20,20,644,644,331,331,4,10,44,25,18,30,14,4,6,32,4,12,2,65,14,62,24,20,94,164,130,62,89,30,41,0,17,71,10,10,69,39,62,108,4,47,10,21,7,11,28,17,14,4,9,127,5,10,3,20,79,644,331,20,67,175,4,10,44,25,18,30,14,4,6,32,4,12,2,65,14,62,24,20,94,164,130,62,89,30,41,0,17,71,10,10,69,39,62,108,4,47,10,21,7,11,28,17,14,4,9,127,5,10,3,20,79,644,331,20,67,175,-1.588972
ee9782e664018739c13fd789,benchmark://chstone-v0/dfmul,2,6,-loop-distribute,True,0.290801,11.170423,2730a9338f849d52,2730a9338f849d52,644,644,0.002445,0.002172,6186,6186,79,79,20,20,644,644,331,331,4,10,44,25,18,30,14,4,6,32,4,12,2,65,14,62,24,20,94,164,130,62,89,30,41,0,17,71,10,10,69,39,62,108,4,47,10,21,7,11,28,17,14,4,9,127,5,10,3,20,79,644,331,20,67,175,4,10,44,25,18,30,14,4,6,32,4,12,2,65,14,62,24,20,94,164,130,62,89,30,41,0,17,71,10,10,69,39,62,108,4,47,10,21,7,11,28,17,14,4,9,127,5,10,3,20,79,644,331,20,67,175,0.290801
ee9782e664018739c13fd789,benchmark://chstone-v0/dfmul,2,7,-indvars,True,1.252075,21.149892,2730a9338f849d52,7f2626ad58c31892,644,644,0.002445,0.001928,6186,6186,79,79,20,20,644,644,331,331,4,10,44,25,18,30,14,4,6,32,4,12,2,65,14,62,24,20,94,164,130,62,89,30,41,0,17,71,10,10,69,39,62,108,4,47,10,21,7,11,28,17,14,4,9,127,5,10,3,20,79,644,331,20,67,175,4,10,44,25,18,30,14,4,6,32,4,12,2,65,14,62,24,20,94,161,133,62,89,30,41,0,17,71,10,10,69,39,62,108,4,47,10,21,7,11,28,17,13,4,9,127,5,11,3,20,79,644,331,20,67,175,1.252075
5dd6bbd1e586f540ed7c107c,benchmark://chstone-v0/dfsin,0,0,-licm,True,1.259920,9.635199,a3106fd8231d07d9,c47567b52b10f4f7,2070,2077,0.002119,0.001915,10082,10698,254,254,35,35,2070,2077,1274,1265,0,9,156,93,61,127,60,31,19,95,6,9,0,245,9,222,82,39,317,363,304,117,246,127,101,0,40,175,14,31,223,174,222,281,5,117,15,484,7,31,9,32,24,0,29,329,22,10,8,40,254,2070,1274,35,18,907,1,16,156,93,61,127,60,31,19,95,6,17,0,237,17,222,82,39,317,363,304,117,246,127,101,0,40,175,14,34,220,174,222,281,5,117,15,475,7,31,25,32,24,0,29,329,22,10,8,40,254,2077,1265,35,42,898,1.259920
5dd6bbd1e586f540ed7c107c,benchmark://chstone-v0/dfsin,0,1,-loop-rotate,True,-0.085601,-11.051437,a3106fd8231d07d9,b1b01e4ab128cc1d,2070,2079,0.002119,0.002353,10082,10146,254,257,35,35,2070,2079,1274,1277,0,9,156,93,61,127,60,31,19,95,6,9,0,245,9,222,82,39,317,363,304,117,246,127,101,0,40,175,14,31,223,174,222,281,5,117,15,484,7,31,9,32,24,0,29,329,22,10,8,40,254,2070,1274,35,18,907,0,9,156,93,62,127,63,32,20,98,6,9,0,248,9,225,82,45,323,364,306,119,246,127,101,0,40,175,14,31,226,174,225,281,5,120,15,487,7,31,9,32,24,0,29,329,22,10,8,40,257,2079,1277,35,18,910,-0.085601
5dd6bbd1e586f540ed7c107c,benchmark://chstone-v0/dfsin,0,2,-loop-unroll,True,1.266363,9.734262,a3106fd8231d07d9,750e1c2d8d1d3fab,2070,2070,0.002119,0.001913,10082,10082,254,254,35,35,2070,2070,1274,1274,0,9,156,93,61,127,60,31,19,95,6,9,0,245,9,222,82,39,317,363,304,117,246,127,101,0,40,175,14,31,223,174,222,281,5,117,15,484,7,31,9,32,24,0,29,329,22,10,8,40,254,2070,1274,35,18,907,0,9,156,93,61,127,60,31,19,95,6,9,0,245,9,222,82,39,317,363,304,117,246,127,101,0,40,175,14,31,223,174,222,281,5,117,15,484,7,31,9,32,24,0,29,329,22,10,8,40,254,2070,1274,35,18,907,1.266363
5dd6bbd1e586f540ed7c107c,benchmark://chstone-v0/dfsin,0,3,-loop-vectorize,True,-1.059672,-26.027238,a3106fd8231d07d9,750e1c2d8d1d3fab,2070,2070,0.002119,0.002671,10082,10082,254,254,35,35,2070,2070,1274,1274,0,9,156,93,61,127,60,31,19,95,6,9,0,245,9,222,82,39,317,363,304,117,246,127,101,0,40,175,14,31,223,174,222,281,5,117,15,484,7,31,9,32,24,0,29,329,22,10,8,40,254,2070,1274,35,18,907,0,9,156,93,61,127,60,31,19,95,6,9,0,245,9,222,82,39,317,363,304,117,246,127,101,0,40,175,14,31,223,174,222,281,5,117,15,484,7,31,9,32,24,0,29,329,22,10,8,40,254,2070,1274,35,18,907,-1.059672
5dd6bbd1e586f540ed7c107c,benchmark://chstone-v0/dfsin,0,4,-loop-deletion,True,-1.582057,-34.058622,a3106fd8231d07d9,750e1c2d8d1d3fab,2070,2070,0.002119,0.002841,10082,10082,254,254,35,35,2070,2070,1274,1274,0,9,156,93,61,127,60,31,19,95,6,9,0,245,9,222,82,39,317,363,304,117,246,127,101,0,40,175,14,31,223,174,222,281,5,117,15,484,7,31,9,32,24,0,29,329,22,10,8,40,254,2070,1274,35,18,907,0,9,156,93,61,127,60,31,19,95,6,9,0,245,9,222,82,39,317,363,304,117,246,127,101,0,40,175,14,31,223,174,222,281,5,117,15,484,7,31,9,32,24,0,29,329,22,10,8,40,254,2070,1274,35,18,907,-1.582057
5dd6bbd1e586f540ed7c107c,benchmark://chstone-v0/dfsin,0,5,-loop-unswitch,True,0.484849,-2.281082,a3106fd8231d07d9,750e1c2d8d1d3fab,2070,2070,0.002119,0.002167,10082,10082,254,254,35,35,2070,2070,1274,1274,0,9,156,93,61,127,60,31,19,95,6,9,0,245,9,222,82,39,317,363,304,117,246,127,101,0,40,175,14,31,223,174,222,281,5,117,15,484,7,31,9,32,24,0,29,329,22,10,8,40,254,2070,1274,35,18,907,0,9,156,93,61,127,60,31,19,95,6,9,0,245,9,222,82,39,317,363,304,117,246,127,101,0,40,175,14,31,223,174,222,281,5,117,15,484,7,31,9,32,24,0,29,329,22,10,8,40,254,2070,1274,35,18,907,0.484849
5dd6bbd1e586f540ed7c107c,benchmark://chstone-v0/dfsin,0,6,-loop-distribute,True,-0.812886,-22.233053,a3106fd8231d07d9,750e1c2d8d1d3fab,2070,2070,0.002119,0.002590,10082,10082,254,254,35,35,2070,2070,1274,1274,0,9,156,93,61,127,60,31,19,95,6,9,0,245,9,222,82,39,317,363,304,117,246,127,101,0,40,175,14,31,223,174,222,281,5,117,15,484,7,31,9,32,24,0,29,329,22,10,8,40,254,2070,1274,35,18,907,0,9,156,93,61,127,60,31,19,95,6,9,0,245,9,222,82,39,317,363,304,117,246,127,101,0,40,175,14,31,223,174,222,281,5,117,15,484,7,31,9,32,24,0,29,329,22,10,8,40,254,2070,1274,35,18,907,-0.812886
5dd6bbd1e586f540ed7c107c,benchmark://chstone-v0/dfsin,0,7,-indvars,True,0.529084,-1.601003,a3106fd8231d07d9,750e1c2d8d1d3fab,2070,2070,0.002119,0.002153,10082,10082,254,254,35,35,2070,2070,1274,1274,0,9,156,93,61,127,60,31,19,95,6,9,0,245,9,222,82,39,317,363,304,117,246,127,101,0,40,175,14,31,223,174,222,281,5,117,15,484,7,31,9,32,24,0,29,329,22,10,8,40,254,2070,1274,35,18,907,0,9,156,93,61,127,60,31,19,95,6,9,0,245,9,222,82,39,317,363,304,117,246,127,101,0,40,175,14,31,223,174,222,281,5,117,15,484,7,31,9,32,24,0,29,329,22,10,8,40,254,2070,1274,35,18,907,0.529084
d8ee4ff5bf0efab02eb8565a,benchmark://chstone-v0/dfsin,1,0,-licm,True,1.661888,9.656145,c43c8201a20def57,a91482015bcff52e,1602,1621,0.002202,0.001989,12169,12729,254,254,35,35,1602,1621,909,910,0,9,156,93,61,127,60,31,19,95,6,9,0,245,9,222,82,39,317,358,300,112,245,127,95,0,36,175,14,23,231,88,222,281,3,114,15,121,6,31,9,32,21,0,27,329,22,10,8,36,254,1602,909,35,18,451,1,16,156,93,61,127,60,31,19,95,6,16,1,237,17,222,82,39,317,358,300,112,245,127,95,0,36,175,14,23,231,88,222,281,3,114,15,122,6,31,27,32,21,0,27,329,22,10,8,36,254,1621,910,35,44,452,1.661888
d8ee4ff5bf0efab02eb8565a,benchmark://chstone-v0/dfsin,1,1,-loop-rotate,True,-0.560693,-17.640092,c43c8201a20def57,6618ea0fda600ee6,1602,1617,0.002202,0.002590,12169,12393,254,257,35,35,1602,1617,909,912,0,9,156,93,61,127,60,31,19,95,6,9,0,245,9,222,82,39,317,358,300,112,245,127,95,0,36,175,14,23,231,88,222,281,3,114,15,121,6,31,9,32,21,0,27,329,22,10,8,36,254,1602,909,35,18,451,0,15,156,93,62,127,63,32,20,98,6,15,0,242,15,225,82,45,323,359,302,114,245,127,95,0,36,175,14,23,234,88,225,281,3,117,15,124,6,31,15,32,21,0,27,329,22,10,8,36,257,1617,912,35,28,454,-0.560693
d8ee4ff5bf0efab02eb8565a,benchmark://chstone-v0/dfsin,1,2,-loop-unroll,True,-1.241992,-26.007341,c43c8201a20def57,dfe0692e7413d238,1602,1604,0.002202,0.002774,12169,12217,254,254,35,35,1602,1604,909,909,0,9,156,93,61,127,60,31,19,95,6,9,0,245,9,222,82,39,317,358,300,112,245,127,95,0,36,175,14,23,231,88,222,281,3,114,15,121,6,31,9,32,21,0,27,329,22,10,8,36,254,1602,909,35,18,451,0,11,156,93,61,127,60,31,19,95,6,11,0,243,11,222,82,39,317,358,300,112,245,127,95,0,36,175,14,23,231,88,222,281,3,114,15,121,6,31,11,32,21,0,27,329,22,10,8,36,254,1604,909,35,20,451,-1.241992
d8ee4ff5bf0efab02eb8565a,benchmark://chstone-v0/dfsin,1,3,-loop-vectorize,True,-0.637909,-18.588407,c43c8201a20def57,dfe0692e7413d238,1602,1604,0.002202,0.002611,12169,12217,254,254,35,35,1602,1604,909,909,0,9,156,93,61,127,60,31,19,95,6,9,0,245,9,222,82,39,317,358,300,112,245,127,95,0,36,175,14,23,231,88,222,281,3,114,15,121,6,31,9,32,21,0,27,329,22,10,8,36,254,1602,909,35,18,451,0,11,156,93,61,127,60,31,19,95,6,11,0,243,11,222,82,39,317,358,300,112,245,127,95,0,36,175,14,23,231,88,222,281,3,114,15,121,6,31,11,32,21,0,27,329,22,10,8,36,254,1604,909,35,20,451,-0.637909
d8ee4ff5bf0efab02eb8565a,benchmark://chstone-v0/dfsin,1,4,-loop-deletion,True,0.068462,-9.913230,c43c8201a20def57,dfe0692e7413d238,1602,1604,0.002202,0.002420,12169,12217,254,254,35,35,1602,1604,909,909,0,9,156,93,61,127,60,31,19,95,6,9,0,245,9,222,82,39,317,358,300,112,245,127,95,0,36,175,14,23,231,88,222,281,3,114,15,121,6,31,9,32,21,0,27,329,22,10,8,36,254,1602,909,35,18,451,0,11,156,93,61,127,60,31,19,95,6,11,0,243,11,222,82,39,317,358,300,112,245,127,95,0,36,175,14,23,231,88,222,281,3,114,15,121,6,31,11,32,21,0,27,329,22,10,8,36,254,1604,909,35,20,451,0.068462
d8ee4ff5bf0efab02eb8565a,benchmark://chstone-v0/dfsin,1,5,-loop-unswitch,True,1.228259,4.330609,c43c8201a20def57,dfe0692e7413d238,1602,1604,0.002202,0.002106,12169,12217,254,254,35,35,1602,1604,909,909,0,9,156,93,61,127,60,31,19,95,6,9,0,245,9,222,82,39,317,358,300,112,245,127,95,0,36,175,14,23,231,88,222,281,3,114,15,121,6,31,9,32,21,0,27,329,22,10,8,36,254,1602,909,35,18,451,0,11,156,93,61,127,60,31,19,95,6,11,0,243,11,222,82,39,317,358,300,112,245,127,95,0,36,175,14,23,231,88,222,281,3,114,15,121,6,31,11,32,21,0,27,329,22,10,8,36,254,1604,909,35,20,451,1.228259
d8ee4ff5bf0efab02eb8565a,benchmark://chstone-v0/dfsin,1,6,-loop-distribute,True,-1.073501,-23.938052,c43c8201a20def57,c43c8201a20def57,1602,1602,0.002202,0.002729,12169,12169,254,254,35,35,1602,1602,909,909,0,9,156,93,61,127,60,31,19,95,6,9,0,245,9,222,82,39,317,358,300,112,245,127,95,0,36,175,14,23,231,88,222,281,3,114,15,121,6,31,9,32,21,0,27,329,22,10,8,36,254,1602,909,35,18,451,0,9,156,93,61,127,60,31,19,95,6,9,0,245,9,222,82,39,317,358,300,112,245,127,95,0,36,175,14,23,231,88,222,281,3,114,15,121,6,31,9,32,21,0,27,329,22,10,8,36,254,1602,909,35,18,451,-1.073501
d8ee4ff5bf0efab02eb8565a,benchmark://chstone-v0/dfsin,1,7,-indvars,True,0.555488,-3.931911,c43c8201a20def57,dfe0692e7413d238,1602,1604,0.002202,0.002288,12169,12217,254,254,35,35,1602,1604,909,909,0,9,156,93,61,127,60,31,19,95,6,9,0,245,9,222,82,39,317,358,300,112,245,127,95,0,36,175,14,23,231,88,222,281,3,114,15,121,6,31,9,32,21,0,27,329,22,10,8,36,254,1602,909,35,18,451,0,11,156,93,61,127,60,31,19,95,6,11,0,243,11,222,82,39,317,358,300,112,245,127,95,0,36,175,14,23,231,88,222,281,3,114,15,121,6,31,11,32,21,0,27,329,22,10,8,36,254,1604,909,35,20,451,0.555488
1e726a4dc65f5d56e048234e,benchmark://chstone-v0/dfsin,2,0,-licm,True,-0.090305,3.727596,ee15087accb7a93a,ee15087accb7a93a,1562,1562,0.002391,0.002302,14035,14035,213,213,35,35,1562,1562,835,835,14,31,132,79,48,98,39,16,16,80,10,43,2,168,45,178,82,37,267,377,311,127,247,98,98,0,38,175,15,25,188,88,178,281,3,108,15,47,10,31,80,32,21,7,24,329,21,10,8,36,213,1562,835,35,189,377,14,31,132,79,48,98,39,16,16,80,10,43,2,168,45,178,82,37,267,377,311,127,247,98,98,0,38,175,15,25,188,88,178,281,3,108,15,47,10,31,80,32,21,7,24,329,21,10,8,36,213,1562,835,35,189,377,-0.090305
1e726a4dc65f5d56e048234e,benchmark://chstone-v0/dfsin,2,1,-loop-rotate,True,0.635617,11.904688,ee15087accb7a93a,0095ffe4ab8e5c6a,1562,1570,0.002391,0.002106,14035,14091,213,214,35,35,1562,1570,835,837,14,31,132,79,48,98,39,16,16,80,10,43,2,168,45,178,82,37,267,377,311,127,247,98,98,0,38,175,15,25,188,88,178,281,3,108,15,47,10,31,80,32,21,7,24,329,21,10,8,36,213,1562,835,35,189,377,13,34,131,78,48,97,41,16,18,82,10,45,2,167,47,179,82,42,270,377,313,129,247,97,98,0,38,175,15,25,189,88,179,281,3,110,15,49,10,31,83,32,21,7,24,329,21,10,8,36,214,1570,837,35,195,379,0.635617
1e726a4dc65f5d56e048234e,benchmark://chstone-v0/dfsin,2,2,-loop-unroll,True,0.688950,12.505453,ee15087accb7a93a,ee15087accb7a93a,1562,1562,0.002391,0.002092,14035,14035,213,213,35,35,1562,1562,835,835,14,31,132,79,48,98,39,16,16,80,10,43,2,168,45,178,82,37,267,377,311,127,247,98,98,0,38,175,15,25,188,88,178,281,3,108,15,47,10,31,80,32,21,7,24,329,21,10,8,36,213,1562,835,35,189,377,14,31,132,79,48,98,39,16,16,80,10,43,2,168,45,178,82,37,267,377,311,127,247,98,98,0,38,175,15,25,188,88,178,281,3,108,15,47,10,31,80,32,21,7,24,329,21,10,8,36,213,1562,835,35,189,377,0.688950
1e726a4dc65f5d56e048234e,benchmark://chstone-v0/dfsin,2,3,-loop-vectorize,True,0.398600,9.234819,ee15087accb7a93a,ee15087accb7a93a,1562,1562,0.002391,0.002170,14035,14035,213,213,35,35,1562,1562,835,835,14,31,132,79,48,98,39,16,16,80,10,43,2,168,45,178,82,37,267,377,311,127,247,98,98,0,38,175,15,25,188,88,178,281,3,108,15,47,10,31,80,32,21,7,24,329,21,10,8,36,213,1562,835,35,189,377,14,31,132,79,48,98,39,16,16,80,10,43,2,168,45,178,82,37,267,377,311,127,247,98,98,0,38,175,15,25,188,88,178,281,3,108,15,47,10,31,80,32,21,7,24,329,21,10,8,36,213,1562,835,35,189,377,0.398600
1e726a4dc65f5d56e048234e,benchmark://chstone-v0/dfsin,2,4,-loop-deletion,True,-1.917699,-16.856951,ee15087accb7a93a,ee15087accb7a93a,1562,1562,0.002391,0.002794,14035,14035,213,213,35,35,1562,1562,835,835,14,31,132,79,48,98,39,16,16,80,10,43,2,168,45,178,82,37,267,377,311,127,247,98,98,0,38,175,15,25,188,88,178,281,3,108,15,47,10,31,80,32,21,7,24,329,21,10,8,36,213,1562,835,35,189,377,14,31,132,79,48,98,39,16,16,80,10,43,2,168,45,178,82,37,267,377,311,127,247,98,98,0,38,175,15,25,188,88,178,281,3,108,15,47,10,31,80,32,21,7,24,329,21,10,8,36,213,1562,835,35,189,377,-1.917699
1e726a4dc65f5d56e048234e,benchmark://chstone-v0/dfsin,2,5,-loop-unswitch,True,0.306864,8.201474,ee15087accb7a93a,ee15087accb7a93a,1562,1562,0.002391,0.002195,14035,14035,213,213,35,35,1562,1562,835,835,14,31,132,79,48,98,39,16,16,80,10,43,2,168,45,178,82,37,267,377,311,127,247,98,98,0,38,175,15,25,188,88,178,281,3,108,15,47,10,31,80,32,21,7,24,329,21,10,8,36,213,1562,835,35,189,377,14,31,132,79,48,98,39,16,16,80,10,43,2,168,45,178,82,37,267,377,311,127,247,98,98,0,38,175,15,25,188,88,178,281,3,108,15,47,10,31,80,32,21,7,24,329,21,10,8,36,213,1562,835,35,189,377,0.306864
1e726a4dc65f5d56e048234e,benchmark://chstone-v0/dfsin,2,6,-loop-distribute,True,1.250399,18.829848,ee15087accb7a93a,ee15087accb7a93a,1562,1562,0.002391,0.001941,14035,14035,213,213,35,35,1562,1562,835,835,14,31,132,79,48,98,39,16,16,80,10,43,2,168,45,178,82,37,267,377,311,127,247,98,98,0,38,175,15,25,188,88,178,281,3,108,15,47,10,31,80,32,21,7,24,329,21,10,8,36,213,1562,835,35,189,377,14,31,132,79,48,98,39,16,16,80,10,43,2,168,45,178,82,37,267,377,311,127,247,98,98,0,38,175,15,25,188,88,178,281,3,108,15,47,10,31,80,32,21,7,24,329,21,10,8,36,213,1562,835,35,189,377,1.250399
1e726a4dc65f5d56e048234e,benchmark://chstone-v0/dfsin,2,7,-indvars,True,-1.272427,-9.588329,ee15087accb7a93a,8c2a8bfea98324c0,1562,1562,0.002391,0.002620,14035,14035,213,213,35,35,1562,1562,835,835,14,31,132,79,48,98,39,16,16,80,10,43,2,168,45,178,82,37,267,377,311,127,247,98,98,0,38,175,15,25,188,88,178,281,3,108,15,47,10,31,80,32,21,7,24,329,21,10,8,36,213,1562,835,35,189,377,14,31,132,79,48,98,39,16,16,80,10,43,2,168,45,178,82,37,267,374,314,127,247,98,98,0,38,175,15,25,188,88,178,281,3,108,15,47,10,31,80,32,20,7,24,329,21,11,8,36,213,1562,835,35,189,377,-1.272427
f982ee2185be2809a697f033,benchmark://chstone-v0/gsm,0,0,-licm,True,-0.297963,-8.264877,1020233c14886c2d,ab4e79ef795fc692,1809,1819,0.002295,0.002484,7455,9318,200,200,15,15,1809,1819,1063,1012,0,24,129,102,24,125,57,19,29,61,2,24,0,176,24,186,38,13,250,223,223,109,120,125,72,16,74,55,8,24,176,58,186,101,151,63,0,521,47,0,24,12,192,0,7,235,17,32,1,7,200,1809,1063,15,48,865,3,51,129,102,24,125,57,19,29,61,2,50,4,146,54,186,38,13,250,223,223,109,120,125,72,16,74,55,8,21,179,58,186,101,151,63,0,474,47,0,85,12,192,0,7,231,17,32,1,7,200,1819,1012,15,139,818,-0.297963
f982ee2185be2809a697f033,benchmark://chstone-v0/gsm,0,1,-loop-rotate,True,-0.290800,-8.179565,1020233c14886c2d,30d14f8cc5072863,1809,1867,0.002295,0.002482,7455,7798,200,218,15,15,1809,1867,1063,1083,0,24,129,102,24,125,57,19,29,61,2,24,0,176,24,186,38,13,250,223,223,109,120,125,72,16,74,55,8,24,176,58,186,101,151,63,0,521,47,0,24,12,192,0,7,235,17,32,1,7,200,1809,1063,15,48,865,0,24,129,86,42,125,75,39,25,79,2,24,0,194,24,204,38,49,286,242,223,114,120,125,74,16,75,55,8,25,193,58,204,101,151,81,0,540,47,0,24,12,192,0,7,236,18,32,1,7,218,1867,1083,15,48,884,-0.290800
f982ee2185be2809a697f033,benchmark://chstone-v0/gsm,0,2,-loop-unroll,True,-0.487883,-10.526602,1020233c14886c2d,278a253fa2345c36,1809,1809,0.002295,0.002536,7455,7455,200,200,15,15,1809,1809,1063,1063,0,24,129,102,24,125,57,19,29,61,2,24,0,176,24,186,38,13,250,223,223,109,120,125,72,16,74,55,8,24,176,58,186,101,151,63,0,521,47,0,24,12,192,0,7,235,17,32,1,7,200,1809,1063,15,48,865,0,24,129,102,24,125,57,19,29,61,2,24,0,176,24,186,38,13,250,223,223,109,120,125,72,16,74,55,8,24,176,58,186,101,151,63,0,521,47,0,24,12,192,0,7,235,17,32,1,7,200,1809,1063,15,48,865,-0.487883
f982ee2185be2809a697f033,benchmark://chstone-v0/gsm,0,3,-loop-vectorize,True,-0.017395,-4.923632,1020233c14886c2d,278a253fa2345c36,1809,1809,0.002295,0.002408,7455,7455,200,200,15,15,1809,1809,1063,1063,0,24,129,102,24,125,57,19,29,61,2,24,0,176,24,186,38,13,250,223,223,109,120,125,72,16,74,55,8,24,176,58,186,101,151,63,0,521,47,0,24,12,192,0,7,235,17,32,1,7,200,1809,1063,15,48,865,0,24,129,102,24,125,57,19,29,61,2,24,0,176,24,186,38,13,250,223,223,109,120,125,72,16,74,55,8,24,176,58,186,101,151,63,0,521,47,0,24,12,192,0,7,235,17,32,1,7,200,1809,1063,15,48,865,-0.017395
f982ee2185be2809a697f033,benchmark://chstone-v0/gsm,0,4,-loop-deletion,True,1.575190,14.042207,1020233c14886c2d,278a253fa2345c36,1809,1809,0.002295,0.001972,7455,7455,200,200,15,15,1809,1809,1063,1063,0,24,129,102,24,125,57,19,29,61,2,24,0,176,24,186,38,13,250,223,223,109,120,125,72,16,74,55,8,24,176,58,186,101,151,63,0,521,47,0,24,12,192,0,7,235,17,32,1,7,200,1809,1063,15,48,865,0,24,129,102,24,125,57,19,29,61,2,24,0,176,24,186,38,13,250,223,223,109,120,125,72,16,74,55,8,24,176,58,186,101,151,63,0,521,47,0,24,12,192,0,7,235,17,32,1,7,200,1809,1063,15,48,865,1.575190
f982ee2185be2809a697f033,benchmark://chstone-v0/gsm,0,5,-loop-unswitch,True,-1.089733,-17.693939,1020233c14886c2d,278a253fa2345c36,1809,1809,0.002295,0.002701,7455,7455,200,200,15,15,1809,1809,1063,1063,0,24,129,102,24,125,57,19,29,61,2,24,0,176,24,186,38,13,250,223,223,109,120,125,72,16,74,55,8,24,176,58,186,101,151,63,0,521,47,0,24,12,192,0,7,235,17,32,1,7,200,1809,1063,15,48,865,0,24,129,102,24,125,57,19,29,61,2,24,0,176,24,186,38,13,250,223,223,109,120,125,72,16,74,55,8,24,176,58,186,101,151,63,0,521,47,0,24,12,192,0,7,235,17,32,1,7,200,1809,1063,15,48,865,-1.089733
f982ee2185be2809a697f033,benchmark://chstone-v0/gsm,0,6,-loop-distribute,True,1.670746,15.180172,1020233c14886c2d,278a253fa2345c36,1809,1809,0.002295,0.001946,7455,7455,200,200,15,15,1809,1809,1063,1063,0,24,129,102,24,125,57,19,29,61,2,24,0,176,24,186,38,13,250,223,223,109,120,125,72,16,74,55,8,24,176,58,186,101,151,63,0,521,47,0,24,12,192,0,7,235,17,32,1,7,200,1809,1063,15,48,865,0,24,129,102,24,125,57,19,29,61,2,24,0,176,24,186,38,13,250,223,223,109,120,125,72,16,74,55,8,24,176,58,186,101,151,63,0,521,47,0,24,12,192,0,7,235,17,32,1,7,200,1809,1063,15,48,865,1.670746
f982ee2185be2809a697f033,benchmark://chstone-v0/gsm,0,7,-indvars,True,-1.062162,-17.365594,1020233c14886c2d,278a253fa2345c36,1809,1809,0.002295,0.002693,7455,7455,200,200,15,15,1809,1809,1063,1063,0,24,129,102,24,125,57,19,29,61,2,24,0,176,24,186,38,13,250,223,223,109,120,125,72,16,74,55,8,24,176,58,186,101,151,63,0,521,47,0,24,12,192,0,7,235,17,32,1,7,200,1809,1063,15,48,865,0,24,129,102,24,125,57,19,29,61,2,24,0,176,24,186,38,13,250,223,223,109,120,125,72,16,74,55,8,24,176,58,186,101,151,63,0,521,47,0,24,12,192,0,7,235,17,32,1,7,200,1809,1063,15,48,865,-1.062162
dfcc5b433c80af35de847e9e,benchmark://chstone-v0/gsm,1,0,-licm,True,-1.654676,-31.516592,48832bb69fe10ca1,11690ff4bc1bd5b6,1374,1449,0.002043,0.002687,7584,9946,200,200,15,15,1374,1449,733,725,0,24,129,102,24,125,57,19,29,61,2,24,0,176,24,186,38,13,250,220,188,75,116,125,70,16,72,55,8,15,185,29,186,101,122,62,0,220,47,0,24,12,119,0,7,235,17,32,1,7,200,1374,733,15,48,462,4,62,129,102,24,125,57,19,29,61,2,62,4,134,66,186,38,13,250,220,188,75,116,125,70,16,72,55,8,15,185,29,186,101,122,62,0,216,47,0,107,12,119,0,7,231,17,32,1,7,200,1449,725,15,171,458,-1.654676
dfcc5b433c80af35de847e9e,benchmark://chstone-v0/gsm,1,1,-loop-rotate,True,1.457148,14.192505,48832bb69fe10ca1,fd53c154a2443c51,1374,1445,0.002043,0.001753,7584,8252,200,218,15,15,1374,1445,733,752,0,24,129,102,24,125,57,19,29,61,2,24,0,176,24,186,38,13,250,220,188,75,116,125,70,16,72,55,8,15,185,29,186,101,122,62,0,220,47,0,24,12,119,0,7,235,17,32,1,7,200,1374,733,15,48,462,0,39,129,86,42,125,75,39,25,79,2,39,0,179,39,204,38,49,286,238,188,80,116,125,71,16,73,55,8,15,203,29,204,101,122,80,0,238,47,0,39,12,119,0,7,236,17,32,1,7,218,1445,752,15,77,480,1.457148
dfcc5b433c80af35de847e9e,benchmark://chstone-v0/gsm,1,2,-loop-unroll,True,0.479840,-0.163025,48832bb69fe10ca1,359d6b790dad3dc0,1374,1375,0.002043,0.002046,7584,7600,200,200,15,15,1374,1375,733,733,0,24,129,102,24,125,57,19,29,61,2,24,0,176,24,186,38,13,250,220,188,75,116,125,70,16,72,55,8,15,185,29,186,101,122,62,0,220,47,0,24,12,119,0,7,235,17,32,1,7,200,1374,733,15,48,462,0,25,129,102,24,125,57,19,29,61,2,25,0,175,25,186,38,13,250,220,188,75,116,125,70,16,72,55,8,15,185,29,186,101,122,62,0,220,47,0,25,12,119,0,7,235,17,32,1,7,200,1375,733,15,49,462,0.479840
dfcc5b433c80af35de847e9e,benchmark://chstone-v0/gsm,1,3,-loop-vectorize,True,-0.659472,-16.898197,48832bb69fe10ca1,48832bb69fe10ca1,1374,1374,0.002043,0.002388,7584,7584,200,200,15,15,1374,1374,733,733,0,24,129,102,24,125,57,19,29,61,2,24,0,176,24,186,38,13,250,220,188,75,116,125,70,16,72,55,8,15,185,29,186,101,122,62,0,220,47,0,24,12,119,0,7,235,17,32,1,7,200,1374,733,15,48,462,0,24,129,102,24,125,57,19,29,61,2,24,0,176,24,186,38,13,250,220,188,75,116,125,70,16,72,55,8,15,185,29,186,101,122,62,0,220,47,0,24,12,119,0,7,235,17,32,1,7,200,1374,733,15,48,462,-0.659472
dfcc5b433c80af35de847e9e,benchmark://chstone-v0/gsm,1,4,-loop-deletion,True,-1.145761,-24.041223,48832bb69fe10ca1,359d6b790dad3dc0,1374,1375,0.002043,0.002534,7584,7600,200,200,15,15,1374,1375,733,733,0,24,129,102,24,125,57,19,29,61,2,24,0,176,24,186,38,13,250,220,188,75,116,125,70,16,72,55,8,15,185,29,186,101,122,62,0,220,47,0,24,12,119,0,7,235,17,32,1,7,200,1374,733,15,48,462,0,25,129,102,24,125,57,19,29,61,2,25,0,175,25,186,38,13,250,220,188,75,116,125,70,16,72,55,8,15,185,29,186,101,122,62,0,220,47,0,25,12,119,0,7,235,17,32,1,7,200,1375,733,15,49,462,-1.145761
dfcc5b433c80af35de847e9e,benchmark://chstone-v0/gsm,1,5,-loop-unswitch,True,-0.000372,-7.216789,48832bb69fe10ca1,359d6b790dad3dc0,1374,1375,0.002043,0.002190,7584,7600,200,200,15,15,1374,1375,733,733,0,24,129,102,24,125,57,19,29,61,2,24,0,176,24,186,38,13,250,220,188,75,116,125,70,16,72,55,8,15,185,29,186,101,122,62,0,220,47,0,24,12,119,0,7,235,17,32,1,7,200,1374,733,15,48,462,0,25,129,102,24,125,57,19,29,61,2,25,0,175,25,186,38,13,250,220,188,75,116,125,70,16,72,55,8,15,185,29,186,101,122,62,0,220,47,0,25,12,119,0,7,235,17,32,1,7,200,1375,733,15,49,462,-0.000372
dfcc5b433c80af35de847e9e,benchmark://chstone-v0/gsm,1,6,-loop-distribute,True,0.779514,4.238841,48832bb69fe10ca1,48832bb69fe10ca1,1374,1374,0.002043,0.001956,7584,7584,200,200,15,15,1374,1374,733,733,0,24,129,102,24,125,57,19,29,61,2,24,0,176,24,186,38,13,250,220,188,75,116,125,70,16,72,55,8,15,185,29,186,101,122,62,0,220,47,0,24,12,119,0,7,235,17,32,1,7,200,1374,733,15,48,462,0,24,129,102,24,125,57,19,29,61,2,24,0,176,24,186,38,13,250,220,188,75,116,125,70,16,72,55,8,15,185,29,186,101,122,62,0,220,47,0,24,12,119,0,7,235,17,32,1,7,200,1374,733,15,48,462,0.779514
dfcc5b433c80af35de847e9e,benchmark://chstone-v0/gsm,1,7,-indvars,True,0.743779,3.713932,48832bb69fe10ca1,359d6b790dad3dc0,1374,1375,0.002043,0.001967,7584,7600,200,200,15,15,1374,1375,733,733,0,24,129,102,24,125,57,19,29,61,2,24,0,176,24,186,38,13,250,220,188,75,116,125,70,16,72,55,8,15,185,29,186,101,122,62,0,220,47,0,24,12,119,0,7,235,17,32,1,7,200,1374,733,15,48,462,0,25,129,102,24,125,57,19,29,61,2,25,0,175,25,186,38,13,250,220,188,75,116,125,70,16,72,55,8,15,185,29,186,101,122,62,0,220,47,0,25,12,119,0,7,235,17,32,1,7,200,1375,733,15,49,462,0.743779
acd7a45470b34aa89d89a5b6,benchmark://chstone-v0/gsm,2,0,-licm,True,-1.180700,-27.007998,daf6f381ac46a7e7,f0d8ae441d0cb061,1291,1353,0.001967,0.002498,8444,9870,183,183,15,15,1291,1353,633,643,2,52,112,85,24,108,57,19,29,61,2,54,0,129,54,169,38,13,233,242,171,90,118,108,70,16,72,55,8,15,168,29,169,101,104,62,0,138,47,0,67,12,110,0,7,235,17,32,1,7,183,1291,633,15,136,371,8,63,112,85,24,108,57,19,29,61,2,65,6,112,71,169,38,13,233,242,171,90,118,108,70,16,72,55,8,15,168,29,169,101,104,62,0,157,47,0,119,12,110,0,7,226,17,32,1,7,183,1353,643,15,210,390,-1.180700
acd7a45470b34aa89d89a5b6,benchmark://chstone-v0/gsm,2,1,-loop-rotate,True,0.708265,0.599431,daf6f381ac46a7e7,4929715ae36d3ce1,1291,1285,0.001967,0.001955,8444,8376,183,169,15,15,1291,1285,633,634,2,52,112,85,24,108,57,19,29,61,2,54,0,129,54,169,38,13,233,242,171,90,118,108,70,16,72,55,8,15,168,29,169,101,104,62,0,138,47,0,67,12,110,0,7,235,17,32,1,7,183,1291,633,15,136,371,1,59,96,71,22,92,59,17,33,63,2,60,0,109,60,155,38,33,221,244,171,89,119,92,70,16,72,55,8,18,151,29,155,101,104,64,0,138,47,0,72,12,110,0,7,236,17,32,1,7,169,1285,634,15,140,371,0.708265
acd7a45470b34aa89d89a5b6,benchmark://chstone-v0/gsm,2,2,-loop-unroll,True,0.661477,-0.084375,daf6f381ac46a7e7,40b40e5210f5f784,1291,1632,0.001967,0.001969,8444,10347,183,234,15,15,1291,1632,633,857,2,52,112,85,24,108,57,19,29,61,2,54,0,129,54,169,38,13,233,242,171,90,118,108,70,16,72,55,8,15,168,29,169,101,104,62,0,138,47,0,67,12,110,0,7,235,17,32,1,7,183,1291,633,15,136,371,2,51,169,130,30,153,51,19,23,61,2,53,0,181,53,214,38,13,278,290,328,155,136,153,82,25,74,55,8,15,219,29,214,101,176,64,0,188,47,0,66,12,120,0,25,337,17,41,1,24,234,1632,857,15,128,457,0.661477
acd7a45470b34aa89d89a5b6,benchmark://chstone-v0/gsm,2,3,-loop-vectorize,True,0.509918,-2.299427,daf6f381ac46a7e7,cbb25c213306be42,1291,1295,0.001967,0.002012,8444,8526,183,183,15,15,1291,1295,633,633,2,52,112,85,24,108,57,19,29,61,2,54,0,129,54,169,38,13,233,242,171,90,118,108,70,16,72,55,8,15,168,29,169,101,104,62,0,138,47,0,67,12,110,0,7,235,17,32,1,7,183,1291,633,15,136,371,2,56,112,85,24,108,57,19,29,61,2,58,0,125,58,169,38,13,233,242,171,90,118,108,70,16,72,55,8,15,168,29,169,101,104,62,0,138,47,0,71,12,110,0,7,235,17,32,1,7,183,1295,633,15,140,371,0.509918
acd7a45470b34aa89d89a5b6,benchmark://chstone-v0/gsm,2,4,-loop-deletion,True,1.072717,5.925936,daf6f381ac46a7e7,98b3cb51197e1ac6,1291,1297,0.001967,0.001850,8444,8574,183,183,15,15,1291,1297,633,633,2,52,112,85,24,108,57,19,29,61,2,54,0,129,54,169,38,13,233,242,171,90,118,108,70,16,72,55,8,15,168,29,169,101,104,62,0,138,47,0,67,12,110,0,7,235,17,32,1,7,183,1291,633,15,136,371,2,57,112,85,24,108,57,19,29,61,2,59,0,124,59,169,38,13,233,242,171,90,118,108,70,16,72,55,8,15,168,29,169,101,104,62,0,138,47,0,73,12,110,0,7,235,17,32,1,7,183,1297,633,15,142,371,1.072717
acd7a45470b34aa89d89a5b6,benchmark://chstone-v0/gsm,2,5,-loop-unswitch,True,0.453943,-3.117513,daf6f381ac46a7e7,98b3cb51197e1ac6,1291,1297,0.001967,0.002028,8444,8574,183,183,15,15,1291,1297,633,633,2,52,112,85,24,108,57,19,29,61,2,54,0,129,54,169,38,13,233,242,171,90,118,108,70,16,72,55,8,15,168,29,169,101,104,62,0,138,47,0,67,12,110,0,7,235,17,32,1,7,183,1291,633,15,136,371,2,57,112,85,24,108,57,19,29,61,2,59,0,124,59,169,38,13,233,242,171,90,118,108,70,16,72,55,8,15,168,29,169,101,104,62,0,138,47,0,73,12,110,0,7,235,17,32,1,7,183,1297,633,15,142,371,0.453943
acd7a45470b34aa89d89a5b6,benchmark://chstone-v0/gsm,2,6,-loop-distribute,True,-1.999732,-38.978241,daf6f381ac46a7e7,daf6f381ac46a7e7,1291,1291,0.001967,0.002734,8444,8444,183,183,15,15,1291,1291,633,633,2,52,112,85,24,108,57,19,29,61,2,54,0,129,54,169,38,13,233,242,171,90,118,108,70,16,72,55,8,15,168,29,169,101,104,62,0,138,47,0,67,12,110,0,7,235,17,32,1,7,183,1291,633,15,136,371,2,52,112,85,24,108,57,19,29,61,2,54,0,129,54,169,38,13,233,242,171,90,118,108,70,16,72,55,8,15,168,29,169,101,104,62,0,138,47,0,67,12,110,0,7,235,17,32,1,7,183,1291,633,15,136,371,-1.999732
acd7a45470b34aa89d89a5b6,benchmark://chstone-v0/gsm,2,7,-indvars,True,-0.225886,-13.053290,daf6f381ac46a7e7,a8e7ae83ecbd001b,1291,1296,0.001967,0.002224,8444,8749,183,183,15,15,1291,1296,633,633,2,52,112,85,24,108,57,19,29,61,2,54,0,129,54,169,38,13,233,242,171,90,118,108,70,16,72,55,8,15,168,29,169,101,104,62,0,138,47,0,67,12,110,0,7,235,17,32,1,7,183,1291,633,15,136,371,3,56,112,85,24,108,57,19,29,61,2,59,0,124,59,169,38,13,233,208,205,90,119,108,70,16,73,55,8,15,168,29,169,101,104,61,0,138,47,0,74,12,98,0,7,235,16,43,1,7,183,1296,633,15,144,370,-0.225886
ad452302ef99423ccaf377bd,benchmark://chstone-v0/jpeg,0,0,-licm,True,1.012220,25.604877,b475bb5e4b44bde2,917331e86451db02,3186,3183,0.002838,0.002111,36061,42941,350,353,34,34,3186,3183,1993,1713,0,2,216,164,37,210,101,31,59,106,3,2,0,348,2,316,73,45,429,487,461,251,289,210,208,27,129,161,14,43,307,202,316,305,218,106,2,835,46,5,2,30,198,0,15,474,51,34,0,9,350,3186,1993,34,4,1439,22,76,219,167,37,213,101,31,59,106,3,77,21,255,98,319,73,42,432,488,461,252,289,213,208,27,129,161,14,49,304,202,319,305,218,106,2,591,46,5,276,30,198,0,15,438,51,34,0,9,353,3183,1713,34,414,1195,1.012220
ad452302ef99423ccaf377bd,benchmark://chstone-v0/jpeg,0,1,-loop-rotate,True,0.754438,19.667395,b475bb5e4b44bde2,03b14b91ccbd0190,3186,3338,0.002838,0.002280,36061,36877,350,392,34,34,3186,3338,1993,2057,0,2,216,164,37,210,101,31,59,106,3,2,0,348,2,316,73,45,429,487,461,251,289,210,208,27,129,161,14,43,307,202,316,305,218,106,2,835,46,5,2,30,198,0,15,474,51,34,0,9,350,3186,1993,34,4,1439,0,2,219,163,52,213,140,47,71,145,3,2,0,390,2,358,73,120,510,515,465,254,289,213,211,27,132,161,14,43,349,202,358,305,224,145,2,892,46,5,2,30,202,0,15,475,51,34,0,9,392,3338,2057,34,4,1500,0.754438
ad452302ef99423ccaf377bd,benchmark://chstone-v0/jpeg,0,2,-loop-unroll,True,0.454376,12.756098,b475bb5e4b44bde2,2e59da31028ad104,3186,3189,0.002838,0.002476,36061,36061,350,353,34,34,3186,3189,1993,1993,0,2,216,164,37,210,101,31,59,106,3,2,0,348,2,316,73,45,429,487,461,251,289,210,208,27,129,161,14,43,307,202,316,305,218,106,2,835,46,5,2,30,198,0,15,474,51,34,0,9,350,3186,1993,34,4,1439,0,2,219,167,37,213,101,31,59,106,3,2,0,351,2,319,73,42,432,487,461,251,289,213,208,27,129,161,14,43,310,202,319,305,218,106,2,835,46,5,2,30,198,0,15,474,51,34,0,9,353,3189,1993,34,4,1439,0.454376
ad452302ef99423ccaf377bd,benchmark://chstone-v0/jpeg,0,3,-loop-vectorize,True,0.464216,12.982748,b475bb5e4b44bde2,2e59da31028ad104,3186,3189,0.002838,0.002469,36061,36061,350,353,34,34,3186,3189,1993,1993,0,2,216,164,37,210,101,31,59,106,3,2,0,348,2,316,73,45,429,487,461,251,289,210,208,27,129,161,14,43,307,202,316,305,218,106,2,835,46,5,2,30,198,0,15,474,51,34,0,9,350,3186,1993,34,4,1439,0,2,219,167,37,213,101,31,59,106,3,2,0,351,2,319,73,42,432,487,461,251,289,213,208,27,129,161,14,43,310,202,319,305,218,106,2,835,46,5,2,30,198,0,15,474,51,34,0,9,353,3189,1993,34,4,1439,0.464216
ad452302ef99423ccaf377bd,benchmark://chstone-v0/jpeg,0,4,-loop-deletion,True,-2.340968,-51.628792,b475bb5e4b44bde2,2e59da31028ad104,3186,3189,0.002838,0.004303,36061,36061,350,353,34,34,3186,3189,1993,1993,0,2,216,164,37,210,101,31,59,106,3,2,0,348,2,316,73,45,429,487,461,251,289,210,208,27,129,161,14,43,307,202,316,305,218,106,2,835,46,5,2,30,198,0,15,474,51,34,0,9,350,3186,1993,34,4,1439,0,2,219,167,37,213,101,31,59,106,3,2,0,351,2,319,73,42,432,487,461,251,289,213,208,27,129,161,14,43,310,202,319,305,218,106,2,835,46,5,2,30,198,0,15,474,51,34,0,9,353,3189,1993,34,4,1439,-2.340968
ad452302ef99423ccaf377bd,benchmark://chstone-v0/jpeg,0,5,-loop-unswitch,True,-0.655406,-12.805392,b475bb5e4b44bde2,2e59da31028ad104,3186,3189,0.002838,0.003201,36061,36061,350,353,34,34,3186,3189,1993,1993,0,2,216,164,37,210,101,31,59,106,3,2,0,348,2,316,73,45,429,487,461,251,289,210,208,27,129,161,14,43,307,202,316,305,218,106,2,835,46,5,2,30,198,0,15,474,51,34,0,9,350,3186,1993,34,4,1439,0,2,219,167,37,213,101,31,59,106,3,2,0,351,2,319,73,42,432,487,461,251,289,213,208,27,129,161,14,43,310,202,319,305,218,106,2,835,46,5,2,30,198,0,15,474,51,34,0,9,353,3189,1993,34,4,1439,-0.655406
ad452302ef99423ccaf377bd,benchmark://chstone-v0/jpeg,0,6,-loop-distribute,True,0.041126,3.237761,b475bb5e4b44bde2,ffb83d30cc578873,3186,3186,0.002838,0.002746,36061,36061,350,350,34,34,3186,3186,1993,1993,0,2,216,164,37,210,101,31,59,106,3,2,0,348,2,316,73,45,429,487,461,251,289,210,208,27,129,161,14,43,307,202,316,305,218,106,2,835,46,5,2,30,198,0,15,474,51,34,0,9,350,3186,1993,34,4,1439,0,2,216,164,37,210,101,31,59,106,3,2,0,348,2,316,73,45,429,487,461,251,289,210,208,27,129,161,14,43,307,202,316,305,218,106,2,835,46,5,2,30,198,0,15,474,51,34,0,9,350,3186,1993,34,4,1439,0.041126
ad452302ef99423ccaf377bd,benchmark://chstone-v0/jpeg,0,7,-indvars,True,0.269998,8.509338,b475bb5e4b44bde2,2e59da31028ad104,3186,3189,0.002838,0.002596,36061,36061,350,353,34,34,3186,3189,1993,1993,0,2,216,164,37,210,101,31,59,106,3,2,0,348,2,316,73,45,429,487,461,251,289,210,208,27,129,161,14,43,307,202,316,305,218,106,2,835,46,5,2,30,198,0,15,474,51,34,0,9,350,3186,1993,34,4,1439,0,2,219,167,37,213,101,31,59,106,3,2,0,351,2,319,73,42,432,487,461,251,289,213,208,27,129,161,14,43,310,202,319,305,218,106,2,835,46,5,2,30,198,0,15,474,51,34,0,9,353,3189,1993,34,4,1439,0.269998
b42a48ec63b741c3507f96b3,benchmark://chstone-v0/jpeg,1,0,-licm,True,1.096132,12.289603,964c5920a1ac92e9,31a8d8247349717a,2450,2738,0.002325,0.002039,37290,43706,350,353,34,34,2450,2738,1439,1441,0,2,216,164,37,210,101,31,59,106,3,2,0,348,2,316,73,45,429,479,445,237,288,210,201,27,127,161,14,30,320,101,316,305,201,106,2,298,44,5,2,30,125,0,14,474,49,33,0,9,350,2450,1439,34,4,727,23,74,219,167,37,213,101,31,59,106,3,75,22,256,97,319,73,42,432,480,445,238,288,213,201,27,127,161,14,41,312,101,319,305,201,106,2,337,44,5,285,30,125,0,14,437,49,33,0,9,353,2738,1441,34,422,766,1.096132
b42a48ec63b741c3507f96b3,benchmark://chstone-v0/jpeg,1,1,-loop-rotate,True,1.214548,14.149702,964c5920a1ac92e9,7fa8617c63d0db88,2450,2636,0.002325,0.001996,37290,39258,350,392,34,34,2450,2636,1439,1487,0,2,216,164,37,210,101,31,59,106,3,2,0,348,2,316,73,45,429,479,445,237,288,210,201,27,127,161,14,30,320,101,316,305,201,106,2,298,44,5,2,30,125,0,14,474,49,33,0,9,350,2450,1439,34,4,727,0,51,219,163,52,213,140,47,71,145,3,51,0,341,51,358,73,120,510,505,445,240,288,213,202,27,128,161,14,31,361,101,358,305,202,145,2,344,44,5,55,30,128,0,14,475,49,33,0,9,392,2636,1487,34,101,776,1.214548
b42a48ec63b741c3507f96b3,benchmark://chstone-v0/jpeg,1,2,-loop-unroll,True,0.064715,-3.912186,964c5920a1ac92e9,13f3faf9afcbb166,2450,2462,0.002325,0.002416,37290,37386,350,353,34,34,2450,2462,1439,1439,0,2,216,164,37,210,101,31,59,106,3,2,0,348,2,316,73,45,429,479,445,237,288,210,201,27,127,161,14,30,320,101,316,305,201,106,2,298,44,5,2,30,125,0,14,474,49,33,0,9,350,2450,1439,34,4,727,0,9,219,167,37,213,101,31,59,106,3,9,0,344,9,319,73,42,432,479,445,237,288,213,201,27,127,161,14,30,323,101,319,305,201,106,2,298,44,5,11,30,125,0,14,474,49,33,0,9,353,2462,1439,34,13,727,0.064715
b42a48ec63b741c3507f96b3,benchmark://chstone-v0/jpeg,1,3,-loop-vectorize,True,0.235901,-1.223159,964c5920a1ac92e9,13f3faf9afcbb166,2450,2462,0.002325,0.002353,37290,37386,350,353,34,34,2450,2462,1439,1439,0,2,216,164,37,210,101,31,59,106,3,2,0,348,2,316,73,45,429,479,445,237,288,210,201,27,127,161,14,30,320,101,316,305,201,106,2,298,44,5,2,30,125,0,14,474,49,33,0,9,350,2450,1439,34,4,727,0,9,219,167,37,213,101,31,59,106,3,9,0,344,9,319,73,42,432,479,445,237,288,213,201,27,127,161,14,30,323,101,319,305,201,106,2,298,44,5,11,30,125,0,14,474,49,33,0,9,353,2462,1439,34,13,727,0.235901
b42a48ec63b741c3507f96b3,benchmark://chstone-v0/jpeg,1,4,-loop-deletion,True,0.484076,2.675245,964c5920a1ac92e9,13f3faf9afcbb166,2450,2462,0.002325,0.002262,37290,37386,350,353,34,34,2450,2462,1439,1439,0,2,216,164,37,210,101,31,59,106,3,2,0,348,2,316,73,45,429,479,445,237,288,210,201,27,127,161,14,30,320,101,316,305,201,106,2,298,44,5,2,30,125,0,14,474,49,33,0,9,350,2450,1439,34,4,727,0,9,219,167,37,213,101,31,59,106,3,9,0,344,9,319,73,42,432,479,445,237,288,213,201,27,127,161,14,30,323,101,319,305,201,106,2,298,44,5,11,30,125,0,14,474,49,33,0,9,353,2462,1439,34,13,727,0.484076
b42a48ec63b741c3507f96b3,benchmark://chstone-v0/jpeg,1,5,-loop-unswitch,True,-0.507737,-12.904428,964c5920a1ac92e9,d260ef09c6fcada3,2450,2491,0.002325,0.002625,37290,37530,350,364,34,34,2450,2491,1439,1450,0,2,216,164,37,210,101,31,59,106,3,2,0,348,2,316,73,45,429,479,445,237,288,210,201,27,127,161,14,30,320,101,316,305,201,106,2,298,44,5,2,30,125,0,14,474,49,33,0,9,350,2450,1439,34,4,727,0,9,227,175,37,221,104,31,62,109,3,9,0,355,9,330,75,42,446,481,446,239,290,221,202,27,128,161,14,30,334,101,330,307,203,107,2,301,44,5,11,30,128,0,14,478,49,34,0,10,364,2491,1450,34,13,735,-0.507737
b42a48ec63b741c3507f96b3,benchmark://chstone-v0/jpeg,1,6,-loop-distribute,True,-0.450172,-12.000179,964c5920a1ac92e9,964c5920a1ac92e9,2450,2450,0.002325,0.002604,37290,37290,350,350,34,34,2450,2450,1439,1439,0,2,216,164,37,210,101,31,59,106,3,2,0,348,2,316,73,45,429,479,445,237,288,210,201,27,127,161,14,30,320,101,316,305,201,106,2,298,44,5,2,30,125,0,14,474,49,33,0,9,350,2450,1439,34,4,727,0,2,216,164,37,210,101,31,59,106,3,2,0,348,2,316,73,45,429,479,445,237,288,210,201,27,127,161,14,30,320,101,316,305,201,106,2,298,44,5,2,30,125,0,14,474,49,33,0,9,350,2450,1439,34,4,727,-0.450172
b42a48ec63b741c3507f96b3,benchmark://chstone-v0/jpeg,1,7,-indvars,True,-2.137463,-38.504629,964c5920a1ac92e9,13f3faf9afcbb166,2450,2462,0.002325,0.003220,37290,37386,350,353,34,34,2450,2462,1439,1439,0,2,216,164,37,210,101,31,59,106,3,2,0,348,2,316,73,45,429,479,445,237,288,210,201,27,127,161,14,30,320,101,316,305,201,106,2,298,44,5,2,30,125,0,14,474,49,33,0,9,350,2450,1439,34,4,727,0,9,219,167,37,213,101,31,59,106,3,9,0,344,9,319,73,42,432,479,445,237,288,213,201,27,127,161,14,30,323,101,319,305,201,106,2,298,44,5,11,30,125,0,14,474,49,33,0,9,353,2462,1439,34,13,727,-2.137463
51d290561ccf16f79ba479b4,benchmark://chstone-v0/jpeg,2,0,-licm,True,1.191742,-23.726028,5eeba6413a18aa63,691fd96b483c330b,2708,2702,0.001938,0.002398,44173,44173,312,312,34,34,2708,2702,1391,1391,34,76,178,129,34,172,101,28,62,106,3,78,32,202,110,278,73,41,391,523,445,268,297,172,202,27,130,161,14,43,269,101,278,305,201,106,2,297,44,5,346,30,124,0,14,427,47,33,0,9,312,2708,1391,34,547,725,34,72,178,129,34,172,101,28,62,106,3,74,32,206,106,278,73,41,391,523,445,268,297,172,202,27,130,161,14,43,269,101,278,305,201,106,2,297,44,5,340,30,124,0,14,427,47,33,0,9,312,2702,1391,34,541,725,1.191742
51d290561ccf16f79ba479b4,benchmark://chstone-v0/jpeg,2,1,-loop-rotate,True,0.002835,-32.138643,5eeba6413a18aa63,b11f028f611a6d97,2708,2691,0.001938,0.002561,44173,42813,312,297,34,34,2708,2691,1391,1395,34,76,178,129,34,172,101,28,62,106,3,78,32,202,110,278,73,41,391,523,445,268,297,172,202,27,130,161,14,43,269,101,278,305,201,106,2,297,44,5,346,30,124,0,14,427,47,33,0,9,312,2708,1391,34,547,725,25,99,151,114,25,145,113,18,81,118,3,95,29,173,124,263,73,92,388,531,447,274,299,145,202,27,130,161,14,41,256,101,263,305,202,118,2,300,44,5,327,30,125,0,14,427,47,33,0,9,297,2691,1395,34,494,729,0.002835
51d290561ccf16f79ba479b4,benchmark://chstone-v0/jpeg,2,2,-loop-unroll,True,-0.416777,-35.107784,5eeba6413a18aa63,d56ccbd0579c8e63,2708,2883,0.001938,0.002619,44173,45461,312,372,34,34,2708,2883,1391,1516,34,76,178,129,34,172,101,28,62,106,3,78,32,202,110,278,73,41,391,523,445,268,297,172,202,27,130,161,14,43,269,101,278,305,201,106,2,297,44,5,346,30,124,0,14,427,47,33,0,9,312,2708,1391,34,547,725,32,72,242,170,47,216,97,31,55,112,3,73,31,268,104,328,92,44,447,532,536,322,306,216,198,27,140,161,14,42,330,101,328,341,253,102,2,306,44,5,330,30,118,0,14,455,47,33,0,15,372,2883,1516,34,514,734,-0.416777
51d290561ccf16f79ba479b4,benchmark://chstone-v0/jpeg,2,3,-loop-vectorize,True,1.305279,-22.922649,5eeba6413a18aa63,5eeba6413a18aa63,2708,2708,0.001938,0.002383,44173,44173,312,312,34,34,2708,2708,1391,1391,34,76,178,129,34,172,101,28,62,106,3,78,32,202,110,278,73,41,391,523,445,268,297,172,202,27,130,161,14,43,269,101,278,305,201,106,2,297,44,5,346,30,124,0,14,427,47,33,0,9,312,2708,1391,34,547,725,34,76,178,129,34,172,101,28,62,106,3,78,32,202,110,278,73,41,391,523,445,268,297,172,202,27,130,161,14,43,269,101,278,305,201,106,2,297,44,5,346,30,124,0,14,427,47,33,0,9,312,2708,1391,34,547,725,1.305279
51d290561ccf16f79ba479b4,benchmark://chstone-v0/jpeg,2,4,-loop-deletion,True,-0.641569,-36.698398,5eeba6413a18aa63,5eeba6413a18aa63,2708,2708,0.001938,0.002650,44173,44173,312,312,34,34,2708,2708,1391,1391,34,76,178,129,34,172,101,28,62,106,3,78,32,202,110,278,73,41,391,523,445,268,297,172,202,27,130,161,14,43,269,101,278,305,201,106,2,297,44,5,346,30,124,0,14,427,47,33,0,9,312,2708,1391,34,547,725,34,76,178,129,34,172,101,28,62,106,3,78,32,202,110,278,73,41,391,523,445,268,297,172,202,27,130,161,14,43,269,101,278,305,201,106,2,297,44,5,346,30,124,0,14,427,47,33,0,9,312,2708,1391,34,547,725,-0.641569
51d290561ccf16f79ba479b4,benchmark://chstone-v0/jpeg,2,5,-loop-unswitch,True,-1.104124,-39.971401,5eeba6413a18aa63,af96e178e05ed6e2,2708,2739,0.001938,0.002713,44173,44413,312,322,34,34,2708,2739,1391,1397,34,76,178,129,34,172,101,28,62,106,3,78,32,202,110,278,73,41,391,523,445,268,297,172,202,27,130,161,14,43,269,101,278,305,201,106,2,297,44,5,346,30,124,0,14,427,47,33,0,9,312,2708,1391,34,547,725,35,79,185,136,34,179,104,28,65,109,3,82,32,208,114,288,75,41,404,527,446,272,299,179,203,27,131,161,14,43,279,101,288,307,203,107,2,298,44,5,354,30,127,0,14,428,47,34,0,10,322,2739,1397,34,561,731,-1.104124
51d290561ccf16f79ba479b4,benchmark://chstone-v0/jpeg,2,6,-loop-distribute,True,1.059042,-24.665002,5eeba6413a18aa63,5eeba6413a18aa63,2708,2708,0.001938,0.002416,44173,44173,312,312,34,34,2708,2708,1391,1391,34,76,178,129,34,172,101,28,62,106,3,78,32,202,110,278,73,41,391,523,445,268,297,172,202,27,130,161,14,43,269,101,278,305,201,106,2,297,44,5,346,30,124,0,14,427,47,33,0,9,312,2708,1391,34,547,725,34,76,178,129,34,172,101,28,62,106,3,78,32,202,110,278,73,41,391,523,445,268,297,172,202,27,130,161,14,43,269,101,278,305,201,106,2,297,44,5,346,30,124,0,14,427,47,33,0,9,312,2708,1391,34,547,725,1.059042
51d290561ccf16f79ba479b4,benchmark://chstone-v0/jpeg,2,7,-indvars,True,-1.396428,-42.039719,5eeba6413a18aa63,3584adcbe4453bbd,2708,2706,0.001938,0.002753,44173,44597,312,312,34,34,2708,2706,1391,1390,34,76,178,129,34,172,101,28,62,106,3,78,32,202,110,278,73,41,391,523,445,268,297,172,202,27,130,161,14,43,269,101,278,305,201,106,2,297,44,5,346,30,124,0,14,427,47,33,0,9,312,2708,1391,34,547,725,32,71,178,129,34,172,101,28,62,106,3,72,31,209,103,278,73,41,391,455,518,262,300,172,206,27,134,161,14,43,269,101,278,305,201,106,2,296,44,5,326,30,110,0,14,427,47,62,0,9,312,2706,1390,34,518,739,-1.396428
420aba05df4af92439d963e3,benchmark://chstone-v0/mips,0,0,-licm,True,1.494747,2.029978,8d7439e3f37b3d66,7e4be811daa95101,636,622,0.001905,0.001866,3272,7044,61,61,4,4,636,622,361,294,0,0,50,43,4,50,7,3,3,7,3,0,0,61,0,57,1,4,98,108,116,89,24,50,43,7,14,19,19,10,51,36,57,37,71,13,7,164,2,2,0,1,80,0,8,70,4,8,2,12,61,636,361,4,0,319,5,9,50,43,4,50,7,3,3,7,3,10,4,47,14,57,1,4,98,108,116,89,24,50,43,7,14,19,19,9,52,36,57,37,71,13,7,109,2,2,53,1,80,0,8,58,4,8,2,12,61,622,294,4,225,264,1.494747
420aba05df4af92439d963e3,benchmark://chstone-v0/mips,0,1,-loop-rotate,True,0.553676,-15.882947,8d7439e3f37b3d66,1827495fda76824d,636,645,0.001905,0.002207,3272,3320,61,64,4,4,636,645,361,364,0,0,50,43,4,50,7,3,3,7,3,0,0,61,0,57,1,4,98,108,116,89,24,50,43,7,14,19,19,10,51,36,57,37,71,13,7,164,2,2,0,1,80,0,8,70,4,8,2,12,61,636,361,4,0,319,0,0,50,39,9,50,10,7,1,10,3,0,0,64,0,60,1,10,104,111,116,89,24,50,43,7,14,19,19,10,54,36,60,37,71,16,7,167,2,2,0,1,80,0,8,70,4,8,2,12,64,645,364,4,0,322,0.553676
420aba05df4af92439d963e3,benchmark://chstone-v0/mips,0,2,-loop-unroll,True,0.875486,-9.757412,8d7439e3f37b3d66,b958c8dbdda62134,636,636,0.001905,0.002090,3272,3272,61,61,4,4,636,636,361,361,0,0,50,43,4,50,7,3,3,7,3,0,0,61,0,57,1,4,98,108,116,89,24,50,43,7,14,19,19,10,51,36,57,37,71,13,7,164,2,2,0,1,80,0,8,70,4,8,2,12,61,636,361,4,0,319,0,0,50,43,4,50,7,3,3,7,3,0,0,61,0,57,1,4,98,108,116,89,24,50,43,7,14,19,19,10,51,36,57,37,71,13,7,164,2,2,0,1,80,0,8,70,4,8,2,12,61,636,361,4,0,319,0.875486
420aba05df4af92439d963e3,benchmark://chstone-v0/mips,0,3,-loop-vectorize,True,0.891676,-9.449238,8d7439e3f37b3d66,b958c8dbdda62134,636,636,0.001905,0.002084,3272,3272,61,61,4,4,636,636,361,361,0,0,50,43,4,50,7,3,3,7,3,0,0,61,0,57,1,4,98,108,116,89,24,50,43,7,14,19,19,10,51,36,57,37,71,13,7,164,2,2,0,1,80,0,8,70,4,8,2,12,61,636,361,4,0,319,0,0,50,43,4,50,7,3,3,7,3,0,0,61,0,57,1,4,98,108,116,89,24,50,43,7,14,19,19,10,51,36,57,37,71,13,7,164,2,2,0,1,80,0,8,70,4,8,2,12,61,636,361,4,0,319,0.891676
420aba05df4af92439d963e3,benchmark://chstone-v0/mips,0,4,-loop-deletion,True,-0.817040,-41.973977,8d7439e3f37b3d66,b958c8dbdda62134,636,636,0.001905,0.002704,3272,3272,61,61,4,4,636,636,361,361,0,0,50,43,4,50,7,3,3,7,3,0,0,61,0,57,1,4,98,108,116,89,24,50,43,7,14,19,19,10,51,36,57,37,71,13,7,164,2,2,0,1,80,0,8,70,4,8,2,12,61,636,361,4,0,319,0,0,50,43,4,50,7,3,3,7,3,0,0,61,0,57,1,4,98,108,116,89,24,50,43,7,14,19,19,10,51,36,57,37,71,13,7,164,2,2,0,1,80,0,8,70,4,8,2,12,61,636,361,4,0,319,-0.817040
420aba05df4af92439d963e3,benchmark://chstone-v0/mips,0,5,-loop-unswitch,True,-0.620086,-38.225031,8d7439e3f37b3d66,b958c8dbdda62134,636,636,0.001905,0.002633,3272,3272,61,61,4,4,636,636,361,361,0,0,50,43,4,50,7,3,3,7,3,0,0,61,0,57,1,4,98,108,116,89,24,50,43,7,14,19,19,10,51,36,57,37,71,13,7,164,2,2,0,1,80,0,8,70,4,8,2,12,61,636,361,4,0,319,0,0,50,43,4,50,7,3,3,7,3,0,0,61,0,57,1,4,98,108,116,89,24,50,43,7,14,19,19,10,51,36,57,37,71,13,7,164,2,2,0,1,80,0,8,70,4,8,2,12,61,636,361,4,0,319,-0.620086
420aba05df4af92439d963e3,benchmark://chstone-v0/mips,0,6,-loop-distribute,True,-1.281464,-50.814104,8d7439e3f37b3d66,b958c8dbdda62134,636,636,0.001905,0.002872,3272,3272,61,61,4,4,636,636,361,361,0,0,50,43,4,50,7,3,3,7,3,0,0,61,0,57,1,4,98,108,116,89,24,50,43,7,14,19,19,10,51,36,57,37,71,13,7,164,2,2,0,1,80,0,8,70,4,8,2,12,61,636,361,4,0,319,0,0,50,43,4,50,7,3,3,7,3,0,0,61,0,57,1,4,98,108,116,89,24,50,43,7,14,19,19,10,51,36,57,37,71,13,7,164,2,2,0,1,80,0,8,70,4,8,2,12,61,636,361,4,0,319,-1.281464
420aba05df4af92439d963e3,benchmark://chstone-v0/mips,0,7,-indvars,True,-1.096996,-47.302817,8d7439e3f37b3d66,b958c8dbdda62134,636,636,0.001905,0.002805,3272,3272,61,61,4,4,636,636,361,361,0,0,50,43,4,50,7,3,3,7,3,0,0,61,0,57,1,4,98,108,116,89,24,50,43,7,14,19,19,10,51,36,57,37,71,13,7,164,2,2,0,1,80,0,8,70,4,8,2,12,61,636,361,4,0,319,0,0,50,43,4,50,7,3,3,7,3,0,0,61,0,57,1,4,98,108,116,89,24,50,43,7,14,19,19,10,51,36,57,37,71,13,7,164,2,2,0,1,80,0,8,70,4,8,2,12,61,636,361,4,0,319,-1.096996
a1c88fd1c0754776d6aae82b,benchmark://chstone-v0/mips,1,0,-licm,True,-1.173998,40.828128,aecb69241a2a3a22,e6d67116e6faa315,505,550,0.004500,0.002663,3632,6791,61,61,4,4,505,550,253,246,0,0,50,43,4,50,7,3,3,7,3,0,0,61,0,57,1,4,98,105,116,89,24,50,40,7,14,19,19,5,56,18,57,37,71,13,7,56,2,2,0,1,78,0,8,70,1,8,2,12,61,505,253,4,0,191,5,9,50,43,4,50,7,3,3,7,3,10,4,47,14,57,1,4,98,105,116,89,24,50,40,7,14,19,19,7,54,18,57,37,71,13,7,63,2,2,52,1,78,0,8,56,1,8,2,12,61,550,246,4,179,198,-1.173998
a1c88fd1c0754776d6aae82b,benchmark://chstone-v0/mips,1,1,-loop-rotate,True,-2.021022,34.230424,aecb69241a2a3a22,1fa8b0f94cee88b5,505,518,0.004500,0.002959,3632,3826,61,64,4,4,505,518,253,256,0,0,50,43,4,50,7,3,3,7,3,0,0,61,0,57,1,4,98,105,116,89,24,50,40,7,14,19,19,5,56,18,57,37,71,13,7,56,2,2,0,1,78,0,8,70,1,8,2,12,61,505,253,4,0,191,0,4,50,39,9,50,10,7,1,10,3,4,0,60,4,60,1,10,104,108,116,89,24,50,40,7,14,19,19,5,59,18,60,37,71,16,7,59,2,2,4,1,78,0,8,70,1,8,2,12,64,518,256,4,7,194,-2.021022
a1c88fd1c0754776d6aae82b,benchmark://chstone-v0/mips,1,2,-loop-unroll,True,0.826780,56.412756,aecb69241a2a3a22,9aa9455222058fb8,505,506,0.004500,0.001961,3632,3639,61,61,4,4,505,506,253,253,0,0,50,43,4,50,7,3,3,7,3,0,0,61,0,57,1,4,98,105,116,89,24,50,40,7,14,19,19,5,56,18,57,37,71,13,7,56,2,2,0,1,78,0,8,70,1,8,2,12,61,505,253,4,0,191,0,1,50,43,4,50,7,3,3,7,3,1,0,60,1,57,1,4,98,105,116,89,24,50,40,7,14,19,19,5,56,18,57,37,71,13,7,56,2,2,1,1,78,0,8,70,1,8,2,12,61,506,253,4,1,191,0.826780
a1c88fd1c0754776d6aae82b,benchmark://chstone-v0/mips,1,3,-loop-vectorize,True,0.321934,52.480369,aecb69241a2a3a22,9aa9455222058fb8,505,506,0.004500,0.002138,3632,3639,61,61,4,4,505,506,253,253,0,0,50,43,4,50,7,3,3,7,3,0,0,61,0,57,1,4,98,105,116,89,24,50,40,7,14,19,19,5,56,18,57,37,71,13,7,56,2,2,0,1,78,0,8,70,1,8,2,12,61,505,253,4,0,191,0,1,50,43,4,50,7,3,3,7,3,1,0,60,1,57,1,4,98,105,116,89,24,50,40,7,14,19,19,5,56,18,57,37,71,13,7,56,2,2,1,1,78,0,8,70,1,8,2,12,61,506,253,4,1,191,0.321934
a1c88fd1c0754776d6aae82b,benchmark://chstone-v0/mips,1,4,-loop-deletion,True,0.670069,55.192089,aecb69241a2a3a22,9aa9455222058fb8,505,506,0.004500,0.002016,3632,3639,61,61,4,4,505,506,253,253,0,0,50,43,4,50,7,3,3,7,3,0,0,61,0,57,1,4,98,105,116,89,24,50,40,7,14,19,19,5,56,18,57,37,71,13,7,56,2,2,0,1,78,0,8,70,1,8,2,12,61,505,253,4,0,191,0,1,50,43,4,50,7,3,3,7,3,1,0,60,1,57,1,4,98,105,116,89,24,50,40,7,14,19,19,5,56,18,57,37,71,13,7,56,2,2,1,1,78,0,8,70,1,8,2,12,61,506,253,4,1,191,0.670069
a1c88fd1c0754776d6aae82b,benchmark://chstone-v0/mips,1,5,-loop-unswitch,True,0.185757,51.419648,aecb69241a2a3a22,9aa9455222058fb8,505,506,0.004500,0.002186,3632,3639,61,61,4,4,505,506,253,253,0,0,50,43,4,50,7,3,3,7,3,0,0,61,0,57,1,4,98,105,116,89,24,50,40,7,14,19,19,5,56,18,57,37,71,13,7,56,2,2,0,1,78,0,8,70,1,8,2,12,61,505,253,4,0,191,0,1,50,43,4,50,7,3,3,7,3,1,0,60,1,57,1,4,98,105,116,89,24,50,40,7,14,19,19,5,56,18,57,37,71,13,7,56,2,2,1,1,78,0,8,70,1,8,2,12,61,506,253,4,1,191,0.185757
a1c88fd1c0754776d6aae82b,benchmark://chstone-v0/mips,1,6,-loop-distribute,True,1.123383,58.723078,aecb69241a2a3a22,aecb69241a2a3a22,505,505,0.004500,0.001857,3632,3632,61,61,4,4,505,505,253,253,0,0,50,43,4,50,7,3,3,7,3,0,0,61,0,57,1,4,98,105,116,89,24,50,40,7,14,19,19,5,56,18,57,37,71,13,7,56,2,2,0,1,78,0,8,70,1,8,2,12,61,505,253,4,0,191,0,0,50,43,4,50,7,3,3,7,3,0,0,61,0,57,1,4,98,105,116,89,24,50,40,7,14,19,19,5,56,18,57,37,71,13,7,56,2,2,0,1,78,0,8,70,1,8,2,12,61,505,253,4,0,191,1.123383
a1c88fd1c0754776d6aae82b,benchmark://chstone-v0/mips,1,7,-indvars,True,0.067096,50.495362,aecb69241a2a3a22,9aa9455222058fb8,505,506,0.004500,0.002228,3632,3639,61,61,4,4,505,506,253,253,0,0,50,43,4,50,7,3,3,7,3,0,0,61,0,57,1,4,98,105,116,89,24,50,40,7,14,19,19,5,56,18,57,37,71,13,7,56,2,2,0,1,78,0,8,70,1,8,2,12,61,505,253,4,0,191,0,1,50,43,4,50,7,3,3,7,3,1,0,60,1,57,1,4,98,105,116,89,24,50,40,7,14,19,19,5,56,18,57,37,71,13,7,56,2,2,1,1,78,0,8,70,1,8,2,12,61,506,253,4,1,191,0.067096
a7a1ef143ff73b6393fe0ba8,benchmark://chstone-v0/mips,2,0,-licm,True,-2.007138,-39.391009,746b5b120f80e1bc,11c45bf39454f8fd,552,553,0.001886,0.002629,7599,7658,55,55,4,4,552,553,242,242,6,8,44,38,3,44,7,3,3,7,3,9,5,41,14,51,1,4,92,112,116,95,24,44,40,7,13,19,19,8,47,18,51,37,71,13,7,59,2,2,65,1,78,0,8,56,1,8,2,12,55,552,242,4,237,194,6,8,44,38,3,44,7,3,3,7,3,9,5,41,14,51,1,4,92,112,116,95,24,44,40,7,13,19,19,8,47,18,51,37,71,13,7,59,2,2,65,1,78,0,8,56,1,9,2,12,55,553,242,4,237,195,-2.007138
a7a1ef143ff73b6393fe0ba8,benchmark://chstone-v0/mips,2,1,-loop-rotate,True,0.709230,-14.355252,746b5b120f80e1bc,10a2194f612590c0,552,545,0.001886,0.002156,7599,7411,55,52,4,4,552,545,242,242,6,8,44,38,3,44,7,3,3,7,3,9,5,41,14,51,1,4,92,112,116,95,24,44,40,7,13,19,19,8,47,18,51,37,71,13,7,59,2,2,65,1,78,0,8,56,1,8,2,12,55,552,242,4,237,194,5,9,41,35,3,41,7,3,3,7,3,10,4,38,14,48,1,7,89,112,116,95,24,41,40,7,13,19,19,8,44,18,48,37,71,13,7,59,2,2,61,1,78,0,8,56,1,8,2,12,52,545,242,4,229,194,0.709230
a7a1ef143ff73b6393fe0ba8,benchmark://chstone-v0/mips,2,2,-loop-unroll,True,0.656555,-14.840734,746b5b120f80e1bc,3068afcc9f233575,552,588,0.001886,0.002166,7599,7683,55,63,4,4,552,588,242,256,6,8,44,38,3,44,7,3,3,7,3,9,5,41,14,51,1,4,92,112,116,95,24,44,40,7,13,19,19,8,47,18,51,37,71,13,7,59,2,2,65,1,78,0,8,56,1,8,2,12,55,552,242,4,237,194,5,8,53,45,4,51,6,3,2,7,3,9,4,50,13,58,1,4,99,118,132,104,24,51,39,7,19,19,19,8,55,18,58,37,78,19,7,66,2,2,61,1,77,0,8,56,1,8,2,19,63,588,256,4,229,207,0.656555
a7a1ef143ff73b6393fe0ba8,benchmark://chstone-v0/mips,2,3,-loop-vectorize,True,-0.011388,-20.996922,746b5b120f80e1bc,746b5b120f80e1bc,552,552,0.001886,0.002282,7599,7599,55,55,4,4,552,552,242,242,6,8,44,38,3,44,7,3,3,7,3,9,5,41,14,51,1,4,92,112,116,95,24,44,40,7,13,19,19,8,47,18,51,37,71,13,7,59,2,2,65,1,78,0,8,56,1,8,2,12,55,552,242,4,237,194,6,8,44,38,3,44,7,3,3,7,3,9,5,41,14,51,1,4,92,112,116,95,24,44,40,7,13,19,19,8,47,18,51,37,71,13,7,59,2,2,65,1,78,0,8,56,1,8,2,12,55,552,242,4,237,194,-0.011388
a7a1ef143ff73b6393fe0ba8,benchmark://chstone-v0/mips,2,4,-loop-deletion,True,0.742989,-14.044109,746b5b120f80e1bc,746b5b120f80e1bc,552,552,0.001886,0.002151,7599,7599,55,55,4,4,552,552,242,242,6,8,44,38,3,44,7,3,3,7,3,9,5,41,14,51,1,4,92,112,116,95,24,44,40,7,13,19,19,8,47,18,51,37,71,13,7,59,2,2,65,1,78,0,8,56,1,8,2,12,55,552,242,4,237,194,6,8,44,38,3,44,7,3,3,7,3,9,5,41,14,51,1,4,92,112,116,95,24,44,40,7,13,19,19,8,47,18,51,37,71,13,7,59,2,2,65,1,78,0,8,56,1,8,2,12,55,552,242,4,237,194,0.742989
a7a1ef143ff73b6393fe0ba8,benchmark://chstone-v0/mips,2,5,-loop-unswitch,True,1.255952,-9.316315,746b5b120f80e1bc,746b5b120f80e1bc,552,552,0.001886,0.002061,7599,7599,55,55,4,4,552,552,242,242,6,8,44,38,3,44,7,3,3,7,3,9,5,41,14,51,1,4,92,112,116,95,24,44,40,7,13,19,19,8,47,18,51,37,71,13,7,59,2,2,65,1,78,0,8,56,1,8,2,12,55,552,242,4,237,194,6,8,44,38,3,44,7,3,3,7,3,9,5,41,14,51,1,4,92,112,116,95,24,44,40,7,13,19,19,8,47,18,51,37,71,13,7,59,2,2,65,1,78,0,8,56,1,8,2,12,55,552,242,4,237,194,1.255952
a7a1ef143ff73b6393fe0ba8,benchmark://chstone-v0/mips,2,6,-loop-distribute,True,-0.701559,-27.357971,746b5b120f80e1bc,746b5b120f80e1bc,552,552,0.001886,0.002402,7599,7599,55,55,4,4,552,552,242,242,6,8,44,38,3,44,7,3,3,7,3,9,5,41,14,51,1,4,92,112,116,95,24,44,40,7,13,19,19,8,47,18,51,37,71,13,7,59,2,2,65,1,78,0,8,56,1,8,2,12,55,552,242,4,237,194,6,8,44,38,3,44,7,3,3,7,3,9,5,41,14,51,1,4,92,112,116,95,24,44,40,7,13,19,19,8,47,18,51,37,71,13,7,59,2,2,65,1,78,0,8,56,1,8,2,12,55,552,242,4,237,194,-0.701559
a7a1ef143ff73b6393fe0ba8,benchmark://chstone-v0/mips,2,7,-indvars,True,-0.644641,-26.833374,746b5b120f80e1bc,c48b49fcc2ae5dc1,552,552,0.001886,0.002392,7599,7635,55,55,4,4,552,552,242,242,6,8,44,38,3,44,7,3,3,7,3,9,5,41,14,51,1,4,92,112,116,95,24,44,40,7,13,19,19,8,47,18,51,37,71,13,7,59,2,2,65,1,78,0,8,56,1,8,2,12,55,552,242,4,237,194,6,8,44,38,3,44,7,3,3,7,3,9,5,41,14,51,1,4,92,103,125,95,24,44,40,7,13,19,19,8,47,18,51,37,71,13,7,59,2,2,65,1,75,0,8,56,1,11,2,12,55,552,242,4,237,194,-0.644641
c76fce1018ee046e76db9eb4,benchmark://chstone-v0/motion,0,0,-licm,True,0.448120,-0.253397,ce7a99bdc721116f,08b8a0fbddbb5593,925,922,0.002080,0.002086,8122,9145,123,123,16,16,925,922,581,534,0,7,72,53,17,68,36,12,18,42,2,7,0,116,7,110,20,20,152,183,154,145,111,68,37,4,24,58,1,17,106,52,110,85,87,45,1,220,0,2,7,13,55,1,8,131,14,0,0,5,123,925,581,16,14,390,4,25,72,53,17,68,36,12,18,42,2,27,2,94,29,110,20,20,152,183,154,145,111,68,37,4,24,58,1,12,111,52,110,85,87,45,1,181,0,2,51,13,55,1,8,123,14,0,0,5,123,922,534,16,80,351,0.448120
c76fce1018ee046e76db9eb4,benchmark://chstone-v0/motion,0,1,-loop-rotate,True,-0.414347,-18.523314,ce7a99bdc721116f,27fdc6f4c16031ed,925,955,0.002080,0.002466,8122,8300,123,132,16,16,925,955,581,591,0,7,72,53,17,68,36,12,18,42,2,7,0,116,7,110,20,20,152,183,154,145,111,68,37,4,24,58,1,17,106,52,110,85,87,45,1,220,0,2,7,13,55,1,8,131,14,0,0,5,123,925,581,16,14,390,0,7,72,49,23,68,45,18,19,51,2,7,0,125,7,119,20,38,170,194,154,147,111,68,39,4,25,58,2,19,113,52,119,85,87,54,1,229,0,2,7,13,55,1,8,132,14,0,0,5,132,955,591,16,14,399,-0.414347
c76fce1018ee046e76db9eb4,benchmark://chstone-v0/motion,0,2,-loop-unroll,True,0.803230,7.268999,ce7a99bdc721116f,984d6724e64ca466,925,925,0.002080,0.001929,8122,8122,123,123,16,16,925,925,581,581,0,7,72,53,17,68,36,12,18,42,2,7,0,116,7,110,20,20,152,183,154,145,111,68,37,4,24,58,1,17,106,52,110,85,87,45,1,220,0,2,7,13,55,1,8,131,14,0,0,5,123,925,581,16,14,390,0,7,72,53,17,68,36,12,18,42,2,7,0,116,7,110,20,20,152,183,154,145,111,68,37,4,24,58,1,17,106,52,110,85,87,45,1,220,0,2,7,13,55,1,8,131,14,0,0,5,123,925,581,16,14,390,0.803230
c76fce1018ee046e76db9eb4,benchmark://chstone-v0/motion,0,3,-loop-vectorize,True,-0.413489,-18.505137,ce7a99bdc721116f,984d6724e64ca466,925,925,0.002080,0.002465,8122,8122,123,123,16,16,925,925,581,581,0,7,72,53,17,68,36,12,18,42,2,7,0,116,7,110,20,20,152,183,154,145,111,68,37,4,24,58,1,17,106,52,110,85,87,45,1,220,0,2,7,13,55,1,8,131,14,0,0,5,123,925,581,16,14,390,0,7,72,53,17,68,36,12,18,42,2,7,0,116,7,110,20,20,152,183,154,145,111,68,37,4,24,58,1,17,106,52,110,85,87,45,1,220,0,2,7,13,55,1,8,131,14,0,0,5,123,925,581,16,14,390,-0.413489
c76fce1018ee046e76db9eb4,benchmark://chstone-v0/motion,0,4,-loop-deletion,True,0.892113,9.151837,ce7a99bdc721116f,984d6724e64ca466,925,925,0.002080,0.001890,8122,8122,123,123,16,16,925,925,581,581,0,7,72,53,17,68,36,12,18,42,2,7,0,116,7,110,20,20,152,183,154,145,111,68,37,4,24,58,1,17,106,52,110,85,87,45,1,220,0,2,7,13,55,1,8,131,14,0,0,5,123,925,581,16,14,390,0,7,72,53,17,68,36,12,18,42,2,7,0,116,7,110,20,20,152,183,154,145,111,68,37,4,24,58,1,17,106,52,110,85,87,45,1,220,0,2,7,13,55,1,8,131,14,0,0,5,123,925,581,16,14,390,0.892113
c76fce1018ee046e76db9eb4,benchmark://chstone-v0/motion,0,5,-loop-unswitch,True,0.281991,-3.772570,ce7a99bdc721116f,984d6724e64ca466,925,925,0.002080,0.002159,8122,8122,123,123,16,16,925,925,581,581,0,7,72,53,17,68,36,12,18,42,2,7,0,116,7,110,20,20,152,183,154,145,111,68,37,4,24,58,1,17,106,52,110,85,87,45,1,220,0,2,7,13,55,1,8,131,14,0,0,5,123,925,581,16,14,390,0,7,72,53,17,68,36,12,18,42,2,7,0,116,7,110,20,20,152,183,154,145,111,68,37,4,24,58,1,17,106,52,110,85,87,45,1,220,0,2,7,13,55,1,8,131,14,0,0,5,123,925,581,16,14,390,0.281991
c76fce1018ee046e76db9eb4,benchmark://chstone-v0/motion,0,6,-loop-distribute,True,0.727589,5.666689,ce7a99bdc721116f,984d6724e64ca466,925,925,0.002080,0.001962,8122,8122,123,123,16,16,925,925,581,581,0,7,72,53,17,68,36,12,18,42,2,7,0,116,7,110,20,20,152,183,154,145,111,68,37,4,24,58,1,17,106,52,110,85,87,45,1,220,0,2,7,13,55,1,8,131,14,0,0,5,123,925,581,16,14,390,0,7,72,53,17,68,36,12,18,42,2,7,0,116,7,110,20,20,152,183,154,145,111,68,37,4,24,58,1,17,106,52,110,85,87,45,1,220,0,2,7,13,55,1,8,131,14,0,0,5,123,925,581,16,14,390,0.727589
c76fce1018ee046e76db9eb4,benchmark://chstone-v0/motion,0,7,-indvars,True,-2.325206,-59.001634,ce7a99bdc721116f,984d6724e64ca466,925,925,0.002080,0.003308,8122,8122,123,123,16,16,925,925,581,581,0,7,72,53,17,68,36,12,18,42,2,7,0,116,7,110,20,20,152,183,154,145,111,68,37,4,24,58,1,17,106,52,110,85,87,45,1,220,0,2,7,13,55,1,8,131,14,0,0,5,123,925,581,16,14,390,0,7,72,53,17,68,36,12,18,42,2,7,0,116,7,110,20,20,152,183,154,145,111,68,37,4,24,58,1,17,106,52,110,85,87,45,1,220,0,2,7,13,55,1,8,131,14,0,0,5,123,925,581,16,14,390,-2.325206
04fecee5f47995ac9afa84c1,benchmark://chstone-v0/motion,1,0,-licm,True,1.044873,13.690142,9a31245b0927f099,ce8c4639f5173ff3,682,717,0.002215,0.001912,8639,9609,123,123,16,16,682,717,397,388,0,7,72,53,17,68,36,12,18,42,2,7,0,116,7,110,20,20,152,187,133,126,111,68,37,4,24,58,1,10,113,26,110,85,67,42,1,56,0,2,7,13,26,1,8,131,14,0,0,4,123,682,397,16,14,170,4,25,72,53,17,68,36,12,18,42,2,27,2,94,29,110,20,20,152,187,133,126,111,68,37,4,24,58,1,9,114,26,110,85,67,42,1,55,0,2,51,13,26,1,8,123,14,0,0,4,123,717,388,16,80,169,1.044873
04fecee5f47995ac9afa84c1,benchmark://chstone-v0/motion,1,1,-loop-rotate,True,-0.197105,-8.729669,9a31245b0927f099,356b7166a004ebda,682,720,0.002215,0.002408,8639,9033,123,132,16,16,682,720,397,407,0,7,72,53,17,68,36,12,18,42,2,7,0,116,7,110,20,20,152,187,133,126,111,68,37,4,24,58,1,10,113,26,110,85,67,42,1,56,0,2,7,13,26,1,8,131,14,0,0,4,123,682,397,16,14,170,0,15,72,49,23,68,45,18,19,51,2,15,0,117,15,119,20,38,170,198,133,128,111,68,39,4,25,58,2,10,122,26,119,85,67,51,1,65,0,2,15,13,26,1,8,132,14,0,0,4,132,720,407,16,30,179,-0.197105
04fecee5f47995ac9afa84c1,benchmark://chstone-v0/motion,1,2,-loop-unroll,True,-1.466994,-31.653323,9a31245b0927f099,9a31245b0927f099,682,682,0.002215,0.002916,8639,8639,123,123,16,16,682,682,397,397,0,7,72,53,17,68,36,12,18,42,2,7,0,116,7,110,20,20,152,187,133,126,111,68,37,4,24,58,1,10,113,26,110,85,67,42,1,56,0,2,7,13,26,1,8,131,14,0,0,4,123,682,397,16,14,170,0,7,72,53,17,68,36,12,18,42,2,7,0,116,7,110,20,20,152,187,133,126,111,68,37,4,24,58,1,10,113,26,110,85,67,42,1,56,0,2,7,13,26,1,8,131,14,0,0,4,123,682,397,16,14,170,-1.466994
04fecee5f47995ac9afa84c1,benchmark://chstone-v0/motion,1,3,-loop-vectorize,True,-0.888337,-21.207593,9a31245b0927f099,9a31245b0927f099,682,682,0.002215,0.002685,8639,8639,123,123,16,16,682,682,397,397,0,7,72,53,17,68,36,12,18,42,2,7,0,116,7,110,20,20,152,187,133,126,111,68,37,4,24,58,1,10,113,26,110,85,67,42,1,56,0,2,7,13,26,1,8,131,14,0,0,4,123,682,397,16,14,170,0,7,72,53,17,68,36,12,18,42,2,7,0,116,7,110,20,20,152,187,133,126,111,68,37,4,24,58,1,10,113,26,110,85,67,42,1,56,0,2,7,13,26,1,8,131,14,0,0,4,123,682,397,16,14,170,-0.888337
04fecee5f47995ac9afa84c1,benchmark://chstone-v0/motion,1,4,-loop-deletion,True,0.975620,12.439995,9a31245b0927f099,9a31245b0927f099,682,682,0.002215,0.001939,8639,8639,123,123,16,16,682,682,397,397,0,7,72,53,17,68,36,12,18,42,2,7,0,116,7,110,20,20,152,187,133,126,111,68,37,4,24,58,1,10,113,26,110,85,67,42,1,56,0,2,7,13,26,1,8,131,14,0,0,4,123,682,397,16,14,170,0,7,72,53,17,68,36,12,18,42,2,7,0,116,7,110,20,20,152,187,133,126,111,68,37,4,24,58,1,10,113,26,110,85,67,42,1,56,0,2,7,13,26,1,8,131,14,0,0,4,123,682,397,16,14,170,0.975620
04fecee5f47995ac9afa84c1,benchmark://chstone-v0/motion,1,5,-loop-unswitch,True,0.185908,-1.815636,9a31245b0927f099,9a31245b0927f099,682,682,0.002215,0.002255,8639,8639,123,123,16,16,682,682,397,397,0,7,72,53,17,68,36,12,18,42,2,7,0,116,7,110,20,20,152,187,133,126,111,68,37,4,24,58,1,10,113,26,110,85,67,42,1,56,0,2,7,13,26,1,8,131,14,0,0,4,123,682,397,16,14,170,0,7,72,53,17,68,36,12,18,42,2,7,0,116,7,110,20,20,152,187,133,126,111,68,37,4,24,58,1,10,113,26,110,85,67,42,1,56,0,2,7,13,26,1,8,131,14,0,0,4,123,682,397,16,14,170,0.185908
04fecee5f47995ac9afa84c1,benchmark://chstone-v0/motion,1,6,-loop-distribute,True,1.373415,19.620877,9a31245b0927f099,9a31245b0927f099,682,682,0.002215,0.001780,8639,8639,123,123,16,16,682,682,397,397,0,7,72,53,17,68,36,12,18,42,2,7,0,116,7,110,20,20,152,187,133,126,111,68,37,4,24,58,1,10,113,26,110,85,67,42,1,56,0,2,7,13,26,1,8,131,14,0,0,4,123,682,397,16,14,170,0,7,72,53,17,68,36,12,18,42,2,7,0,116,7,110,20,20,152,187,133,126,111,68,37,4,24,58,1,10,113,26,110,85,67,42,1,56,0,2,7,13,26,1,8,131,14,0,0,4,123,682,397,16,14,170,1.373415
04fecee5f47995ac9afa84c1,benchmark://chstone-v0/motion,1,7,-indvars,True,-1.027381,-23.717558,9a31245b0927f099,9a31245b0927f099,682,682,0.002215,0.002740,8639,8639,123,123,16,16,682,682,397,397,0,7,72,53,17,68,36,12,18,42,2,7,0,116,7,110,20,20,152,187,133,126,111,68,37,4,24,58,1,10,113,26,110,85,67,42,1,56,0,2,7,13,26,1,8,131,14,0,0,4,123,682,397,16,14,170,0,7,72,53,17,68,36,12,18,42,2,7,0,116,7,110,20,20,152,187,133,126,111,68,37,4,24,58,1,10,113,26,110,85,67,42,1,56,0,2,7,13,26,1,8,131,14,0,0,4,123,682,397,16,14,170,-1.027381
b385a9ad85fd0d916cdd8e66,benchmark://chstone-v0/motion,2,0,-licm,True,-1.573865,-33.148306,54e96cdb54dc5325,54e96cdb54dc5325,723,723,0.002245,0.002990,9892,9892,115,115,16,16,723,723,374,374,8,29,64,47,15,60,36,10,20,42,2,31,6,78,37,102,20,20,144,202,133,139,109,60,41,4,25,58,1,10,105,26,102,85,67,42,1,41,2,2,77,13,26,1,8,123,13,0,0,4,115,723,374,16,134,155,8,29,64,47,15,60,36,10,20,42,2,31,6,78,37,102,20,20,144,202,133,139,109,60,41,4,25,58,1,10,105,26,102,85,67,42,1,41,2,2,77,13,26,1,8,123,13,0,0,4,115,723,374,16,134,155,-1.573865
b385a9ad85fd0d916cdd8e66,benchmark://chstone-v0/motion,2,1,-loop-rotate,True,-0.523075,-16.989157,54e96cdb54dc5325,e7490510df5cf58a,723,712,0.002245,0.002627,9892,9466,115,112,16,16,723,712,374,375,8,29,64,47,15,60,36,10,20,42,2,31,6,78,37,102,20,20,144,202,133,139,109,60,41,4,25,58,1,10,105,26,102,85,67,42,1,41,2,2,77,13,26,1,8,123,13,0,0,4,115,723,374,16,134,155,3,36,58,38,19,54,39,14,18,45,2,37,2,73,39,99,20,32,144,203,133,137,109,54,43,4,26,58,2,10,102,26,99,85,67,45,1,41,2,2,63,13,26,1,8,124,13,0,0,4,112,712,375,16,106,155,-0.523075
b385a9ad85fd0d916cdd8e66,benchmark://chstone-v0/motion,2,2,-loop-unroll,True,-0.115720,-10.724816,54e96cdb54dc5325,35d5b967fe40bc27,723,740,0.002245,0.002486,9892,9976,115,119,16,16,723,740,374,390,8,29,64,47,15,60,36,10,20,42,2,31,6,78,37,102,20,20,144,202,133,139,109,60,41,4,25,58,1,10,105,26,102,85,67,42,1,41,2,2,77,13,26,1,8,123,13,0,0,4,115,723,374,16,134,155,7,30,70,49,17,62,34,10,18,42,2,32,5,82,37,104,20,20,146,196,153,149,111,62,39,4,24,58,1,10,109,26,104,85,75,42,1,47,2,2,75,13,24,1,8,125,13,0,0,6,119,740,390,16,126,161,-0.115720
b385a9ad85fd0d916cdd8e66,benchmark://chstone-v0/motion,2,3,-loop-vectorize,True,1.476642,13.762703,54e96cdb54dc5325,54e96cdb54dc5325,723,723,0.002245,0.001936,9892,9892,115,115,16,16,723,723,374,374,8,29,64,47,15,60,36,10,20,42,2,31,6,78,37,102,20,20,144,202,133,139,109,60,41,4,25,58,1,10,105,26,102,85,67,42,1,41,2,2,77,13,26,1,8,123,13,0,0,4,115,723,374,16,134,155,8,29,64,47,15,60,36,10,20,42,2,31,6,78,37,102,20,20,144,202,133,139,109,60,41,4,25,58,1,10,105,26,102,85,67,42,1,41,2,2,77,13,26,1,8,123,13,0,0,4,115,723,374,16,134,155,1.476642
b385a9ad85fd0d916cdd8e66,benchmark://chstone-v0/motion,2,4,-loop-deletion,True,0.396393,-2.849487,54e96cdb54dc5325,54e96cdb54dc5325,723,723,0.002245,0.002309,9892,9892,115,115,16,16,723,723,374,374,8,29,64,47,15,60,36,10,20,42,2,31,6,78,37,102,20,20,144,202,133,139,109,60,41,4,25,58,1,10,105,26,102,85,67,42,1,41,2,2,77,13,26,1,8,123,13,0,0,4,115,723,374,16,134,155,8,29,64,47,15,60,36,10,20,42,2,31,6,78,37,102,20,20,144,202,133,139,109,60,41,4,25,58,1,10,105,26,102,85,67,42,1,41,2,2,77,13,26,1,8,123,13,0,0,4,115,723,374,16,134,155,0.396393
b385a9ad85fd0d916cdd8e66,benchmark://chstone-v0/motion,2,5,-loop-unswitch,True,1.124275,8.343966,54e96cdb54dc5325,54e96cdb54dc5325,723,723,0.002245,0.002058,9892,9892,115,115,16,16,723,723,374,374,8,29,64,47,15,60,36,10,20,42,2,31,6,78,37,102,20,20,144,202,133,139,109,60,41,4,25,58,1,10,105,26,102,85,67,42,1,41,2,2,77,13,26,1,8,123,13,0,0,4,115,723,374,16,134,155,8,29,64,47,15,60,36,10,20,42,2,31,6,78,37,102,20,20,144,202,133,139,109,60,41,4,25,58,1,10,105,26,102,85,67,42,1,41,2,2,77,13,26,1,8,123,13,0,0,4,115,723,374,16,134,155,1.124275
b385a9ad85fd0d916cdd8e66,benchmark://chstone-v0/motion,2,6,-loop-distribute,True,0.422082,-2.454435,54e96cdb54dc5325,54e96cdb54dc5325,723,723,0.002245,0.002300,9892,9892,115,115,16,16,723,723,374,374,8,29,64,47,15,60,36,10,20,42,2,31,6,78,37,102,20,20,144,202,133,139,109,60,41,4,25,58,1,10,105,26,102,85,67,42,1,41,2,2,77,13,26,1,8,123,13,0,0,4,115,723,374,16,134,155,8,29,64,47,15,60,36,10,20,42,2,31,6,78,37,102,20,20,144,202,133,139,109,60,41,4,25,58,1,10,105,26,102,85,67,42,1,41,2,2,77,13,26,1,8,123,13,0,0,4,115,723,374,16,134,155,0.422082
b385a9ad85fd0d916cdd8e66,benchmark://chstone-v0/motion,2,7,-indvars,True,-1.206732,-27.502510,54e96cdb54dc5325,9289ebd984471b22,723,696,0.002245,0.002863,9892,9624,115,115,16,16,723,696,374,370,8,29,64,47,15,60,36,10,20,42,2,31,6,78,37,102,20,20,144,202,133,139,109,60,41,4,25,58,1,10,105,26,102,85,67,42,1,41,2,2,77,13,26,1,8,123,13,0,0,4,115,723,374,16,134,155,6,29,64,47,15,60,36,10,20,42,2,34,1,80,35,102,20,20,144,178,157,135,108,60,41,4,25,58,1,8,107,26,102,85,67,42,1,37,2,2,57,13,15,1,8,123,13,6,0,6,115,696,370,16,104,148,-1.206732
fad8199895511e10294a23d3,benchmark://chstone-v0/sha,0,0,-licm,True,0.191210,14.727610,ce7a0b2369c1cef3,d1a1aca872cccfdd,642,671,0.002590,0.002208,19118,20234,57,57,11,11,642,671,392,351,0,0,35,29,0,35,14,1,12,14,0,0,0,57,0,49,1,1,63,129,69,34,50,35,55,0,38,33,10,11,46,46,49,59,25,15,10,167,0,15,0,8,16,0,13,108,7,4,8,9,57,642,392,11,0,275,6,14,35,29,0,35,14,1,12,14,0,10,10,37,20,49,1,1,63,129,69,34,50,35,56,0,38,33,10,17,40,46,49,59,25,15,10,133,0,15,70,8,16,0,13,101,7,4,8,9,57,671,351,11,105,241,0.191210
fad8199895511e10294a23d3,benchmark://chstone-v0/sha,0,1,-loop-rotate,True,0.478624,17.816421,ce7a0b2369c1cef3,6ed97c31fd5d4434,642,684,0.002590,0.002128,19118,19360,57,69,11,11,642,684,392,407,0,0,35,29,0,35,14,1,12,14,0,0,0,57,0,49,1,1,63,129,69,34,50,35,55,0,38,33,10,11,46,46,49,59,25,15,10,167,0,15,0,8,16,0,13,108,7,4,8,9,57,642,392,11,0,275,0,0,35,27,8,35,26,8,11,26,0,0,0,69,0,61,1,25,87,144,69,37,50,35,58,0,41,33,10,11,58,46,61,59,25,27,10,179,0,15,0,8,16,0,13,111,7,4,8,9,69,684,407,11,0,287,0.478624
fad8199895511e10294a23d3,benchmark://chstone-v0/sha,0,2,-loop-unroll,True,0.553367,18.619677,ce7a0b2369c1cef3,b805bf402d5d1c45,642,642,0.002590,0.002108,19118,19118,57,57,11,11,642,642,392,392,0,0,35,29,0,35,14,1,12,14,0,0,0,57,0,49,1,1,63,129,69,34,50,35,55,0,38,33,10,11,46,46,49,59,25,15,10,167,0,15,0,8,16,0,13,108,7,4,8,9,57,642,392,11,0,275,0,0,35,29,0,35,14,1,12,14,0,0,0,57,0,49,1,1,63,129,69,34,50,35,55,0,38,33,10,11,46,46,49,59,25,15,10,167,0,15,0,8,16,0,13,108,7,4,8,9,57,642,392,11,0,275,0.553367
fad8199895511e10294a23d3,benchmark://chstone-v0/sha,0,3,-loop-vectorize,True,-0.096559,11.634987,ce7a0b2369c1cef3,b805bf402d5d1c45,642,642,0.002590,0.002288,19118,19118,57,57,11,11,642,642,392,392,0,0,35,29,0,35,14,1,12,14,0,0,0,57,0,49,1,1,63,129,69,34,50,35,55,0,38,33,10,11,46,46,49,59,25,15,10,167,0,15,0,8,16,0,13,108,7,4,8,9,57,642,392,11,0,275,0,0,35,29,0,35,14,1,12,14,0,0,0,57,0,49,1,1,63,129,69,34,50,35,55,0,38,33,10,11,46,46,49,59,25,15,10,167,0,15,0,8,16,0,13,108,7,4,8,9,57,642,392,11,0,275,-0.096559
fad8199895511e10294a23d3,benchmark://chstone-v0/sha,0,4,-loop-deletion,True,-2.193743,-10.903224,ce7a0b2369c1cef3,b805bf402d5d1c45,642,642,0.002590,0.002872,19118,19118,57,57,11,11,642,642,392,392,0,0,35,29,0,35,14,1,12,14,0,0,0,57,0,49,1,1,63,129,69,34,50,35,55,0,38,33,10,11,46,46,49,59,25,15,10,167,0,15,0,8,16,0,13,108,7,4,8,9,57,642,392,11,0,275,0,0,35,29,0,35,14,1,12,14,0,0,0,57,0,49,1,1,63,129,69,34,50,35,55,0,38,33,10,11,46,46,49,59,25,15,10,167,0,15,0,8,16,0,13,108,7,4,8,9,57,642,392,11,0,275,-2.193743
fad8199895511e10294a23d3,benchmark://chstone-v0/sha,0,5,-loop-unswitch,True,0.701354,20.210078,ce7a0b2369c1cef3,b805bf402d5d1c45,642,642,0.002590,0.002066,19118,19118,57,57,11,11,642,642,392,392,0,0,35,29,0,35,14,1,12,14,0,0,0,57,0,49,1,1,63,129,69,34,50,35,55,0,38,33,10,11,46,46,49,59,25,15,10,167,0,15,0,8,16,0,13,108,7,4,8,9,57,642,392,11,0,275,0,0,35,29,0,35,14,1,12,14,0,0,0,57,0,49,1,1,63,129,69,34,50,35,55,0,38,33,10,11,46,46,49,59,25,15,10,167,0,15,0,8,16,0,13,108,7,4,8,9,57,642,392,11,0,275,0.701354
fad8199895511e10294a23d3,benchmark://chstone-v0/sha,0,6,-loop-distribute,True,1.194686,25.511871,ce7a0b2369c1cef3,b805bf402d5d1c45,642,642,0.002590,0.001929,19118,19118,57,57,11,11,642,642,392,392,0,0,35,29,0,35,14,1,12,14,0,0,0,57,0,49,1,1,63,129,69,34,50,35,55,0,38,33,10,11,46,46,49,59,25,15,10,167,0,15,0,8,16,0,13,108,7,4,8,9,57,642,392,11,0,275,0,0,35,29,0,35,14,1,12,14,0,0,0,57,0,49,1,1,63,129,69,34,50,35,55,0,38,33,10,11,46,46,49,59,25,15,10,167,0,15,0,8,16,0,13,108,7,4,8,9,57,642,392,11,0,275,1.194686
fad8199895511e10294a23d3,benchmark://chstone-v0/sha,0,7,-indvars,True,-0.828939,3.764184,ce7a0b2369c1cef3,b805bf402d5d1c45,642,642,0.002590,0.002492,19118,19118,57,57,11,11,642,642,392,392,0,0,35,29,0,35,14,1,12,14,0,0,0,57,0,49,1,1,63,129,69,34,50,35,55,0,38,33,10,11,46,46,49,59,25,15,10,167,0,15,0,8,16,0,13,108,7,4,8,9,57,642,392,11,0,275,0,0,35,29,0,35,14,1,12,14,0,0,0,57,0,49,1,1,63,129,69,34,50,35,55,0,38,33,10,11,46,46,49,59,25,15,10,167,0,15,0,8,16,0,13,108,7,4,8,9,57,642,392,11,0,275,-0.828939
75301afe8ae8a1ec48d80986,benchmark://chstone-v0/sha,1,0,-licm,True,0.895326,10.795200,28c021e34283775c,361adb51f410fce5,517,608,0.002186,0.001950,19142,21045,57,57,11,11,517,608,296,296,0,0,35,29,0,35,14,1,12,14,0,0,0,57,0,49,1,1,63,128,69,34,50,35,54,0,37,33,10,11,46,23,49,59,25,15,10,71,0,14,0,8,13,0,12,108,7,4,8,9,57,517,296,11,0,153,10,14,35,29,0,35,14,1,12,14,0,14,10,33,24,49,1,1,63,127,69,33,50,35,54,0,37,33,10,16,41,23,49,59,25,15,10,78,0,14,91,8,13,0,12,101,7,4,8,9,57,608,296,11,136,160,0.895326
75301afe8ae8a1ec48d80986,benchmark://chstone-v0/sha,1,1,-loop-rotate,True,0.758465,7.943313,28c021e34283775c,e88a0330782553c7,517,570,0.002186,0.002012,19142,19583,57,69,11,11,517,570,296,311,0,0,35,29,0,35,14,1,12,14,0,0,0,57,0,49,1,1,63,128,69,34,50,35,54,0,37,33,10,11,46,23,49,59,25,15,10,71,0,14,0,8,13,0,12,108,7,4,8,9,57,517,296,11,0,153,0,11,35,27,8,35,26,8,11,26,0,11,0,58,11,61,1,25,87,143,69,37,50,35,57,0,40,33,10,11,58,23,61,59,25,27,10,83,0,14,11,8,13,0,12,111,7,4,8,9,69,570,311,11,21,165,0.758465
75301afe8ae8a1ec48d80986,benchmark://chstone-v0/sha,1,2,-loop-unroll,True,0.773606,8.258817,28c021e34283775c,5cb0a2066135fa50,517,518,0.002186,0.002006,19142,19142,57,57,11,11,517,518,296,296,0,0,35,29,0,35,14,1,12,14,0,0,0,57,0,49,1,1,63,128,69,34,50,35,54,0,37,33,10,11,46,23,49,59,25,15,10,71,0,14,0,8,13,0,12,108,7,4,8,9,57,517,296,11,0,153,0,1,35,29,0,35,14,1,12,14,0,1,0,56,1,49,1,1,63,128,69,34,50,35,54,0,37,33,10,11,46,23,49,59,25,15,10,71,0,14,1,8,13,0,12,108,7,4,8,9,57,518,296,11,1,153,0.773606
75301afe8ae8a1ec48d80986,benchmark://chstone-v0/sha,1,3,-loop-vectorize,True,-1.654002,-42.327331,28c021e34283775c,5cb0a2066135fa50,517,518,0.002186,0.003111,19142,19142,57,57,11,11,517,518,296,296,0,0,35,29,0,35,14,1,12,14,0,0,0,57,0,49,1,1,63,128,69,34,50,35,54,0,37,33,10,11,46,23,49,59,25,15,10,71,0,14,0,8,13,0,12,108,7,4,8,9,57,517,296,11,0,153,0,1,35,29,0,35,14,1,12,14,0,1,0,56,1,49,1,1,63,128,69,34,50,35,54,0,37,33,10,11,46,23,49,59,25,15,10,71,0,14,1,8,13,0,12,108,7,4,8,9,57,518,296,11,1,153,-1.654002
75301afe8ae8a1ec48d80986,benchmark://chstone-v0/sha,1,4,-loop-deletion,True,-1.601166,-41.226349,28c021e34283775c,5cb0a2066135fa50,517,518,0.002186,0.003087,19142,19142,57,57,11,11,517,518,296,296,0,0,35,29,0,35,14,1,12,14,0,0,0,57,0,49,1,1,63,128,69,34,50,35,54,0,37,33,10,11,46,23,49,59,25,15,10,71,0,14,0,8,13,0,12,108,7,4,8,9,57,517,296,11,0,153,0,1,35,29,0,35,14,1,12,14,0,1,0,56,1,49,1,1,63,128,69,34,50,35,54,0,37,33,10,11,46,23,49,59,25,15,10,71,0,14,1,8,13,0,12,108,7,4,8,9,57,518,296,11,1,153,-1.601166
75301afe8ae8a1ec48d80986,benchmark://chstone-v0/sha,1,5,-loop-unswitch,True,-0.299373,-14.099767,28c021e34283775c,5cb0a2066135fa50,517,518,0.002186,0.002494,19142,19142,57,57,11,11,517,518,296,296,0,0,35,29,0,35,14,1,12,14,0,0,0,57,0,49,1,1,63,128,69,34,50,35,54,0,37,33,10,11,46,23,49,59,25,15,10,71,0,14,0,8,13,0,12,108,7,4,8,9,57,517,296,11,0,153,0,1,35,29,0,35,14,1,12,14,0,1,0,56,1,49,1,1,63,128,69,34,50,35,54,0,37,33,10,11,46,23,49,59,25,15,10,71,0,14,1,8,13,0,12,108,7,4,8,9,57,518,296,11,1,153,-0.299373
75301afe8ae8a1ec48d80986,benchmark://chstone-v0/sha,1,6,-loop-distribute,True,0.550402,3.607716,28c021e34283775c,28c021e34283775c,517,517,0.002186,0.002107,19142,19142,57,57,11,11,517,517,296,296,0,0,35,29,0,35,14,1,12,14,0,0,0,57,0,49,1,1,63,128,69,34,50,35,54,0,37,33,10,11,46,23,49,59,25,15,10,71,0,14,0,8,13,0,12,108,7,4,8,9,57,517,296,11,0,153,0,0,35,29,0,35,14,1,12,14,0,0,0,57,0,49,1,1,63,128,69,34,50,35,54,0,37,33,10,11,46,23,49,59,25,15,10,71,0,14,0,8,13,0,12,108,7,4,8,9,57,517,296,11,0,153,0.550402
75301afe8ae8a1ec48d80986,benchmark://chstone-v0/sha,1,7,-indvars,True,0.576742,4.156588,28c021e34283775c,5cb0a2066135fa50,517,518,0.002186,0.002095,19142,19142,57,57,11,11,517,518,296,296,0,0,35,29,0,35,14,1,12,14,0,0,0,57,0,49,1,1,63,128,69,34,50,35,54,0,37,33,10,11,46,23,49,59,25,15,10,71,0,14,0,8,13,0,12,108,7,4,8,9,57,517,296,11,0,153,0,1,35,29,0,35,14,1,12,14,0,1,0,56,1,49,1,1,63,128,69,34,50,35,54,0,37,33,10,11,46,23,49,59,25,15,10,71,0,14,1,8,13,0,12,108,7,4,8,9,57,518,296,11,1,153,0.576742
79899a5c62865e7a1994183e,benchmark://chstone-v0/sha,2,0,-licm,True,0.102687,7.533753,1e638d381ba9af72,14e6c6868142209a,504,643,0.002520,0.002330,19810,21970,50,50,11,11,504,643,251,289,5,8,28,22,0,28,14,1,12,14,0,9,4,37,13,42,1,0,56,137,69,39,50,28,54,0,37,33,10,11,39,23,42,59,25,15,10,26,0,14,39,8,13,0,12,108,7,4,8,9,50,504,251,11,78,108,13,10,28,22,0,28,14,1,12,14,0,11,12,27,23,42,1,0,56,137,69,39,50,28,54,0,37,33,10,20,30,23,42,59,25,15,10,64,0,14,140,8,13,0,12,108,7,4,8,9,50,643,289,11,217,146,0.102687
79899a5c62865e7a1994183e,benchmark://chstone-v0/sha,2,1,-loop-rotate,True,0.880686,18.126126,1e638d381ba9af72,3e9f1037834ab3ce,504,537,0.002520,0.002063,19810,19890,50,46,11,11,504,537,251,254,5,8,28,22,0,28,14,1,12,14,0,9,4,37,13,42,1,0,56,137,69,39,50,28,54,0,37,33,10,11,39,23,42,59,25,15,10,26,0,14,39,8,13,0,12,108,7,4,8,9,50,504,251,11,78,108,5,17,20,17,0,20,18,0,14,18,0,14,8,24,22,38,1,16,56,144,69,42,50,20,57,0,40,33,10,12,34,23,38,59,25,19,10,26,0,14,66,8,13,0,12,111,7,4,8,9,46,537,254,11,108,108,0.880686
79899a5c62865e7a1994183e,benchmark://chstone-v0/sha,2,2,-loop-unroll,True,0.021697,6.431083,1e638d381ba9af72,f9ded85b2b2bcfe0,504,628,0.002520,0.002358,19810,20740,50,73,11,11,504,628,251,330,5,8,28,22,0,28,14,1,12,14,0,9,4,37,13,42,1,0,56,137,69,39,50,28,54,0,37,33,10,11,39,23,42,59,25,15,10,26,0,14,39,8,13,0,12,108,7,4,8,9,50,504,251,11,78,108,5,12,54,42,3,48,11,1,9,14,0,9,8,56,17,62,1,0,76,162,95,48,51,48,51,0,37,33,10,11,62,23,62,61,35,16,10,45,0,14,59,8,10,0,12,156,7,4,8,13,73,628,330,11,94,128,0.021697
79899a5c62865e7a1994183e,benchmark://chstone-v0/sha,2,3,-loop-vectorize,True,1.250119,23.155922,1e638d381ba9af72,b641ce652815b6bb,504,528,0.002520,0.001936,19810,20167,50,50,11,11,504,528,251,251,5,8,28,22,0,28,14,1,12,14,0,9,4,37,13,42,1,0,56,137,69,39,50,28,54,0,37,33,10,11,39,23,42,59,25,15,10,26,0,14,39,8,13,0,12,108,7,4,8,9,50,504,251,11,78,108,5,15,28,22,0,28,14,1,12,14,0,12,8,30,20,42,1,0,56,137,69,39,50,28,54,0,37,33,10,11,39,23,42,59,25,15,10,26,0,14,63,8,13,0,12,108,7,4,8,9,50,528,251,11,102,108,1.250119
79899a5c62865e7a1994183e,benchmark://chstone-v0/sha,2,4,-loop-deletion,True,-0.976150,-7.154494,1e638d381ba9af72,0ce4b4cc33d53cbe,504,528,0.002520,0.002700,19810,20167,50,50,11,11,504,528,251,251,5,8,28,22,0,28,14,1,12,14,0,9,4,37,13,42,1,0,56,137,69,39,50,28,54,0,37,33,10,11,39,23,42,59,25,15,10,26,0,14,39,8,13,0,12,108,7,4,8,9,50,504,251,11,78,108,5,15,28,22,0,28,14,1,12,14,0,12,8,30,20,42,1,0,56,137,69,39,50,28,54,0,37,33,10,11,39,23,42,59,25,15,10,26,0,14,63,8,13,0,12,108,7,4,8,9,50,528,251,11,102,108,-0.976150
79899a5c62865e7a1994183e,benchmark://chstone-v0/sha,2,5,-loop-unswitch,True,-1.353808,-12.296271,1e638d381ba9af72,0ce4b4cc33d53cbe,504,528,0.002520,0.002830,19810,20167,50,50,11,11,504,528,251,251,5,8,28,22,0,28,14,1,12,14,0,9,4,37,13,42,1,0,56,137,69,39,50,28,54,0,37,33,10,11,39,23,42,59,25,15,10,26,0,14,39,8,13,0,12,108,7,4,8,9,50,504,251,11,78,108,5,15,28,22,0,28,14,1,12,14,0,12,8,30,20,42,1,0,56,137,69,39,50,28,54,0,37,33,10,11,39,23,42,59,25,15,10,26,0,14,63,8,13,0,12,108,7,4,8,9,50,528,251,11,102,108,-1.353808
79899a5c62865e7a1994183e,benchmark://chstone-v0/sha,2,6,-loop-distribute,True,1.233653,22.931736,1e638d381ba9af72,1e638d381ba9af72,504,504,0.002520,0.001942,19810,19810,50,50,11,11,504,504,251,251,5,8,28,22,0,28,14,1,12,14,0,9,4,37,13,42,1,0,56,137,69,39,50,28,54,0,37,33,10,11,39,23,42,59,25,15,10,26,0,14,39,8,13,0,12,108,7,4,8,9,50,504,251,11,78,108,5,8,28,22,0,28,14,1,12,14,0,9,4,37,13,42,1,0,56,137,69,39,50,28,54,0,37,33,10,11,39,23,42,59,25,15,10,26,0,14,39,8,13,0,12,108,7,4,8,9,50,504,251,11,78,108,1.233653
79899a5c62865e7a1994183e,benchmark://chstone-v0/sha,2,7,-indvars,True,-1.158885,-9.642412,1e638d381ba9af72,94ac58bbe843d70c,504,524,0.002520,0.002763,19810,20279,50,50,11,11,504,524,251,251,5,8,28,22,0,28,14,1,12,14,0,9,4,37,13,42,1,0,56,137,69,39,50,28,54,0,37,33,10,11,39,23,42,59,25,15,10,26,0,14,39,8,13,0,12,108,7,4,8,9,50,504,251,11,78,108,5,15,28,22,0,28,14,1,12,14,0,12,8,30,20,42,1,0,56,109,97,39,50,28,54,0,37,33,10,11,39,23,42,59,25,15,10,26,0,14,63,8,1,0,12,108,7,12,8,9,50,524,251,11,102,104,-1.158885
3553f4cdc66e5748326a8966,generator://csmith-v0/4,0,0,-licm,True,0.277428,0.262102,8427975f3830d07e,e7c9d11a33dffe2c,10904,10820,0.002335,0.002328,72520,82656,803,811,64,64,10904,10820,6464,6369,0,59,484,380,99,471,235,73,128,267,22,59,0,744,59,726,140,163,1023,1766,1743,1243,812,471,596,193,106,435,105,132,671,722,726,1583,847,377,51,2834,4,34,59,58,860,0,161,765,15,243,29,666,803,10904,6464,64,120,5760,1,123,495,388,102,476,232,73,125,267,22,124,0,687,124,731,140,155,1028,1740,1719,1221,802,476,575,184,106,435,98,124,687,722,731,1583,836,364,50,2755,4,31,146,58,853,0,152,760,15,239,27,637,811,10820,6369,64,254,5641,0.277428
3553f4cdc66e5748326a8966,generator://csmith-v0/4,0,1,-loop-rotate,True,0.505917,3.421687,8427975f3830d07e,8c85254303c2bb83,10904,11207,0.002335,0.002255,72520,74336,803,910,64,64,10904,11207,6464,6558,0,59,484,380,99,471,235,73,128,267,22,59,0,744,59,726,140,163,1023,1766,1743,1243,812,471,596,193,106,435,105,132,671,722,726,1583,847,377,51,2834,4,34,59,58,860,0,161,765,15,243,29,666,803,10904,6464,64,120,5760,0,59,504,341,162,481,318,129,151,361,26,59,0,851,59,830,140,334,1221,1854,1749,1244,820,481,596,193,106,435,105,132,778,722,830,1583,847,471,51,2928,4,34,59,58,862,0,161,765,15,243,29,672,910,11207,6558,64,120,5862,0.505917
3553f4cdc66e5748326a8966,generator://csmith-v0/4,0,2,-loop-unroll,True,-1.284014,-21.329755,8427975f3830d07e,6c456324c87a127e,10904,10912,0.002335,0.002832,72520,72640,803,811,64,64,10904,10912,6464,6464,0,59,484,380,99,471,235,73,128,267,22,59,0,744,59,726,140,163,1023,1766,1743,1243,812,471,596,193,106,435,105,132,671,722,726,1583,847,377,51,2834,4,34,59,58,860,0,161,765,15,243,29,666,803,10904,6464,64,120,5760,0,59,495,388,102,476,232,73,125,267,22,59,0,752,59,731,140,155,1028,1766,1743,1243,812,476,596,193,106,435,105,132,679,722,731,1583,847,377,51,2834,4,34,59,58,860,0,161,765,15,243,29,666,811,10912,6464,64,120,5760,-1.284014
3553f4cdc66e5748326a8966,generator://csmith-v0/4,0,3,-loop-vectorize,True,1.180843,12.754672,8427975f3830d07e,6c456324c87a127e,10904,10912,0.002335,0.002037,72520,72640,803,811,64,64,10904,10912,6464,6464,0,59,484,380,99,471,235,73,128,267,22,59,0,744,59,726,140,163,1023,1766,1743,1243,812,471,596,193,106,435,105,132,671,722,726,1583,847,377,51,2834,4,34,59,58,860,0,161,765,15,243,29,666,803,10904,6464,64,120,5760,0,59,495,388,102,476,232,73,125,267,22,59,0,752,59,731,140,155,1028,1766,1743,1243,812,476,596,193,106,435,105,132,679,722,731,1583,847,377,51,2834,4,34,59,58,860,0,161,765,15,243,29,666,811,10912,6464,64,120,5760,1.180843
3553f4cdc66e5748326a8966,generator://csmith-v0/4,0,4,-loop-deletion,True,0.470939,2.938015,8427975f3830d07e,6c456324c87a127e,10904,10912,0.002335,0.002266,72520,72640,803,811,64,64,10904,10912,6464,6464,0,59,484,380,99,471,235,73,128,267,22,59,0,744,59,726,140,163,1023,1766,1743,1243,812,471,596,193,106,435,105,132,671,722,726,1583,847,377,51,2834,4,34,59,58,860,0,161,765,15,243,29,666,803,10904,6464,64,120,5760,0,59,495,388,102,476,232,73,125,267,22,59,0,752,59,731,140,155,1028,1766,1743,1243,812,476,596,193,106,435,105,132,679,722,731,1583,847,377,51,2834,4,34,59,58,860,0,161,765,15,243,29,666,811,10912,6464,64,120,5760,0.470939
3553f4cdc66e5748326a8966,generator://csmith-v0/4,0,5,-loop-unswitch,True,-1.818938,-28.726775,8427975f3830d07e,6c456324c87a127e,10904,10912,0.002335,0.003005,72520,72640,803,811,64,64,10904,10912,6464,6464,0,59,484,380,99,471,235,73,128,267,22,59,0,744,59,726,140,163,1023,1766,1743,1243,812,471,596,193,106,435,105,132,671,722,726,1583,847,377,51,2834,4,34,59,58,860,0,161,765,15,243,29,666,803,10904,6464,64,120,5760,0,59,495,388,102,476,232,73,125,267,22,59,0,752,59,731,140,155,1028,1766,1743,1243,812,476,596,193,106,435,105,132,679,722,731,1583,847,377,51,2834,4,34,59,58,860,0,161,765,15,243,29,666,811,10912,6464,64,120,5760,-1.818938
3553f4cdc66e5748326a8966,generator://csmith-v0/4,0,6,-loop-distribute,True,0.993718,10.167083,8427975f3830d07e,04b5c0e4f71fe0c5,10904,10904,0.002335,0.002097,72520,72520,803,803,64,64,10904,10904,6464,6464,0,59,484,380,99,471,235,73,128,267,22,59,0,744,59,726,140,163,1023,1766,1743,1243,812,471,596,193,106,435,105,132,671,722,726,1583,847,377,51,2834,4,34,59,58,860,0,161,765,15,243,29,666,803,10904,6464,64,120,5760,0,59,484,380,99,471,235,73,128,267,22,59,0,744,59,726,140,163,1023,1766,1743,1243,812,471,596,193,106,435,105,132,671,722,726,1583,847,377,51,2834,4,34,59,58,860,0,161,765,15,243,29,666,803,10904,6464,64,120,5760,0.993718
3553f4cdc66e5748326a8966,generator://csmith-v0/4,0,7,-indvars,True,-0.325894,-8.080719,8427975f3830d07e,6c456324c87a127e,10904,10912,0.002335,0.002523,72520,72640,803,811,64,64,10904,10912,6464,6464,0,59,484,380,99,471,235,73,128,267,22,59,0,744,59,726,140,163,1023,1766,1743,1243,812,471,596,193,106,435,105,132,671,722,726,1583,847,377,51,2834,4,34,59,58,860,0,161,765,15,243,29,666,803,10904,6464,64,120,5760,0,59,495,388,102,476,232,73,125,267,22,59,0,752,59,731,140,155,1028,1766,1743,1243,812,476,596,193,106,435,105,132,679,722,731,1583,847,377,51,2834,4,34,59,58,860,0,161,765,15,243,29,666,811,10912,6464,64,120,5760,-0.325894
19d852ace7ccac44d930f7f4,generator://csmith-v0/4,1,0,-licm,True,0.209729,-21.570657,19a4e148deeda36d,10293a99a58ca464,8707,8729,0.002264,0.002753,72420,75604,803,811,64,64,8707,8729,5382,5332,0,36,484,380,99,471,235,73,128,267,22,36,0,767,36,726,77,163,1023,1482,1308,1000,690,471,485,169,88,435,63,83,720,268,726,1323,711,225,44,2178,4,11,36,58,772,0,134,735,14,181,13,488,803,8707,5382,64,74,4322,1,86,495,388,102,476,232,73,125,267,22,87,0,724,87,731,77,155,1028,1482,1305,1011,692,476,484,169,88,435,62,81,730,268,731,1323,710,223,44,2172,4,11,109,58,770,0,134,692,14,181,13,484,811,8729,5332,64,189,4310,0.209729
19d852ace7ccac44d930f7f4,generator://csmith-v0/4,1,1,-loop-rotate,True,-0.929355,-38.272765,19a4e148deeda36d,db2998b15f74abb2,8707,9030,0.002264,0.003131,72420,75492,803,910,64,64,8707,9030,5382,5471,0,36,484,380,99,471,235,73,128,267,22,36,0,767,36,726,77,163,1023,1482,1308,1000,690,471,485,169,88,435,63,83,720,268,726,1323,711,225,44,2178,4,11,36,58,772,0,134,735,14,181,13,488,803,8707,5382,64,74,4322,0,82,504,341,162,481,318,129,151,361,26,82,0,828,82,830,77,334,1221,1558,1309,1030,700,481,485,169,88,435,63,84,826,268,830,1323,711,302,44,2255,4,11,82,58,773,0,134,747,14,181,13,491,910,9030,5471,64,166,4403,-0.929355
19d852ace7ccac44d930f7f4,generator://csmith-v0/4,1,2,-loop-unroll,True,0.449244,-18.058701,19a4e148deeda36d,cbcc3c2a2b74a553,8707,8715,0.002264,0.002673,72420,72524,803,811,64,64,8707,8715,5382,5382,0,36,484,380,99,471,235,73,128,267,22,36,0,767,36,726,77,163,1023,1482,1308,1000,690,471,485,169,88,435,63,83,720,268,726,1323,711,225,44,2178,4,11,36,58,772,0,134,735,14,181,13,488,803,8707,5382,64,74,4322,0,36,503,380,110,468,224,73,117,267,22,36,0,775,36,723,77,155,1020,1482,1308,1012,692,468,485,169,88,435,63,83,728,268,723,1323,711,225,44,2178,4,11,36,58,772,0,134,735,14,181,13,488,811,8715,5382,64,74,4322,0.449244
19d852ace7ccac44d930f7f4,generator://csmith-v0/4,1,3,-loop-vectorize,True,0.341027,-19.645465,19a4e148deeda36d,fa94d880d25f8486,8707,8715,0.002264,0.002709,72420,72572,803,811,64,64,8707,8715,5382,5382,0,36,484,380,99,471,235,73,128,267,22,36,0,767,36,726,77,163,1023,1482,1308,1000,690,471,485,169,88,435,63,83,720,268,726,1323,711,225,44,2178,4,11,36,58,772,0,134,735,14,181,13,488,803,8707,5382,64,74,4322,0,36,495,388,102,476,232,73,125,267,22,36,0,775,36,731,77,155,1028,1482,1308,1012,692,476,485,169,88,435,63,83,728,268,731,1323,711,225,44,2178,4,11,36,58,772,0,134,735,14,181,13,488,811,8715,5382,64,74,4322,0.341027
19d852ace7ccac44d930f7f4,generator://csmith-v0/4,1,4,-loop-deletion,True,-2.266010,-57.871833,19a4e148deeda36d,f53022a4d51c8082,8707,8675,0.002264,0.003575,72420,72316,803,791,64,64,8707,8675,5382,5362,0,36,484,380,99,471,235,73,128,267,22,36,0,767,36,726,77,163,1023,1482,1308,1000,690,471,485,169,88,435,63,83,720,268,726,1323,711,225,44,2178,4,11,36,58,772,0,134,735,14,181,13,488,803,8707,5382,64,74,4322,0,36,481,374,102,462,226,73,119,261,22,36,0,755,36,711,77,155,1002,1482,1308,1006,692,462,485,169,88,435,63,83,708,268,711,1323,711,225,44,2178,4,11,36,58,772,0,134,715,14,181,13,488,791,8675,5362,64,74,4322,-2.266010
19d852ace7ccac44d930f7f4,generator://csmith-v0/4,1,5,-loop-unswitch,True,0.665392,-14.889369,19a4e148deeda36d,fa94d880d25f8486,8707,8715,0.002264,0.002601,72420,72572,803,811,64,64,8707,8715,5382,5382,0,36,484,380,99,471,235,73,128,267,22,36,0,767,36,726,77,163,1023,1482,1308,1000,690,471,485,169,88,435,63,83,720,268,726,1323,711,225,44,2178,4,11,36,58,772,0,134,735,14,181,13,488,803,8707,5382,64,74,4322,0,36,495,388,102,476,232,73,125,267,22,36,0,775,36,731,77,155,1028,1482,1308,1012,692,476,485,169,88,435,63,83,728,268,731,1323,711,225,44,2178,4,11,36,58,772,0,134,735,14,181,13,488,811,8715,5382,64,74,4322,0.665392
19d852ace7ccac44d930f7f4,generator://csmith-v0/4,1,6,-loop-distribute,True,0.879521,-11.749652,19a4e148deeda36d,19a4e148deeda36d,8707,8707,0.002264,0.002530,72420,72420,803,803,64,64,8707,8707,5382,5382,0,36,484,380,99,471,235,73,128,267,22,36,0,767,36,726,77,163,1023,1482,1308,1000,690,471,485,169,88,435,63,83,720,268,726,1323,711,225,44,2178,4,11,36,58,772,0,134,735,14,181,13,488,803,8707,5382,64,74,4322,0,36,484,380,99,471,235,73,128,267,22,36,0,767,36,726,77,163,1023,1482,1308,1000,690,471,485,169,88,435,63,83,720,268,726,1323,711,225,44,2178,4,11,36,58,772,0,134,735,14,181,13,488,803,8707,5382,64,74,4322,0.879521
19d852ace7ccac44d930f7f4,generator://csmith-v0/4,1,7,-indvars,True,0.650452,-15.108434,19a4e148deeda36d,fa94d880d25f8486,8707,8715,0.002264,0.002606,72420,72572,803,811,64,64,8707,8715,5382,5382,0,36,484,380,99,471,235,73,128,267,22,36,0,767,36,726,77,163,1023,1482,1308,1000,690,471,485,169,88,435,63,83,720,268,726,1323,711,225,44,2178,4,11,36,58,772,0,134,735,14,181,13,488,803,8707,5382,64,74,4322,0,36,495,388,102,476,232,73,125,267,22,36,0,775,36,731,77,155,1028,1482,1308,1012,692,476,485,169,88,435,63,83,728,268,731,1323,711,225,44,2178,4,11,36,58,772,0,134,735,14,181,13,488,811,8715,5382,64,74,4322,0.650452
fbb64fcf48d38e7561e7ad0a,generator://csmith-v0/4,2,0,-licm,True,0.932466,5.429925,05959d154cab651c,07a7ce23f1fc59c3,8049,8060,0.002498,0.002362,73524,73620,428,431,64,64,8049,8060,4992,4993,10,110,230,175,46,217,130,35,83,149,10,117,3,308,120,366,77,73,520,1433,1297,1030,597,217,473,166,88,348,74,78,350,266,366,1323,697,218,42,2057,4,25,162,60,756,21,131,567,14,182,12,456,428,8049,4992,64,305,4065,9,117,233,178,46,220,130,35,83,149,10,123,3,305,126,369,77,70,523,1432,1297,1030,597,220,473,166,88,348,74,78,353,266,369,1323,697,218,42,2058,4,25,169,60,756,21,131,567,14,182,12,456,431,8060,4993,64,312,4066,0.932466
fbb64fcf48d38e7561e7ad0a,generator://csmith-v0/4,2,1,-loop-rotate,True,1.224713,9.857255,05959d154cab651c,75bec901c523d426,8049,7939,0.002498,0.002251,73524,71276,428,354,64,64,8049,7939,4992,4997,10,110,230,175,46,217,130,35,83,149,10,117,3,308,120,366,77,73,520,1433,1297,1030,597,217,473,166,88,348,74,78,350,266,366,1323,697,218,42,2057,4,25,162,60,756,21,131,567,14,182,12,456,428,8049,4992,64,305,4065,2,95,156,96,51,143,130,40,78,149,10,97,0,257,97,292,77,147,446,1405,1296,999,597,143,473,166,88,348,74,80,274,266,292,1323,697,218,42,2062,4,25,121,60,756,21,131,567,14,182,12,456,354,7939,4997,64,217,4070,1.224713
fbb64fcf48d38e7561e7ad0a,generator://csmith-v0/4,2,2,-loop-unroll,True,-1.196542,-26.822982,05959d154cab651c,bb148b31675921b3,8049,8232,0.002498,0.003168,73524,74316,428,485,64,64,8049,8232,4992,5114,10,110,230,175,46,217,130,35,83,149,10,117,3,308,120,366,77,73,520,1433,1297,1030,597,217,473,166,88,348,74,78,350,266,366,1323,697,218,42,2057,4,25,162,60,756,21,131,567,14,182,12,456,428,8049,4992,64,305,4065,9,109,299,220,58,262,118,35,71,149,10,116,2,367,118,411,77,70,565,1462,1399,1093,616,262,489,166,80,348,82,78,407,266,411,1333,738,214,50,2067,4,25,149,60,746,36,131,628,14,182,20,456,485,8232,5114,64,269,4065,-1.196542
fbb64fcf48d38e7561e7ad0a,generator://csmith-v0/4,2,3,-loop-vectorize,True,0.378010,-2.969675,05959d154cab651c,36a8d96c18197be2,8049,8057,0.002498,0.002572,73524,73588,428,431,64,64,8049,8057,4992,4992,10,110,230,175,46,217,130,35,83,149,10,117,3,308,120,366,77,73,520,1433,1297,1030,597,217,473,166,88,348,74,78,350,266,366,1323,697,218,42,2057,4,25,162,60,756,21,131,567,14,182,12,456,428,8049,4992,64,305,4065,10,115,233,178,46,220,130,35,83,149,10,122,3,306,125,369,77,70,523,1433,1297,1030,597,220,473,166,88,348,74,78,353,266,369,1323,697,218,42,2057,4,25,167,60,756,21,131,567,14,182,12,456,431,8057,4992,64,310,4065,0.378010
fbb64fcf48d38e7561e7ad0a,generator://csmith-v0/4,2,4,-loop-deletion,True,-0.646974,-18.497436,05959d154cab651c,86be41f4a752ee89,8049,8058,0.002498,0.002960,73524,73588,428,431,64,64,8049,8058,4992,4992,10,110,230,175,46,217,130,35,83,149,10,117,3,308,120,366,77,73,520,1433,1297,1030,597,217,473,166,88,348,74,78,350,266,366,1323,697,218,42,2057,4,25,162,60,756,21,131,567,14,182,12,456,428,8049,4992,64,305,4065,10,116,233,178,46,220,130,35,83,149,10,123,3,305,126,369,77,70,523,1433,1297,1030,597,220,473,166,88,348,74,78,353,266,369,1323,697,218,42,2057,4,25,168,60,756,21,131,567,14,182,12,456,431,8058,4992,64,311,4065,-0.646974
fbb64fcf48d38e7561e7ad0a,generator://csmith-v0/4,2,5,-loop-unswitch,True,-0.909690,-22.477387,05959d154cab651c,f45e62252ec57a1a,8049,8278,0.002498,0.003059,73524,75612,428,474,64,64,8049,8278,4992,5116,10,110,230,175,46,217,130,35,83,149,10,117,3,308,120,366,77,73,520,1433,1297,1030,597,217,473,166,88,348,74,78,350,266,366,1323,697,218,42,2057,4,25,162,60,756,21,131,567,14,182,12,456,428,8049,4992,64,305,4065,14,131,259,200,51,248,146,41,92,163,11,141,4,329,145,411,82,80,584,1471,1367,1051,608,248,478,166,91,348,75,81,393,266,411,1390,698,226,42,2071,4,26,204,60,759,18,131,609,14,184,12,458,474,8278,5116,64,379,4086,-0.909690
fbb64fcf48d38e7561e7ad0a,generator://csmith-v0/4,2,6,-loop-distribute,True,1.289284,10.835463,05959d154cab651c,05959d154cab651c,8049,8049,0.002498,0.002227,73524,73524,428,428,64,64,8049,8049,4992,4992,10,110,230,175,46,217,130,35,83,149,10,117,3,308,120,366,77,73,520,1433,1297,1030,597,217,473,166,88,348,74,78,350,266,366,1323,697,218,42,2057,4,25,162,60,756,21,131,567,14,182,12,456,428,8049,4992,64,305,4065,10,110,230,175,46,217,130,35,83,149,10,117,3,308,120,366,77,73,520,1433,1297,1030,597,217,473,166,88,348,74,78,350,266,366,1323,697,218,42,2057,4,25,162,60,756,21,131,567,14,182,12,456,428,8049,4992,64,305,4065,1.289284
fbb64fcf48d38e7561e7ad0a,generator://csmith-v0/4,2,7,-indvars,True,-1.071268,-24.925182,05959d154cab651c,ad6ef0fada69fcee,8049,8039,0.002498,0.003120,73524,73588,428,431,64,64,8049,8039,4992,4988,10,110,230,175,46,217,130,35,83,149,10,117,3,308,120,366,77,73,520,1433,1297,1030,597,217,473,166,88,348,74,78,350,266,366,1323,697,218,42,2057,4,25,162,60,756,21,131,567,14,182,12,456,428,8049,4992,64,305,4065,6,117,233,178,46,220,130,35,83,149,10,121,2,308,123,369,77,70,523,1394,1339,1031,597,220,473,166,88,348,74,78,353,266,369,1323,697,218,42,2053,4,25,155,60,742,21,131,567,14,194,12,456,431,8039,4988,64,293,4059,-1.071268
40b883b1e19133cf52040785,generator://csmith-v0/6,0,0,-licm,True,0.739882,9.452781,bdb08d13d4c8f9c6,1db3d345cd6a39c5,1246,1252,0.002253,0.002040,6208,7536,126,126,13,13,1246,1252,857,828,0,0,83,69,11,82,34,10,23,36,1,0,0,126,0,118,13,12,154,165,329,136,206,82,49,0,24,61,11,17,109,96,118,187,165,36,11,235,0,1,0,8,40,0,0,209,0,10,5,29,126,1246,857,13,0,471,1,26,83,69,11,82,34,10,23,36,1,27,0,99,27,118,13,12,154,165,329,136,206,82,49,0,24,61,11,18,108,96,118,187,165,36,11,212,0,1,35,8,40,0,0,203,0,10,5,29,126,1252,828,13,53,448,0.739882
40b883b1e19133cf52040785,generator://csmith-v0/6,0,1,-loop-rotate,True,0.324034,-4.862802,bdb08d13d4c8f9c6,55e7d19e05e807fc,1246,1316,0.002253,0.002363,6208,6608,126,149,13,13,1246,1316,857,880,0,0,83,69,11,82,34,10,23,36,1,0,0,126,0,118,13,12,154,165,329,136,206,82,49,0,24,61,11,17,109,96,118,187,165,36,11,235,0,1,0,8,40,0,0,209,0,10,5,29,126,1246,857,13,0,471,0,0,83,59,24,82,57,23,30,59,1,0,0,149,0,141,13,58,200,188,329,137,207,82,49,0,24,61,11,17,132,96,141,187,165,59,11,258,0,1,0,8,40,0,0,209,0,10,5,30,149,1316,880,13,0,495,0.324034
40b883b1e19133cf52040785,generator://csmith-v0/6,0,2,-loop-unroll,True,-2.408112,-98.916805,bdb08d13d4c8f9c6,cb5faa9da66aa09d,1246,1246,0.002253,0.004482,6208,6208,126,126,13,13,1246,1246,857,857,0,0,83,69,11,82,34,10,23,36,1,0,0,126,0,118,13,12,154,165,329,136,206,82,49,0,24,61,11,17,109,96,118,187,165,36,11,235,0,1,0,8,40,0,0,209,0,10,5,29,126,1246,857,13,0,471,0,0,83,69,11,82,34,10,23,36,1,0,0,126,0,118,13,12,154,165,329,136,206,82,49,0,24,61,11,17,109,96,118,187,165,36,11,235,0,1,0,8,40,0,0,209,0,10,5,29,126,1246,857,13,0,471,-2.408112
40b883b1e19133cf52040785,generator://csmith-v0/6,0,3,-loop-vectorize,True,0.885953,14.481262,bdb08d13d4c8f9c6,cb5faa9da66aa09d,1246,1246,0.002253,0.001927,6208,6208,126,126,13,13,1246,1246,857,857,0,0,83,69,11,82,34,10,23,36,1,0,0,126,0,118,13,12,154,165,329,136,206,82,49,0,24,61,11,17,109,96,118,187,165,36,11,235,0,1,0,8,40,0,0,209,0,10,5,29,126,1246,857,13,0,471,0,0,83,69,11,82,34,10,23,36,1,0,0,126,0,118,13,12,154,165,329,136,206,82,49,0,24,61,11,17,109,96,118,187,165,36,11,235,0,1,0,8,40,0,0,209,0,10,5,29,126,1246,857,13,0,471,0.885953
40b883b1e19133cf52040785,generator://csmith-v0/6,0,4,-loop-deletion,True,-0.213820,-23.378391,bdb08d13d4c8f9c6,cb5faa9da66aa09d,1246,1246,0.002253,0.002780,6208,6208,126,126,13,13,1246,1246,857,857,0,0,83,69,11,82,34,10,23,36,1,0,0,126,0,118,13,12,154,165,329,136,206,82,49,0,24,61,11,17,109,96,118,187,165,36,11,235,0,1,0,8,40,0,0,209,0,10,5,29,126,1246,857,13,0,471,0,0,83,69,11,82,34,10,23,36,1,0,0,126,0,118,13,12,154,165,329,136,206,82,49,0,24,61,11,17,109,96,118,187,165,36,11,235,0,1,0,8,40,0,0,209,0,10,5,29,126,1246,857,13,0,471,-0.213820
40b883b1e19133cf52040785,generator://csmith-v0/6,0,5,-loop-unswitch,True,0.353751,-3.839794,bdb08d13d4c8f9c6,cb5faa9da66aa09d,1246,1246,0.002253,0.002340,6208,6208,126,126,13,13,1246,1246,857,857,0,0,83,69,11,82,34,10,23,36,1,0,0,126,0,118,13,12,154,165,329,136,206,82,49,0,24,61,11,17,109,96,118,187,165,36,11,235,0,1,0,8,40,0,0,209,0,10,5,29,126,1246,857,13,0,471,0,0,83,69,11,82,34,10,23,36,1,0,0,126,0,118,13,12,154,165,329,136,206,82,49,0,24,61,11,17,109,96,118,187,165,36,11,235,0,1,0,8,40,0,0,209,0,10,5,29,126,1246,857,13,0,471,0.353751
40b883b1e19133cf52040785,generator://csmith-v0/6,0,6,-loop-distribute,True,-0.361488,-28.461850,bdb08d13d4c8f9c6,cb5faa9da66aa09d,1246,1246,0.002253,0.002894,6208,6208,126,126,13,13,1246,1246,857,857,0,0,83,69,11,82,34,10,23,36,1,0,0,126,0,118,13,12,154,165,329,136,206,82,49,0,24,61,11,17,109,96,118,187,165,36,11,235,0,1,0,8,40,0,0,209,0,10,5,29,126,1246,857,13,0,471,0,0,83,69,11,82,34,10,23,36,1,0,0,126,0,118,13,12,154,165,329,136,206,82,49,0,24,61,11,17,109,96,118,187,165,36,11,235,0,1,0,8,40,0,0,209,0,10,5,29,126,1246,857,13,0,471,-0.361488
40b883b1e19133cf52040785,generator://csmith-v0/6,0,7,-indvars,True,0.679800,7.384442,bdb08d13d4c8f9c6,cb5faa9da66aa09d,1246,1246,0.002253,0.002087,6208,6208,126,126,13,13,1246,1246,857,857,0,0,83,69,11,82,34,10,23,36,1,0,0,126,0,118,13,12,154,165,329,136,206,82,49,0,24,61,11,17,109,96,118,187,165,36,11,235,0,1,0,8,40,0,0,209,0,10,5,29,126,1246,857,13,0,471,0,0,83,69,11,82,34,10,23,36,1,0,0,126,0,118,13,12,154,165,329,136,206,82,49,0,24,61,11,17,109,96,118,187,165,36,11,235,0,1,0,8,40,0,0,209,0,10,5,29,126,1246,857,13,0,471,0.679800
86b583974ba16dc7b9db78e4,generator://csmith-v0/6,1,0,-licm,True,0.146639,-10.989182,c234cf0169555985,3b6e97aeac72d2e6,1142,1171,0.002147,0.002382,7148,7740,126,126,14,14,1142,1171,804,797,0,0,83,69,11,82,34,10,23,36,1,0,0,126,0,118,13,12,154,164,327,139,204,82,46,0,24,61,9,15,111,49,118,189,163,36,10,186,0,1,0,8,40,0,0,205,0,10,5,28,126,1142,804,14,0,374,1,27,83,69,11,82,34,10,23,36,1,28,0,98,28,118,13,12,154,164,327,139,204,82,46,0,24,61,9,16,110,49,118,189,163,36,10,185,0,1,36,8,40,0,0,199,0,10,5,28,126,1171,797,14,54,373,0.146639
86b583974ba16dc7b9db78e4,generator://csmith-v0/6,1,1,-loop-rotate,True,0.848793,0.006855,c234cf0169555985,81551527a865c173,1142,1232,0.002147,0.002146,7148,7948,126,149,14,14,1142,1232,804,827,0,0,83,69,11,82,34,10,23,36,1,0,0,126,0,118,13,12,154,164,327,139,204,82,46,0,24,61,9,15,111,49,118,189,163,36,10,186,0,1,0,8,40,0,0,205,0,10,5,28,126,1142,804,14,0,374,0,19,83,59,24,82,57,23,30,59,1,19,0,130,19,141,13,58,200,187,327,140,205,82,46,0,24,61,9,16,133,49,141,189,163,59,10,209,0,1,20,8,40,0,0,205,0,10,5,29,149,1232,827,14,39,398,0.848793
86b583974ba16dc7b9db78e4,generator://csmith-v0/6,1,2,-loop-unroll,True,-1.142105,-31.171463,c234cf0169555985,603f2f090c90e73b,1142,1143,0.002147,0.002816,7148,7164,126,126,14,14,1142,1143,804,804,0,0,83,69,11,82,34,10,23,36,1,0,0,126,0,118,13,12,154,164,327,139,204,82,46,0,24,61,9,15,111,49,118,189,163,36,10,186,0,1,0,8,40,0,0,205,0,10,5,28,126,1142,804,14,0,374,0,1,83,69,11,82,34,10,23,36,1,1,0,125,1,118,13,12,154,164,327,139,204,82,46,0,24,61,9,15,111,49,118,189,163,36,10,186,0,1,1,8,40,0,0,205,0,10,5,28,126,1143,804,14,1,374,-1.142105
86b583974ba16dc7b9db78e4,generator://csmith-v0/6,1,3,-loop-vectorize,True,-1.725120,-40.301736,c234cf0169555985,603f2f090c90e73b,1142,1143,0.002147,0.003012,7148,7164,126,126,14,14,1142,1143,804,804,0,0,83,69,11,82,34,10,23,36,1,0,0,126,0,118,13,12,154,164,327,139,204,82,46,0,24,61,9,15,111,49,118,189,163,36,10,186,0,1,0,8,40,0,0,205,0,10,5,28,126,1142,804,14,0,374,0,1,83,69,11,82,34,10,23,36,1,1,0,125,1,118,13,12,154,164,327,139,204,82,46,0,24,61,9,15,111,49,118,189,163,36,10,186,0,1,1,8,40,0,0,205,0,10,5,28,126,1143,804,14,1,374,-1.725120
86b583974ba16dc7b9db78e4,generator://csmith-v0/6,1,4,-loop-deletion,True,-0.782733,-25.543541,c234cf0169555985,603f2f090c90e73b,1142,1143,0.002147,0.002695,7148,7164,126,126,14,14,1142,1143,804,804,0,0,83,69,11,82,34,10,23,36,1,0,0,126,0,118,13,12,154,164,327,139,204,82,46,0,24,61,9,15,111,49,118,189,163,36,10,186,0,1,0,8,40,0,0,205,0,10,5,28,126,1142,804,14,0,374,0,1,83,69,11,82,34,10,23,36,1,1,0,125,1,118,13,12,154,164,327,139,204,82,46,0,24,61,9,15,111,49,118,189,163,36,10,186,0,1,1,8,40,0,0,205,0,10,5,28,126,1143,804,14,1,374,-0.782733
86b583974ba16dc7b9db78e4,generator://csmith-v0/6,1,5,-loop-unswitch,True,0.969284,1.893792,c234cf0169555985,603f2f090c90e73b,1142,1143,0.002147,0.002106,7148,7164,126,126,14,14,1142,1143,804,804,0,0,83,69,11,82,34,10,23,36,1,0,0,126,0,118,13,12,154,164,327,139,204,82,46,0,24,61,9,15,111,49,118,189,163,36,10,186,0,1,0,8,40,0,0,205,0,10,5,28,126,1142,804,14,0,374,0,1,83,69,11,82,34,10,23,36,1,1,0,125,1,118,13,12,154,164,327,139,204,82,46,0,24,61,9,15,111,49,118,189,163,36,10,186,0,1,1,8,40,0,0,205,0,10,5,28,126,1143,804,14,1,374,0.969284
86b583974ba16dc7b9db78e4,generator://csmith-v0/6,1,6,-loop-distribute,True,0.790657,-0.903580,c234cf0169555985,c234cf0169555985,1142,1142,0.002655,0.002679,7148,7148,126,126,14,14,1142,1142,804,804,0,0,83,69,11,82,34,10,23,36,1,0,0,126,0,118,13,12,154,164,327,139,204,82,46,0,24,61,9,15,111,49,118,189,163,36,10,186,0,1,0,8,40,0,0,205,0,10,5,28,126,1142,804,14,0,374,0,0,83,69,11,82,34,10,23,36,1,0,0,126,0,118,13,12,154,164,327,139,204,82,46,0,24,61,9,15,111,49,118,189,163,36,10,186,0,1,0,8,40,0,0,205,0,10,5,28,126,1142,804,14,0,374,0.790657
86b583974ba16dc7b9db78e4,generator://csmith-v0/6,1,7,-indvars,True,0.894585,0.723973,c234cf0169555985,603f2f090c90e73b,1142,1143,0.002655,0.002636,7148,7164,126,126,14,14,1142,1143,804,804,0,0,83,69,11,82,34,10,23,36,1,0,0,126,0,118,13,12,154,164,327,139,204,82,46,0,24,61,9,15,111,49,118,189,163,36,10,186,0,1,0,8,40,0,0,205,0,10,5,28,126,1142,804,14,0,374,0,1,83,69,11,82,34,10,23,36,1,1,0,125,1,118,13,12,154,164,327,139,204,82,46,0,24,61,9,15,111,49,118,189,163,36,10,186,0,1,1,8,40,0,0,205,0,10,5,28,126,1143,804,14,1,374,0.894585
4bfc5702acca9405e71b10b1,generator://csmith-v0/6,2,0,-licm,True,1.147041,8.714993,57de02712f3e5851,57de02712f3e5851,1168,1168,0.002034,0.001857,8476,8476,103,103,14,14,1168,1168,774,774,7,35,60,46,11,59,34,10,23,36,1,40,2,61,42,95,13,12,131,186,327,160,204,59,46,0,24,61,9,15,88,49,95,189,163,36,10,166,0,1,79,8,40,0,0,195,0,10,5,28,103,1168,774,14,130,354,7,35,60,46,11,59,34,10,23,36,1,40,2,61,42,95,13,12,131,186,327,160,204,59,46,0,24,61,9,15,88,49,95,189,163,36,10,166,0,1,79,8,40,0,0,195,0,10,5,28,103,1168,774,14,130,354,1.147041
4bfc5702acca9405e71b10b1,generator://csmith-v0/6,2,1,-loop-rotate,True,-0.893819,-29.719282,57de02712f3e5851,d26158cc6f761596,1168,1118,0.002034,0.002638,8476,7676,103,80,14,14,1168,1118,774,774,7,35,60,46,11,59,34,10,23,36,1,40,2,61,42,95,13,12,131,186,327,160,204,59,46,0,24,61,9,15,88,49,95,189,163,36,10,166,0,1,79,8,40,0,0,195,0,10,5,28,103,1168,774,14,130,354,0,40,37,24,10,36,34,9,24,36,1,40,0,40,40,72,13,35,108,175,327,149,204,36,46,0,24,61,9,15,65,49,72,189,163,36,10,166,0,1,52,8,40,0,0,195,0,10,5,28,80,1118,774,14,76,354,-0.893819
4bfc5702acca9405e71b10b1,generator://csmith-v0/6,2,2,-loop-unroll,True,0.187783,-9.350137,57de02712f3e5851,9d78224697520c40,1168,1382,0.002034,0.002224,8476,9604,103,181,14,14,1168,1382,774,854,7,35,60,46,11,59,34,10,23,36,1,40,2,61,42,95,13,12,131,186,327,160,204,59,46,0,24,61,9,15,88,49,95,189,163,36,10,166,0,1,79,8,40,0,0,195,0,10,5,28,103,1168,774,14,130,354,4,46,125,85,31,110,47,22,23,56,1,49,1,131,50,166,19,18,222,257,377,220,239,110,77,0,23,61,17,15,166,49,166,201,191,49,26,196,0,1,82,8,46,0,0,205,0,10,13,31,181,1382,854,14,134,393,0.187783
4bfc5702acca9405e71b10b1,generator://csmith-v0/6,2,3,-loop-vectorize,True,0.517580,-3.139273,57de02712f3e5851,57de02712f3e5851,1168,1168,0.002034,0.002098,8476,8476,103,103,14,14,1168,1168,774,774,7,35,60,46,11,59,34,10,23,36,1,40,2,61,42,95,13,12,131,186,327,160,204,59,46,0,24,61,9,15,88,49,95,189,163,36,10,166,0,1,79,8,40,0,0,195,0,10,5,28,103,1168,774,14,130,354,7,35,60,46,11,59,34,10,23,36,1,40,2,61,42,95,13,12,131,186,327,160,204,59,46,0,24,61,9,15,88,49,95,189,163,36,10,166,0,1,79,8,40,0,0,195,0,10,5,28,103,1168,774,14,130,354,0.517580
4bfc5702acca9405e71b10b1,generator://csmith-v0/6,2,4,-loop-deletion,True,-0.984050,-31.418557,57de02712f3e5851,57de02712f3e5851,1168,1168,0.002034,0.002673,8476,8476,103,103,14,14,1168,1168,774,774,7,35,60,46,11,59,34,10,23,36,1,40,2,61,42,95,13,12,131,186,327,160,204,59,46,0,24,61,9,15,88,49,95,189,163,36,10,166,0,1,79,8,40,0,0,195,0,10,5,28,103,1168,774,14,130,354,7,35,60,46,11,59,34,10,23,36,1,40,2,61,42,95,13,12,131,186,327,160,204,59,46,0,24,61,9,15,88,49,95,189,163,36,10,166,0,1,79,8,40,0,0,195,0,10,5,28,103,1168,774,14,130,354,-0.984050
4bfc5702acca9405e71b10b1,generator://csmith-v0/6,2,5,-loop-unswitch,True,1.415785,13.776094,57de02712f3e5851,57de02712f3e5851,1168,1168,0.002034,0.001754,8476,8476,103,103,14,14,1168,1168,774,774,7,35,60,46,11,59,34,10,23,36,1,40,2,61,42,95,13,12,131,186,327,160,204,59,46,0,24,61,9,15,88,49,95,189,163,36,10,166,0,1,79,8,40,0,0,195,0,10,5,28,103,1168,774,14,130,354,7,35,60,46,11,59,34,10,23,36,1,40,2,61,42,95,13,12,131,186,327,160,204,59,46,0,24,61,9,15,88,49,95,189,163,36,10,166,0,1,79,8,40,0,0,195,0,10,5,28,103,1168,774,14,130,354,1.415785
4bfc5702acca9405e71b10b1,generator://csmith-v0/6,2,6,-loop-distribute,True,0.211189,-8.909337,57de02712f3e5851,57de02712f3e5851,1168,1168,0.002034,0.002215,8476,8476,103,103,14,14,1168,1168,774,774,7,35,60,46,11,59,34,10,23,36,1,40,2,61,42,95,13,12,131,186,327,160,204,59,46,0,24,61,9,15,88,49,95,189,163,36,10,166,0,1,79,8,40,0,0,195,0,10,5,28,103,1168,774,14,130,354,7,35,60,46,11,59,34,10,23,36,1,40,2,61,42,95,13,12,131,186,327,160,204,59,46,0,24,61,9,15,88,49,95,189,163,36,10,166,0,1,79,8,40,0,0,195,0,10,5,28,103,1168,774,14,130,354,0.211189
4bfc5702acca9405e71b10b1,generator://csmith-v0/6,2,7,-indvars,True,-1.601509,-43.046790,57de02712f3e5851,095386130dd31b5a,1168,1145,0.002034,0.002909,8476,8460,103,103,14,14,1168,1145,774,772,7,35,60,46,11,59,34,10,23,36,1,40,2,61,42,95,13,12,131,186,327,160,204,59,46,0,24,61,9,15,88,49,95,189,163,36,10,166,0,1,79,8,40,0,0,195,0,10,5,28,103,1168,774,14,130,354,4,31,60,46,11,59,34,10,23,36,1,35,0,68,35,95,13,12,131,148,366,154,204,59,46,0,24,61,9,15,88,49,95,189,163,36,10,164,0,1,54,8,28,0,0,195,0,26,5,28,103,1145,772,14,93,356,-1.601509
340da6d2400cce56c2e84beb,generator://csmith-v0/8,0,0,-licm,True,0.809062,-0.126118,212b5c8276fa852a,cd1b7ce7a5aee79c,2565,2577,0.002022,0.002024,14340,15972,211,212,26,26,2565,2577,1593,1564,0,10,130,104,24,125,56,15,33,66,5,10,0,201,10,189,28,33,257,327,633,326,321,125,196,39,30,90,74,30,181,112,189,288,346,74,25,548,0,2,10,20,136,0,34,321,2,84,9,130,211,2565,1593,26,20,1100,3,32,131,105,24,126,56,15,33,66,5,35,0,177,35,190,28,32,258,327,631,326,321,126,194,39,30,90,73,30,182,112,190,288,346,73,24,524,0,2,56,20,136,0,34,316,2,83,8,129,212,2577,1564,26,89,1074,0.809062
340da6d2400cce56c2e84beb,generator://csmith-v0/8,0,1,-loop-rotate,True,0.231618,-9.792417,212b5c8276fa852a,d84a7c464ed4ab02,2565,2655,0.002022,0.002220,14340,14868,211,241,26,26,2565,2655,1593,1622,0,10,130,104,24,125,56,15,33,66,5,10,0,201,10,189,28,33,257,327,633,326,321,125,196,39,30,90,74,30,181,112,189,288,346,74,25,548,0,2,10,20,136,0,34,321,2,84,9,130,211,2565,1593,26,20,1100,0,10,131,91,40,126,85,32,43,95,5,10,0,231,10,219,28,90,316,356,633,327,323,126,196,39,30,90,74,30,211,112,219,288,346,103,25,577,0,2,10,20,136,0,34,321,2,84,9,132,241,2655,1622,26,20,1131,0.231618
340da6d2400cce56c2e84beb,generator://csmith-v0/8,0,2,-loop-unroll,True,-1.115576,-32.344198,212b5c8276fa852a,b280e8a44fdd5978,2565,2566,0.002022,0.002676,14340,14356,211,212,26,26,2565,2566,1593,1593,0,10,130,104,24,125,56,15,33,66,5,10,0,201,10,189,28,33,257,327,633,326,321,125,196,39,30,90,74,30,181,112,189,288,346,74,25,548,0,2,10,20,136,0,34,321,2,84,9,130,211,2565,1593,26,20,1100,0,10,131,105,24,126,56,15,33,66,5,10,0,202,10,190,28,32,258,327,633,326,321,126,196,39,30,90,74,30,182,112,190,288,346,74,25,548,0,2,10,20,136,0,34,321,2,84,9,130,212,2566,1593,26,20,1100,-1.115576
340da6d2400cce56c2e84beb,generator://csmith-v0/8,0,3,-loop-vectorize,True,1.041417,3.763451,212b5c8276fa852a,b280e8a44fdd5978,2565,2566,0.002022,0.001946,14340,14356,211,212,26,26,2565,2566,1593,1593,0,10,130,104,24,125,56,15,33,66,5,10,0,201,10,189,28,33,257,327,633,326,321,125,196,39,30,90,74,30,181,112,189,288,346,74,25,548,0,2,10,20,136,0,34,321,2,84,9,130,211,2565,1593,26,20,1100,0,10,131,105,24,126,56,15,33,66,5,10,0,202,10,190,28,32,258,327,633,326,321,126,196,39,30,90,74,30,182,112,190,288,346,74,25,548,0,2,10,20,136,0,34,321,2,84,9,130,212,2566,1593,26,20,1100,1.041417
340da6d2400cce56c2e84beb,generator://csmith-v0/8,0,4,-loop-deletion,True,0.254364,-9.411668,212b5c8276fa852a,b280e8a44fdd5978,2565,2566,0.002022,0.002212,14340,14356,211,212,26,26,2565,2566,1593,1593,0,10,130,104,24,125,56,15,33,66,5,10,0,201,10,189,28,33,257,327,633,326,321,125,196,39,30,90,74,30,181,112,189,288,346,74,25,548,0,2,10,20,136,0,34,321,2,84,9,130,211,2565,1593,26,20,1100,0,10,131,105,24,126,56,15,33,66,5,10,0,202,10,190,28,32,258,327,633,326,321,126,196,39,30,90,74,30,182,112,190,288,346,74,25,548,0,2,10,20,136,0,34,321,2,84,9,130,212,2566,1593,26,20,1100,0.254364
340da6d2400cce56c2e84beb,generator://csmith-v0/8,0,5,-loop-unswitch,True,1.255737,7.351130,212b5c8276fa852a,b280e8a44fdd5978,2565,2566,0.002022,0.001873,14340,14356,211,212,26,26,2565,2566,1593,1593,0,10,130,104,24,125,56,15,33,66,5,10,0,201,10,189,28,33,257,327,633,326,321,125,196,39,30,90,74,30,181,112,189,288,346,74,25,548,0,2,10,20,136,0,34,321,2,84,9,130,211,2565,1593,26,20,1100,0,10,131,105,24,126,56,15,33,66,5,10,0,202,10,190,28,32,258,327,633,326,321,126,196,39,30,90,74,30,182,112,190,288,346,74,25,548,0,2,10,20,136,0,34,321,2,84,9,130,212,2566,1593,26,20,1100,1.255737
340da6d2400cce56c2e84beb,generator://csmith-v0/8,0,6,-loop-distribute,True,-1.594897,-40.367925,212b5c8276fa852a,24baf5f2726fc2c0,2565,2565,0.002022,0.002838,14340,14340,211,211,26,26,2565,2565,1593,1593,0,10,130,104,24,125,56,15,33,66,5,10,0,201,10,189,28,33,257,327,633,326,321,125,196,39,30,90,74,30,181,112,189,288,346,74,25,548,0,2,10,20,136,0,34,321,2,84,9,130,211,2565,1593,26,20,1100,0,10,130,104,24,125,56,15,33,66,5,10,0,201,10,189,28,33,257,327,633,326,321,125,196,39,30,90,74,30,181,112,189,288,346,74,25,548,0,2,10,20,136,0,34,321,2,84,9,130,211,2565,1593,26,20,1100,-1.594897
340da6d2400cce56c2e84beb,generator://csmith-v0/8,0,7,-indvars,True,-0.881725,-28.429571,212b5c8276fa852a,b280e8a44fdd5978,2565,2566,0.002022,0.002597,14340,14356,211,212,26,26,2565,2566,1593,1593,0,10,130,104,24,125,56,15,33,66,5,10,0,201,10,189,28,33,257,327,633,326,321,125,196,39,30,90,74,30,181,112,189,288,346,74,25,548,0,2,10,20,136,0,34,321,2,84,9,130,211,2565,1593,26,20,1100,0,10,131,105,24,126,56,15,33,66,5,10,0,202,10,190,28,32,258,327,633,326,321,126,196,39,30,90,74,30,182,112,190,288,346,74,25,548,0,2,10,20,136,0,34,321,2,84,9,130,212,2566,1593,26,20,1100,-0.881725
fb099d9b564f2bf352430f2b,generator://csmith-v0/8,1,0,-licm,True,-1.771945,-33.479890,e6ccc65dd45c80c1,6019ebec8e19ad25,1690,1670,0.002541,0.003391,11584,11632,211,212,26,26,1690,1670,929,895,0,7,130,104,24,125,56,15,33,66,5,7,0,204,7,189,14,33,257,284,221,139,129,125,174,37,22,90,65,17,194,24,189,206,92,51,23,397,0,0,7,20,114,0,32,144,2,69,5,99,211,1690,929,26,14,793,1,13,131,105,24,126,56,15,33,66,5,14,0,198,14,190,14,32,258,284,221,147,129,126,174,37,22,90,65,17,195,24,190,206,92,51,23,396,0,0,20,20,114,0,32,111,2,69,5,99,212,1670,895,26,34,792,-1.771945
fb099d9b564f2bf352430f2b,generator://csmith-v0/8,1,1,-loop-rotate,True,0.779647,19.607265,e6ccc65dd45c80c1,ba791deade2a3136,1690,1783,0.002541,0.002042,11584,12304,211,241,26,26,1690,1783,929,958,0,7,130,104,24,125,56,15,33,66,5,7,0,204,7,189,14,33,257,284,221,139,129,125,174,37,22,90,65,17,194,24,189,206,92,51,23,397,0,0,7,20,114,0,32,144,2,69,5,99,211,1690,929,26,14,793,0,20,131,91,40,126,85,32,43,95,5,20,0,221,20,219,14,90,316,305,221,156,130,126,174,37,22,90,65,18,223,24,219,206,92,72,23,418,0,0,20,20,114,0,32,152,2,69,5,99,241,1783,958,26,40,814,0.779647
fb099d9b564f2bf352430f2b,generator://csmith-v0/8,1,2,-loop-unroll,True,0.351825,10.706216,e6ccc65dd45c80c1,90e9fb08e6104aea,1690,1691,0.002541,0.002269,11584,11584,211,212,26,26,1690,1691,929,929,0,7,130,104,24,125,56,15,33,66,5,7,0,204,7,189,14,33,257,284,221,139,129,125,174,37,22,90,65,17,194,24,189,206,92,51,23,397,0,0,7,20,114,0,32,144,2,69,5,99,211,1690,929,26,14,793,0,7,135,101,28,122,52,15,29,66,5,7,0,205,7,186,14,32,254,284,221,147,129,122,174,37,22,90,65,17,195,24,186,206,92,51,23,397,0,0,7,20,114,0,32,144,2,69,5,99,212,1691,929,26,14,793,0.351825
fb099d9b564f2bf352430f2b,generator://csmith-v0/8,1,3,-loop-vectorize,True,-0.685828,-10.882685,e6ccc65dd45c80c1,e12fc6ed50de8983,1690,1691,0.002541,0.002817,11584,11616,211,212,26,26,1690,1691,929,929,0,7,130,104,24,125,56,15,33,66,5,7,0,204,7,189,14,33,257,284,221,139,129,125,174,37,22,90,65,17,194,24,189,206,92,51,23,397,0,0,7,20,114,0,32,144,2,69,5,99,211,1690,929,26,14,793,0,7,131,105,24,126,56,15,33,66,5,7,0,205,7,190,14,32,258,284,221,147,129,126,174,37,22,90,65,17,195,24,190,206,92,51,23,397,0,0,7,20,114,0,32,144,2,69,5,99,212,1691,929,26,14,793,-0.685828
fb099d9b564f2bf352430f2b,generator://csmith-v0/8,1,4,-loop-deletion,True,0.156601,6.644481,e6ccc65dd45c80c1,06f09cdddc57195c,1690,1657,0.002541,0.002372,11584,11408,211,195,26,26,1690,1657,929,912,0,7,130,104,24,125,56,15,33,66,5,7,0,204,7,189,14,33,257,284,221,139,129,125,174,37,22,90,65,17,194,24,189,206,92,51,23,397,0,0,7,20,114,0,32,144,2,69,5,99,211,1690,929,26,14,793,0,7,119,93,24,114,51,15,28,61,5,7,0,188,7,173,14,32,236,284,221,142,129,114,174,37,22,90,65,17,178,24,173,206,92,51,23,397,0,0,7,20,114,0,32,127,2,69,5,99,195,1657,912,26,14,793,0.156601
fb099d9b564f2bf352430f2b,generator://csmith-v0/8,1,5,-loop-unswitch,True,1.088740,26.038106,e6ccc65dd45c80c1,e12fc6ed50de8983,1690,1691,0.002541,0.001879,11584,11616,211,212,26,26,1690,1691,929,929,0,7,130,104,24,125,56,15,33,66,5,7,0,204,7,189,14,33,257,284,221,139,129,125,174,37,22,90,65,17,194,24,189,206,92,51,23,397,0,0,7,20,114,0,32,144,2,69,5,99,211,1690,929,26,14,793,0,7,131,105,24,126,56,15,33,66,5,7,0,205,7,190,14,32,258,284,221,147,129,126,174,37,22,90,65,17,195,24,190,206,92,51,23,397,0,0,7,20,114,0,32,144,2,69,5,99,212,1691,929,26,14,793,1.088740
fb099d9b564f2bf352430f2b,generator://csmith-v0/8,1,6,-loop-distribute,True,1.146161,27.232777,e6ccc65dd45c80c1,e6ccc65dd45c80c1,1690,1690,0.002541,0.001849,11584,11584,211,211,26,26,1690,1690,929,929,0,7,130,104,24,125,56,15,33,66,5,7,0,204,7,189,14,33,257,284,221,139,129,125,174,37,22,90,65,17,194,24,189,206,92,51,23,397,0,0,7,20,114,0,32,144,2,69,5,99,211,1690,929,26,14,793,0,7,130,104,24,125,56,15,33,66,5,7,0,204,7,189,14,33,257,284,221,139,129,125,174,37,22,90,65,17,194,24,189,206,92,51,23,397,0,0,7,20,114,0,32,144,2,69,5,99,211,1690,929,26,14,793,1.146161
fb099d9b564f2bf352430f2b,generator://csmith-v0/8,1,7,-indvars,True,-1.065201,-18.775724,e6ccc65dd45c80c1,e12fc6ed50de8983,1690,1691,0.002541,0.003018,11584,11616,211,212,26,26,1690,1691,929,929,0,7,130,104,24,125,56,15,33,66,5,7,0,204,7,189,14,33,257,284,221,139,129,125,174,37,22,90,65,17,194,24,189,206,92,51,23,397,0,0,7,20,114,0,32,144,2,69,5,99,211,1690,929,26,14,793,0,7,131,105,24,126,56,15,33,66,5,7,0,205,7,190,14,32,258,284,221,147,129,126,174,37,22,90,65,17,195,24,190,206,92,51,23,397,0,0,7,20,114,0,32,144,2,69,5,99,212,1691,929,26,14,793,-1.065201
0d01511432f9b7ecb8d7978f,generator://csmith-v0/8,2,0,-licm,True,0.979493,3.076550,fa79cc882ff8bc7e,ae3e03169ba7b381,1613,1616,0.002211,0.002143,12480,12832,182,183,26,26,1613,1616,862,833,0,30,101,75,24,96,56,15,33,66,5,30,0,152,30,160,14,31,228,273,221,159,97,96,174,37,22,58,65,17,165,24,160,206,92,51,23,362,0,0,31,20,109,0,32,144,2,69,5,99,182,1613,862,26,62,721,2,40,102,76,24,97,56,15,33,66,5,40,2,141,42,161,14,30,229,273,221,167,97,97,174,37,22,58,65,17,166,24,161,206,92,51,23,369,0,0,62,20,109,0,32,108,2,69,5,99,183,1616,833,26,108,728,0.979493
0d01511432f9b7ecb8d7978f,generator://csmith-v0/8,2,1,-loop-rotate,True,-0.095828,-9.162493,fa79cc882ff8bc7e,54c98ce7d5ad962a,1613,1602,0.002211,0.002413,12480,11552,182,170,26,26,1613,1602,862,870,0,30,101,75,24,96,56,15,33,66,5,30,0,152,30,160,14,31,228,273,221,159,97,96,174,37,22,58,65,17,165,24,160,206,92,51,23,362,0,0,31,20,109,0,32,144,2,69,5,99,182,1613,862,26,62,721,0,23,81,57,22,76,64,13,43,74,5,23,0,147,23,148,14,67,224,265,221,167,97,76,174,37,22,58,65,18,152,24,148,206,92,51,23,362,0,0,24,20,109,0,32,152,2,69,5,99,170,1602,870,26,47,721,-0.095828
0d01511432f9b7ecb8d7978f,generator://csmith-v0/8,2,2,-loop-unroll,True,0.644602,-0.735096,fa79cc882ff8bc7e,df8892e560189d09,1613,1767,0.002211,0.002227,12480,13384,182,226,26,26,1613,1767,862,927,0,30,101,75,24,96,56,15,33,66,5,30,0,152,30,160,14,31,228,273,221,159,97,96,174,37,22,58,65,17,165,24,160,206,92,51,23,362,0,0,31,20,109,0,32,144,2,69,5,99,182,1613,862,26,62,721,0,36,142,96,39,123,59,21,28,76,5,36,0,190,36,197,16,32,275,327,241,192,125,123,203,37,19,58,73,16,210,24,197,210,103,58,39,376,0,0,36,20,111,0,32,180,2,69,13,101,226,1767,927,26,70,739,0.644602
0d01511432f9b7ecb8d7978f,generator://csmith-v0/8,2,3,-loop-vectorize,True,-1.478558,-24.900403,fa79cc882ff8bc7e,fd76a0f7d475b0a5,1613,1615,0.002211,0.002761,12480,12512,182,183,26,26,1613,1615,862,862,0,30,101,75,24,96,56,15,33,66,5,30,0,152,30,160,14,31,228,273,221,159,97,96,174,37,22,58,65,17,165,24,160,206,92,51,23,362,0,0,31,20,109,0,32,144,2,69,5,99,182,1613,862,26,62,721,0,31,102,76,24,97,56,15,33,66,5,31,0,152,31,161,14,30,229,273,221,167,97,97,174,37,22,58,65,17,166,24,161,206,92,51,23,362,0,0,32,20,109,0,32,144,2,69,5,99,183,1615,862,26,63,721,-1.478558
0d01511432f9b7ecb8d7978f,generator://csmith-v0/8,2,4,-loop-deletion,True,1.167415,5.215439,fa79cc882ff8bc7e,ba472fafa2c3c381,1613,1586,0.002211,0.002095,12480,12320,182,171,26,26,1613,1586,862,845,0,30,101,75,24,96,56,15,33,66,5,30,0,152,30,160,14,31,228,273,221,159,97,96,174,37,22,58,65,17,165,24,160,206,92,51,23,362,0,0,31,20,109,0,32,144,2,69,5,99,182,1613,862,26,62,721,0,31,95,69,24,90,51,15,28,61,5,31,0,140,31,149,14,30,212,273,221,162,97,90,174,37,22,58,65,17,154,24,149,206,92,51,23,362,0,0,32,20,109,0,32,127,2,69,5,99,171,1586,845,26,63,721,1.167415
0d01511432f9b7ecb8d7978f,generator://csmith-v0/8,2,5,-loop-unswitch,True,0.121337,-6.690771,fa79cc882ff8bc7e,fd76a0f7d475b0a5,1613,1615,0.002211,0.002358,12480,12512,182,183,26,26,1613,1615,862,862,0,30,101,75,24,96,56,15,33,66,5,30,0,152,30,160,14,31,228,273,221,159,97,96,174,37,22,58,65,17,165,24,160,206,92,51,23,362,0,0,31,20,109,0,32,144,2,69,5,99,182,1613,862,26,62,721,0,31,102,76,24,97,56,15,33,66,5,31,0,152,31,161,14,30,229,273,221,167,97,97,174,37,22,58,65,17,166,24,161,206,92,51,23,362,0,0,32,20,109,0,32,144,2,69,5,99,183,1615,862,26,63,721,0.121337
0d01511432f9b7ecb8d7978f,generator://csmith-v0/8,2,6,-loop-distribute,True,-1.707605,-27.507364,fa79cc882ff8bc7e,fa79cc882ff8bc7e,1613,1613,0.002211,0.002819,12480,12480,182,182,26,26,1613,1613,862,862,0,30,101,75,24,96,56,15,33,66,5,30,0,152,30,160,14,31,228,273,221,159,97,96,174,37,22,58,65,17,165,24,160,206,92,51,23,362,0,0,31,20,109,0,32,144,2,69,5,99,182,1613,862,26,62,721,0,30,101,75,24,96,56,15,33,66,5,30,0,152,30,160,14,31,228,273,221,159,97,96,174,37,22,58,65,17,165,24,160,206,92,51,23,362,0,0,31,20,109,0,32,144,2,69,5,99,182,1613,862,26,62,721,-1.707605
0d01511432f9b7ecb8d7978f,generator://csmith-v0/8,2,7,-indvars,True,0.369144,-3.870291,fa79cc882ff8bc7e,3aff76c00a741a67,1613,1620,0.002211,0.002296,12480,12608,182,183,26,26,1613,1620,862,862,0,30,101,75,24,96,56,15,33,66,5,30,0,152,30,160,14,31,228,273,221,159,97,96,174,37,22,58,65,17,165,24,160,206,92,51,23,362,0,0,31,20,109,0,32,144,2,69,5,99,182,1613,862,26,62,721,0,31,102,76,24,97,56,15,33,66,5,31,0,152,31,161,14,30,229,258,236,167,97,97,174,37,22,58,65,16,167,24,161,206,92,51,23,362,0,0,32,20,104,0,32,144,2,79,5,99,183,1620,862,26,63,726,0.369144
376ebb6a832adc3fe9b44060,generator://csmith-v0/9,0,0,-licm,True,-1.106617,-16.797892,6b4eb4126938320e,a60e7365425af623,14866,14675,0.002048,0.002393,76070,116414,1069,1092,77,77,14866,14675,9594,9336,0,106,635,516,114,626,329,82,194,356,27,106,0,963,106,963,289,236,1379,1745,5275,2395,2596,626,254,16,146,869,61,178,888,1586,963,1966,2413,662,11,1881,4,57,106,71,548,0,8,2465,26,294,94,568,1069,14866,9594,77,212,5746,22,248,663,539,119,644,324,82,189,356,27,258,12,822,270,981,289,213,1397,1747,5097,2238,2583,644,245,16,146,869,56,165,924,1580,981,1966,2333,603,11,1696,4,50,389,71,495,0,8,2472,26,287,79,481,1092,14675,9336,77,643,5408,-1.106617
376ebb6a832adc3fe9b44060,generator://csmith-v0/9,0,1,-loop-rotate,True,0.625300,-1.087143,6b4eb4126938320e,6f7bb42ca5d0a5ac,14866,15252,0.002048,0.002071,76070,78702,1069,1215,77,77,14866,15252,9594,9707,0,106,635,516,114,626,329,82,194,356,27,106,0,963,106,963,289,236,1379,1745,5275,2395,2596,626,254,16,146,869,61,178,888,1586,963,1966,2413,662,11,1881,4,57,106,71,548,0,8,2465,26,294,94,568,1069,14866,9594,77,212,5746,0,106,683,467,215,654,417,168,193,469,37,106,0,1109,106,1104,289,419,1633,1846,5287,2407,2607,654,254,16,146,869,61,182,1030,1586,1104,1966,2413,775,11,1994,4,57,106,71,558,0,8,2465,26,294,94,572,1215,15252,9707,77,212,5873,0.625300
376ebb6a832adc3fe9b44060,generator://csmith-v0/9,0,2,-loop-unroll,True,-0.351115,-9.944506,6b4eb4126938320e,decc10b33165dbbb,14866,14889,0.002048,0.002252,76070,76414,1069,1092,77,77,14866,14889,9594,9594,0,106,635,516,114,626,329,82,194,356,27,106,0,963,106,963,289,236,1379,1745,5275,2395,2596,626,254,16,146,869,61,178,888,1586,963,1966,2413,662,11,1881,4,57,106,71,548,0,8,2465,26,294,94,568,1069,14866,9594,77,212,5746,0,106,663,539,119,644,324,82,189,356,27,106,0,986,106,981,289,213,1397,1745,5275,2395,2596,644,254,16,146,869,61,178,911,1586,981,1966,2413,662,11,1881,4,57,106,71,548,0,8,2465,26,294,94,568,1092,14889,9594,77,212,5746,-0.351115
376ebb6a832adc3fe9b44060,generator://csmith-v0/9,0,3,-loop-vectorize,True,0.870863,1.140428,6b4eb4126938320e,decc10b33165dbbb,14866,14889,0.002048,0.002025,76070,76414,1069,1092,77,77,14866,14889,9594,9594,0,106,635,516,114,626,329,82,194,356,27,106,0,963,106,963,289,236,1379,1745,5275,2395,2596,626,254,16,146,869,61,178,888,1586,963,1966,2413,662,11,1881,4,57,106,71,548,0,8,2465,26,294,94,568,1069,14866,9594,77,212,5746,0,106,663,539,119,644,324,82,189,356,27,106,0,986,106,981,289,213,1397,1745,5275,2395,2596,644,254,16,146,869,61,178,911,1586,981,1966,2413,662,11,1881,4,57,106,71,548,0,8,2465,26,294,94,568,1092,14889,9594,77,212,5746,0.870863
376ebb6a832adc3fe9b44060,generator://csmith-v0/9,0,4,-loop-deletion,True,-0.134842,-7.982629,6b4eb4126938320e,decc10b33165dbbb,14866,14889,0.002048,0.002212,76070,76414,1069,1092,77,77,14866,14889,9594,9594,0,106,635,516,114,626,329,82,194,356,27,106,0,963,106,963,289,236,1379,1745,5275,2395,2596,626,254,16,146,869,61,178,888,1586,963,1966,2413,662,11,1881,4,57,106,71,548,0,8,2465,26,294,94,568,1069,14866,9594,77,212,5746,0,106,663,539,119,644,324,82,189,356,27,106,0,986,106,981,289,213,1397,1745,5275,2395,2596,644,254,16,146,869,61,178,911,1586,981,1966,2413,662,11,1881,4,57,106,71,548,0,8,2465,26,294,94,568,1092,14889,9594,77,212,5746,-0.134842
376ebb6a832adc3fe9b44060,generator://csmith-v0/9,0,5,-loop-unswitch,True,-1.440278,-19.824635,6b4eb4126938320e,decc10b33165dbbb,14866,14889,0.002048,0.002455,76070,76414,1069,1092,77,77,14866,14889,9594,9594,0,106,635,516,114,626,329,82,194,356,27,106,0,963,106,963,289,236,1379,1745,5275,2395,2596,626,254,16,146,869,61,178,888,1586,963,1966,2413,662,11,1881,4,57,106,71,548,0,8,2465,26,294,94,568,1069,14866,9594,77,212,5746,0,106,663,539,119,644,324,82,189,356,27,106,0,986,106,981,289,213,1397,1745,5275,2395,2596,644,254,16,146,869,61,178,911,1586,981,1966,2413,662,11,1881,4,57,106,71,548,0,8,2465,26,294,94,568,1092,14889,9594,77,212,5746,-1.440278
376ebb6a832adc3fe9b44060,generator://csmith-v0/9,0,6,-loop-distribute,True,-0.287454,-9.367018,6b4eb4126938320e,2cdc72d004197afc,14866,14866,0.002048,0.002240,76070,76070,1069,1069,77,77,14866,14866,9594,9594,0,106,635,516,114,626,329,82,194,356,27,106,0,963,106,963,289,236,1379,1745,5275,2395,2596,626,254,16,146,869,61,178,888,1586,963,1966,2413,662,11,1881,4,57,106,71,548,0,8,2465,26,294,94,568,1069,14866,9594,77,212,5746,0,106,635,516,114,626,329,82,194,356,27,106,0,963,106,963,289,236,1379,1745,5275,2395,2596,626,254,16,146,869,61,178,888,1586,963,1966,2413,662,11,1881,4,57,106,71,548,0,8,2465,26,294,94,568,1069,14866,9594,77,212,5746,-0.287454
376ebb6a832adc3fe9b44060,generator://csmith-v0/9,0,7,-indvars,True,1.824144,9.787927,6b4eb4126938320e,dc3cfae9e0404385,14866,14889,0.002048,0.001848,76070,76414,1069,1092,77,77,14866,14889,9594,9594,0,106,635,516,114,626,329,82,194,356,27,106,0,963,106,963,289,236,1379,1745,5275,2395,2596,626,254,16,146,869,61,178,888,1586,963,1966,2413,662,11,1881,4,57,106,71,548,0,8,2465,26,294,94,568,1069,14866,9594,77,212,5746,0,106,663,539,119,644,324,82,189,356,27,106,0,986,106,981,289,213,1397,1745,5275,2395,2596,644,254,16,146,869,61,178,911,1586,981,1966,2413,662,11,1881,4,57,106,71,548,0,8,2465,26,294,94,568,1092,14889,9594,77,212,5746,1.824144
8a7c602ea29d1e4086c8b3d6,generator://csmith-v0/9,1,0,-licm,True,0.833627,24.071280,c16e2517e518bbea,2b3ab1568ce5e8d4,9475,9517,0.002677,0.002032,64098,75722,1069,1092,77,77,9475,9517,6215,6094,0,63,635,516,114,626,329,82,194,356,27,63,0,1006,63,963,199,236,1379,1571,2862,1086,1897,626,182,16,105,869,42,107,960,633,963,1549,1126,404,10,789,4,29,63,71,324,0,8,1882,22,187,47,281,1069,9475,6215,77,126,3083,9,206,663,539,119,644,324,82,189,356,27,210,5,877,215,981,199,213,1397,1566,2847,1098,1898,644,178,16,105,869,39,110,980,633,981,1549,1120,380,10,769,4,28,286,71,297,0,8,1787,22,185,46,256,1092,9517,6094,77,471,3009,0.833627
8a7c602ea29d1e4086c8b3d6,generator://csmith-v0/9,1,1,-loop-rotate,True,-0.717388,2.170933,c16e2517e518bbea,ca5bea3cf2018e8f,9475,9879,0.002677,0.002619,64098,68674,1069,1215,77,77,9475,9879,6215,6323,0,63,635,516,114,626,329,82,194,356,27,63,0,1006,63,963,199,236,1379,1571,2862,1086,1897,626,182,16,105,869,42,107,960,633,963,1549,1126,404,10,789,4,29,63,71,324,0,8,1882,22,187,47,281,1069,9475,6215,77,126,3083,0,123,683,467,215,654,417,168,193,469,37,123,0,1092,123,1104,199,419,1633,1649,2867,1150,1909,654,182,16,105,869,42,112,1101,633,1104,1549,1126,487,10,872,4,29,123,71,328,0,8,1907,22,187,47,284,1215,9879,6323,77,246,3173,-0.717388
8a7c602ea29d1e4086c8b3d6,generator://csmith-v0/9,1,2,-loop-unroll,True,0.339376,17.092452,c16e2517e518bbea,83692417f855b1b1,9475,9498,0.002677,0.002219,64098,64378,1069,1092,77,77,9475,9498,6215,6215,0,63,635,516,114,626,329,82,194,356,27,63,0,1006,63,963,199,236,1379,1571,2862,1086,1897,626,182,16,105,869,42,107,960,633,963,1549,1126,404,10,789,4,29,63,71,324,0,8,1882,22,187,47,281,1069,9475,6215,77,126,3083,0,63,678,524,134,629,309,82,174,356,27,63,0,1029,63,966,199,213,1382,1571,2862,1111,1898,629,182,16,105,869,42,107,983,633,966,1549,1126,404,10,789,4,29,63,71,324,0,8,1882,22,187,47,281,1092,9498,6215,77,126,3083,0.339376
8a7c602ea29d1e4086c8b3d6,generator://csmith-v0/9,1,3,-loop-vectorize,True,0.060552,13.155448,c16e2517e518bbea,7d7b506e960ab2b4,9475,9498,0.002677,0.002325,64098,64458,1069,1092,77,77,9475,9498,6215,6215,0,63,635,516,114,626,329,82,194,356,27,63,0,1006,63,963,199,236,1379,1571,2862,1086,1897,626,182,16,105,869,42,107,960,633,963,1549,1126,404,10,789,4,29,63,71,324,0,8,1882,22,187,47,281,1069,9475,6215,77,126,3083,0,63,663,539,119,644,324,82,189,356,27,63,0,1029,63,981,199,213,1397,1571,2862,1111,1898,644,182,16,105,869,42,107,983,633,981,1549,1126,404,10,789,4,29,63,71,324,0,8,1882,22,187,47,281,1092,9498,6215,77,126,3083,0.060552
8a7c602ea29d1e4086c8b3d6,generator://csmith-v0/9,1,4,-loop-deletion,True,1.041124,27.001138,c16e2517e518bbea,e3234258d4882a88,9475,9428,0.002677,0.001954,64098,64042,1069,1057,77,77,9475,9428,6215,6180,0,63,635,516,114,626,329,82,194,356,27,63,0,1006,63,963,199,236,1379,1571,2862,1086,1897,626,182,16,105,869,42,107,960,633,963,1549,1126,404,10,789,4,29,63,71,324,0,8,1882,22,187,47,281,1069,9475,6215,77,126,3083,0,63,638,514,119,619,314,82,179,346,27,63,0,994,63,946,199,213,1352,1571,2862,1101,1898,619,182,16,105,869,42,107,948,633,946,1549,1126,404,10,789,4,29,63,71,324,0,8,1847,22,187,47,281,1057,9428,6180,77,126,3083,1.041124
8a7c602ea29d1e4086c8b3d6,generator://csmith-v0/9,1,5,-loop-unswitch,True,-0.806980,0.905895,c16e2517e518bbea,7d7b506e960ab2b4,9475,9498,0.002677,0.002652,64098,64458,1069,1092,77,77,9475,9498,6215,6215,0,63,635,516,114,626,329,82,194,356,27,63,0,1006,63,963,199,236,1379,1571,2862,1086,1897,626,182,16,105,869,42,107,960,633,963,1549,1126,404,10,789,4,29,63,71,324,0,8,1882,22,187,47,281,1069,9475,6215,77,126,3083,0,63,663,539,119,644,324,82,189,356,27,63,0,1029,63,981,199,213,1397,1571,2862,1111,1898,644,182,16,105,869,42,107,983,633,981,1549,1126,404,10,789,4,29,63,71,324,0,8,1882,22,187,47,281,1092,9498,6215,77,126,3083,-0.806980
8a7c602ea29d1e4086c8b3d6,generator://csmith-v0/9,1,6,-loop-distribute,True,-1.900760,-14.538298,c16e2517e518bbea,c16e2517e518bbea,9475,9475,0.002677,0.003066,64098,64098,1069,1069,77,77,9475,9475,6215,6215,0,63,635,516,114,626,329,82,194,356,27,63,0,1006,63,963,199,236,1379,1571,2862,1086,1897,626,182,16,105,869,42,107,960,633,963,1549,1126,404,10,789,4,29,63,71,324,0,8,1882,22,187,47,281,1069,9475,6215,77,126,3083,0,63,635,516,114,626,329,82,194,356,27,63,0,1006,63,963,199,236,1379,1571,2862,1086,1897,626,182,16,105,869,42,107,960,633,963,1549,1126,404,10,789,4,29,63,71,324,0,8,1882,22,187,47,281,1069,9475,6215,77,126,3083,-1.900760
8a7c602ea29d1e4086c8b3d6,generator://csmith-v0/9,1,7,-indvars,True,1.150449,28.544806,c16e2517e518bbea,7534903198506c13,9475,9498,0.002677,0.001913,64098,64474,1069,1092,77,77,9475,9498,6215,6215,0,63,635,516,114,626,329,82,194,356,27,63,0,1006,63,963,199,236,1379,1571,2862,1086,1897,626,182,16,105,869,42,107,960,633,963,1549,1126,404,10,789,4,29,63,71,324,0,8,1882,22,187,47,281,1069,9475,6215,77,126,3083,0,63,663,539,119,644,324,82,189,356,27,63,0,1029,63,981,199,213,1397,1571,2862,1111,1898,644,182,16,105,869,42,107,983,633,981,1549,1126,404,10,789,4,29,63,71,324,0,8,1882,22,187,47,281,1092,9498,6215,77,126,3083,1.150449
f78966b1666c1803976f6fda,generator://csmith-v0/9,2,0,-licm,True,0.638918,3.234876,f7f2c8bdce71e8f5,feb774000effe1d5,9072,9229,0.002217,0.002146,68890,79466,973,992,77,77,9072,9229,5855,5804,15,168,539,420,114,530,329,82,194,356,27,175,8,790,183,867,199,214,1283,1551,2861,1166,1782,530,176,16,105,730,40,107,864,630,867,1549,1122,362,10,572,4,23,249,71,282,0,8,1882,22,176,45,256,973,9072,5855,77,515,2646,37,230,563,439,119,544,324,82,189,356,27,240,27,725,267,881,199,195,1297,1539,2847,1179,1778,544,173,16,105,730,38,109,881,630,881,1549,1118,346,10,630,4,23,485,71,275,0,8,1777,22,176,44,235,992,9229,5804,77,862,2676,0.638918
f78966b1666c1803976f6fda,generator://csmith-v0/9,2,1,-loop-rotate,True,-0.033283,-7.725196,f7f2c8bdce71e8f5,66e7e58dd5f5adf0,9072,9057,0.002217,0.002389,68890,67730,973,940,77,77,9072,9057,5855,5880,15,168,539,420,114,530,329,82,194,356,27,175,8,790,183,867,199,214,1283,1551,2861,1166,1782,530,176,16,105,730,40,107,864,630,867,1549,1122,362,10,572,4,23,249,71,282,0,8,1882,22,176,45,256,973,9072,5855,77,515,2646,13,176,482,336,141,462,352,102,197,386,28,182,7,751,189,829,199,336,1275,1538,2857,1202,1783,462,176,16,105,730,40,109,829,630,829,1549,1122,362,10,572,4,23,242,71,282,0,8,1907,22,176,45,256,940,9057,5880,77,480,2646,-0.033283
f78966b1666c1803976f6fda,generator://csmith-v0/9,2,2,-loop-unroll,True,0.115006,-5.307377,f7f2c8bdce71e8f5,52851ca7efe79fda,9072,9820,0.002217,0.002335,68890,72498,973,1155,77,77,9072,9820,5855,6423,15,168,539,420,114,530,329,82,194,356,27,175,8,790,183,867,199,214,1283,1551,2861,1166,1782,530,176,16,105,730,40,107,864,630,867,1549,1122,362,10,572,4,23,249,71,282,0,8,1882,22,176,45,256,973,9072,5855,77,515,2646,15,164,764,534,180,643,286,86,141,369,27,171,8,976,179,993,204,200,1422,1725,3251,1394,1846,643,170,16,68,730,48,109,1044,666,993,1632,1277,339,26,607,4,23,246,71,273,0,8,2177,21,174,53,261,1155,9820,6423,77,479,2711,0.115006
f78966b1666c1803976f6fda,generator://csmith-v0/9,2,3,-loop-vectorize,True,-1.972264,-39.339803,f7f2c8bdce71e8f5,23371c025288d932,9072,9100,0.002217,0.003090,68890,69298,973,992,77,77,9072,9100,5855,5855,15,168,539,420,114,530,329,82,194,356,27,175,8,790,183,867,199,214,1283,1551,2861,1166,1782,530,176,16,105,730,40,107,864,630,867,1549,1122,362,10,572,4,23,249,71,282,0,8,1882,22,176,45,256,973,9072,5855,77,515,2646,15,176,563,439,119,544,324,82,189,356,27,183,8,801,191,881,199,195,1297,1551,2861,1191,1783,544,176,16,105,730,40,107,883,630,881,1549,1122,362,10,572,4,23,258,71,282,0,8,1882,22,176,45,256,992,9100,5855,77,523,2646,-1.972264
f78966b1666c1803976f6fda,generator://csmith-v0/9,2,4,-loop-deletion,True,0.864963,6.920488,f7f2c8bdce71e8f5,f967b7f0104337a0,9072,9038,0.002217,0.002064,68890,68930,973,965,77,77,9072,9038,5855,5815,15,168,539,420,114,530,329,82,194,356,27,175,8,790,183,867,199,214,1283,1551,2861,1166,1782,530,176,16,105,730,40,107,864,630,867,1549,1122,362,10,572,4,23,249,71,282,0,8,1882,22,176,45,256,973,9072,5855,77,515,2646,15,184,547,423,119,528,313,82,178,345,27,191,8,766,199,854,199,195,1259,1547,2859,1180,1780,528,175,16,105,730,40,107,856,629,854,1547,1122,361,10,572,4,23,268,71,281,0,8,1844,21,175,45,256,965,9038,5815,77,532,2643,0.864963
f78966b1666c1803976f6fda,generator://csmith-v0/9,2,5,-loop-unswitch,True,1.347063,14.781007,f7f2c8bdce71e8f5,1155cc23f7b6352e,9072,9111,0.002217,0.001890,68890,69458,973,992,77,77,9072,9111,5855,5855,15,168,539,420,114,530,329,82,194,356,27,175,8,790,183,867,199,214,1283,1551,2861,1166,1782,530,176,16,105,730,40,107,864,630,867,1549,1122,362,10,572,4,23,249,71,282,0,8,1882,22,176,45,256,973,9072,5855,77,515,2646,15,185,563,439,119,544,324,82,189,356,27,192,8,792,200,881,199,195,1297,1551,2861,1191,1783,544,176,16,105,730,40,107,883,630,881,1549,1122,362,10,572,4,23,269,71,282,0,8,1882,22,176,45,256,992,9111,5855,77,534,2646,1.347063
f78966b1666c1803976f6fda,generator://csmith-v0/9,2,6,-loop-distribute,True,-1.056265,-24.404659,f7f2c8bdce71e8f5,f7f2c8bdce71e8f5,9072,9072,0.002217,0.002759,68890,68890,973,973,77,77,9072,9072,5855,5855,15,168,539,420,114,530,329,82,194,356,27,175,8,790,183,867,199,214,1283,1551,2861,1166,1782,530,176,16,105,730,40,107,864,630,867,1549,1122,362,10,572,4,23,249,71,282,0,8,1882,22,176,45,256,973,9072,5855,77,515,2646,15,168,539,420,114,530,329,82,194,356,27,175,8,790,183,867,199,214,1283,1551,2861,1166,1782,530,176,16,105,730,40,107,864,630,867,1549,1122,362,10,572,4,23,249,71,282,0,8,1882,22,176,45,256,973,9072,5855,77,515,2646,-1.056265
f78966b1666c1803976f6fda,generator://csmith-v0/9,2,7,-indvars,True,0.095862,-5.619516,f7f2c8bdce71e8f5,e68eacadb953f239,9072,9110,0.002217,0.002342,68890,69938,973,992,77,77,9072,9110,5855,5855,15,168,539,420,114,530,329,82,194,356,27,175,8,790,183,867,199,214,1283,1551,2861,1166,1782,530,176,16,105,730,40,107,864,630,867,1549,1122,362,10,572,4,23,249,71,282,0,8,1882,22,176,45,256,973,9072,5855,77,515,2646,15,180,563,439,119,544,324,82,189,356,27,187,8,797,195,881,199,195,1297,1425,2989,1189,1783,544,176,16,106,730,40,104,886,630,881,1549,1122,362,10,572,4,23,263,71,241,0,8,1882,21,223,45,255,992,9110,5855,77,524,2651,0.095862
ab306c3034f51c964e59dba0,generator://csmith-v0/12,0,0,-licm,True,-0.965492,4.031130,f9ef111ca80d379a,360237ffffb5e5e4,1181,1187,0.002822,0.002708,7464,9128,129,129,14,14,1181,1187,725,692,0,0,85,69,13,82,34,10,22,37,2,0,0,129,0,119,13,14,159,182,171,95,102,82,51,2,22,62,11,17,112,111,119,218,41,37,11,301,0,0,0,8,88,0,2,103,0,9,5,29,129,1181,725,14,0,600,1,30,85,69,13,82,34,10,22,37,2,31,0,98,31,119,13,14,159,182,171,95,102,82,51,2,22,62,11,18,111,111,119,218,41,37,11,275,0,0,39,8,88,0,2,96,0,9,5,29,129,1187,692,14,61,574,-0.965492
ab306c3034f51c964e59dba0,generator://csmith-v0/12,0,1,-loop-rotate,True,-0.073480,15.446998,f9ef111ca80d379a,e948b945fc919b2d,1181,1248,0.002822,0.002386,7464,7848,129,152,14,14,1181,1248,725,747,0,0,85,69,13,82,34,10,22,37,2,0,0,129,0,119,13,14,159,182,171,95,102,82,51,2,22,62,11,17,112,111,119,218,41,37,11,301,0,0,0,8,88,0,2,103,0,9,5,29,129,1181,725,14,0,600,0,0,87,62,24,83,54,21,30,59,3,0,0,152,0,142,13,56,204,204,171,97,104,83,51,2,22,62,11,17,135,111,142,218,41,59,11,323,0,0,0,8,88,0,2,103,0,9,5,29,152,1248,747,14,0,622,-0.073480
ab306c3034f51c964e59dba0,generator://csmith-v0/12,0,2,-loop-unroll,True,0.955526,28.616103,f9ef111ca80d379a,4a8bfcb164792b9a,1181,1181,0.002822,0.002014,7464,7464,129,129,14,14,1181,1181,725,725,0,0,85,69,13,82,34,10,22,37,2,0,0,129,0,119,13,14,159,182,171,95,102,82,51,2,22,62,11,17,112,111,119,218,41,37,11,301,0,0,0,8,88,0,2,103,0,9,5,29,129,1181,725,14,0,600,0,0,85,69,13,82,34,10,22,37,2,0,0,129,0,119,13,14,159,182,171,95,102,82,51,2,22,62,11,17,112,111,119,218,41,37,11,301,0,0,0,8,88,0,2,103,0,9,5,29,129,1181,725,14,0,600,0.955526
ab306c3034f51c964e59dba0,generator://csmith-v0/12,0,3,-loop-vectorize,True,-0.343915,11.986002,f9ef111ca80d379a,4a8bfcb164792b9a,1181,1181,0.002822,0.002484,7464,7464,129,129,14,14,1181,1181,725,725,0,0,85,69,13,82,34,10,22,37,2,0,0,129,0,119,13,14,159,182,171,95,102,82,51,2,22,62,11,17,112,111,119,218,41,37,11,301,0,0,0,8,88,0,2,103,0,9,5,29,129,1181,725,14,0,600,0,0,85,69,13,82,34,10,22,37,2,0,0,129,0,119,13,14,159,182,171,95,102,82,51,2,22,62,11,17,112,111,119,218,41,37,11,301,0,0,0,8,88,0,2,103,0,9,5,29,129,1181,725,14,0,600,-0.343915
ab306c3034f51c964e59dba0,generator://csmith-v0/12,0,4,-loop-deletion,True,1.461321,35.089210,f9ef111ca80d379a,4a8bfcb164792b9a,1181,1181,0.002822,0.001832,7464,7464,129,129,14,14,1181,1181,725,725,0,0,85,69,13,82,34,10,22,37,2,0,0,129,0,119,13,14,159,182,171,95,102,82,51,2,22,62,11,17,112,111,119,218,41,37,11,301,0,0,0,8,88,0,2,103,0,9,5,29,129,1181,725,14,0,600,0,0,85,69,13,82,34,10,22,37,2,0,0,129,0,119,13,14,159,182,171,95,102,82,51,2,22,62,11,17,112,111,119,218,41,37,11,301,0,0,0,8,88,0,2,103,0,9,5,29,129,1181,725,14,0,600,1.461321
ab306c3034f51c964e59dba0,generator://csmith-v0/12,0,5,-loop-unswitch,True,1.184325,31.544258,f9ef111ca80d379a,4a8bfcb164792b9a,1181,1181,0.002822,0.001932,7464,7464,129,129,14,14,1181,1181,725,725,0,0,85,69,13,82,34,10,22,37,2,0,0,129,0,119,13,14,159,182,171,95,102,82,51,2,22,62,11,17,112,111,119,218,41,37,11,301,0,0,0,8,88,0,2,103,0,9,5,29,129,1181,725,14,0,600,0,0,85,69,13,82,34,10,22,37,2,0,0,129,0,119,13,14,159,182,171,95,102,82,51,2,22,62,11,17,112,111,119,218,41,37,11,301,0,0,0,8,88,0,2,103,0,9,5,29,129,1181,725,14,0,600,1.184325
ab306c3034f51c964e59dba0,generator://csmith-v0/12,0,6,-loop-distribute,True,-0.981387,3.827709,f9ef111ca80d379a,4a8bfcb164792b9a,1181,1181,0.002822,0.002714,7464,7464,129,129,14,14,1181,1181,725,725,0,0,85,69,13,82,34,10,22,37,2,0,0,129,0,119,13,14,159,182,171,95,102,82,51,2,22,62,11,17,112,111,119,218,41,37,11,301,0,0,0,8,88,0,2,103,0,9,5,29,129,1181,725,14,0,600,0,0,85,69,13,82,34,10,22,37,2,0,0,129,0,119,13,14,159,182,171,95,102,82,51,2,22,62,11,17,112,111,119,218,41,37,11,301,0,0,0,8,88,0,2,103,0,9,5,29,129,1181,725,14,0,600,-0.981387
ab306c3034f51c964e59dba0,generator://csmith-v0/12,0,7,-indvars,True,-1.236897,0.557725,f9ef111ca80d379a,4a8bfcb164792b9a,1181,1181,0.002822,0.002806,7464,7464,129,129,14,14,1181,1181,725,725,0,0,85,69,13,82,34,10,22,37,2,0,0,129,0,119,13,14,159,182,171,95,102,82,51,2,22,62,11,17,112,111,119,218,41,37,11,301,0,0,0,8,88,0,2,103,0,9,5,29,129,1181,725,14,0,600,0,0,85,69,13,82,34,10,22,37,2,0,0,129,0,119,13,14,159,182,171,95,102,82,51,2,22,62,11,17,112,111,119,218,41,37,11,301,0,0,0,8,88,0,2,103,0,9,5,29,129,1181,725,14,0,600,-1.236897
ec7ef8aaf402bd3485bdfb72,generator://csmith-v0/12,1,0,-licm,True,-0.873119,-44.363509,41d5fcb3e35d0069,ce356478ba5688f8,1066,1100,0.001808,0.002610,8292,9380,129,129,14,14,1066,1100,675,670,0,0,85,69,13,82,34,10,22,37,2,0,0,129,0,119,13,14,159,178,167,90,103,82,47,2,21,62,9,15,114,56,119,218,41,34,10,248,0,0,0,8,85,0,2,106,0,9,5,29,129,1066,675,14,0,489,1,30,85,69,13,82,34,10,22,37,2,31,0,98,31,119,13,14,159,178,167,90,103,82,47,2,21,62,9,16,113,56,119,218,41,34,10,248,0,0,39,8,85,0,2,101,0,9,5,29,129,1100,670,14,61,489,-0.873119
ec7ef8aaf402bd3485bdfb72,generator://csmith-v0/12,1,1,-loop-rotate,True,1.531415,-2.469339,41d5fcb3e35d0069,63663fccf19bf7a4,1066,1144,0.001808,0.001852,8292,8980,129,149,14,14,1066,1144,675,696,0,0,85,69,13,82,34,10,22,37,2,0,0,129,0,119,13,14,159,178,167,90,103,82,47,2,21,62,9,15,114,56,119,218,41,34,10,248,0,0,0,8,85,0,2,106,0,9,5,29,129,1066,675,14,0,489,0,16,84,59,24,81,55,22,29,58,2,16,0,133,16,139,13,57,200,199,167,91,105,81,47,2,21,62,9,16,133,56,139,218,41,55,10,269,0,0,16,8,85,0,2,106,0,9,5,29,149,1144,696,14,32,510,1.531415
ec7ef8aaf402bd3485bdfb72,generator://csmith-v0/12,1,2,-loop-unroll,True,1.127384,-9.508770,41d5fcb3e35d0069,41d5fcb3e35d0069,1066,1066,0.001808,0.001980,8292,8292,129,129,14,14,1066,1066,675,675,0,0,85,69,13,82,34,10,22,37,2,0,0,129,0,119,13,14,159,178,167,90,103,82,47,2,21,62,9,15,114,56,119,218,41,34,10,248,0,0,0,8,85,0,2,106,0,9,5,29,129,1066,675,14,0,489,0,0,85,69,13,82,34,10,22,37,2,0,0,129,0,119,13,14,159,178,167,90,103,82,47,2,21,62,9,15,114,56,119,218,41,34,10,248,0,0,0,8,85,0,2,106,0,9,5,29,129,1066,675,14,0,489,1.127384
ec7ef8aaf402bd3485bdfb72,generator://csmith-v0/12,1,3,-loop-vectorize,True,0.292719,-24.051122,41d5fcb3e35d0069,41d5fcb3e35d0069,1066,1066,0.001808,0.002242,8292,8292,129,129,14,14,1066,1066,675,675,0,0,85,69,13,82,34,10,22,37,2,0,0,129,0,119,13,14,159,178,167,90,103,82,47,2,21,62,9,15,114,56,119,218,41,34,10,248,0,0,0,8,85,0,2,106,0,9,5,29,129,1066,675,14,0,489,0,0,85,69,13,82,34,10,22,37,2,0,0,129,0,119,13,14,159,178,167,90,103,82,47,2,21,62,9,15,114,56,119,218,41,34,10,248,0,0,0,8,85,0,2,106,0,9,5,29,129,1066,675,14,0,489,0.292719
ec7ef8aaf402bd3485bdfb72,generator://csmith-v0/12,1,4,-loop-deletion,True,-0.026478,-29.612494,41d5fcb3e35d0069,41d5fcb3e35d0069,1066,1066,0.001808,0.002343,8292,8292,129,129,14,14,1066,1066,675,675,0,0,85,69,13,82,34,10,22,37,2,0,0,129,0,119,13,14,159,178,167,90,103,82,47,2,21,62,9,15,114,56,119,218,41,34,10,248,0,0,0,8,85,0,2,106,0,9,5,29,129,1066,675,14,0,489,0,0,85,69,13,82,34,10,22,37,2,0,0,129,0,119,13,14,159,178,167,90,103,82,47,2,21,62,9,15,114,56,119,218,41,34,10,248,0,0,0,8,85,0,2,106,0,9,5,29,129,1066,675,14,0,489,-0.026478
ec7ef8aaf402bd3485bdfb72,generator://csmith-v0/12,1,5,-loop-unswitch,True,-1.199153,-50.044000,41d5fcb3e35d0069,41d5fcb3e35d0069,1066,1066,0.001808,0.002712,8292,8292,129,129,14,14,1066,1066,675,675,0,0,85,69,13,82,34,10,22,37,2,0,0,129,0,119,13,14,159,178,167,90,103,82,47,2,21,62,9,15,114,56,119,218,41,34,10,248,0,0,0,8,85,0,2,106,0,9,5,29,129,1066,675,14,0,489,0,0,85,69,13,82,34,10,22,37,2,0,0,129,0,119,13,14,159,178,167,90,103,82,47,2,21,62,9,15,114,56,119,218,41,34,10,248,0,0,0,8,85,0,2,106,0,9,5,29,129,1066,675,14,0,489,-1.199153
ec7ef8aaf402bd3485bdfb72,generator://csmith-v0/12,1,6,-loop-distribute,True,-1.357371,-52.800625,41d5fcb3e35d0069,41d5fcb3e35d0069,1066,1066,0.001808,0.002762,8292,8292,129,129,14,14,1066,1066,675,675,0,0,85,69,13,82,34,10,22,37,2,0,0,129,0,119,13,14,159,178,167,90,103,82,47,2,21,62,9,15,114,56,119,218,41,34,10,248,0,0,0,8,85,0,2,106,0,9,5,29,129,1066,675,14,0,489,0,0,85,69,13,82,34,10,22,37,2,0,0,129,0,119,13,14,159,178,167,90,103,82,47,2,21,62,9,15,114,56,119,218,41,34,10,248,0,0,0,8,85,0,2,106,0,9,5,29,129,1066,675,14,0,489,-1.357371
ec7ef8aaf402bd3485bdfb72,generator://csmith-v0/12,1,7,-indvars,True,0.504603,-20.359478,41d5fcb3e35d0069,41d5fcb3e35d0069,1066,1066,0.001808,0.002176,8292,8292,129,129,14,14,1066,1066,675,675,0,0,85,69,13,82,34,10,22,37,2,0,0,129,0,119,13,14,159,178,167,90,103,82,47,2,21,62,9,15,114,56,119,218,41,34,10,248,0,0,0,8,85,0,2,106,0,9,5,29,129,1066,675,14,0,489,0,0,85,69,13,82,34,10,22,37,2,0,0,129,0,119,13,14,159,178,167,90,103,82,47,2,21,62,9,15,114,56,119,218,41,34,10,248,0,0,0,8,85,0,2,106,0,9,5,29,129,1066,675,14,0,489,0.504603
85bd7387457725b7fcf3c747,generator://csmith-v0/12,2,0,-licm,True,-1.748504,-14.361107,2e5381948fd20dbb,2e5381948fd20dbb,1100,1100,0.002907,0.003325,9972,9972,109,109,14,14,1100,1100,646,646,9,35,65,49,13,62,34,10,22,37,2,40,4,65,44,99,13,12,139,200,167,111,103,62,47,2,21,62,9,16,93,56,99,218,41,34,10,226,0,0,85,8,83,0,2,99,0,9,5,29,109,1100,646,14,142,465,9,35,65,49,13,62,34,10,22,37,2,40,4,65,44,99,13,12,139,200,167,111,103,62,47,2,21,62,9,16,93,56,99,218,41,34,10,226,0,0,85,8,83,0,2,99,0,9,5,29,109,1100,646,14,142,465,-1.748504
85bd7387457725b7fcf3c747,generator://csmith-v0/12,2,1,-loop-rotate,True,0.530209,27.497376,2e5381948fd20dbb,f0e37d96a4733b97,1100,1053,0.002907,0.002108,9972,9172,109,87,14,14,1100,1053,646,646,9,35,65,49,13,62,34,10,22,37,2,40,4,65,44,99,13,12,139,200,167,111,103,62,47,2,21,62,9,16,93,56,99,218,41,34,10,226,0,0,85,8,83,0,2,99,0,9,5,29,109,1100,646,14,142,465,3,38,43,29,11,40,34,8,24,37,2,41,0,46,41,77,13,34,117,190,167,102,103,40,47,2,21,62,9,17,70,56,77,218,41,34,10,226,0,0,60,8,83,0,2,99,0,9,5,29,87,1053,646,14,92,465,0.530209
85bd7387457725b7fcf3c747,generator://csmith-v0/12,2,2,-loop-unroll,True,0.879837,33.919814,2e5381948fd20dbb,b18d8291787bb081,1100,1267,0.002907,0.001921,9972,10796,109,170,14,14,1100,1267,646,719,9,35,65,49,13,62,34,10,22,37,2,40,4,65,44,99,13,12,139,200,167,111,103,62,47,2,21,62,9,16,93,56,99,218,41,34,10,226,0,0,85,8,83,0,2,99,0,9,5,29,109,1100,646,14,142,465,8,39,119,82,30,104,41,19,18,50,2,44,3,123,47,154,18,17,207,239,215,156,128,104,73,2,15,62,17,16,154,56,154,228,65,41,26,251,0,0,80,8,88,0,2,113,0,9,13,29,170,1267,719,14,130,495,0.879837
85bd7387457725b7fcf3c747,generator://csmith-v0/12,2,3,-loop-vectorize,True,0.459879,26.205457,2e5381948fd20dbb,2e5381948fd20dbb,1100,1100,0.002907,0.002145,9972,9972,109,109,14,14,1100,1100,646,646,9,35,65,49,13,62,34,10,22,37,2,40,4,65,44,99,13,12,139,200,167,111,103,62,47,2,21,62,9,16,93,56,99,218,41,34,10,226,0,0,85,8,83,0,2,99,0,9,5,29,109,1100,646,14,142,465,9,35,65,49,13,62,34,10,22,37,2,40,4,65,44,99,13,12,139,200,167,111,103,62,47,2,21,62,9,16,93,56,99,218,41,34,10,226,0,0,85,8,83,0,2,99,0,9,5,29,109,1100,646,14,142,465,0.459879
85bd7387457725b7fcf3c747,generator://csmith-v0/12,2,4,-loop-deletion,True,0.828791,32.982141,2e5381948fd20dbb,2e5381948fd20dbb,1100,1100,0.002907,0.001948,9972,9972,109,109,14,14,1100,1100,646,646,9,35,65,49,13,62,34,10,22,37,2,40,4,65,44,99,13,12,139,200,167,111,103,62,47,2,21,62,9,16,93,56,99,218,41,34,10,226,0,0,85,8,83,0,2,99,0,9,5,29,109,1100,646,14,142,465,9,35,65,49,13,62,34,10,22,37,2,40,4,65,44,99,13,12,139,200,167,111,103,62,47,2,21,62,9,16,93,56,99,218,41,34,10,226,0,0,85,8,83,0,2,99,0,9,5,29,109,1100,646,14,142,465,0.828791
85bd7387457725b7fcf3c747,generator://csmith-v0/12,2,5,-loop-unswitch,True,-1.493576,-9.678250,2e5381948fd20dbb,2e5381948fd20dbb,1100,1100,0.002907,0.003189,9972,9972,109,109,14,14,1100,1100,646,646,9,35,65,49,13,62,34,10,22,37,2,40,4,65,44,99,13,12,139,200,167,111,103,62,47,2,21,62,9,16,93,56,99,218,41,34,10,226,0,0,85,8,83,0,2,99,0,9,5,29,109,1100,646,14,142,465,9,35,65,49,13,62,34,10,22,37,2,40,4,65,44,99,13,12,139,200,167,111,103,62,47,2,21,62,9,16,93,56,99,218,41,34,10,226,0,0,85,8,83,0,2,99,0,9,5,29,109,1100,646,14,142,465,-1.493576
85bd7387457725b7fcf3c747,generator://csmith-v0/12,2,6,-loop-distribute,True,-0.280914,12.597564,2e5381948fd20dbb,2e5381948fd20dbb,1100,1100,0.002907,0.002541,9972,9972,109,109,14,14,1100,1100,646,646,9,35,65,49,13,62,34,10,22,37,2,40,4,65,44,99,13,12,139,200,167,111,103,62,47,2,21,62,9,16,93,56,99,218,41,34,10,226,0,0,85,8,83,0,2,99,0,9,5,29,109,1100,646,14,142,465,9,35,65,49,13,62,34,10,22,37,2,40,4,65,44,99,13,12,139,200,167,111,103,62,47,2,21,62,9,16,93,56,99,218,41,34,10,226,0,0,85,8,83,0,2,99,0,9,5,29,109,1100,646,14,142,465,-0.280914
85bd7387457725b7fcf3c747,generator://csmith-v0/12,2,7,-indvars,True,0.824278,32.899234,2e5381948fd20dbb,6f5d8808c6885b37,1100,1085,0.002907,0.001951,9972,9956,109,109,14,14,1100,1085,646,644,9,35,65,49,13,62,34,10,22,37,2,40,4,65,44,99,13,12,139,200,167,111,103,62,47,2,21,62,9,16,93,56,99,218,41,34,10,226,0,0,85,8,83,0,2,99,0,9,5,29,109,1100,646,14,142,465,8,34,65,49,13,62,34,10,22,37,2,42,0,67,42,99,13,12,139,173,194,108,103,62,47,2,21,62,9,16,93,56,99,218,41,34,10,224,0,0,71,8,74,0,2,99,0,19,5,29,109,1085,644,14,121,464,0.824278
332def8d0a15ea903cfeed77,generator://csmith-v0/17,0,0,-licm,True,0.699901,-1.687295,3e66b1d81966de8d,c878d4158d94b79f,307,326,0.001960,0.001993,1548,2108,42,43,15,15,307,326,171,163,0,0,20,17,2,21,9,1,6,10,1,0,0,42,0,30,7,4,41,56,42,14,36,21,28,0,4,26,11,5,37,16,30,38,3,9,11,59,0,1,0,11,8,0,0,45,2,17,5,10,42,307,171,15,0,136,3,9,22,18,3,21,8,1,5,10,1,12,0,31,12,30,7,3,41,56,42,14,36,21,28,0,4,26,11,7,36,16,30,38,3,9,11,51,0,1,26,11,8,0,0,45,2,17,5,10,43,326,163,15,39,128,0.699901
332def8d0a15ea903cfeed77,generator://csmith-v0/17,0,1,-loop-rotate,True,-1.232239,-30.485917,3e66b1d81966de8d,fadf2c0cfd3ce658,307,320,0.001960,0.002557,1548,1644,42,47,15,15,307,320,171,175,0,0,20,17,2,21,9,1,6,10,1,0,0,42,0,30,7,4,41,56,42,14,36,21,28,0,4,26,11,5,37,16,30,38,3,9,11,59,0,1,0,11,8,0,0,45,2,17,5,10,42,307,171,15,0,136,0,0,22,16,6,21,12,5,4,14,1,0,0,47,0,34,7,11,49,59,43,15,36,21,28,0,4,26,11,5,42,16,34,38,3,13,11,63,0,1,0,11,8,0,0,45,2,17,5,10,47,320,175,15,0,140,-1.232239
332def8d0a15ea903cfeed77,generator://csmith-v0/17,0,2,-loop-unroll,True,1.843076,15.351776,3e66b1d81966de8d,306a23009accbfad,307,308,0.001960,0.001659,1548,1564,42,43,15,15,307,308,171,171,0,0,20,17,2,21,9,1,6,10,1,0,0,42,0,30,7,4,41,56,42,14,36,21,28,0,4,26,11,5,37,16,30,38,3,9,11,59,0,1,0,11,8,0,0,45,2,17,5,10,42,307,171,15,0,136,0,0,22,18,3,21,8,1,5,10,1,0,0,43,0,30,7,3,41,56,42,14,36,21,28,0,4,26,11,5,38,16,30,38,3,9,11,59,0,1,0,11,8,0,0,45,2,17,5,10,43,308,171,15,0,136,1.843076
332def8d0a15ea903cfeed77,generator://csmith-v0/17,0,3,-loop-vectorize,True,0.592105,-3.293997,3e66b1d81966de8d,306a23009accbfad,307,308,0.001960,0.002024,1548,1564,42,43,15,15,307,308,171,171,0,0,20,17,2,21,9,1,6,10,1,0,0,42,0,30,7,4,41,56,42,14,36,21,28,0,4,26,11,5,37,16,30,38,3,9,11,59,0,1,0,11,8,0,0,45,2,17,5,10,42,307,171,15,0,136,0,0,22,18,3,21,8,1,5,10,1,0,0,43,0,30,7,3,41,56,42,14,36,21,28,0,4,26,11,5,38,16,30,38,3,9,11,59,0,1,0,11,8,0,0,45,2,17,5,10,43,308,171,15,0,136,0.592105
332def8d0a15ea903cfeed77,generator://csmith-v0/17,0,4,-loop-deletion,True,0.181012,-9.421346,3e66b1d81966de8d,306a23009accbfad,307,308,0.001960,0.002145,1548,1564,42,43,15,15,307,308,171,171,0,0,20,17,2,21,9,1,6,10,1,0,0,42,0,30,7,4,41,56,42,14,36,21,28,0,4,26,11,5,37,16,30,38,3,9,11,59,0,1,0,11,8,0,0,45,2,17,5,10,42,307,171,15,0,136,0,0,22,18,3,21,8,1,5,10,1,0,0,43,0,30,7,3,41,56,42,14,36,21,28,0,4,26,11,5,38,16,30,38,3,9,11,59,0,1,0,11,8,0,0,45,2,17,5,10,43,308,171,15,0,136,0.181012
332def8d0a15ea903cfeed77,generator://csmith-v0/17,0,5,-loop-unswitch,True,-0.131262,-14.075804,3e66b1d81966de8d,306a23009accbfad,307,308,0.001960,0.002236,1548,1564,42,43,15,15,307,308,171,171,0,0,20,17,2,21,9,1,6,10,1,0,0,42,0,30,7,4,41,56,42,14,36,21,28,0,4,26,11,5,37,16,30,38,3,9,11,59,0,1,0,11,8,0,0,45,2,17,5,10,42,307,171,15,0,136,0,0,22,18,3,21,8,1,5,10,1,0,0,43,0,30,7,3,41,56,42,14,36,21,28,0,4,26,11,5,38,16,30,38,3,9,11,59,0,1,0,11,8,0,0,45,2,17,5,10,43,308,171,15,0,136,-0.131262
332def8d0a15ea903cfeed77,generator://csmith-v0/17,0,6,-loop-distribute,True,-0.596884,-21.015912,3e66b1d81966de8d,1a017fb805ecc3a3,307,307,0.001960,0.002372,1548,1548,42,42,15,15,307,307,171,171,0,0,20,17,2,21,9,1,6,10,1,0,0,42,0,30,7,4,41,56,42,14,36,21,28,0,4,26,11,5,37,16,30,38,3,9,11,59,0,1,0,11,8,0,0,45,2,17,5,10,42,307,171,15,0,136,0,0,20,17,2,21,9,1,6,10,1,0,0,42,0,30,7,4,41,56,42,14,36,21,28,0,4,26,11,5,37,16,30,38,3,9,11,59,0,1,0,11,8,0,0,45,2,17,5,10,42,307,171,15,0,136,-0.596884
332def8d0a15ea903cfeed77,generator://csmith-v0/17,0,7,-indvars,True,-1.355708,-32.326222,3e66b1d81966de8d,306a23009accbfad,307,308,0.001960,0.002593,1548,1564,42,43,15,15,307,308,171,171,0,0,20,17,2,21,9,1,6,10,1,0,0,42,0,30,7,4,41,56,42,14,36,21,28,0,4,26,11,5,37,16,30,38,3,9,11,59,0,1,0,11,8,0,0,45,2,17,5,10,42,307,171,15,0,136,0,0,22,18,3,21,8,1,5,10,1,0,0,43,0,30,7,3,41,56,42,14,36,21,28,0,4,26,11,5,38,16,30,38,3,9,11,59,0,1,0,11,8,0,0,45,2,17,5,10,43,308,171,15,0,136,-1.355708
2fe4cf39354bcde3a7e2afbb,generator://csmith-v0/17,1,0,-licm,True,0.088814,7.417788,fe00edd3e76ae87b,4527abeac6c420e4,247,265,0.002415,0.002236,1592,1864,42,43,15,15,247,265,130,129,0,0,20,17,2,21,9,1,6,10,1,0,0,42,0,30,5,4,41,53,39,14,34,21,24,0,3,26,9,4,38,8,30,36,3,7,10,19,0,1,0,11,8,0,0,46,2,14,5,8,42,247,130,15,0,83,1,8,22,18,3,21,8,1,5,10,1,9,0,34,9,30,5,3,41,53,39,14,35,21,24,0,3,26,9,3,40,8,30,36,3,7,10,19,0,1,18,11,8,0,0,45,2,14,5,8,43,265,129,15,27,83,0.088814
2fe4cf39354bcde3a7e2afbb,generator://csmith-v0/17,1,1,-loop-rotate,True,-0.615132,-2.666045,fe00edd3e76ae87b,600d6a5c701309c3,247,260,0.002415,0.002480,1592,1720,42,47,15,15,247,260,130,133,0,0,20,17,2,21,9,1,6,10,1,0,0,42,0,30,5,4,41,53,39,14,34,21,24,0,3,26,9,4,38,8,30,36,3,7,10,19,0,1,0,11,8,0,0,46,2,14,5,8,42,247,130,15,0,83,0,2,22,16,6,21,12,5,4,14,1,2,0,45,2,34,5,11,49,56,39,16,35,21,24,0,3,26,9,4,43,8,34,36,3,10,10,22,0,1,2,11,8,0,0,46,2,14,5,8,47,260,133,15,4,86,-0.615132
2fe4cf39354bcde3a7e2afbb,generator://csmith-v0/17,1,2,-loop-unroll,True,0.828281,18.010473,fe00edd3e76ae87b,a778a5823b982ab7,247,248,0.002415,0.001980,1592,1608,42,43,15,15,247,248,130,130,0,0,20,17,2,21,9,1,6,10,1,0,0,42,0,30,5,4,41,53,39,14,34,21,24,0,3,26,9,4,38,8,30,36,3,7,10,19,0,1,0,11,8,0,0,46,2,14,5,8,42,247,130,15,0,83,0,0,22,18,3,21,8,1,5,10,1,0,0,43,0,30,5,3,41,53,39,14,35,21,24,0,3,26,9,4,39,8,30,36,3,7,10,19,0,1,0,11,8,0,0,46,2,14,5,8,43,248,130,15,0,83,0.828281
2fe4cf39354bcde3a7e2afbb,generator://csmith-v0/17,1,3,-loop-vectorize,True,1.005168,20.544330,fe00edd3e76ae87b,a778a5823b982ab7,247,248,0.002415,0.001919,1592,1608,42,43,15,15,247,248,130,130,0,0,20,17,2,21,9,1,6,10,1,0,0,42,0,30,5,4,41,53,39,14,34,21,24,0,3,26,9,4,38,8,30,36,3,7,10,19,0,1,0,11,8,0,0,46,2,14,5,8,42,247,130,15,0,83,0,0,22,18,3,21,8,1,5,10,1,0,0,43,0,30,5,3,41,53,39,14,35,21,24,0,3,26,9,4,39,8,30,36,3,7,10,19,0,1,0,11,8,0,0,46,2,14,5,8,43,248,130,15,0,83,1.005168
2fe4cf39354bcde3a7e2afbb,generator://csmith-v0/17,1,4,-loop-deletion,True,-0.849265,-6.019944,fe00edd3e76ae87b,a778a5823b982ab7,247,248,0.002415,0.002561,1592,1608,42,43,15,15,247,248,130,130,0,0,20,17,2,21,9,1,6,10,1,0,0,42,0,30,5,4,41,53,39,14,34,21,24,0,3,26,9,4,38,8,30,36,3,7,10,19,0,1,0,11,8,0,0,46,2,14,5,8,42,247,130,15,0,83,0,0,22,18,3,21,8,1,5,10,1,0,0,43,0,30,5,3,41,53,39,14,35,21,24,0,3,26,9,4,39,8,30,36,3,7,10,19,0,1,0,11,8,0,0,46,2,14,5,8,43,248,130,15,0,83,-0.849265
2fe4cf39354bcde3a7e2afbb,generator://csmith-v0/17,1,5,-loop-unswitch,True,0.499570,13.301765,fe00edd3e76ae87b,a778a5823b982ab7,247,248,0.002415,0.002094,1592,1608,42,43,15,15,247,248,130,130,0,0,20,17,2,21,9,1,6,10,1,0,0,42,0,30,5,4,41,53,39,14,34,21,24,0,3,26,9,4,38,8,30,36,3,7,10,19,0,1,0,11,8,0,0,46,2,14,5,8,42,247,130,15,0,83,0,0,22,18,3,21,8,1,5,10,1,0,0,43,0,30,5,3,41,53,39,14,35,21,24,0,3,26,9,4,39,8,30,36,3,7,10,19,0,1,0,11,8,0,0,46,2,14,5,8,43,248,130,15,0,83,0.499570
2fe4cf39354bcde3a7e2afbb,generator://csmith-v0/17,1,6,-loop-distribute,True,-1.976742,-22.170764,fe00edd3e76ae87b,fe00edd3e76ae87b,247,247,0.002415,0.002951,1592,1592,42,42,15,15,247,247,130,130,0,0,20,17,2,21,9,1,6,10,1,0,0,42,0,30,5,4,41,53,39,14,34,21,24,0,3,26,9,4,38,8,30,36,3,7,10,19,0,1,0,11,8,0,0,46,2,14,5,8,42,247,130,15,0,83,0,0,20,17,2,21,9,1,6,10,1,0,0,42,0,30,5,4,41,53,39,14,34,21,24,0,3,26,9,4,38,8,30,36,3,7,10,19,0,1,0,11,8,0,0,46,2,14,5,8,42,247,130,15,0,83,-1.976742
2fe4cf39354bcde3a7e2afbb,generator://csmith-v0/17,1,7,-indvars,True,1.019306,20.746853,fe00edd3e76ae87b,a778a5823b982ab7,247,248,0.002415,0.001914,1592,1608,42,43,15,15,247,248,130,130,0,0,20,17,2,21,9,1,6,10,1,0,0,42,0,30,5,4,41,53,39,14,34,21,24,0,3,26,9,4,38,8,30,36,3,7,10,19,0,1,0,11,8,0,0,46,2,14,5,8,42,247,130,15,0,83,0,0,22,18,3,21,8,1,5,10,1,0,0,43,0,30,5,3,41,53,39,14,35,21,24,0,3,26,9,4,39,8,30,36,3,7,10,19,0,1,0,11,8,0,0,46,2,14,5,8,43,248,130,15,0,83,1.019306
9f1ebd4af2a321566045a332,generator://csmith-v0/17,2,0,-licm,True,-2.029153,-2.808968,f8c03446cd5cd398,73ae7ff40ef8b48f,250,269,0.002778,0.002856,1848,2104,38,39,15,15,250,269,121,125,2,7,16,13,2,17,9,1,6,10,1,9,0,29,9,26,5,4,37,59,40,17,35,17,24,0,3,26,9,4,34,8,26,36,3,7,10,10,0,1,16,11,8,0,0,46,2,14,5,8,38,250,121,15,33,74,4,7,18,14,3,17,8,1,5,10,1,8,3,28,11,26,5,3,37,59,40,17,36,17,24,0,3,26,9,3,36,8,26,36,3,7,10,15,0,1,30,11,8,0,0,45,2,14,5,8,39,269,125,15,50,79,-2.029153
9f1ebd4af2a321566045a332,generator://csmith-v0/17,2,1,-loop-rotate,True,0.776711,32.362653,f8c03446cd5cd398,c9cb05e664f7c302,250,246,0.002778,0.001879,1848,1816,38,37,15,15,250,246,121,121,2,7,16,13,2,17,9,1,6,10,1,9,0,29,9,26,5,4,37,59,40,17,35,17,24,0,3,26,9,4,34,8,26,36,3,7,10,10,0,1,16,11,8,0,0,46,2,14,5,8,38,250,121,15,33,74,1,8,15,9,5,14,9,3,4,11,1,9,0,28,9,24,5,8,36,59,40,18,36,14,24,0,3,26,9,4,33,8,24,36,3,7,10,10,0,1,13,11,8,0,0,46,2,14,5,8,37,246,121,15,25,74,0.776711
9f1ebd4af2a321566045a332,generator://csmith-v0/17,2,2,-loop-unroll,True,-1.291317,6.439832,f8c03446cd5cd398,8076cc13281a726f,250,348,0.002778,0.002599,1848,2344,38,71,15,15,250,348,121,145,2,7,16,13,2,17,9,1,6,10,1,9,0,29,9,26,5,4,37,59,40,17,35,17,24,0,3,26,9,4,34,8,26,36,3,7,10,10,0,1,16,11,8,0,0,46,2,14,5,8,38,250,121,15,33,74,1,15,43,31,11,40,15,7,5,18,1,16,0,55,16,57,5,3,76,105,40,26,61,40,55,0,2,26,17,4,67,8,57,36,3,14,26,10,0,1,19,11,8,0,0,70,2,14,13,8,71,348,145,15,36,74,-1.291317
9f1ebd4af2a321566045a332,generator://csmith-v0/17,2,3,-loop-vectorize,True,0.678589,31.132694,f8c03446cd5cd398,22737408b1be9345,250,247,0.002778,0.001913,1848,1800,38,39,15,15,250,247,121,121,2,7,16,13,2,17,9,1,6,10,1,9,0,29,9,26,5,4,37,59,40,17,35,17,24,0,3,26,9,4,34,8,26,36,3,7,10,10,0,1,16,11,8,0,0,46,2,14,5,8,38,250,121,15,33,74,1,7,18,14,3,17,8,1,5,10,1,8,0,31,8,26,5,3,37,59,40,17,36,17,24,0,3,26,9,4,35,8,26,36,3,7,10,10,0,1,12,11,8,0,0,46,2,14,5,8,39,247,121,15,24,74,0.678589
9f1ebd4af2a321566045a332,generator://csmith-v0/17,2,4,-loop-deletion,True,0.799282,32.645582,f8c03446cd5cd398,32efd103126bfaa4,250,248,0.002778,0.001871,1848,1800,38,39,15,15,250,248,121,121,2,7,16,13,2,17,9,1,6,10,1,9,0,29,9,26,5,4,37,59,40,17,35,17,24,0,3,26,9,4,34,8,26,36,3,7,10,10,0,1,16,11,8,0,0,46,2,14,5,8,38,250,121,15,33,74,1,8,18,14,3,17,8,1,5,10,1,9,0,30,9,26,5,3,37,59,40,17,36,17,24,0,3,26,9,4,35,8,26,36,3,7,10,10,0,1,13,11,8,0,0,46,2,14,5,8,39,248,121,15,25,74,0.799282
9f1ebd4af2a321566045a332,generator://csmith-v0/17,2,5,-loop-unswitch,True,0.326494,26.719166,f8c03446cd5cd398,32efd103126bfaa4,250,248,0.002778,0.002035,1848,1800,38,39,15,15,250,248,121,121,2,7,16,13,2,17,9,1,6,10,1,9,0,29,9,26,5,4,37,59,40,17,35,17,24,0,3,26,9,4,34,8,26,36,3,7,10,10,0,1,16,11,8,0,0,46,2,14,5,8,38,250,121,15,33,74,1,8,18,14,3,17,8,1,5,10,1,9,0,30,9,26,5,3,37,59,40,17,36,17,24,0,3,26,9,4,35,8,26,36,3,7,10,10,0,1,13,11,8,0,0,46,2,14,5,8,39,248,121,15,25,74,0.326494
9f1ebd4af2a321566045a332,generator://csmith-v0/17,2,6,-loop-distribute,True,0.627060,30.486766,f8c03446cd5cd398,f8c03446cd5cd398,250,250,0.002778,0.001931,1848,1848,38,38,15,15,250,250,121,121,2,7,16,13,2,17,9,1,6,10,1,9,0,29,9,26,5,4,37,59,40,17,35,17,24,0,3,26,9,4,34,8,26,36,3,7,10,10,0,1,16,11,8,0,0,46,2,14,5,8,38,250,121,15,33,74,2,7,16,13,2,17,9,1,6,10,1,9,0,29,9,26,5,4,37,59,40,17,35,17,24,0,3,26,9,4,34,8,26,36,3,7,10,10,0,1,16,11,8,0,0,46,2,14,5,8,38,250,121,15,33,74,0.627060
9f1ebd4af2a321566045a332,generator://csmith-v0/17,2,7,-indvars,True,0.112334,24.034662,f8c03446cd5cd398,9db15b35eeec0aaf,250,246,0.002778,0.002110,1848,1752,38,39,15,15,250,246,121,121,2,7,16,13,2,17,9,1,6,10,1,9,0,29,9,26,5,4,37,59,40,17,35,17,24,0,3,26,9,4,34,8,26,36,3,7,10,10,0,1,16,11,8,0,0,46,2,14,5,8,38,250,121,15,33,74,0,7,18,14,3,17,8,1,5,10,1,7,0,32,7,26,5,3,37,56,43,17,36,17,24,0,3,26,9,4,35,8,26,36,3,7,10,10,0,1,9,11,7,0,0,46,2,17,5,8,39,246,121,15,18,76,0.112334
5144bc55ffa72edd31481325,generator://csmith-v0/24,0,0,-licm,True,1.243832,14.741553,8c1b7e1c208973ef,b5cccb277fedcbad,1289,1292,0.002171,0.001851,7021,8805,65,65,14,14,1289,1292,1013,991,0,0,39,30,6,38,16,5,10,18,1,0,0,65,0,56,9,7,74,115,669,330,291,38,35,0,11,59,11,9,55,104,56,162,379,19,11,140,0,0,0,9,27,0,0,273,0,10,5,13,65,1289,1013,14,0,353,1,14,39,30,6,38,16,5,10,18,1,15,0,50,15,56,9,7,74,115,669,330,291,38,35,0,11,59,11,9,55,104,56,162,379,19,11,124,0,0,25,9,27,0,0,267,0,10,5,13,65,1292,991,14,38,337,1.243832
5144bc55ffa72edd31481325,generator://csmith-v0/24,0,1,-loop-rotate,True,-1.612963,-38.405602,8c1b7e1c208973ef,e77b2a17eb0e733e,1289,1319,0.002171,0.003005,7021,7197,65,75,14,14,1289,1319,1013,1023,0,0,39,30,6,38,16,5,10,18,1,0,0,65,0,56,9,7,74,115,669,330,291,38,35,0,11,59,11,9,55,104,56,162,379,19,11,140,0,0,0,9,27,0,0,273,0,10,5,13,65,1289,1013,14,0,353,0,0,39,28,11,38,26,10,12,28,1,0,0,75,0,66,9,27,94,125,669,331,292,38,35,0,11,59,11,9,65,104,66,162,379,29,11,150,0,0,0,9,27,0,0,273,0,10,5,13,75,1319,1023,14,0,363,-1.612963
5144bc55ffa72edd31481325,generator://csmith-v0/24,0,2,-loop-unroll,True,0.874794,7.876061,8c1b7e1c208973ef,57282eb260bea45b,1289,1289,0.002171,0.002000,7021,7021,65,65,14,14,1289,1289,1013,1013,0,0,39,30,6,38,16,5,10,18,1,0,0,65,0,56,9,7,74,115,669,330,291,38,35,0,11,59,11,9,55,104,56,162,379,19,11,140,0,0,0,9,27,0,0,273,0,10,5,13,65,1289,1013,14,0,353,0,0,39,30,6,38,16,5,10,18,1,0,0,65,0,56,9,7,74,115,669,330,291,38,35,0,11,59,11,9,55,104,56,162,379,19,11,140,0,0,0,9,27,0,0,273,0,10,5,13,65,1289,1013,14,0,353,0.874794
5144bc55ffa72edd31481325,generator://csmith-v0/24,0,3,-loop-vectorize,True,0.778698,6.088302,8c1b7e1c208973ef,57282eb260bea45b,1289,1289,0.002171,0.002039,7021,7021,65,65,14,14,1289,1289,1013,1013,0,0,39,30,6,38,16,5,10,18,1,0,0,65,0,56,9,7,74,115,669,330,291,38,35,0,11,59,11,9,55,104,56,162,379,19,11,140,0,0,0,9,27,0,0,273,0,10,5,13,65,1289,1013,14,0,353,0,0,39,30,6,38,16,5,10,18,1,0,0,65,0,56,9,7,74,115,669,330,291,38,35,0,11,59,11,9,55,104,56,162,379,19,11,140,0,0,0,9,27,0,0,273,0,10,5,13,65,1289,1013,14,0,353,0.778698
5144bc55ffa72edd31481325,generator://csmith-v0/24,0,4,-loop-deletion,True,-0.358477,-15.067427,8c1b7e1c208973ef,57282eb260bea45b,1289,1289,0.002171,0.002498,7021,7021,65,65,14,14,1289,1289,1013,1013,0,0,39,30,6,38,16,5,10,18,1,0,0,65,0,56,9,7,74,115,669,330,291,38,35,0,11,59,11,9,55,104,56,162,379,19,11,140,0,0,0,9,27,0,0,273,0,10,5,13,65,1289,1013,14,0,353,0,0,39,30,6,38,16,5,10,18,1,0,0,65,0,56,9,7,74,115,669,330,291,38,35,0,11,59,11,9,55,104,56,162,379,19,11,140,0,0,0,9,27,0,0,273,0,10,5,13,65,1289,1013,14,0,353,-0.358477
5144bc55ffa72edd31481325,generator://csmith-v0/24,0,5,-loop-unswitch,True,-0.606577,-19.683032,8c1b7e1c208973ef,57282eb260bea45b,1289,1289,0.002171,0.002598,7021,7021,65,65,14,14,1289,1289,1013,1013,0,0,39,30,6,38,16,5,10,18,1,0,0,65,0,56,9,7,74,115,669,330,291,38,35,0,11,59,11,9,55,104,56,162,379,19,11,140,0,0,0,9,27,0,0,273,0,10,5,13,65,1289,1013,14,0,353,0,0,39,30,6,38,16,5,10,18,1,0,0,65,0,56,9,7,74,115,669,330,291,38,35,0,11,59,11,9,55,104,56,162,379,19,11,140,0,0,0,9,27,0,0,273,0,10,5,13,65,1289,1013,14,0,353,-0.606577
5144bc55ffa72edd31481325,generator://csmith-v0/24,0,6,-loop-distribute,True,0.823245,6.917058,8c1b7e1c208973ef,57282eb260bea45b,1289,1289,0.002171,0.002021,7021,7021,65,65,14,14,1289,1289,1013,1013,0,0,39,30,6,38,16,5,10,18,1,0,0,65,0,56,9,7,74,115,669,330,291,38,35,0,11,59,11,9,55,104,56,162,379,19,11,140,0,0,0,9,27,0,0,273,0,10,5,13,65,1289,1013,14,0,353,0,0,39,30,6,38,16,5,10,18,1,0,0,65,0,56,9,7,74,115,669,330,291,38,35,0,11,59,11,9,55,104,56,162,379,19,11,140,0,0,0,9,27,0,0,273,0,10,5,13,65,1289,1013,14,0,353,0.823245
5144bc55ffa72edd31481325,generator://csmith-v0/24,0,7,-indvars,True,-1.142552,-29.654194,8c1b7e1c208973ef,5ebfa74c66cb552d,1289,1289,0.002171,0.002815,7021,7365,65,65,14,14,1289,1289,1013,1013,0,0,39,30,6,38,16,5,10,18,1,0,0,65,0,56,9,7,74,115,669,330,291,38,35,0,11,59,11,9,55,104,56,162,379,19,11,140,0,0,0,9,27,0,0,273,0,10,5,13,65,1289,1013,14,0,353,0,0,39,30,6,38,16,5,10,18,1,0,0,65,0,56,9,7,74,115,669,330,291,38,35,0,11,59,11,9,55,104,56,162,379,19,11,140,0,0,0,9,27,0,0,273,0,10,5,13,65,1289,1013,14,0,353,-1.142552
900e382a84fb2248457ffb24,generator://csmith-v0/24,1,0,-licm,True,-1.956211,5.024097,42ab95139d19428c,ba4131d558117a90,945,963,0.003157,0.002999,7105,7649,65,65,15,15,945,963,737,730,0,0,39,30,6,38,16,5,10,18,1,0,0,65,0,56,8,7,74,113,401,179,239,38,32,0,11,59,9,5,59,42,56,129,239,18,10,103,0,0,0,9,26,0,0,207,0,9,5,13,65,945,737,15,0,252,1,14,39,30,6,38,16,5,10,18,1,15,0,50,15,56,8,7,74,113,401,179,239,38,32,0,11,59,9,5,59,42,56,129,239,18,10,102,0,0,25,9,26,0,0,201,0,9,5,13,65,963,730,15,38,251,-1.956211
900e382a84fb2248457ffb24,generator://csmith-v0/24,1,1,-loop-rotate,True,-0.445093,22.849342,42ab95139d19428c,5370f7bc1246d840,945,980,0.003157,0.002436,7105,7409,65,75,15,15,945,980,737,746,0,0,39,30,6,38,16,5,10,18,1,0,0,65,0,56,8,7,74,113,401,179,239,38,32,0,11,59,9,5,59,42,56,129,239,18,10,103,0,0,0,9,26,0,0,207,0,9,5,13,65,945,737,15,0,252,0,7,39,28,11,38,26,10,12,28,1,7,0,68,7,66,8,27,94,122,401,181,240,38,32,0,11,59,9,5,69,42,66,129,239,27,10,112,0,0,7,9,26,0,0,207,0,9,5,13,75,980,746,15,14,261,-0.445093
900e382a84fb2248457ffb24,generator://csmith-v0/24,1,2,-loop-unroll,True,1.599155,46.963425,42ab95139d19428c,ccd9de90850c0600,945,945,0.003157,0.001675,7105,7105,65,65,15,15,945,945,737,737,0,0,39,30,6,38,16,5,10,18,1,0,0,65,0,56,8,7,74,113,401,179,239,38,32,0,11,59,9,5,59,42,56,129,239,18,10,103,0,0,0,9,26,0,0,207,0,9,5,13,65,945,737,15,0,252,0,0,40,29,7,37,15,5,9,18,1,0,0,65,0,55,8,7,73,113,401,179,239,37,32,0,11,59,9,5,59,42,55,129,239,18,10,103,0,0,0,9,26,0,0,207,0,9,5,13,65,945,737,15,0,252,1.599155
900e382a84fb2248457ffb24,generator://csmith-v0/24,1,3,-loop-vectorize,True,-0.155029,26.270950,42ab95139d19428c,42ab95139d19428c,945,945,0.003157,0.002328,7105,7105,65,65,15,15,945,945,737,737,0,0,39,30,6,38,16,5,10,18,1,0,0,65,0,56,8,7,74,113,401,179,239,38,32,0,11,59,9,5,59,42,56,129,239,18,10,103,0,0,0,9,26,0,0,207,0,9,5,13,65,945,737,15,0,252,0,0,39,30,6,38,16,5,10,18,1,0,0,65,0,56,8,7,74,113,401,179,239,38,32,0,11,59,9,5,59,42,56,129,239,18,10,103,0,0,0,9,26,0,0,207,0,9,5,13,65,945,737,15,0,252,-0.155029
900e382a84fb2248457ffb24,generator://csmith-v0/24,1,4,-loop-deletion,True,0.228368,30.793528,42ab95139d19428c,42ab95139d19428c,945,945,0.003157,0.002185,7105,7105,65,65,15,15,945,945,737,737,0,0,39,30,6,38,16,5,10,18,1,0,0,65,0,56,8,7,74,113,401,179,239,38,32,0,11,59,9,5,59,42,56,129,239,18,10,103,0,0,0,9,26,0,0,207,0,9,5,13,65,945,737,15,0,252,0,0,39,30,6,38,16,5,10,18,1,0,0,65,0,56,8,7,74,113,401,179,239,38,32,0,11,59,9,5,59,42,56,129,239,18,10,103,0,0,0,9,26,0,0,207,0,9,5,13,65,945,737,15,0,252,0.228368
900e382a84fb2248457ffb24,generator://csmith-v0/24,1,5,-loop-unswitch,True,-0.394530,23.445784,42ab95139d19428c,42ab95139d19428c,945,945,0.003157,0.002417,7105,7105,65,65,15,15,945,945,737,737,0,0,39,30,6,38,16,5,10,18,1,0,0,65,0,56,8,7,74,113,401,179,239,38,32,0,11,59,9,5,59,42,56,129,239,18,10,103,0,0,0,9,26,0,0,207,0,9,5,13,65,945,737,15,0,252,0,0,39,30,6,38,16,5,10,18,1,0,0,65,0,56,8,7,74,113,401,179,239,38,32,0,11,59,9,5,59,42,56,129,239,18,10,103,0,0,0,9,26,0,0,207,0,9,5,13,65,945,737,15,0,252,-0.394530
900e382a84fb2248457ffb24,generator://csmith-v0/24,1,6,-loop-distribute,True,0.034864,28.510942,42ab95139d19428c,42ab95139d19428c,945,945,0.003157,0.002257,7105,7105,65,65,15,15,945,945,737,737,0,0,39,30,6,38,16,5,10,18,1,0,0,65,0,56,8,7,74,113,401,179,239,38,32,0,11,59,9,5,59,42,56,129,239,18,10,103,0,0,0,9,26,0,0,207,0,9,5,13,65,945,737,15,0,252,0,0,39,30,6,38,16,5,10,18,1,0,0,65,0,56,8,7,74,113,401,179,239,38,32,0,11,59,9,5,59,42,56,129,239,18,10,103,0,0,0,9,26,0,0,207,0,9,5,13,65,945,737,15,0,252,0.034864
900e382a84fb2248457ffb24,generator://csmith-v0/24,1,7,-indvars,True,1.088476,40.939417,42ab95139d19428c,42ab95139d19428c,945,945,0.003157,0.001865,7105,7105,65,65,15,15,945,945,737,737,0,0,39,30,6,38,16,5,10,18,1,0,0,65,0,56,8,7,74,113,401,179,239,38,32,0,11,59,9,5,59,42,56,129,239,18,10,103,0,0,0,9,26,0,0,207,0,9,5,13,65,945,737,15,0,252,0,0,39,30,6,38,16,5,10,18,1,0,0,65,0,56,8,7,74,113,401,179,239,38,32,0,11,59,9,5,59,42,56,129,239,18,10,103,0,0,0,9,26,0,0,207,0,9,5,13,65,945,737,15,0,252,1.088476
3df6c31cdfc013767056e894,generator://csmith-v0/24,2,0,-licm,True,0.177438,4.783814,65d3e710bec02338,013b4de0265bdbdc,913,954,0.002287,0.002178,7537,8097,55,55,15,15,913,954,697,701,3,9,29,20,6,28,16,5,10,18,1,12,0,43,12,46,8,7,64,106,401,188,222,28,31,0,10,42,9,6,49,42,46,129,239,17,10,80,0,0,21,9,26,0,0,207,0,9,5,12,55,913,697,15,42,211,7,14,29,20,6,28,16,5,10,18,1,15,6,34,21,46,8,7,64,106,401,188,222,28,31,0,10,42,9,8,47,42,46,129,239,17,10,90,0,0,58,9,26,0,0,201,0,9,5,12,55,954,701,15,95,221,0.177438
3df6c31cdfc013767056e894,generator://csmith-v0/24,2,1,-loop-rotate,True,0.639792,8.074626,65d3e710bec02338,ac5b44c3089b8d77,913,909,0.002287,0.002103,7537,7473,55,47,15,15,913,909,697,697,3,9,29,20,6,28,16,5,10,18,1,12,0,43,12,46,8,7,64,106,401,188,222,28,31,0,10,42,9,6,49,42,46,129,239,17,10,80,0,0,21,9,26,0,0,207,0,9,5,12,55,913,697,15,42,211,2,14,20,13,5,19,17,4,11,19,1,16,0,31,16,38,8,18,57,106,401,189,222,19,31,0,10,42,9,6,41,42,38,129,239,17,10,80,0,0,25,9,26,0,0,207,0,9,5,12,47,909,697,15,45,211,0.639792
3df6c31cdfc013767056e894,generator://csmith-v0/24,2,2,-loop-unroll,True,1.305079,12.809824,65d3e710bec02338,d5f9617834f43aad,913,1126,0.002287,0.001994,7537,8761,55,114,15,15,913,1126,697,791,3,9,29,20,6,28,16,5,10,18,1,12,0,43,12,46,8,7,64,106,401,188,222,28,31,0,10,42,9,6,49,42,46,129,239,17,10,80,0,0,21,9,26,0,0,207,0,9,5,12,55,913,697,15,42,211,1,22,76,48,24,65,28,14,9,35,1,23,0,91,23,100,17,16,135,176,426,227,252,65,59,0,6,42,17,6,108,42,100,147,255,30,26,107,0,0,29,9,37,0,0,240,0,9,13,12,114,1126,791,15,48,249,1.305079
3df6c31cdfc013767056e894,generator://csmith-v0/24,2,3,-loop-vectorize,True,0.904462,9.958428,65d3e710bec02338,6fcac7f09862ae76,913,917,0.002287,0.002060,7537,7537,55,55,15,15,913,917,697,697,3,9,29,20,6,28,16,5,10,18,1,12,0,43,12,46,8,7,64,106,401,188,222,28,31,0,10,42,9,6,49,42,46,129,239,17,10,80,0,0,21,9,26,0,0,207,0,9,5,12,55,913,697,15,42,211,3,12,29,20,6,28,16,5,10,18,1,15,0,40,15,46,8,7,64,106,401,188,222,28,31,0,10,42,9,6,49,42,46,129,239,17,10,80,0,0,25,9,26,0,0,207,0,9,5,12,55,917,697,15,46,211,0.904462
3df6c31cdfc013767056e894,generator://csmith-v0/24,2,4,-loop-deletion,True,-1.107519,-4.361907,65d3e710bec02338,f2584e7de345a0ae,913,918,0.002287,0.002387,7537,7537,55,55,15,15,913,918,697,697,3,9,29,20,6,28,16,5,10,18,1,12,0,43,12,46,8,7,64,106,401,188,222,28,31,0,10,42,9,6,49,42,46,129,239,17,10,80,0,0,21,9,26,0,0,207,0,9,5,12,55,913,697,15,42,211,3,13,29,20,6,28,16,5,10,18,1,16,0,39,16,46,8,7,64,106,401,188,222,28,31,0,10,42,9,6,49,42,46,129,239,17,10,80,0,0,26,9,26,0,0,207,0,9,5,12,55,918,697,15,47,211,-1.107519
3df6c31cdfc013767056e894,generator://csmith-v0/24,2,5,-loop-unswitch,True,0.154270,4.618911,65d3e710bec02338,f2584e7de345a0ae,913,918,0.002287,0.002182,7537,7537,55,55,15,15,913,918,697,697,3,9,29,20,6,28,16,5,10,18,1,12,0,43,12,46,8,7,64,106,401,188,222,28,31,0,10,42,9,6,49,42,46,129,239,17,10,80,0,0,21,9,26,0,0,207,0,9,5,12,55,913,697,15,42,211,3,13,29,20,6,28,16,5,10,18,1,16,0,39,16,46,8,7,64,106,401,188,222,28,31,0,10,42,9,6,49,42,46,129,239,17,10,80,0,0,26,9,26,0,0,207,0,9,5,12,55,918,697,15,47,211,0.154270
3df6c31cdfc013767056e894,generator://csmith-v0/24,2,6,-loop-distribute,True,-1.941679,-10.299065,65d3e710bec02338,65d3e710bec02338,913,913,0.002287,0.002523,7537,7537,55,55,15,15,913,913,697,697,3,9,29,20,6,28,16,5,10,18,1,12,0,43,12,46,8,7,64,106,401,188,222,28,31,0,10,42,9,6,49,42,46,129,239,17,10,80,0,0,21,9,26,0,0,207,0,9,5,12,55,913,697,15,42,211,3,9,29,20,6,28,16,5,10,18,1,12,0,43,12,46,8,7,64,106,401,188,222,28,31,0,10,42,9,6,49,42,46,129,239,17,10,80,0,0,21,9,26,0,0,207,0,9,5,12,55,913,697,15,42,211,-1.941679
3df6c31cdfc013767056e894,generator://csmith-v0/24,2,7,-indvars,True,-0.131842,2.582502,65d3e710bec02338,e2d2793308212ca9,913,925,0.002287,0.002228,7537,7745,55,55,15,15,913,925,697,697,3,9,29,20,6,28,16,5,10,18,1,12,0,43,12,46,8,7,64,106,401,188,222,28,31,0,10,42,9,6,49,42,46,129,239,17,10,80,0,0,21,9,26,0,0,207,0,9,5,12,55,913,697,15,42,211,3,13,29,20,6,28,16,5,10,18,1,16,0,39,16,46,8,7,64,88,419,188,222,28,31,0,10,42,9,6,49,42,46,129,239,17,10,80,0,0,26,9,20,0,0,207,0,22,5,12,55,925,697,15,47,218,-0.131842
2eda56cf0b44ba2a81ae2df0,generator://csmith-v0/26,0,0,-licm,True,0.155794,-17.080195,6bf707840bf3905d,6107e2504b846b80,4241,4242,0.002109,0.002469,31814,32070,268,268,12,12,4241,4242,2165,2153,0,0,182,153,26,181,77,25,51,79,1,0,0,268,0,260,28,27,339,320,246,328,93,181,654,145,50,25,155,32,235,120,260,507,244,79,155,1264,0,0,0,8,366,0,145,125,1,335,5,252,268,4241,2165,12,0,2362,1,6,182,153,26,181,77,25,51,79,1,7,0,261,7,260,28,27,339,320,246,328,93,181,654,145,50,25,155,33,234,120,260,507,244,79,155,1255,0,0,13,8,366,0,145,122,1,335,5,252,268,4242,2153,12,20,2353,0.155794
2eda56cf0b44ba2a81ae2df0,generator://csmith-v0/26,0,1,-loop-rotate,True,-0.283351,-24.042077,6bf707840bf3905d,b8eb16e4fb734206,4241,4394,0.002109,0.002615,31814,32806,268,319,12,12,4241,4394,2165,2216,0,0,182,153,26,181,77,25,51,79,1,0,0,268,0,260,28,27,339,320,246,328,93,181,654,145,50,25,155,32,235,120,260,507,244,79,155,1264,0,0,0,8,366,0,145,125,1,335,5,252,268,4241,2165,12,0,2362,0,0,182,130,52,181,128,51,73,130,1,0,0,319,0,311,28,129,441,371,246,331,95,181,654,145,50,25,155,33,285,120,311,507,244,130,155,1315,0,0,0,8,366,0,145,125,1,335,5,252,319,4394,2216,12,0,2413,-0.283351
2eda56cf0b44ba2a81ae2df0,generator://csmith-v0/26,0,2,-loop-unroll,True,-1.706943,-46.610666,6bf707840bf3905d,47b451d6da3dc7c2,4241,4241,0.002109,0.003091,31814,31814,268,268,12,12,4241,4241,2165,2165,0,0,182,153,26,181,77,25,51,79,1,0,0,268,0,260,28,27,339,320,246,328,93,181,654,145,50,25,155,32,235,120,260,507,244,79,155,1264,0,0,0,8,366,0,145,125,1,335,5,252,268,4241,2165,12,0,2362,0,0,182,153,26,181,77,25,51,79,1,0,0,268,0,260,28,27,339,320,246,328,93,181,654,145,50,25,155,32,235,120,260,507,244,79,155,1264,0,0,0,8,366,0,145,125,1,335,5,252,268,4241,2165,12,0,2362,-1.706943
2eda56cf0b44ba2a81ae2df0,generator://csmith-v0/26,0,3,-loop-vectorize,True,0.955626,-4.400238,6bf707840bf3905d,47b451d6da3dc7c2,4241,4241,0.002109,0.002201,31814,31814,268,268,12,12,4241,4241,2165,2165,0,0,182,153,26,181,77,25,51,79,1,0,0,268,0,260,28,27,339,320,246,328,93,181,654,145,50,25,155,32,235,120,260,507,244,79,155,1264,0,0,0,8,366,0,145,125,1,335,5,252,268,4241,2165,12,0,2362,0,0,182,153,26,181,77,25,51,79,1,0,0,268,0,260,28,27,339,320,246,328,93,181,654,145,50,25,155,32,235,120,260,507,244,79,155,1264,0,0,0,8,366,0,145,125,1,335,5,252,268,4241,2165,12,0,2362,0.955626
2eda56cf0b44ba2a81ae2df0,generator://csmith-v0/26,0,4,-loop-deletion,True,-0.829801,-32.705098,6bf707840bf3905d,47b451d6da3dc7c2,4241,4241,0.002109,0.002798,31814,31814,268,268,12,12,4241,4241,2165,2165,0,0,182,153,26,181,77,25,51,79,1,0,0,268,0,260,28,27,339,320,246,328,93,181,654,145,50,25,155,32,235,120,260,507,244,79,155,1264,0,0,0,8,366,0,145,125,1,335,5,252,268,4241,2165,12,0,2362,0,0,182,153,26,181,77,25,51,79,1,0,0,268,0,260,28,27,339,320,246,328,93,181,654,145,50,25,155,32,235,120,260,507,244,79,155,1264,0,0,0,8,366,0,145,125,1,335,5,252,268,4241,2165,12,0,2362,-0.829801
2eda56cf0b44ba2a81ae2df0,generator://csmith-v0/26,0,5,-loop-unswitch,True,-0.433836,-26.427752,6bf707840bf3905d,47b451d6da3dc7c2,4241,4241,0.002109,0.002666,31814,31814,268,268,12,12,4241,4241,2165,2165,0,0,182,153,26,181,77,25,51,79,1,0,0,268,0,260,28,27,339,320,246,328,93,181,654,145,50,25,155,32,235,120,260,507,244,79,155,1264,0,0,0,8,366,0,145,125,1,335,5,252,268,4241,2165,12,0,2362,0,0,182,153,26,181,77,25,51,79,1,0,0,268,0,260,28,27,339,320,246,328,93,181,654,145,50,25,155,32,235,120,260,507,244,79,155,1264,0,0,0,8,366,0,145,125,1,335,5,252,268,4241,2165,12,0,2362,-0.433836
2eda56cf0b44ba2a81ae2df0,generator://csmith-v0/26,0,6,-loop-distribute,True,1.740809,8.047477,6bf707840bf3905d,47b451d6da3dc7c2,4241,4241,0.002109,0.001939,31814,31814,268,268,12,12,4241,4241,2165,2165,0,0,182,153,26,181,77,25,51,79,1,0,0,268,0,260,28,27,339,320,246,328,93,181,654,145,50,25,155,32,235,120,260,507,244,79,155,1264,0,0,0,8,366,0,145,125,1,335,5,252,268,4241,2165,12,0,2362,0,0,182,153,26,181,77,25,51,79,1,0,0,268,0,260,28,27,339,320,246,328,93,181,654,145,50,25,155,32,235,120,260,507,244,79,155,1264,0,0,0,8,366,0,145,125,1,335,5,252,268,4241,2165,12,0,2362,1.740809
2eda56cf0b44ba2a81ae2df0,generator://csmith-v0/26,0,7,-indvars,True,0.401703,-13.181721,6bf707840bf3905d,47b451d6da3dc7c2,4241,4241,0.002109,0.002386,31814,31814,268,268,12,12,4241,4241,2165,2165,0,0,182,153,26,181,77,25,51,79,1,0,0,268,0,260,28,27,339,320,246,328,93,181,654,145,50,25,155,32,235,120,260,507,244,79,155,1264,0,0,0,8,366,0,145,125,1,335,5,252,268,4241,2165,12,0,2362,0,0,182,153,26,181,77,25,51,79,1,0,0,268,0,260,28,27,339,320,246,328,93,181,654,145,50,25,155,32,235,120,260,507,244,79,155,1264,0,0,0,8,366,0,145,125,1,335,5,252,268,4241,2165,12,0,2362,0.401703
8d8392e41b191d70c9aa1dde,generator://csmith-v0/26,1,0,-licm,True,1.132603,0.256251,1bd41c8d8cef9d5c,f9ff56579c6432bd,3998,4019,0.002147,0.002142,32178,32370,217,217,12,12,3998,4019,2034,2036,0,52,131,102,26,130,77,25,51,79,1,52,0,165,52,209,28,27,288,370,272,380,94,130,607,129,50,25,149,28,188,105,209,507,244,79,146,1133,0,0,53,8,350,0,129,125,1,311,5,240,217,3998,2034,12,106,2164,3,54,131,102,26,130,77,25,51,79,1,55,2,160,57,209,28,27,288,370,272,380,94,130,607,129,50,25,149,28,188,105,209,507,244,79,146,1139,0,0,72,8,350,0,129,121,1,311,5,240,217,4019,2036,12,134,2170,1.132603
8d8392e41b191d70c9aa1dde,generator://csmith-v0/26,1,1,-loop-rotate,True,-1.670994,-44.185032,1bd41c8d8cef9d5c,72b9860ac7189ade,3998,3926,0.002147,0.003096,32178,31090,217,166,12,12,3998,3926,2034,2034,0,52,131,102,26,130,77,25,51,79,1,52,0,165,52,209,28,27,288,370,272,380,94,130,607,129,50,25,149,28,188,105,209,507,244,79,146,1133,0,0,53,8,350,0,129,125,1,311,5,240,217,3998,2034,12,106,2164,0,31,80,52,25,79,77,24,52,79,1,31,0,135,31,158,28,78,237,348,272,358,94,79,607,129,50,25,149,30,135,105,158,507,244,79,146,1133,0,0,32,8,350,0,129,125,1,311,5,240,166,3926,2034,12,63,2164,-1.670994
8d8392e41b191d70c9aa1dde,generator://csmith-v0/26,1,2,-loop-unroll,True,-0.550301,-26.420334,1bd41c8d8cef9d5c,52fbd732da42ae3a,3998,4105,0.002147,0.002715,32178,32722,217,251,12,12,3998,4105,2034,2067,0,52,131,102,26,130,77,25,51,79,1,52,0,165,52,209,28,27,288,370,272,380,94,130,607,129,50,25,149,28,188,105,209,507,244,79,146,1133,0,0,53,8,350,0,129,125,1,311,5,240,217,3998,2034,12,106,2164,0,58,160,119,36,153,82,31,49,87,1,58,0,193,58,240,28,27,327,414,281,390,119,153,636,129,47,25,157,28,222,107,240,511,245,84,162,1133,0,0,58,8,349,0,129,153,1,311,13,240,251,4105,2067,12,114,2165,-0.550301
8d8392e41b191d70c9aa1dde,generator://csmith-v0/26,1,3,-loop-vectorize,True,-0.665972,-28.253909,1bd41c8d8cef9d5c,ab52b27c3fb329dc,3998,3999,0.002147,0.002754,32178,32178,217,217,12,12,3998,3999,2034,2034,0,52,131,102,26,130,77,25,51,79,1,52,0,165,52,209,28,27,288,370,272,380,94,130,607,129,50,25,149,28,188,105,209,507,244,79,146,1133,0,0,53,8,350,0,129,125,1,311,5,240,217,3998,2034,12,106,2164,0,53,131,102,26,130,77,25,51,79,1,53,0,164,53,209,28,27,288,370,272,380,94,130,607,129,50,25,149,28,188,105,209,507,244,79,146,1133,0,0,54,8,350,0,129,125,1,311,5,240,217,3999,2034,12,107,2164,-0.665972
8d8392e41b191d70c9aa1dde,generator://csmith-v0/26,1,4,-loop-deletion,True,1.227348,1.758105,1bd41c8d8cef9d5c,ab52b27c3fb329dc,3998,3999,0.002147,0.002109,32178,32178,217,217,12,12,3998,3999,2034,2034,0,52,131,102,26,130,77,25,51,79,1,52,0,165,52,209,28,27,288,370,272,380,94,130,607,129,50,25,149,28,188,105,209,507,244,79,146,1133,0,0,53,8,350,0,129,125,1,311,5,240,217,3998,2034,12,106,2164,0,53,131,102,26,130,77,25,51,79,1,53,0,164,53,209,28,27,288,370,272,380,94,130,607,129,50,25,149,28,188,105,209,507,244,79,146,1133,0,0,54,8,350,0,129,125,1,311,5,240,217,3999,2034,12,107,2164,1.227348
8d8392e41b191d70c9aa1dde,generator://csmith-v0/26,1,5,-loop-unswitch,True,-0.287255,-22.250656,1bd41c8d8cef9d5c,ab52b27c3fb329dc,3998,3999,0.002147,0.002625,32178,32178,217,217,12,12,3998,3999,2034,2034,0,52,131,102,26,130,77,25,51,79,1,52,0,165,52,209,28,27,288,370,272,380,94,130,607,129,50,25,149,28,188,105,209,507,244,79,146,1133,0,0,53,8,350,0,129,125,1,311,5,240,217,3998,2034,12,106,2164,0,53,131,102,26,130,77,25,51,79,1,53,0,164,53,209,28,27,288,370,272,380,94,130,607,129,50,25,149,28,188,105,209,507,244,79,146,1133,0,0,54,8,350,0,129,125,1,311,5,240,217,3999,2034,12,107,2164,-0.287255
8d8392e41b191d70c9aa1dde,generator://csmith-v0/26,1,6,-loop-distribute,True,1.200374,1.330529,1bd41c8d8cef9d5c,1bd41c8d8cef9d5c,3998,3998,0.002147,0.002119,32178,32178,217,217,12,12,3998,3998,2034,2034,0,52,131,102,26,130,77,25,51,79,1,52,0,165,52,209,28,27,288,370,272,380,94,130,607,129,50,25,149,28,188,105,209,507,244,79,146,1133,0,0,53,8,350,0,129,125,1,311,5,240,217,3998,2034,12,106,2164,0,52,131,102,26,130,77,25,51,79,1,52,0,165,52,209,28,27,288,370,272,380,94,130,607,129,50,25,149,28,188,105,209,507,244,79,146,1133,0,0,53,8,350,0,129,125,1,311,5,240,217,3998,2034,12,106,2164,1.200374
8d8392e41b191d70c9aa1dde,generator://csmith-v0/26,1,7,-indvars,True,-0.385803,-23.812800,1bd41c8d8cef9d5c,96971c30275f91c5,3998,4001,0.002147,0.002659,32178,32210,217,217,12,12,3998,4001,2034,2034,0,52,131,102,26,130,77,25,51,79,1,52,0,165,52,209,28,27,288,370,272,380,94,130,607,129,50,25,149,28,188,105,209,507,244,79,146,1133,0,0,53,8,350,0,129,125,1,311,5,240,217,3998,2034,12,106,2164,0,53,131,102,26,130,77,25,51,79,1,53,0,164,53,209,28,27,288,364,278,379,95,130,607,129,50,25,149,28,188,105,209,507,244,79,146,1133,0,0,54,8,348,0,129,125,1,315,5,240,217,4001,2034,12,107,2166,-0.385803
e2a87c0249f7996c5266cce5,generator://csmith-v0/26,2,0,-licm,True,0.950587,10.896485,d4b2b43b5c21b397,a56d21aff8b2683b,3152,3153,0.002059,0.001835,31277,33325,213,214,12,12,3152,3153,1145,1145,2,55,128,100,25,127,76,24,51,78,1,56,1,156,57,205,28,28,283,340,243,379,68,127,606,129,50,1,149,21,192,91,205,479,244,79,145,415,0,0,114,8,350,1,129,6,1,311,5,240,213,3152,1145,12,220,1408,2,55,129,101,25,128,76,24,51,78,1,56,1,157,57,206,28,27,284,340,243,379,68,128,606,129,50,1,149,28,186,91,206,479,244,79,145,415,0,0,114,8,350,1,129,6,1,311,5,240,214,3153,1145,12,220,1408,0.950587
e2a87c0249f7996c5266cce5,generator://csmith-v0/26,2,1,-loop-rotate,True,0.786305,4.672739,d4b2b43b5c21b397,7ff29ba592551444,3152,3074,0.002059,0.001963,31277,30365,213,163,12,12,3152,3074,1145,1145,2,55,128,100,25,127,76,24,51,78,1,56,1,156,57,205,28,28,283,340,243,379,68,127,606,129,50,1,149,21,192,91,205,479,244,79,145,415,0,0,114,8,350,1,129,6,1,311,5,240,213,3152,1145,12,220,1408,0,57,78,50,25,77,76,24,51,78,1,57,0,106,57,155,28,78,233,316,243,355,68,77,606,129,50,1,149,21,142,91,155,479,244,79,145,415,0,0,86,8,350,1,129,6,1,311,5,240,163,3074,1145,12,164,1408,0.786305
e2a87c0249f7996c5266cce5,generator://csmith-v0/26,2,2,-loop-unroll,True,0.040052,-23.598694,d4b2b43b5c21b397,ccf9f9099424e6fb,3152,3609,0.002059,0.002545,31277,35533,213,368,12,12,3152,3609,1145,1351,2,55,128,100,25,127,76,24,51,78,1,56,1,156,57,205,28,28,283,340,243,379,68,127,606,129,50,1,149,21,192,91,205,479,244,79,145,415,0,0,114,8,350,1,129,6,1,311,5,240,213,3152,1145,12,220,1408,2,49,249,167,76,220,110,50,48,126,1,50,1,317,51,346,76,75,472,428,340,503,91,220,616,129,36,1,157,21,347,91,346,575,305,121,153,463,0,0,99,8,395,8,129,7,1,311,13,247,368,3609,1351,12,178,1508,0.040052
e2a87c0249f7996c5266cce5,generator://csmith-v0/26,2,3,-loop-vectorize,True,-2.209533,-108.823109,d4b2b43b5c21b397,1bea102bcdc402fe,3152,3153,0.002059,0.004300,31277,31277,213,214,12,12,3152,3153,1145,1145,2,55,128,100,25,127,76,24,51,78,1,56,1,156,57,205,28,28,283,340,243,379,68,127,606,129,50,1,149,21,192,91,205,479,244,79,145,415,0,0,114,8,350,1,129,6,1,311,5,240,213,3152,1145,12,220,1408,2,55,129,101,25,128,76,24,51,78,1,56,1,157,57,206,28,27,284,340,243,379,68,128,606,129,50,1,149,21,193,91,206,479,244,79,145,415,0,0,114,8,350,1,129,6,1,311,5,240,214,3153,1145,12,220,1408,-2.209533
e2a87c0249f7996c5266cce5,generator://csmith-v0/26,2,4,-loop-deletion,True,-0.753813,-53.673861,d4b2b43b5c21b397,1bea102bcdc402fe,3152,3153,0.002059,0.003164,31277,31277,213,214,12,12,3152,3153,1145,1145,2,55,128,100,25,127,76,24,51,78,1,56,1,156,57,205,28,28,283,340,243,379,68,127,606,129,50,1,149,21,192,91,205,479,244,79,145,415,0,0,114,8,350,1,129,6,1,311,5,240,213,3152,1145,12,220,1408,2,55,129,101,25,128,76,24,51,78,1,56,1,157,57,206,28,27,284,340,243,379,68,128,606,129,50,1,149,21,193,91,206,479,244,79,145,415,0,0,114,8,350,1,129,6,1,311,5,240,214,3153,1145,12,220,1408,-0.753813
e2a87c0249f7996c5266cce5,generator://csmith-v0/26,2,5,-loop-unswitch,True,0.545123,-4.464334,d4b2b43b5c21b397,13006a5a2b5a5863,3152,3703,0.002059,0.002151,31277,37581,213,445,12,12,3152,3703,1145,1275,2,55,128,100,25,127,76,24,51,78,1,56,1,156,57,205,28,28,283,340,243,379,68,127,606,129,50,1,149,21,192,91,205,479,244,79,145,415,0,0,114,8,350,1,129,6,1,311,5,240,213,3152,1145,12,220,1408,2,84,283,209,71,282,153,71,81,155,1,85,1,359,86,437,52,51,592,456,301,519,122,282,635,129,79,1,149,22,423,91,437,527,302,108,145,439,0,0,172,8,415,1,129,6,1,311,5,248,445,3703,1275,12,336,1505,0.545123
e2a87c0249f7996c5266cce5,generator://csmith-v0/26,2,6,-loop-distribute,True,-0.190954,-32.350254,d4b2b43b5c21b397,d4b2b43b5c21b397,3152,3152,0.002059,0.002725,31277,31277,213,213,12,12,3152,3152,1145,1145,2,55,128,100,25,127,76,24,51,78,1,56,1,156,57,205,28,28,283,340,243,379,68,127,606,129,50,1,149,21,192,91,205,479,244,79,145,415,0,0,114,8,350,1,129,6,1,311,5,240,213,3152,1145,12,220,1408,2,55,128,100,25,127,76,24,51,78,1,56,1,156,57,205,28,28,283,340,243,379,68,127,606,129,50,1,149,21,192,91,205,479,244,79,145,415,0,0,114,8,350,1,129,6,1,311,5,240,213,3152,1145,12,220,1408,-0.190954
e2a87c0249f7996c5266cce5,generator://csmith-v0/26,2,7,-indvars,True,0.832233,6.412703,d4b2b43b5c21b397,441c2d5d17b7dfee,3152,2953,0.002059,0.001927,31277,31453,213,214,12,12,3152,2953,1145,1144,2,55,128,100,25,127,76,24,51,78,1,56,1,156,57,205,28,28,283,340,243,379,68,127,606,129,50,1,149,21,192,91,205,479,244,79,145,415,0,0,114,8,350,1,129,6,1,311,5,240,213,3152,1145,12,220,1408,0,55,129,101,25,128,76,24,51,78,1,55,0,159,55,206,28,27,284,151,387,333,70,128,607,129,51,1,149,21,193,91,206,479,244,78,145,414,0,0,60,8,158,1,129,6,1,358,5,240,214,2953,1144,12,116,1262,0.832233
eacfe92fcec4e3a5b55a7204,generator://csmith-v0/29,0,0,-licm,True,-0.986068,6.399213,15cdc03ce3d8b4af,c7609b6003ce8af3,4405,4368,0.002819,0.002639,24610,34266,425,431,59,59,4405,4368,2488,2418,0,45,236,172,61,224,125,41,51,145,11,45,0,380,45,364,115,99,520,559,822,400,466,224,116,10,55,273,42,58,367,360,364,537,247,251,11,930,4,21,45,53,234,0,6,501,18,128,45,249,425,4405,2488,59,90,2174,8,83,242,178,61,230,125,41,51,145,11,83,8,340,91,370,115,93,526,558,810,393,460,230,116,10,55,273,40,60,371,359,370,537,244,232,11,865,4,20,139,53,223,0,6,499,18,127,42,220,431,4368,2418,59,230,2067,-0.986068
eacfe92fcec4e3a5b55a7204,generator://csmith-v0/29,0,1,-loop-rotate,True,0.931086,27.502233,15cdc03ce3d8b4af,c8d5033a605b2912,4405,4529,0.002819,0.002044,24610,25362,425,469,59,59,4405,4529,2488,2525,0,45,236,172,61,224,125,41,51,145,11,45,0,380,45,364,115,99,520,559,822,400,466,224,116,10,55,273,42,58,367,360,364,537,247,251,11,930,4,21,45,53,234,0,6,501,18,128,45,249,425,4405,2488,59,90,2174,0,45,244,162,81,231,160,62,63,182,12,45,0,424,45,408,115,165,601,593,825,403,466,231,116,10,55,273,42,59,410,360,408,537,247,288,11,967,4,21,45,53,239,0,6,501,18,128,45,250,469,4529,2525,59,90,2217,0.931086
eacfe92fcec4e3a5b55a7204,generator://csmith-v0/29,0,2,-loop-unroll,True,1.109677,29.468066,15cdc03ce3d8b4af,7140eb28e0330407,4405,4411,0.002819,0.001989,24610,24674,425,431,59,59,4405,4411,2488,2488,0,45,236,172,61,224,125,41,51,145,11,45,0,380,45,364,115,99,520,559,822,400,466,224,116,10,55,273,42,58,367,360,364,537,247,251,11,930,4,21,45,53,234,0,6,501,18,128,45,249,425,4405,2488,59,90,2174,0,45,242,178,61,230,125,41,51,145,11,45,0,386,45,370,115,93,526,559,822,400,466,230,116,10,55,273,42,58,373,360,370,537,247,251,11,930,4,21,45,53,234,0,6,501,18,128,45,249,431,4411,2488,59,90,2174,1.109677
eacfe92fcec4e3a5b55a7204,generator://csmith-v0/29,0,3,-loop-vectorize,True,0.753834,25.551133,15cdc03ce3d8b4af,7140eb28e0330407,4405,4411,0.002819,0.002099,24610,24674,425,431,59,59,4405,4411,2488,2488,0,45,236,172,61,224,125,41,51,145,11,45,0,380,45,364,115,99,520,559,822,400,466,224,116,10,55,273,42,58,367,360,364,537,247,251,11,930,4,21,45,53,234,0,6,501,18,128,45,249,425,4405,2488,59,90,2174,0,45,242,178,61,230,125,41,51,145,11,45,0,386,45,370,115,93,526,559,822,400,466,230,116,10,55,273,42,58,373,360,370,537,247,251,11,930,4,21,45,53,234,0,6,501,18,128,45,249,431,4411,2488,59,90,2174,0.753834
eacfe92fcec4e3a5b55a7204,generator://csmith-v0/29,0,4,-loop-deletion,True,-0.742595,9.079233,15cdc03ce3d8b4af,7140eb28e0330407,4405,4411,0.002819,0.002563,24610,24674,425,431,59,59,4405,4411,2488,2488,0,45,236,172,61,224,125,41,51,145,11,45,0,380,45,364,115,99,520,559,822,400,466,224,116,10,55,273,42,58,367,360,364,537,247,251,11,930,4,21,45,53,234,0,6,501,18,128,45,249,425,4405,2488,59,90,2174,0,45,242,178,61,230,125,41,51,145,11,45,0,386,45,370,115,93,526,559,822,400,466,230,116,10,55,273,42,58,373,360,370,537,247,251,11,930,4,21,45,53,234,0,6,501,18,128,45,249,431,4411,2488,59,90,2174,-0.742595
eacfe92fcec4e3a5b55a7204,generator://csmith-v0/29,0,5,-loop-unswitch,True,1.111609,29.489339,15cdc03ce3d8b4af,7140eb28e0330407,4405,4411,0.002819,0.001988,24610,24674,425,431,59,59,4405,4411,2488,2488,0,45,236,172,61,224,125,41,51,145,11,45,0,380,45,364,115,99,520,559,822,400,466,224,116,10,55,273,42,58,367,360,364,537,247,251,11,930,4,21,45,53,234,0,6,501,18,128,45,249,425,4405,2488,59,90,2174,0,45,242,178,61,230,125,41,51,145,11,45,0,386,45,370,115,93,526,559,822,400,466,230,116,10,55,273,42,58,373,360,370,537,247,251,11,930,4,21,45,53,234,0,6,501,18,128,45,249,431,4411,2488,59,90,2174,1.111609
eacfe92fcec4e3a5b55a7204,generator://csmith-v0/29,0,6,-loop-distribute,True,-1.407465,1.760694,15cdc03ce3d8b4af,f166fc5545a6032b,4405,4405,0.002819,0.002770,24610,24610,425,425,59,59,4405,4405,2488,2488,0,45,236,172,61,224,125,41,51,145,11,45,0,380,45,364,115,99,520,559,822,400,466,224,116,10,55,273,42,58,367,360,364,537,247,251,11,930,4,21,45,53,234,0,6,501,18,128,45,249,425,4405,2488,59,90,2174,0,45,236,172,61,224,125,41,51,145,11,45,0,380,45,364,115,99,520,559,822,400,466,224,116,10,55,273,42,58,367,360,364,537,247,251,11,930,4,21,45,53,234,0,6,501,18,128,45,249,425,4405,2488,59,90,2174,-1.407465
eacfe92fcec4e3a5b55a7204,generator://csmith-v0/29,0,7,-indvars,True,-0.770078,8.776711,15cdc03ce3d8b4af,7140eb28e0330407,4405,4411,0.002819,0.002572,24610,24674,425,431,59,59,4405,4411,2488,2488,0,45,236,172,61,224,125,41,51,145,11,45,0,380,45,364,115,99,520,559,822,400,466,224,116,10,55,273,42,58,367,360,364,537,247,251,11,930,4,21,45,53,234,0,6,501,18,128,45,249,425,4405,2488,59,90,2174,0,45,242,178,61,230,125,41,51,145,11,45,0,386,45,370,115,93,526,559,822,400,466,230,116,10,55,273,42,58,373,360,370,537,247,251,11,930,4,21,45,53,234,0,6,501,18,128,45,249,431,4411,2488,59,90,2174,-0.770078
104007e3eede0c0d84af5767,generator://csmith-v0/29,1,0,-licm,True,0.963832,32.058907,b453402898e72747,d7b176c3cd594990,2400,2357,0.003036,0.002063,19174,20230,425,431,59,59,2400,2357,1293,1237,0,36,236,172,61,224,125,41,51,145,11,36,0,389,36,364,54,99,520,488,302,186,341,224,74,10,32,273,25,31,394,83,364,290,50,144,10,333,4,8,36,53,112,0,6,347,16,59,19,105,425,2400,1293,59,72,965,1,62,242,178,61,230,125,41,51,145,11,63,0,368,63,370,54,93,526,487,299,193,341,230,72,10,32,273,23,31,400,83,370,290,50,138,10,322,4,7,69,53,103,0,6,302,16,59,19,97,431,2357,1237,59,121,937,0.963832
104007e3eede0c0d84af5767,generator://csmith-v0/29,1,1,-loop-rotate,True,0.823711,30.389990,b453402898e72747,47b62fbc3e093568,2400,2517,0.003036,0.002113,19174,20550,425,469,59,59,2400,2517,1293,1325,0,36,236,172,61,224,125,41,51,145,11,36,0,389,36,364,54,99,520,488,302,186,341,224,74,10,32,273,25,31,394,83,364,290,50,144,10,333,4,8,36,53,112,0,6,347,16,59,19,105,425,2400,1293,59,72,965,0,53,244,162,81,231,160,62,63,182,12,53,0,416,53,408,54,165,601,511,302,210,342,231,74,10,32,273,25,31,438,83,408,290,50,167,10,356,4,8,53,53,113,0,6,356,16,59,19,105,469,2517,1325,59,105,989,0.823711
104007e3eede0c0d84af5767,generator://csmith-v0/29,1,2,-loop-unroll,True,-0.362193,16.265306,b453402898e72747,3f2c1e38a032b1f8,2400,2407,0.003036,0.002542,19174,19238,425,431,59,59,2400,2407,1293,1293,0,36,236,172,61,224,125,41,51,145,11,36,0,389,36,364,54,99,520,488,302,186,341,224,74,10,32,273,25,31,394,83,364,290,50,144,10,333,4,8,36,53,112,0,6,347,16,59,19,105,425,2400,1293,59,72,965,0,37,248,172,67,224,119,41,45,145,11,37,0,394,37,364,54,93,520,488,302,195,342,224,74,10,32,273,25,31,400,83,364,290,50,144,10,333,4,8,37,53,112,0,6,347,16,59,19,105,431,2407,1293,59,73,965,-0.362193
104007e3eede0c0d84af5767,generator://csmith-v0/29,1,3,-loop-vectorize,True,0.877330,31.028625,b453402898e72747,72acae7b5d07388e,2400,2406,0.003036,0.002094,19174,19238,425,431,59,59,2400,2406,1293,1293,0,36,236,172,61,224,125,41,51,145,11,36,0,389,36,364,54,99,520,488,302,186,341,224,74,10,32,273,25,31,394,83,364,290,50,144,10,333,4,8,36,53,112,0,6,347,16,59,19,105,425,2400,1293,59,72,965,0,36,242,178,61,230,125,41,51,145,11,36,0,395,36,370,54,93,526,488,302,195,342,230,74,10,32,273,25,31,400,83,370,290,50,144,10,333,4,8,36,53,112,0,6,347,16,59,19,105,431,2406,1293,59,72,965,0.877330
104007e3eede0c0d84af5767,generator://csmith-v0/29,1,4,-loop-deletion,True,-0.639475,12.962749,b453402898e72747,6845b91a11593246,2400,2367,0.003036,0.002643,19174,19030,425,411,59,59,2400,2367,1293,1273,0,36,236,172,61,224,125,41,51,145,11,36,0,389,36,364,54,99,520,488,302,186,341,224,74,10,32,273,25,31,394,83,364,290,50,144,10,333,4,8,36,53,112,0,6,347,16,59,19,105,425,2400,1293,59,72,965,0,37,229,166,60,217,118,40,45,138,11,37,0,374,37,350,54,91,499,488,302,190,342,217,74,10,32,273,25,31,380,83,350,290,50,144,10,333,4,8,37,53,112,0,6,327,16,59,19,105,411,2367,1273,59,73,965,-0.639475
104007e3eede0c0d84af5767,generator://csmith-v0/29,1,5,-loop-unswitch,True,-0.826958,10.729737,b453402898e72747,598dcd837644e56d,2400,2407,0.003036,0.002710,19174,19270,425,431,59,59,2400,2407,1293,1293,0,36,236,172,61,224,125,41,51,145,11,36,0,389,36,364,54,99,520,488,302,186,341,224,74,10,32,273,25,31,394,83,364,290,50,144,10,333,4,8,36,53,112,0,6,347,16,59,19,105,425,2400,1293,59,72,965,0,37,242,178,61,230,125,41,51,145,11,37,0,394,37,370,54,93,526,488,302,195,342,230,74,10,32,273,25,31,400,83,370,290,50,144,10,333,4,8,37,53,112,0,6,347,16,59,19,105,431,2407,1293,59,73,965,-0.826958
104007e3eede0c0d84af5767,generator://csmith-v0/29,1,6,-loop-distribute,True,-1.841006,-1.348065,b453402898e72747,b453402898e72747,2400,2400,0.003036,0.003077,19174,19174,425,425,59,59,2400,2400,1293,1293,0,36,236,172,61,224,125,41,51,145,11,36,0,389,36,364,54,99,520,488,302,186,341,224,74,10,32,273,25,31,394,83,364,290,50,144,10,333,4,8,36,53,112,0,6,347,16,59,19,105,425,2400,1293,59,72,965,0,36,236,172,61,224,125,41,51,145,11,36,0,389,36,364,54,99,520,488,302,186,341,224,74,10,32,273,25,31,394,83,364,290,50,144,10,333,4,8,36,53,112,0,6,347,16,59,19,105,425,2400,1293,59,72,965,-1.841006
104007e3eede0c0d84af5767,generator://csmith-v0/29,1,7,-indvars,True,1.004760,32.546379,b453402898e72747,598dcd837644e56d,2400,2407,0.003036,0.002048,19174,19270,425,431,59,59,2400,2407,1293,1293,0,36,236,172,61,224,125,41,51,145,11,36,0,389,36,364,54,99,520,488,302,186,341,224,74,10,32,273,25,31,394,83,364,290,50,144,10,333,4,8,36,53,112,0,6,347,16,59,19,105,425,2400,1293,59,72,965,0,37,242,178,61,230,125,41,51,145,11,37,0,394,37,370,54,93,526,488,302,195,342,230,74,10,32,273,25,31,400,83,370,290,50,144,10,333,4,8,37,53,112,0,6,347,16,59,19,105,431,2407,1293,59,73,965,1.004760
41da8970471be0ee92b53b93,generator://csmith-v0/29,2,0,-licm,True,0.063402,-25.024588,2d8b73417cc1232d,d23e9edd4d016be4,2230,2211,0.002002,0.002503,20006,20870,398,401,59,59,2230,2211,1144,1089,3,64,209,145,61,197,125,41,51,145,11,66,1,331,67,337,54,87,493,432,297,205,251,197,71,10,31,184,24,30,368,83,337,290,47,138,10,276,4,5,76,53,100,0,6,347,16,56,19,97,398,2230,1144,59,156,796,11,71,212,148,61,200,125,41,51,145,11,78,4,319,82,340,54,84,496,430,296,212,251,200,71,10,31,184,22,28,373,83,340,290,47,133,10,270,4,5,126,53,96,0,6,298,16,56,19,91,401,2211,1089,59,229,780,0.063402
41da8970471be0ee92b53b93,generator://csmith-v0/29,2,1,-loop-rotate,True,1.160896,1.191971,2d8b73417cc1232d,c268f0dd158dac74,2230,2232,0.002002,0.001978,20006,19822,398,392,59,59,2230,2232,1144,1153,3,64,209,145,61,197,125,41,51,145,11,66,1,331,67,337,54,87,493,432,297,205,251,197,71,10,31,184,24,30,368,83,337,290,47,138,10,276,4,5,76,53,100,0,6,347,16,56,19,97,398,2230,1144,59,156,796,3,63,189,127,59,177,139,40,66,159,11,65,1,326,66,331,54,135,501,426,297,222,252,177,71,10,31,184,24,31,361,83,331,290,47,138,10,276,4,5,75,53,100,0,6,356,16,56,19,97,392,2232,1153,59,151,796,1.160896
41da8970471be0ee92b53b93,generator://csmith-v0/29,2,2,-loop-unroll,True,-1.007651,-50.609524,2d8b73417cc1232d,3a086e57db1bee40,2230,2408,0.002002,0.003015,20006,20958,398,453,59,59,2230,2408,1144,1228,3,64,209,145,61,197,125,41,51,145,11,66,1,331,67,337,54,87,493,432,297,205,251,197,71,10,31,184,24,30,368,83,337,290,47,138,10,276,4,5,76,53,100,0,6,347,16,56,19,97,398,2230,1144,59,156,796,3,72,265,178,77,235,124,46,43,153,11,74,1,378,75,383,54,84,547,514,339,245,279,235,100,10,28,184,32,30,423,83,383,290,67,143,26,276,4,5,83,53,98,0,6,411,16,56,27,97,453,2408,1228,59,166,794,-1.007651
41da8970471be0ee92b53b93,generator://csmith-v0/29,2,3,-loop-vectorize,True,-1.042389,-51.439344,2d8b73417cc1232d,983c388da0851597,2230,2235,0.002002,0.003031,20006,20054,398,401,59,59,2230,2235,1144,1144,3,64,209,145,61,197,125,41,51,145,11,66,1,331,67,337,54,87,493,432,297,205,251,197,71,10,31,184,24,30,368,83,337,290,47,138,10,276,4,5,76,53,100,0,6,347,16,56,19,97,398,2230,1144,59,156,796,3,66,212,148,61,200,125,41,51,145,11,68,1,332,69,340,54,84,496,432,297,214,252,200,71,10,31,184,24,30,371,83,340,290,47,138,10,276,4,5,78,53,100,0,6,347,16,56,19,97,401,2235,1144,59,158,796,-1.042389
41da8970471be0ee92b53b93,generator://csmith-v0/29,2,4,-loop-deletion,True,-0.618738,-41.319319,2d8b73417cc1232d,5651c3edc37be537,2230,2201,0.002002,0.002829,20006,19870,398,386,59,59,2230,2201,1144,1124,3,64,209,145,61,197,125,41,51,145,11,66,1,331,67,337,54,87,493,432,297,205,251,197,71,10,31,184,24,30,368,83,337,290,47,138,10,276,4,5,76,53,100,0,6,347,16,56,19,97,398,2230,1144,59,156,796,3,67,204,141,60,192,118,40,45,138,11,69,1,316,70,325,54,82,474,432,297,209,252,192,71,10,31,184,24,30,356,83,325,290,47,138,10,276,4,5,79,53,100,0,6,327,16,56,19,97,386,2201,1124,59,159,796,-0.618738
41da8970471be0ee92b53b93,generator://csmith-v0/29,2,5,-loop-unswitch,True,1.098790,-0.291619,2d8b73417cc1232d,376a6573d2bc4b75,2230,2236,0.002002,0.002008,20006,20094,398,401,59,59,2230,2236,1144,1144,3,64,209,145,61,197,125,41,51,145,11,66,1,331,67,337,54,87,493,432,297,205,251,197,71,10,31,184,24,30,368,83,337,290,47,138,10,276,4,5,76,53,100,0,6,347,16,56,19,97,398,2230,1144,59,156,796,3,67,212,148,61,200,125,41,51,145,11,69,1,331,70,340,54,84,496,432,297,214,252,200,71,10,31,184,24,30,371,83,340,290,47,138,10,276,4,5,79,53,100,0,6,347,16,56,19,97,401,2236,1144,59,159,796,1.098790
41da8970471be0ee92b53b93,generator://csmith-v0/29,2,6,-loop-distribute,True,1.376265,6.336612,2d8b73417cc1232d,2d8b73417cc1232d,2230,2230,0.002002,0.001875,20006,20006,398,398,59,59,2230,2230,1144,1144,3,64,209,145,61,197,125,41,51,145,11,66,1,331,67,337,54,87,493,432,297,205,251,197,71,10,31,184,24,30,368,83,337,290,47,138,10,276,4,5,76,53,100,0,6,347,16,56,19,97,398,2230,1144,59,156,796,3,64,209,145,61,197,125,41,51,145,11,66,1,331,67,337,54,87,493,432,297,205,251,197,71,10,31,184,24,30,368,83,337,290,47,138,10,276,4,5,76,53,100,0,6,347,16,56,19,97,398,2230,1144,59,156,796,1.376265
41da8970471be0ee92b53b93,generator://csmith-v0/29,2,7,-indvars,True,-1.030575,-51.157123,2d8b73417cc1232d,ffb9a69037f5b267,2230,2241,0.002002,0.003026,20006,20222,398,401,59,59,2230,2241,1144,1144,3,64,209,145,61,197,125,41,51,145,11,66,1,331,67,337,54,87,493,432,297,205,251,197,71,10,31,184,24,30,368,83,337,290,47,138,10,276,4,5,76,53,100,0,6,347,16,56,19,97,398,2230,1144,59,156,796,3,67,212,148,61,200,125,41,51,145,11,69,1,331,70,340,54,84,496,414,315,214,252,200,71,10,31,184,24,28,373,83,340,290,47,138,10,276,4,5,79,53,94,0,6,347,16,67,19,97,401,2241,1144,59,159,801,-1.030575
