benchmark_uri,suite,protocol,batch,pass_flag,sample_idx,elapsed_sec,returncode,out_sha256,input_file
benchmark://cbench-v1/gsm,cbench-v1,A,1,O0,0,0.021888772,0,c5872720e8a99a35d3e03d7fe461cc92587c5de08d3f264cc5528b25c668c6b2,/home/nithi/.local/share/compiler_gym/llvm-v0/cbench-v1-runtime-data/runtime_data/telecom_gsm_data/1.au
benchmark://cbench-v1/gsm,cbench-v1,A,1,O0,1,0.022716490,0,c5872720e8a99a35d3e03d7fe461cc92587c5de08d3f264cc5528b25c668c6b2,/home/nithi/.local/share/compiler_gym/llvm-v0/cbench-v1-runtime-data/runtime_data/telecom_gsm_data/1.au
benchmark://cbench-v1/gsm,cbench-v1,A,1,O0,2,0.022450179,0,c5872720e8a99a35d3e03d7fe461cc92587c5de08d3f264cc5528b25c668c6b2,/home/nithi/.local/share/compiler_gym/llvm-v0/cbench-v1-runtime-data/runtime_data/telecom_gsm_data/1.au
benchmark://cbench-v1/gsm,cbench-v1,A,1,-licm,0,0.020704343,0,c5872720e8a99a35d3e03d7fe461cc92587c5de08d3f264cc5528b25c668c6b2,/home/nithi/.local/share/compiler_gym/llvm-v0/cbench-v1-runtime-data/runtime_data/telecom_gsm_data/1.au
benchmark://cbench-v1/gsm,cbench-v1,A,1,-licm,1,0.020718240,0,c5872720e8a99a35d3e03d7fe461cc92587c5de08d3f264cc5528b25c668c6b2,/home/nithi/.local/share/compiler_gym/llvm-v0/cbench-v1-runtime-data/runtime_data/telecom_gsm_data/1.au
benchmark://cbench-v1/gsm,cbench-v1,A,1,-licm,2,0.020753361,0,c5872720e8a99a35d3e03d7fe461cc92587c5de08d3f264cc5528b25c668c6b2,/home/nithi/.local/share/compiler_gym/llvm-v0/cbench-v1-runtime-data/runtime_data/telecom_gsm_data/1.au
benchmark://cbench-v1/gsm,cbench-v1,A,1,-loop-rotate,0,0.020411815,0,c5872720e8a99a35d3e03d7fe461cc92587c5de08d3f264cc5528b25c668c6b2,/home/nithi/.local/share/compiler_gym/llvm-v0/cbench-v1-runtime-data/runtime_data/telecom_gsm_data/1.au
benchmark://cbench-v1/gsm,cbench-v1,A,1,-loop-rotate,1,0.020418812,0,c5872720e8a99a35d3e03d7fe461cc92587c5de08d3f264cc5528b25c668c6b2,/home/nithi/.local/share/compiler_gym/llvm-v0/cbench-v1-runtime-data/runtime_data/telecom_gsm_data/1.au
benchmark://cbench-v1/gsm,cbench-v1,A,1,-loop-rotate,2,0.019498865,0,c5872720e8a99a35d3e03d7fe461cc92587c5de08d3f264cc5528b25c668c6b2,/home/nithi/.local/share/compiler_gym/llvm-v0/cbench-v1-runtime-data/runtime_data/telecom_gsm_data/1.au
benchmark://cbench-v1/gsm,cbench-v1,A,1,-loop-unroll,0,0.018711147,0,c5872720e8a99a35d3e03d7fe461cc92587c5de08d3f264cc5528b25c668c6b2,/home/nithi/.local/share/compiler_gym/llvm-v0/cbench-v1-runtime-data/runtime_data/telecom_gsm_data/1.au
benchmark://cbench-v1/gsm,cbench-v1,A,1,-loop-unroll,1,0.020717551,0,c5872720e8a99a35d3e03d7fe461cc92587c5de08d3f264cc5528b25c668c6b2,/home/nithi/.local/share/compiler_gym/llvm-v0/cbench-v1-runtime-data/runtime_data/telecom_gsm_data/1.au
benchmark://cbench-v1/gsm,cbench-v1,A,1,-loop-unroll,2,0.020289548,0,c5872720e8a99a35d3e03d7fe461cc92587c5de08d3f264cc5528b25c668c6b2,/home/nithi/.local/share/compiler_gym/llvm-v0/cbench-v1-runtime-data/runtime_data/telecom_gsm_data/1.au
benchmark://cbench-v1/gsm,cbench-v1,A,1,-loop-vectorize,0,0.021929450,0,c5872720e8a99a35d3e03d7fe461cc92587c5de08d3f264cc5528b25c668c6b2,/home/nithi/.local/share/compiler_gym/llvm-v0/cbench-v1-runtime-data/runtime_data/telecom_gsm_data/1.au
benchmark://cbench-v1/gsm,cbench-v1,A,1,-loop-vectorize,1,0.018157624,0,c5872720e8a99a35d3e03d7fe461cc92587c5de08d3f264cc5528b25c668c6b2,/home/nithi/.local/share/compiler_gym/llvm-v0/cbench-v1-runtime-data/runtime_data/telecom_gsm_data/1.au
benchmark://cbench-v1/gsm,cbench-v1,A,1,-loop-vectorize,2,0.017283201,0,c5872720e8a99a35d3e03d7fe461cc92587c5de08d3f264cc5528b25c668c6b2,/home/nithi/.local/share/compiler_gym/llvm-v0/cbench-v1-runtime-data/runtime_data/telecom_gsm_data/1.au
benchmark://cbench-v1/gsm,cbench-v1,A,1,-loop-deletion,0,0.018332842,0,c5872720e8a99a35d3e03d7fe461cc92587c5de08d3f264cc5528b25c668c6b2,/home/nithi/.local/share/compiler_gym/llvm-v0/cbench-v1-runtime-data/runtime_data/telecom_gsm_data/1.au
benchmark://cbench-v1/gsm,cbench-v1,A,1,-loop-deletion,1,0.017642659,0,c5872720e8a99a35d3e03d7fe461cc92587c5de08d3f264cc5528b25c668c6b2,/home/nithi/.local/share/compiler_gym/llvm-v0/cbench-v1-runtime-data/runtime_data/telecom_gsm_data/1.au
benchmark://cbench-v1/gsm,cbench-v1,A,1,-loop-deletion,2,0.017634500,0,c5872720e8a99a35d3e03d7fe461cc92587c5de08d3f264cc5528b25c668c6b2,/home/nithi/.local/share/compiler_gym/llvm-v0/cbench-v1-runtime-data/runtime_data/telecom_gsm_data/1.au
benchmark://cbench-v1/gsm,cbench-v1,A,1,-loop-unswitch,0,0.019755270,0,c5872720e8a99a35d3e03d7fe461cc92587c5de08d3f264cc5528b25c668c6b2,/home/nithi/.local/share/compiler_gym/llvm-v0/cbench-v1-runtime-data/runtime_data/telecom_gsm_data/1.au
benchmark://cbench-v1/gsm,cbench-v1,A,1,-loop-unswitch,1,0.019345474,0,c5872720e8a99a35d3e03d7fe461cc92587c5de08d3f264cc5528b25c668c6b2,/home/nithi/.local/share/compiler_gym/llvm-v0/cbench-v1-runtime-data/runtime_data/telecom_gsm_data/1.au
benchmark://cbench-v1/gsm,cbench-v1,A,1,-loop-unswitch,2,0.019604262,0,c5872720e8a99a35d3e03d7fe461cc92587c5de08d3f264cc5528b25c668c6b2,/home/nithi/.local/share/compiler_gym/llvm-v0/cbench-v1-runtime-data/runtime_data/telecom_gsm_data/1.au
benchmark://cbench-v1/gsm,cbench-v1,A,1,-loop-distribute,0,0.020702298,0,c5872720e8a99a35d3e03d7fe461cc92587c5de08d3f264cc5528b25c668c6b2,/home/nithi/.local/share/compiler_gym/llvm-v0/cbench-v1-runtime-data/runtime_data/telecom_gsm_data/1.au
benchmark://cbench-v1/gsm,cbench-v1,A,1,-loop-distribute,1,0.018666794,0,c5872720e8a99a35d3e03d7fe461cc92587c5de08d3f264cc5528b25c668c6b2,/home/nithi/.local/share/compiler_gym/llvm-v0/cbench-v1-runtime-data/runtime_data/telecom_gsm_data/1.au
benchmark://cbench-v1/gsm,cbench-v1,A,1,-loop-distribute,2,0.018488363,0,c5872720e8a99a35d3e03d7fe461cc92587c5de08d3f264cc5528b25c668c6b2,/home/nithi/.local/share/compiler_gym/llvm-v0/cbench-v1-runtime-data/runtime_data/telecom_gsm_data/1.au
benchmark://cbench-v1/gsm,cbench-v1,A,1,-indvars,0,0.017155752,0,c5872720e8a99a35d3e03d7fe461cc92587c5de08d3f264cc5528b25c668c6b2,/home/nithi/.local/share/compiler_gym/llvm-v0/cbench-v1-runtime-data/runtime_data/telecom_gsm_data/1.au
benchmark://cbench-v1/gsm,cbench-v1,A,1,-indvars,1,0.016535808,0,c5872720e8a99a35d3e03d7fe461cc92587c5de08d3f264cc5528b25c668c6b2,/home/nithi/.local/share/compiler_gym/llvm-v0/cbench-v1-runtime-data/runtime_data/telecom_gsm_data/1.au
benchmark://cbench-v1/gsm,cbench-v1,A,1,-indvars,2,0.019652783,0,c5872720e8a99a35d3e03d7fe461cc92587c5de08d3f264cc5528b25c668c6b2,/home/nithi/.local/share/compiler_gym/llvm-v0/cbench-v1-runtime-data/runtime_data/telecom_gsm_data/1.au
benchmark://cbench-v1/gsm,cbench-v1,A,2,O0,0,0.017626322,0,c5872720e8a99a35d3e03d7fe461cc92587c5de08d3f264cc5528b25c668c6b2,/home/nithi/.local/share/compiler_gym/llvm-v0/cbench-v1-runtime-data/runtime_data/telecom_gsm_data/1.au
benchmark://cbench-v1/gsm,cbench-v1,A,2,O0,1,0.018803146,0,c5872720e8a99a35d3e03d7fe461cc92587c5de08d3f264cc5528b25c668c6b2,/home/nithi/.local/share/compiler_gym/llvm-v0/cbench-v1-runtime-data/runtime_data/telecom_gsm_data/1.au
benchmark://cbench-v1/gsm,cbench-v1,A,2,O0,2,0.017277482,0,c5872720e8a99a35d3e03d7fe461cc92587c5de08d3f264cc5528b25c668c6b2,/home/nithi/.local/share/compiler_gym/llvm-v0/cbench-v1-runtime-data/runtime_data/telecom_gsm_data/1.au
benchmark://cbench-v1/gsm,cbench-v1,A,2,-licm,0,0.016044419,0,c5872720e8a99a35d3e03d7fe461cc92587c5de08d3f264cc5528b25c668c6b2,/home/nithi/.local/share/compiler_gym/llvm-v0/cbench-v1-runtime-data/runtime_data/telecom_gsm_data/1.au
benchmark://cbench-v1/gsm,cbench-v1,A,2,-licm,1,0.018028235,0,c5872720e8a99a35d3e03d7fe461cc92587c5de08d3f264cc5528b25c668c6b2,/home/nithi/.local/share/compiler_gym/llvm-v0/cbench-v1-runtime-data/runtime_data/telecom_gsm_data/1.au
benchmark://cbench-v1/gsm,cbench-v1,A,2,-licm,2,0.018471230,0,c5872720e8a99a35d3e03d7fe461cc92587c5de08d3f264cc5528b25c668c6b2,/home/nithi/.local/share/compiler_gym/llvm-v0/cbench-v1-runtime-data/runtime_data/telecom_gsm_data/1.au
benchmark://cbench-v1/gsm,cbench-v1,A,2,-loop-rotate,0,0.021616935,0,c5872720e8a99a35d3e03d7fe461cc92587c5de08d3f264cc5528b25c668c6b2,/home/nithi/.local/share/compiler_gym/llvm-v0/cbench-v1-runtime-data/runtime_data/telecom_gsm_data/1.au
benchmark://cbench-v1/gsm,cbench-v1,A,2,-loop-rotate,1,0.021260873,0,c5872720e8a99a35d3e03d7fe461cc92587c5de08d3f264cc5528b25c668c6b2,/home/nithi/.local/share/compiler_gym/llvm-v0/cbench-v1-runtime-data/runtime_data/telecom_gsm_data/1.au
benchmark://cbench-v1/gsm,cbench-v1,A,2,-loop-rotate,2,0.018501946,0,c5872720e8a99a35d3e03d7fe461cc92587c5de08d3f264cc5528b25c668c6b2,/home/nithi/.local/share/compiler_gym/llvm-v0/cbench-v1-runtime-data/runtime_data/telecom_gsm_data/1.au
benchmark://cbench-v1/gsm,cbench-v1,A,2,-loop-unroll,0,0.020453592,0,c5872720e8a99a35d3e03d7fe461cc92587c5de08d3f264cc5528b25c668c6b2,/home/nithi/.local/share/compiler_gym/llvm-v0/cbench-v1-runtime-data/runtime_data/telecom_gsm_data/1.au
benchmark://cbench-v1/gsm,cbench-v1,A,2,-loop-unroll,1,0.019284838,0,c5872720e8a99a35d3e03d7fe461cc92587c5de08d3f264cc5528b25c668c6b2,/home/nithi/.local/share/compiler_gym/llvm-v0/cbench-v1-runtime-data/runtime_data/telecom_gsm_data/1.au
benchmark://cbench-v1/gsm,cbench-v1,A,2,-loop-unroll,2,0.018793037,0,c5872720e8a99a35d3e03d7fe461cc92587c5de08d3f264cc5528b25c668c6b2,/home/nithi/.local/share/compiler_gym/llvm-v0/cbench-v1-runtime-data/runtime_data/telecom_gsm_data/1.au
benchmark://cbench-v1/gsm,cbench-v1,A,2,-loop-vectorize,0,0.018754478,0,c5872720e8a99a35d3e03d7fe461cc92587c5de08d3f264cc5528b25c668c6b2,/home/nithi/.local/share/compiler_gym/llvm-v0/cbench-v1-runtime-data/runtime_data/telecom_gsm_data/1.au
benchmark://cbench-v1/gsm,cbench-v1,A,2,-loop-vectorize,1,0.020604099,0,c5872720e8a99a35d3e03d7fe461cc92587c5de08d3f264cc5528b25c668c6b2,/home/nithi/.local/share/compiler_gym/llvm-v0/cbench-v1-runtime-data/runtime_data/telecom_gsm_data/1.au
benchmark://cbench-v1/gsm,cbench-v1,A,2,-loop-vectorize,2,0.020641208,0,c5872720e8a99a35d3e03d7fe461cc92587c5de08d3f264cc5528b25c668c6b2,/home/nithi/.local/share/compiler_gym/llvm-v0/cbench-v1-runtime-data/runtime_data/telecom_gsm_data/1.au
benchmark://cbench-v1/gsm,cbench-v1,A,2,-loop-deletion,0,0.020525266,0,c5872720e8a99a35d3e03d7fe461cc92587c5de08d3f264cc5528b25c668c6b2,/home/nithi/.local/share/compiler_gym/llvm-v0/cbench-v1-runtime-data/runtime_data/telecom_gsm_data/1.au
benchmark://cbench-v1/gsm,cbench-v1,A,2,-loop-deletion,1,0.020570549,0,c5872720e8a99a35d3e03d7fe461cc92587c5de08d3f264cc5528b25c668c6b2,/home/nithi/.local/share/compiler_gym/llvm-v0/cbench-v1-runtime-data/runtime_data/telecom_gsm_data/1.au
benchmark://cbench-v1/gsm,cbench-v1,A,2,-loop-deletion,2,0.021932244,0,c5872720e8a99a35d3e03d7fe461cc92587c5de08d3f264cc5528b25c668c6b2,/home/nithi/.local/share/compiler_gym/llvm-v0/cbench-v1-runtime-data/runtime_data/telecom_gsm_data/1.au
benchmark://cbench-v1/gsm,cbench-v1,A,2,-loop-unswitch,0,0.018229025,0,c5872720e8a99a35d3e03d7fe461cc92587c5de08d3f264cc5528b25c668c6b2,/home/nithi/.local/share/compiler_gym/llvm-v0/cbench-v1-runtime-data/runtime_data/telecom_gsm_data/1.au
benchmark://cbench-v1/gsm,cbench-v1,A,2,-loop-unswitch,1,0.019642654,0,c5872720e8a99a35d3e03d7fe461cc92587c5de08d3f264cc5528b25c668c6b2,/home/nithi/.local/share/compiler_gym/llvm-v0/cbench-v1-runtime-data/runtime_data/telecom_gsm_data/1.au
benchmark://cbench-v1/gsm,cbench-v1,A,2,-loop-unswitch,2,0.019910234,0,c5872720e8a99a35d3e03d7fe461cc92587c5de08d3f264cc5528b25c668c6b2,/home/nithi/.local/share/compiler_gym/llvm-v0/cbench-v1-runtime-data/runtime_data/telecom_gsm_data/1.au
benchmark://cbench-v1/gsm,cbench-v1,A,2,-loop-distribute,0,0.017652268,0,c5872720e8a99a35d3e03d7fe461cc92587c5de08d3f264cc5528b25c668c6b2,/home/nithi/.local/share/compiler_gym/llvm-v0/cbench-v1-runtime-data/runtime_data/telecom_gsm_data/1.au
benchmark://cbench-v1/gsm,cbench-v1,A,2,-loop-distribute,1,0.019962086,0,c5872720e8a99a35d3e03d7fe461cc92587c5de08d3f264cc5528b25c668c6b2,/home/nithi/.local/share/compiler_gym/llvm-v0/cbench-v1-runtime-data/runtime_data/telecom_gsm_data/1.au
benchmark://cbench-v1/gsm,cbench-v1,A,2,-loop-distribute,2,0.018665004,0,c5872720e8a99a35d3e03d7fe461cc92587c5de08d3f264cc5528b25c668c6b2,/home/nithi/.local/share/compiler_gym/llvm-v0/cbench-v1-runtime-data/runtime_data/telecom_gsm_data/1.au
benchmark://cbench-v1/gsm,cbench-v1,A,2,-indvars,0,0.018886064,0,c5872720e8a99a35d3e03d7fe461cc92587c5de08d3f264cc5528b25c668c6b2,/home/nithi/.local/share/compiler_gym/llvm-v0/cbench-v1-runtime-data/runtime_data/telecom_gsm_data/1.au
benchmark://cbench-v1/gsm,cbench-v1,A,2,-indvars,1,0.018357991,0,c5872720e8a99a35d3e03d7fe461cc92587c5de08d3f264cc5528b25c668c6b2,/home/nithi/.local/share/compiler_gym/llvm-v0/cbench-v1-runtime-data/runtime_data/telecom_gsm_data/1.au
benchmark://cbench-v1/gsm,cbench-v1,A,2,-indvars,2,0.018412458,0,c5872720e8a99a35d3e03d7fe461cc92587c5de08d3f264cc5528b25c668c6b2,/home/nithi/.local/share/compiler_gym/llvm-v0/cbench-v1-runtime-data/runtime_data/telecom_gsm_data/1.au
benchmark://cbench-v1/gsm,cbench-v1,B,1,O0,0,1.002154274,0,09c2c7c190d3209af2861c66f37792d186770381cecd6c1256006d254e51e943,/home/nithi/.local/share/compiler_gym/llvm-v0/cbench-v1-runtime-data/runtime_data/telecom_gsm_data/2.au
benchmark://cbench-v1/gsm,cbench-v1,B,1,O0,1,1.048552120,0,09c2c7c190d3209af2861c66f37792d186770381cecd6c1256006d254e51e943,/home/nithi/.local/share/compiler_gym/llvm-v0/cbench-v1-runtime-data/runtime_data/telecom_gsm_data/2.au
benchmark://cbench-v1/gsm,cbench-v1,B,1,O0,2,1.015578496,0,09c2c7c190d3209af2861c66f37792d186770381cecd6c1256006d254e51e943,/home/nithi/.local/share/compiler_gym/llvm-v0/cbench-v1-runtime-data/runtime_data/telecom_gsm_data/2.au
benchmark://cbench-v1/gsm,cbench-v1,B,1,O0,3,1.013040389,0,09c2c7c190d3209af2861c66f37792d186770381cecd6c1256006d254e51e943,/home/nithi/.local/share/compiler_gym/llvm-v0/cbench-v1-runtime-data/runtime_data/telecom_gsm_data/2.au
benchmark://cbench-v1/gsm,cbench-v1,B,1,O0,4,1.020024573,0,09c2c7c190d3209af2861c66f37792d186770381cecd6c1256006d254e51e943,/home/nithi/.local/share/compiler_gym/llvm-v0/cbench-v1-runtime-data/runtime_data/telecom_gsm_data/2.au
benchmark://cbench-v1/gsm,cbench-v1,B,1,-licm,0,1.014558776,0,09c2c7c190d3209af2861c66f37792d186770381cecd6c1256006d254e51e943,/home/nithi/.local/share/compiler_gym/llvm-v0/cbench-v1-runtime-data/runtime_data/telecom_gsm_data/2.au
benchmark://cbench-v1/gsm,cbench-v1,B,1,-licm,1,1.090476221,0,09c2c7c190d3209af2861c66f37792d186770381cecd6c1256006d254e51e943,/home/nithi/.local/share/compiler_gym/llvm-v0/cbench-v1-runtime-data/runtime_data/telecom_gsm_data/2.au
benchmark://cbench-v1/gsm,cbench-v1,B,1,-licm,2,1.008233527,0,09c2c7c190d3209af2861c66f37792d186770381cecd6c1256006d254e51e943,/home/nithi/.local/share/compiler_gym/llvm-v0/cbench-v1-runtime-data/runtime_data/telecom_gsm_data/2.au
benchmark://cbench-v1/gsm,cbench-v1,B,1,-licm,3,1.012730670,0,09c2c7c190d3209af2861c66f37792d186770381cecd6c1256006d254e51e943,/home/nithi/.local/share/compiler_gym/llvm-v0/cbench-v1-runtime-data/runtime_data/telecom_gsm_data/2.au
benchmark://cbench-v1/gsm,cbench-v1,B,1,-licm,4,1.015080669,0,09c2c7c190d3209af2861c66f37792d186770381cecd6c1256006d254e51e943,/home/nithi/.local/share/compiler_gym/llvm-v0/cbench-v1-runtime-data/runtime_data/telecom_gsm_data/2.au
benchmark://cbench-v1/gsm,cbench-v1,B,1,-loop-rotate,0,1.012102372,0,09c2c7c190d3209af2861c66f37792d186770381cecd6c1256006d254e51e943,/home/nithi/.local/share/compiler_gym/llvm-v0/cbench-v1-runtime-data/runtime_data/telecom_gsm_data/2.au
benchmark://cbench-v1/gsm,cbench-v1,B,1,-loop-rotate,1,1.036850241,0,09c2c7c190d3209af2861c66f37792d186770381cecd6c1256006d254e51e943,/home/nithi/.local/share/compiler_gym/llvm-v0/cbench-v1-runtime-data/runtime_data/telecom_gsm_data/2.au
benchmark://cbench-v1/gsm,cbench-v1,B,1,-loop-rotate,2,1.025799511,0,09c2c7c190d3209af2861c66f37792d186770381cecd6c1256006d254e51e943,/home/nithi/.local/share/compiler_gym/llvm-v0/cbench-v1-runtime-data/runtime_data/telecom_gsm_data/2.au
benchmark://cbench-v1/gsm,cbench-v1,B,1,-loop-rotate,3,1.013672062,0,09c2c7c190d3209af2861c66f37792d186770381cecd6c1256006d254e51e943,/home/nithi/.local/share/compiler_gym/llvm-v0/cbench-v1-runtime-data/runtime_data/telecom_gsm_data/2.au
benchmark://cbench-v1/gsm,cbench-v1,B,1,-loop-rotate,4,1.008639902,0,09c2c7c190d3209af2861c66f37792d186770381cecd6c1256006d254e51e943,/home/nithi/.local/share/compiler_gym/llvm-v0/cbench-v1-runtime-data/runtime_data/telecom_gsm_data/2.au
benchmark://cbench-v1/gsm,cbench-v1,B,1,-loop-unroll,0,1.009849877,0,09c2c7c190d3209af2861c66f37792d186770381cecd6c1256006d254e51e943,/home/nithi/.local/share/compiler_gym/llvm-v0/cbench-v1-runtime-data/runtime_data/telecom_gsm_data/2.au
benchmark://cbench-v1/gsm,cbench-v1,B,1,-loop-unroll,1,1.025125269,0,09c2c7c190d3209af2861c66f37792d186770381cecd6c1256006d254e51e943,/home/nithi/.local/share/compiler_gym/llvm-v0/cbench-v1-runtime-data/runtime_data/telecom_gsm_data/2.au
benchmark://cbench-v1/gsm,cbench-v1,B,1,-loop-unroll,2,1.017390996,0,09c2c7c190d3209af2861c66f37792d186770381cecd6c1256006d254e51e943,/home/nithi/.local/share/compiler_gym/llvm-v0/cbench-v1-runtime-data/runtime_data/telecom_gsm_data/2.au
benchmark://cbench-v1/gsm,cbench-v1,B,1,-loop-unroll,3,1.021015351,0,09c2c7c190d3209af2861c66f37792d186770381cecd6c1256006d254e51e943,/home/nithi/.local/share/compiler_gym/llvm-v0/cbench-v1-runtime-data/runtime_data/telecom_gsm_data/2.au
benchmark://cbench-v1/gsm,cbench-v1,B,1,-loop-unroll,4,1.012727023,0,09c2c7c190d3209af2861c66f37792d186770381cecd6c1256006d254e51e943,/home/nithi/.local/share/compiler_gym/llvm-v0/cbench-v1-runtime-data/runtime_data/telecom_gsm_data/2.au
benchmark://cbench-v1/gsm,cbench-v1,B,1,-loop-vectorize,0,0.997805441,0,09c2c7c190d3209af2861c66f37792d186770381cecd6c1256006d254e51e943,/home/nithi/.local/share/compiler_gym/llvm-v0/cbench-v1-runtime-data/runtime_data/telecom_gsm_data/2.au
benchmark://cbench-v1/gsm,cbench-v1,B,1,-loop-vectorize,1,1.021733344,0,09c2c7c190d3209af2861c66f37792d186770381cecd6c1256006d254e51e943,/home/nithi/.local/share/compiler_gym/llvm-v0/cbench-v1-runtime-data/runtime_data/telecom_gsm_data/2.au
benchmark://cbench-v1/gsm,cbench-v1,B,1,-loop-vectorize,2,1.009032910,0,09c2c7c190d3209af2861c66f37792d186770381cecd6c1256006d254e51e943,/home/nithi/.local/share/compiler_gym/llvm-v0/cbench-v1-runtime-data/runtime_data/telecom_gsm_data/2.au
benchmark://cbench-v1/gsm,cbench-v1,B,1,-loop-vectorize,3,1.019925996,0,09c2c7c190d3209af2861c66f37792d186770381cecd6c1256006d254e51e943,/home/nithi/.local/share/compiler_gym/llvm-v0/cbench-v1-runtime-data/runtime_data/telecom_gsm_data/2.au
benchmark://cbench-v1/gsm,cbench-v1,B,1,-loop-vectorize,4,1.041390423,0,09c2c7c190d3209af2861c66f37792d186770381cecd6c1256006d254e51e943,/home/nithi/.local/share/compiler_gym/llvm-v0/cbench-v1-runtime-data/runtime_data/telecom_gsm_data/2.au
benchmark://cbench-v1/gsm,cbench-v1,B,1,-loop-deletion,0,1.001238073,0,09c2c7c190d3209af2861c66f37792d186770381cecd6c1256006d254e51e943,/home/nithi/.local/share/compiler_gym/llvm-v0/cbench-v1-runtime-data/runtime_data/telecom_gsm_data/2.au
benchmark://cbench-v1/gsm,cbench-v1,B,1,-loop-deletion,1,1.042014226,0,09c2c7c190d3209af2861c66f37792d186770381cecd6c1256006d254e51e943,/home/nithi/.local/share/compiler_gym/llvm-v0/cbench-v1-runtime-data/runtime_data/telecom_gsm_data/2.au
benchmark://cbench-v1/gsm,cbench-v1,B,1,-loop-deletion,2,1.024879309,0,09c2c7c190d3209af2861c66f37792d186770381cecd6c1256006d254e51e943,/home/nithi/.local/share/compiler_gym/llvm-v0/cbench-v1-runtime-data/runtime_data/telecom_gsm_data/2.au
benchmark://cbench-v1/gsm,cbench-v1,B,1,-loop-deletion,3,1.000615299,0,09c2c7c190d3209af2861c66f37792d186770381cecd6c1256006d254e51e943,/home/nithi/.local/share/compiler_gym/llvm-v0/cbench-v1-runtime-data/runtime_data/telecom_gsm_data/2.au
benchmark://cbench-v1/gsm,cbench-v1,B,1,-loop-deletion,4,1.014976446,0,09c2c7c190d3209af2861c66f37792d186770381cecd6c1256006d254e51e943,/home/nithi/.local/share/compiler_gym/llvm-v0/cbench-v1-runtime-data/runtime_data/telecom_gsm_data/2.au
benchmark://cbench-v1/gsm,cbench-v1,B,1,-loop-unswitch,0,1.028790611,0,09c2c7c190d3209af2861c66f37792d186770381cecd6c1256006d254e51e943,/home/nithi/.local/share/compiler_gym/llvm-v0/cbench-v1-runtime-data/runtime_data/telecom_gsm_data/2.au
benchmark://cbench-v1/gsm,cbench-v1,B,1,-loop-unswitch,1,1.057527118,0,09c2c7c190d3209af2861c66f37792d186770381cecd6c1256006d254e51e943,/home/nithi/.local/share/compiler_gym/llvm-v0/cbench-v1-runtime-data/runtime_data/telecom_gsm_data/2.au
benchmark://cbench-v1/gsm,cbench-v1,B,1,-loop-unswitch,2,1.031554798,0,09c2c7c190d3209af2861c66f37792d186770381cecd6c1256006d254e51e943,/home/nithi/.local/share/compiler_gym/llvm-v0/cbench-v1-runtime-data/runtime_data/telecom_gsm_data/2.au
benchmark://cbench-v1/gsm,cbench-v1,B,1,-loop-unswitch,3,1.010401024,0,09c2c7c190d3209af2861c66f37792d186770381cecd6c1256006d254e51e943,/home/nithi/.local/share/compiler_gym/llvm-v0/cbench-v1-runtime-data/runtime_data/telecom_gsm_data/2.au
benchmark://cbench-v1/gsm,cbench-v1,B,1,-loop-unswitch,4,1.014363215,0,09c2c7c190d3209af2861c66f37792d186770381cecd6c1256006d254e51e943,/home/nithi/.local/share/compiler_gym/llvm-v0/cbench-v1-runtime-data/runtime_data/telecom_gsm_data/2.au
benchmark://cbench-v1/gsm,cbench-v1,B,1,-loop-distribute,0,1.049456057,0,09c2c7c190d3209af2861c66f37792d186770381cecd6c1256006d254e51e943,/home/nithi/.local/share/compiler_gym/llvm-v0/cbench-v1-runtime-data/runtime_data/telecom_gsm_data/2.au
benchmark://cbench-v1/gsm,cbench-v1,B,1,-loop-distribute,1,1.024237715,0,09c2c7c190d3209af2861c66f37792d186770381cecd6c1256006d254e51e943,/home/nithi/.local/share/compiler_gym/llvm-v0/cbench-v1-runtime-data/runtime_data/telecom_gsm_data/2.au
benchmark://cbench-v1/gsm,cbench-v1,B,1,-loop-distribute,2,1.014469283,0,09c2c7c190d3209af2861c66f37792d186770381cecd6c1256006d254e51e943,/home/nithi/.local/share/compiler_gym/llvm-v0/cbench-v1-runtime-data/runtime_data/telecom_gsm_data/2.au
benchmark://cbench-v1/gsm,cbench-v1,B,1,-loop-distribute,3,1.008671941,0,09c2c7c190d3209af2861c66f37792d186770381cecd6c1256006d254e51e943,/home/nithi/.local/share/compiler_gym/llvm-v0/cbench-v1-runtime-data/runtime_data/telecom_gsm_data/2.au
benchmark://cbench-v1/gsm,cbench-v1,B,1,-loop-distribute,4,1.031138063,0,09c2c7c190d3209af2861c66f37792d186770381cecd6c1256006d254e51e943,/home/nithi/.local/share/compiler_gym/llvm-v0/cbench-v1-runtime-data/runtime_data/telecom_gsm_data/2.au
benchmark://cbench-v1/gsm,cbench-v1,B,1,-indvars,0,1.047578031,0,09c2c7c190d3209af2861c66f37792d186770381cecd6c1256006d254e51e943,/home/nithi/.local/share/compiler_gym/llvm-v0/cbench-v1-runtime-data/runtime_data/telecom_gsm_data/2.au
benchmark://cbench-v1/gsm,cbench-v1,B,1,-indvars,1,1.032371998,0,09c2c7c190d3209af2861c66f37792d186770381cecd6c1256006d254e51e943,/home/nithi/.local/share/compiler_gym/llvm-v0/cbench-v1-runtime-data/runtime_data/telecom_gsm_data/2.au
benchmark://cbench-v1/gsm,cbench-v1,B,1,-indvars,2,1.020443735,0,09c2c7c190d3209af2861c66f37792d186770381cecd6c1256006d254e51e943,/home/nithi/.local/share/compiler_gym/llvm-v0/cbench-v1-runtime-data/runtime_data/telecom_gsm_data/2.au
benchmark://cbench-v1/gsm,cbench-v1,B,1,-indvars,3,1.002922673,0,09c2c7c190d3209af2861c66f37792d186770381cecd6c1256006d254e51e943,/home/nithi/.local/share/compiler_gym/llvm-v0/cbench-v1-runtime-data/runtime_data/telecom_gsm_data/2.au
benchmark://cbench-v1/gsm,cbench-v1,B,1,-indvars,4,1.007768806,0,09c2c7c190d3209af2861c66f37792d186770381cecd6c1256006d254e51e943,/home/nithi/.local/share/compiler_gym/llvm-v0/cbench-v1-runtime-data/runtime_data/telecom_gsm_data/2.au
benchmark://cbench-v1/gsm,cbench-v1,B,2,O0,0,1.009405022,0,09c2c7c190d3209af2861c66f37792d186770381cecd6c1256006d254e51e943,/home/nithi/.local/share/compiler_gym/llvm-v0/cbench-v1-runtime-data/runtime_data/telecom_gsm_data/2.au
benchmark://cbench-v1/gsm,cbench-v1,B,2,O0,1,1.015617137,0,09c2c7c190d3209af2861c66f37792d186770381cecd6c1256006d254e51e943,/home/nithi/.local/share/compiler_gym/llvm-v0/cbench-v1-runtime-data/runtime_data/telecom_gsm_data/2.au
benchmark://cbench-v1/gsm,cbench-v1,B,2,O0,2,1.016456919,0,09c2c7c190d3209af2861c66f37792d186770381cecd6c1256006d254e51e943,/home/nithi/.local/share/compiler_gym/llvm-v0/cbench-v1-runtime-data/runtime_data/telecom_gsm_data/2.au
benchmark://cbench-v1/gsm,cbench-v1,B,2,O0,3,1.009749060,0,09c2c7c190d3209af2861c66f37792d186770381cecd6c1256006d254e51e943,/home/nithi/.local/share/compiler_gym/llvm-v0/cbench-v1-runtime-data/runtime_data/telecom_gsm_data/2.au
benchmark://cbench-v1/gsm,cbench-v1,B,2,O0,4,1.007062432,0,09c2c7c190d3209af2861c66f37792d186770381cecd6c1256006d254e51e943,/home/nithi/.local/share/compiler_gym/llvm-v0/cbench-v1-runtime-data/runtime_data/telecom_gsm_data/2.au
benchmark://cbench-v1/gsm,cbench-v1,B,2,-licm,0,1.014491113,0,09c2c7c190d3209af2861c66f37792d186770381cecd6c1256006d254e51e943,/home/nithi/.local/share/compiler_gym/llvm-v0/cbench-v1-runtime-data/runtime_data/telecom_gsm_data/2.au
benchmark://cbench-v1/gsm,cbench-v1,B,2,-licm,1,1.013298674,0,09c2c7c190d3209af2861c66f37792d186770381cecd6c1256006d254e51e943,/home/nithi/.local/share/compiler_gym/llvm-v0/cbench-v1-runtime-data/runtime_data/telecom_gsm_data/2.au
benchmark://cbench-v1/gsm,cbench-v1,B,2,-licm,2,1.024383777,0,09c2c7c190d3209af2861c66f37792d186770381cecd6c1256006d254e51e943,/home/nithi/.local/share/compiler_gym/llvm-v0/cbench-v1-runtime-data/runtime_data/telecom_gsm_data/2.au
benchmark://cbench-v1/gsm,cbench-v1,B,2,-licm,3,1.018794856,0,09c2c7c190d3209af2861c66f37792d186770381cecd6c1256006d254e51e943,/home/nithi/.local/share/compiler_gym/llvm-v0/cbench-v1-runtime-data/runtime_data/telecom_gsm_data/2.au
benchmark://cbench-v1/gsm,cbench-v1,B,2,-licm,4,1.011374900,0,09c2c7c190d3209af2861c66f37792d186770381cecd6c1256006d254e51e943,/home/nithi/.local/share/compiler_gym/llvm-v0/cbench-v1-runtime-data/runtime_data/telecom_gsm_data/2.au
benchmark://cbench-v1/gsm,cbench-v1,B,2,-loop-rotate,0,1.024035616,0,09c2c7c190d3209af2861c66f37792d186770381cecd6c1256006d254e51e943,/home/nithi/.local/share/compiler_gym/llvm-v0/cbench-v1-runtime-data/runtime_data/telecom_gsm_data/2.au
benchmark://cbench-v1/gsm,cbench-v1,B,2,-loop-rotate,1,1.014486230,0,09c2c7c190d3209af2861c66f37792d186770381cecd6c1256006d254e51e943,/home/nithi/.local/share/compiler_gym/llvm-v0/cbench-v1-runtime-data/runtime_data/telecom_gsm_data/2.au
benchmark://cbench-v1/gsm,cbench-v1,B,2,-loop-rotate,2,1.024479786,0,09c2c7c190d3209af2861c66f37792d186770381cecd6c1256006d254e51e943,/home/nithi/.local/share/compiler_gym/llvm-v0/cbench-v1-runtime-data/runtime_data/telecom_gsm_data/2.au
benchmark://cbench-v1/gsm,cbench-v1,B,2,-loop-rotate,3,1.020224272,0,09c2c7c190d3209af2861c66f37792d186770381cecd6c1256006d254e51e943,/home/nithi/.local/share/compiler_gym/llvm-v0/cbench-v1-runtime-data/runtime_data/telecom_gsm_data/2.au
benchmark://cbench-v1/gsm,cbench-v1,B,2,-loop-rotate,4,1.021384682,0,09c2c7c190d3209af2861c66f37792d186770381cecd6c1256006d254e51e943,/home/nithi/.local/share/compiler_gym/llvm-v0/cbench-v1-runtime-data/runtime_data/telecom_gsm_data/2.au
benchmark://cbench-v1/gsm,cbench-v1,B,2,-loop-unroll,0,1.012428172,0,09c2c7c190d3209af2861c66f37792d186770381cecd6c1256006d254e51e943,/home/nithi/.local/share/compiler_gym/llvm-v0/cbench-v1-runtime-data/runtime_data/telecom_gsm_data/2.au
benchmark://cbench-v1/gsm,cbench-v1,B,2,-loop-unroll,1,1.024370010,0,09c2c7c190d3209af2861c66f37792d186770381cecd6c1256006d254e51e943,/home/nithi/.local/share/compiler_gym/llvm-v0/cbench-v1-runtime-data/runtime_data/telecom_gsm_data/2.au
benchmark://cbench-v1/gsm,cbench-v1,B,2,-loop-unroll,2,1.011300580,0,09c2c7c190d3209af2861c66f37792d186770381cecd6c1256006d254e51e943,/home/nithi/.local/share/compiler_gym/llvm-v0/cbench-v1-runtime-data/runtime_data/telecom_gsm_data/2.au
benchmark://cbench-v1/gsm,cbench-v1,B,2,-loop-unroll,3,1.013289270,0,09c2c7c190d3209af2861c66f37792d186770381cecd6c1256006d254e51e943,/home/nithi/.local/share/compiler_gym/llvm-v0/cbench-v1-runtime-data/runtime_data/telecom_gsm_data/2.au
benchmark://cbench-v1/gsm,cbench-v1,B,2,-loop-unroll,4,1.020007911,0,09c2c7c190d3209af2861c66f37792d186770381cecd6c1256006d254e51e943,/home/nithi/.local/share/compiler_gym/llvm-v0/cbench-v1-runtime-data/runtime_data/telecom_gsm_data/2.au
benchmark://cbench-v1/gsm,cbench-v1,B,2,-loop-vectorize,0,1.016334473,0,09c2c7c190d3209af2861c66f37792d186770381cecd6c1256006d254e51e943,/home/nithi/.local/share/compiler_gym/llvm-v0/cbench-v1-runtime-data/runtime_data/telecom_gsm_data/2.au
benchmark://cbench-v1/gsm,cbench-v1,B,2,-loop-vectorize,1,1.021658344,0,09c2c7c190d3209af2861c66f37792d186770381cecd6c1256006d254e51e943,/home/nithi/.local/share/compiler_gym/llvm-v0/cbench-v1-runtime-data/runtime_data/telecom_gsm_data/2.au
benchmark://cbench-v1/gsm,cbench-v1,B,2,-loop-vectorize,2,1.019088358,0,09c2c7c190d3209af2861c66f37792d186770381cecd6c1256006d254e51e943,/home/nithi/.local/share/compiler_gym/llvm-v0/cbench-v1-runtime-data/runtime_data/telecom_gsm_data/2.au
benchmark://cbench-v1/gsm,cbench-v1,B,2,-loop-vectorize,3,1.019687124,0,09c2c7c190d3209af2861c66f37792d186770381cecd6c1256006d254e51e943,/home/nithi/.local/share/compiler_gym/llvm-v0/cbench-v1-runtime-data/runtime_data/telecom_gsm_data/2.au
benchmark://cbench-v1/gsm,cbench-v1,B,2,-loop-vectorize,4,1.009196146,0,09c2c7c190d3209af2861c66f37792d186770381cecd6c1256006d254e51e943,/home/nithi/.local/share/compiler_gym/llvm-v0/cbench-v1-runtime-data/runtime_data/telecom_gsm_data/2.au
benchmark://cbench-v1/gsm,cbench-v1,B,2,-loop-deletion,0,1.014792441,0,09c2c7c190d3209af2861c66f37792d186770381cecd6c1256006d254e51e943,/home/nithi/.local/share/compiler_gym/llvm-v0/cbench-v1-runtime-data/runtime_data/telecom_gsm_data/2.au
benchmark://cbench-v1/gsm,cbench-v1,B,2,-loop-deletion,1,1.011804319,0,09c2c7c190d3209af2861c66f37792d186770381cecd6c1256006d254e51e943,/home/nithi/.local/share/compiler_gym/llvm-v0/cbench-v1-runtime-data/runtime_data/telecom_gsm_data/2.au
benchmark://cbench-v1/gsm,cbench-v1,B,2,-loop-deletion,2,1.012353090,0,09c2c7c190d3209af2861c66f37792d186770381cecd6c1256006d254e51e943,/home/nithi/.local/share/compiler_gym/llvm-v0/cbench-v1-runtime-data/runtime_data/telecom_gsm_data/2.au
benchmark://cbench-v1/gsm,cbench-v1,B,2,-loop-deletion,3,1.013944024,0,09c2c7c190d3209af2861c66f37792d186770381cecd6c1256006d254e51e943,/home/nithi/.local/share/compiler_gym/llvm-v0/cbench-v1-runtime-data/runtime_data/telecom_gsm_data/2.au
benchmark://cbench-v1/gsm,cbench-v1,B,2,-loop-deletion,4,1.012077124,0,09c2c7c190d3209af2861c66f37792d186770381cecd6c1256006d254e51e943,/home/nithi/.local/share/compiler_gym/llvm-v0/cbench-v1-runtime-data/runtime_data/telecom_gsm_data/2.au
benchmark://cbench-v1/gsm,cbench-v1,B,2,-loop-unswitch,0,1.013405734,0,09c2c7c190d3209af2861c66f37792d186770381cecd6c1256006d254e51e943,/home/nithi/.local/share/compiler_gym/llvm-v0/cbench-v1-runtime-data/runtime_data/telecom_gsm_data/2.au
benchmark://cbench-v1/gsm,cbench-v1,B,2,-loop-unswitch,1,1.013261341,0,09c2c7c190d3209af2861c66f37792d186770381cecd6c1256006d254e51e943,/home/nithi/.local/share/compiler_gym/llvm-v0/cbench-v1-runtime-data/runtime_data/telecom_gsm_data/2.au
benchmark://cbench-v1/gsm,cbench-v1,B,2,-loop-unswitch,2,1.012974603,0,09c2c7c190d3209af2861c66f37792d186770381cecd6c1256006d254e51e943,/home/nithi/.local/share/compiler_gym/llvm-v0/cbench-v1-runtime-data/runtime_data/telecom_gsm_data/2.au
benchmark://cbench-v1/gsm,cbench-v1,B,2,-loop-unswitch,3,1.018055447,0,09c2c7c190d3209af2861c66f37792d186770381cecd6c1256006d254e51e943,/home/nithi/.local/share/compiler_gym/llvm-v0/cbench-v1-runtime-data/runtime_data/telecom_gsm_data/2.au
benchmark://cbench-v1/gsm,cbench-v1,B,2,-loop-unswitch,4,1.015748648,0,09c2c7c190d3209af2861c66f37792d186770381cecd6c1256006d254e51e943,/home/nithi/.local/share/compiler_gym/llvm-v0/cbench-v1-runtime-data/runtime_data/telecom_gsm_data/2.au
benchmark://cbench-v1/gsm,cbench-v1,B,2,-loop-distribute,0,1.017884690,0,09c2c7c190d3209af2861c66f37792d186770381cecd6c1256006d254e51e943,/home/nithi/.local/share/compiler_gym/llvm-v0/cbench-v1-runtime-data/runtime_data/telecom_gsm_data/2.au
benchmark://cbench-v1/gsm,cbench-v1,B,2,-loop-distribute,1,1.009621653,0,09c2c7c190d3209af2861c66f37792d186770381cecd6c1256006d254e51e943,/home/nithi/.local/share/compiler_gym/llvm-v0/cbench-v1-runtime-data/runtime_data/telecom_gsm_data/2.au
benchmark://cbench-v1/gsm,cbench-v1,B,2,-loop-distribute,2,1.019216565,0,09c2c7c190d3209af2861c66f37792d186770381cecd6c1256006d254e51e943,/home/nithi/.local/share/compiler_gym/llvm-v0/cbench-v1-runtime-data/runtime_data/telecom_gsm_data/2.au
benchmark://cbench-v1/gsm,cbench-v1,B,2,-loop-distribute,3,1.015863900,0,09c2c7c190d3209af2861c66f37792d186770381cecd6c1256006d254e51e943,/home/nithi/.local/share/compiler_gym/llvm-v0/cbench-v1-runtime-data/runtime_data/telecom_gsm_data/2.au
benchmark://cbench-v1/gsm,cbench-v1,B,2,-loop-distribute,4,1.003660057,0,09c2c7c190d3209af2861c66f37792d186770381cecd6c1256006d254e51e943,/home/nithi/.local/share/compiler_gym/llvm-v0/cbench-v1-runtime-data/runtime_data/telecom_gsm_data/2.au
benchmark://cbench-v1/gsm,cbench-v1,B,2,-indvars,0,1.022478139,0,09c2c7c190d3209af2861c66f37792d186770381cecd6c1256006d254e51e943,/home/nithi/.local/share/compiler_gym/llvm-v0/cbench-v1-runtime-data/runtime_data/telecom_gsm_data/2.au
benchmark://cbench-v1/gsm,cbench-v1,B,2,-indvars,1,1.009302851,0,09c2c7c190d3209af2861c66f37792d186770381cecd6c1256006d254e51e943,/home/nithi/.local/share/compiler_gym/llvm-v0/cbench-v1-runtime-data/runtime_data/telecom_gsm_data/2.au
benchmark://cbench-v1/gsm,cbench-v1,B,2,-indvars,2,1.020436658,0,09c2c7c190d3209af2861c66f37792d186770381cecd6c1256006d254e51e943,/home/nithi/.local/share/compiler_gym/llvm-v0/cbench-v1-runtime-data/runtime_data/telecom_gsm_data/2.au
benchmark://cbench-v1/gsm,cbench-v1,B,2,-indvars,3,1.013742109,0,09c2c7c190d3209af2861c66f37792d186770381cecd6c1256006d254e51e943,/home/nithi/.local/share/compiler_gym/llvm-v0/cbench-v1-runtime-data/runtime_data/telecom_gsm_data/2.au
benchmark://cbench-v1/gsm,cbench-v1,B,2,-indvars,4,1.018754622,0,09c2c7c190d3209af2861c66f37792d186770381cecd6c1256006d254e51e943,/home/nithi/.local/share/compiler_gym/llvm-v0/cbench-v1-runtime-data/runtime_data/telecom_gsm_data/2.au
benchmark://cbench-v1/tiff2rgba,cbench-v1,A,1,O0,0,0.042970972,0,e3b0c44298fc1c149afbf4c8996fb92427ae41e4649b934ca495991b7852b855,/home/nithi/.local/share/compiler_gym/llvm-v0/cbench-v1-runtime-data/runtime_data/consumer_tiff_data/1.bw.tif
benchmark://cbench-v1/tiff2rgba,cbench-v1,A,1,O0,1,0.037824462,0,e3b0c44298fc1c149afbf4c8996fb92427ae41e4649b934ca495991b7852b855,/home/nithi/.local/share/compiler_gym/llvm-v0/cbench-v1-runtime-data/runtime_data/consumer_tiff_data/1.bw.tif
benchmark://cbench-v1/tiff2rgba,cbench-v1,A,1,O0,2,0.040550909,0,e3b0c44298fc1c149afbf4c8996fb92427ae41e4649b934ca495991b7852b855,/home/nithi/.local/share/compiler_gym/llvm-v0/cbench-v1-runtime-data/runtime_data/consumer_tiff_data/1.bw.tif
benchmark://cbench-v1/tiff2rgba,cbench-v1,A,1,-licm,0,0.031932351,0,e3b0c44298fc1c149afbf4c8996fb92427ae41e4649b934ca495991b7852b855,/home/nithi/.local/share/compiler_gym/llvm-v0/cbench-v1-runtime-data/runtime_data/consumer_tiff_data/1.bw.tif
benchmark://cbench-v1/tiff2rgba,cbench-v1,A,1,-licm,1,0.031415393,0,e3b0c44298fc1c149afbf4c8996fb92427ae41e4649b934ca495991b7852b855,/home/nithi/.local/share/compiler_gym/llvm-v0/cbench-v1-runtime-data/runtime_data/consumer_tiff_data/1.bw.tif
benchmark://cbench-v1/tiff2rgba,cbench-v1,A,1,-licm,2,0.036581676,0,e3b0c44298fc1c149afbf4c8996fb92427ae41e4649b934ca495991b7852b855,/home/nithi/.local/share/compiler_gym/llvm-v0/cbench-v1-runtime-data/runtime_data/consumer_tiff_data/1.bw.tif
benchmark://cbench-v1/tiff2rgba,cbench-v1,A,1,-loop-rotate,0,0.037015842,0,e3b0c44298fc1c149afbf4c8996fb92427ae41e4649b934ca495991b7852b855,/home/nithi/.local/share/compiler_gym/llvm-v0/cbench-v1-runtime-data/runtime_data/consumer_tiff_data/1.bw.tif
benchmark://cbench-v1/tiff2rgba,cbench-v1,A,1,-loop-rotate,1,0.035216372,0,e3b0c44298fc1c149afbf4c8996fb92427ae41e4649b934ca495991b7852b855,/home/nithi/.local/share/compiler_gym/llvm-v0/cbench-v1-runtime-data/runtime_data/consumer_tiff_data/1.bw.tif
benchmark://cbench-v1/tiff2rgba,cbench-v1,A,1,-loop-rotate,2,0.036010126,0,e3b0c44298fc1c149afbf4c8996fb92427ae41e4649b934ca495991b7852b855,/home/nithi/.local/share/compiler_gym/llvm-v0/cbench-v1-runtime-data/runtime_data/consumer_tiff_data/1.bw.tif
benchmark://cbench-v1/tiff2rgba,cbench-v1,A,1,-loop-unroll,0,0.036151364,0,e3b0c44298fc1c149afbf4c8996fb92427ae41e4649b934ca495991b7852b855,/home/nithi/.local/share/compiler_gym/llvm-v0/cbench-v1-runtime-data/runtime_data/consumer_tiff_data/1.bw.tif
benchmark://cbench-v1/tiff2rgba,cbench-v1,A,1,-loop-unroll,1,0.043017077,0,e3b0c44298fc1c149afbf4c8996fb92427ae41e4649b934ca495991b7852b855,/home/nithi/.local/share/compiler_gym/llvm-v0/cbench-v1-runtime-data/runtime_data/consumer_tiff_data/1.bw.tif
benchmark://cbench-v1/tiff2rgba,cbench-v1,A,1,-loop-unroll,2,0.038793490,0,e3b0c44298fc1c149afbf4c8996fb92427ae41e4649b934ca495991b7852b855,/home/nithi/.local/share/compiler_gym/llvm-v0/cbench-v1-runtime-data/runtime_data/consumer_tiff_data/1.bw.tif
benchmark://cbench-v1/tiff2rgba,cbench-v1,A,1,-loop-vectorize,0,0.043047066,0,e3b0c44298fc1c149afbf4c8996fb92427ae41e4649b934ca495991b7852b855,/home/nithi/.local/share/compiler_gym/llvm-v0/cbench-v1-runtime-data/runtime_data/consumer_tiff_data/1.bw.tif
benchmark://cbench-v1/tiff2rgba,cbench-v1,A,1,-loop-vectorize,1,0.036443488,0,e3b0c44298fc1c149afbf4c8996fb92427ae41e4649b934ca495991b7852b855,/home/nithi/.local/share/compiler_gym/llvm-v0/cbench-v1-runtime-data/runtime_data/consumer_tiff_data/1.bw.tif
benchmark://cbench-v1/tiff2rgba,cbench-v1,A,1,-loop-vectorize,2,0.044350479,0,e3b0c44298fc1c149afbf4c8996fb92427ae41e4649b934ca495991b7852b855,/home/nithi/.local/share/compiler_gym/llvm-v0/cbench-v1-runtime-data/runtime_data/consumer_tiff_data/1.bw.tif
benchmark://cbench-v1/tiff2rgba,cbench-v1,A,1,-loop-deletion,0,0.038236962,0,e3b0c44298fc1c149afbf4c8996fb92427ae41e4649b934ca495991b7852b855,/home/nithi/.local/share/compiler_gym/llvm-v0/cbench-v1-runtime-data/runtime_data/consumer_tiff_data/1.bw.tif
benchmark://cbench-v1/tiff2rgba,cbench-v1,A,1,-loop-deletion,1,0.037867526,0,e3b0c44298fc1c149afbf4c8996fb92427ae41e4649b934ca495991b7852b855,/home/nithi/.local/share/compiler_gym/llvm-v0/cbench-v1-runtime-data/runtime_data/consumer_tiff_data/1.bw.tif
benchmark://cbench-v1/tiff2rgba,cbench-v1,A,1,-loop-deletion,2,0.040005268,0,e3b0c44298fc1c149afbf4c8996fb92427ae41e4649b934ca495991b7852b855,/home/nithi/.local/share/compiler_gym/llvm-v0/cbench-v1-runtime-data/runtime_data/consumer_tiff_data/1.bw.tif
benchmark://cbench-v1/tiff2rgba,cbench-v1,A,1,-loop-unswitch,0,0.036940486,0,e3b0c44298fc1c149afbf4c8996fb92427ae41e4649b934ca495991b7852b855,/home/nithi/.local/share/compiler_gym/llvm-v0/cbench-v1-runtime-data/runtime_data/consumer_tiff_data/1.bw.tif
benchmark://cbench-v1/tiff2rgba,cbench-v1,A,1,-loop-unswitch,1,0.040835262,0,e3b0c44298fc1c149afbf4c8996fb92427ae41e4649b934ca495991b7852b855,/home/nithi/.local/share/compiler_gym/llvm-v0/cbench-v1-runtime-data/runtime_data/consumer_tiff_data/1.bw.tif
benchmark://cbench-v1/tiff2rgba,cbench-v1,A,1,-loop-unswitch,2,0.039161869,0,e3b0c44298fc1c149afbf4c8996fb92427ae41e4649b934ca495991b7852b855,/home/nithi/.local/share/compiler_gym/llvm-v0/cbench-v1-runtime-data/runtime_data/consumer_tiff_data/1.bw.tif
benchmark://cbench-v1/tiff2rgba,cbench-v1,A,1,-loop-distribute,0,0.038082901,0,e3b0c44298fc1c149afbf4c8996fb92427ae41e4649b934ca495991b7852b855,/home/nithi/.local/share/compiler_gym/llvm-v0/cbench-v1-runtime-data/runtime_data/consumer_tiff_data/1.bw.tif
benchmark://cbench-v1/tiff2rgba,cbench-v1,A,1,-loop-distribute,1,0.042575363,0,e3b0c44298fc1c149afbf4c8996fb92427ae41e4649b934ca495991b7852b855,/home/nithi/.local/share/compiler_gym/llvm-v0/cbench-v1-runtime-data/runtime_data/consumer_tiff_data/1.bw.tif
benchmark://cbench-v1/tiff2rgba,cbench-v1,A,1,-loop-distribute,2,0.042043896,0,e3b0c44298fc1c149afbf4c8996fb92427ae41e4649b934ca495991b7852b855,/home/nithi/.local/share/compiler_gym/llvm-v0/cbench-v1-runtime-data/runtime_data/consumer_tiff_data/1.bw.tif
benchmark://cbench-v1/tiff2rgba,cbench-v1,A,1,-indvars,0,0.045451865,0,e3b0c44298fc1c149afbf4c8996fb92427ae41e4649b934ca495991b7852b855,/home/nithi/.local/share/compiler_gym/llvm-v0/cbench-v1-runtime-data/runtime_data/consumer_tiff_data/1.bw.tif
benchmark://cbench-v1/tiff2rgba,cbench-v1,A,1,-indvars,1,0.043700020,0,e3b0c44298fc1c149afbf4c8996fb92427ae41e4649b934ca495991b7852b855,/home/nithi/.local/share/compiler_gym/llvm-v0/cbench-v1-runtime-data/runtime_data/consumer_tiff_data/1.bw.tif
benchmark://cbench-v1/tiff2rgba,cbench-v1,A,1,-indvars,2,0.043868186,0,e3b0c44298fc1c149afbf4c8996fb92427ae41e4649b934ca495991b7852b855,/home/nithi/.local/share/compiler_gym/llvm-v0/cbench-v1-runtime-data/runtime_data/consumer_tiff_data/1.bw.tif
benchmark://cbench-v1/tiff2rgba,cbench-v1,A,2,O0,0,0.040031532,0,e3b0c44298fc1c149afbf4c8996fb92427ae41e4649b934ca495991b7852b855,/home/nithi/.local/share/compiler_gym/llvm-v0/cbench-v1-runtime-data/runtime_data/consumer_tiff_data/1.bw.tif
benchmark://cbench-v1/tiff2rgba,cbench-v1,A,2,O0,1,0.039111856,0,e3b0c44298fc1c149afbf4c8996fb92427ae41e4649b934ca495991b7852b855,/home/nithi/.local/share/compiler_gym/llvm-v0/cbench-v1-runtime-data/runtime_data/consumer_tiff_data/1.bw.tif
benchmark://cbench-v1/tiff2rgba,cbench-v1,A,2,O0,2,0.044874275,0,e3b0c44298fc1c149afbf4c8996fb92427ae41e4649b934ca495991b7852b855,/home/nithi/.local/share/compiler_gym/llvm-v0/cbench-v1-runtime-data/runtime_data/consumer_tiff_data/1.bw.tif
benchmark://cbench-v1/tiff2rgba,cbench-v1,A,2,-licm,0,0.041878449,0,e3b0c44298fc1c149afbf4c8996fb92427ae41e4649b934ca495991b7852b855,/home/nithi/.local/share/compiler_gym/llvm-v0/cbench-v1-runtime-data/runtime_data/consumer_tiff_data/1.bw.tif
benchmark://cbench-v1/tiff2rgba,cbench-v1,A,2,-licm,1,0.041573900,0,e3b0c44298fc1c149afbf4c8996fb92427ae41e4649b934ca495991b7852b855,/home/nithi/.local/share/compiler_gym/llvm-v0/cbench-v1-runtime-data/runtime_data/consumer_tiff_data/1.bw.tif
benchmark://cbench-v1/tiff2rgba,cbench-v1,A,2,-licm,2,0.042659968,0,e3b0c44298fc1c149afbf4c8996fb92427ae41e4649b934ca495991b7852b855,/home/nithi/.local/share/compiler_gym/llvm-v0/cbench-v1-runtime-data/runtime_data/consumer_tiff_data/1.bw.tif
benchmark://cbench-v1/tiff2rgba,cbench-v1,A,2,-loop-rotate,0,0.045288621,0,e3b0c44298fc1c149afbf4c8996fb92427ae41e4649b934ca495991b7852b855,/home/nithi/.local/share/compiler_gym/llvm-v0/cbench-v1-runtime-data/runtime_data/consumer_tiff_data/1.bw.tif
benchmark://cbench-v1/tiff2rgba,cbench-v1,A,2,-loop-rotate,1,0.043348769,0,e3b0c44298fc1c149afbf4c8996fb92427ae41e4649b934ca495991b7852b855,/home/nithi/.local/share/compiler_gym/llvm-v0/cbench-v1-runtime-data/runtime_data/consumer_tiff_data/1.bw.tif
benchmark://cbench-v1/tiff2rgba,cbench-v1,A,2,-loop-rotate,2,0.044251234,0,e3b0c44298fc1c149afbf4c8996fb92427ae41e4649b934ca495991b7852b855,/home/nithi/.local/share/compiler_gym/llvm-v0/cbench-v1-runtime-data/runtime_data/consumer_tiff_data/1.bw.tif
benchmark://cbench-v1/tiff2rgba,cbench-v1,A,2,-loop-unroll,0,0.039648721,0,e3b0c44298fc1c149afbf4c8996fb92427ae41e4649b934ca495991b7852b855,/home/nithi/.local/share/compiler_gym/llvm-v0/cbench-v1-runtime-data/runtime_data/consumer_tiff_data/1.bw.tif
benchmark://cbench-v1/tiff2rgba,cbench-v1,A,2,-loop-unroll,1,0.040571911,0,e3b0c44298fc1c149afbf4c8996fb92427ae41e4649b934ca495991b7852b855,/home/nithi/.local/share/compiler_gym/llvm-v0/cbench-v1-runtime-data/runtime_data/consumer_tiff_data/1.bw.tif
benchmark://cbench-v1/tiff2rgba,cbench-v1,A,2,-loop-unroll,2,0.038985854,0,e3b0c44298fc1c149afbf4c8996fb92427ae41e4649b934ca495991b7852b855,/home/nithi/.local/share/compiler_gym/llvm-v0/cbench-v1-runtime-data/runtime_data/consumer_tiff_data/1.bw.tif
benchmark://cbench-v1/tiff2rgba,cbench-v1,A,2,-loop-vectorize,0,0.041828532,0,e3b0c44298fc1c149afbf4c8996fb92427ae41e4649b934ca495991b7852b855,/home/nithi/.local/share/compiler_gym/llvm-v0/cbench-v1-runtime-data/runtime_data/consumer_tiff_data/1.bw.tif
benchmark://cbench-v1/tiff2rgba,cbench-v1,A,2,-loop-vectorize,1,0.036864110,0,e3b0c44298fc1c149afbf4c8996fb92427ae41e4649b934ca495991b7852b855,/home/nithi/.local/share/compiler_gym/llvm-v0/cbench-v1-runtime-data/runtime_data/consumer_tiff_data/1.bw.tif
benchmark://cbench-v1/tiff2rgba,cbench-v1,A,2,-loop-vectorize,2,0.035687207,0,e3b0c44298fc1c149afbf4c8996fb92427ae41e4649b934ca495991b7852b855,/home/nithi/.local/share/compiler_gym/llvm-v0/cbench-v1-runtime-data/runtime_data/consumer_tiff_data/1.bw.tif
benchmark://cbench-v1/tiff2rgba,cbench-v1,A,2,-loop-deletion,0,0.036702144,0,e3b0c44298fc1c149afbf4c8996fb92427ae41e4649b934ca495991b7852b855,/home/nithi/.local/share/compiler_gym/llvm-v0/cbench-v1-runtime-data/runtime_data/consumer_tiff_data/1.bw.tif
benchmark://cbench-v1/tiff2rgba,cbench-v1,A,2,-loop-deletion,1,0.041768226,0,e3b0c44298fc1c149afbf4c8996fb92427ae41e4649b934ca495991b7852b855,/home/nithi/.local/share/compiler_gym/llvm-v0/cbench-v1-runtime-data/runtime_data/consumer_tiff_data/1.bw.tif
benchmark://cbench-v1/tiff2rgba,cbench-v1,A,2,-loop-deletion,2,0.040609368,0,e3b0c44298fc1c149afbf4c8996fb92427ae41e4649b934ca495991b7852b855,/home/nithi/.local/share/compiler_gym/llvm-v0/cbench-v1-runtime-data/runtime_data/consumer_tiff_data/1.bw.tif
benchmark://cbench-v1/tiff2rgba,cbench-v1,A,2,-loop-unswitch,0,0.039841664,0,e3b0c44298fc1c149afbf4c8996fb92427ae41e4649b934ca495991b7852b855,/home/nithi/.local/share/compiler_gym/llvm-v0/cbench-v1-runtime-data/runtime_data/consumer_tiff_data/1.bw.tif
benchmark://cbench-v1/tiff2rgba,cbench-v1,A,2,-loop-unswitch,1,0.037770828,0,e3b0c44298fc1c149afbf4c8996fb92427ae41e4649b934ca495991b7852b855,/home/nithi/.local/share/compiler_gym/llvm-v0/cbench-v1-runtime-data/runtime_data/consumer_tiff_data/1.bw.tif
benchmark://cbench-v1/tiff2rgba,cbench-v1,A,2,-loop-unswitch,2,0.037070720,0,e3b0c44298fc1c149afbf4c8996fb92427ae41e4649b934ca495991b7852b855,/home/nithi/.local/share/compiler_gym/llvm-v0/cbench-v1-runtime-data/runtime_data/consumer_tiff_data/1.bw.tif
benchmark://cbench-v1/tiff2rgba,cbench-v1,A,2,-loop-distribute,0,0.038829915,0,e3b0c44298fc1c149afbf4c8996fb92427ae41e4649b934ca495991b7852b855,/home/nithi/.local/share/compiler_gym/llvm-v0/cbench-v1-runtime-data/runtime_data/consumer_tiff_data/1.bw.tif
benchmark://cbench-v1/tiff2rgba,cbench-v1,A,2,-loop-distribute,1,0.038153743,0,e3b0c44298fc1c149afbf4c8996fb92427ae41e4649b934ca495991b7852b855,/home/nithi/.local/share/compiler_gym/llvm-v0/cbench-v1-runtime-data/runtime_data/consumer_tiff_data/1.bw.tif
benchmark://cbench-v1/tiff2rgba,cbench-v1,A,2,-loop-distribute,2,0.044456253,0,e3b0c44298fc1c149afbf4c8996fb92427ae41e4649b934ca495991b7852b855,/home/nithi/.local/share/compiler_gym/llvm-v0/cbench-v1-runtime-data/runtime_data/consumer_tiff_data/1.bw.tif
benchmark://cbench-v1/tiff2rgba,cbench-v1,A,2,-indvars,0,0.042432898,0,e3b0c44298fc1c149afbf4c8996fb92427ae41e4649b934ca495991b7852b855,/home/nithi/.local/share/compiler_gym/llvm-v0/cbench-v1-runtime-data/runtime_data/consumer_tiff_data/1.bw.tif
benchmark://cbench-v1/tiff2rgba,cbench-v1,A,2,-indvars,1,0.043149353,0,e3b0c44298fc1c149afbf4c8996fb92427ae41e4649b934ca495991b7852b855,/home/nithi/.local/share/compiler_gym/llvm-v0/cbench-v1-runtime-data/runtime_data/consumer_tiff_data/1.bw.tif
benchmark://cbench-v1/tiff2rgba,cbench-v1,A,2,-indvars,2,0.041785446,0,e3b0c44298fc1c149afbf4c8996fb92427ae41e4649b934ca495991b7852b855,/home/nithi/.local/share/compiler_gym/llvm-v0/cbench-v1-runtime-data/runtime_data/consumer_tiff_data/1.bw.tif
benchmark://cbench-v1/tiff2rgba,cbench-v1,B,1,O0,0,0.893075119,0,e3b0c44298fc1c149afbf4c8996fb92427ae41e4649b934ca495991b7852b855,/home/nithi/.local/share/compiler_gym/llvm-v0/cbench-v1-runtime-data/runtime_data/consumer_tiff_data/14.bw.tif
benchmark://cbench-v1/tiff2rgba,cbench-v1,B,1,O0,1,0.888863096,0,e3b0c44298fc1c149afbf4c8996fb92427ae41e4649b934ca495991b7852b855,/home/nithi/.local/share/compiler_gym/llvm-v0/cbench-v1-runtime-data/runtime_data/consumer_tiff_data/14.bw.tif
benchmark://cbench-v1/tiff2rgba,cbench-v1,B,1,O0,2,0.834068691,0,e3b0c44298fc1c149afbf4c8996fb92427ae41e4649b934ca495991b7852b855,/home/nithi/.local/share/compiler_gym/llvm-v0/cbench-v1-runtime-data/runtime_data/consumer_tiff_data/14.bw.tif
benchmark://cbench-v1/tiff2rgba,cbench-v1,B,1,O0,3,0.871870556,0,e3b0c44298fc1c149afbf4c8996fb92427ae41e4649b934ca495991b7852b855,/home/nithi/.local/share/compiler_gym/llvm-v0/cbench-v1-runtime-data/runtime_data/consumer_tiff_data/14.bw.tif
benchmark://cbench-v1/tiff2rgba,cbench-v1,B,1,O0,4,0.869872166,0,e3b0c44298fc1c149afbf4c8996fb92427ae41e4649b934ca495991b7852b855,/home/nithi/.local/share/compiler_gym/llvm-v0/cbench-v1-runtime-data/runtime_data/consumer_tiff_data/14.bw.tif
benchmark://cbench-v1/tiff2rgba,cbench-v1,B,1,-licm,0,0.863315342,0,e3b0c44298fc1c149afbf4c8996fb92427ae41e4649b934ca495991b7852b855,/home/nithi/.local/share/compiler_gym/llvm-v0/cbench-v1-runtime-data/runtime_data/consumer_tiff_data/14.bw.tif
benchmark://cbench-v1/tiff2rgba,cbench-v1,B,1,-licm,1,0.894975678,0,e3b0c44298fc1c149afbf4c8996fb92427ae41e4649b934ca495991b7852b855,/home/nithi/.local/share/compiler_gym/llvm-v0/cbench-v1-runtime-data/runtime_data/consumer_tiff_data/14.bw.tif
benchmark://cbench-v1/tiff2rgba,cbench-v1,B,1,-licm,2,0.798249374,0,e3b0c44298fc1c149afbf4c8996fb92427ae41e4649b934ca495991b7852b855,/home/nithi/.local/share/compiler_gym/llvm-v0/cbench-v1-runtime-data/runtime_data/consumer_tiff_data/14.bw.tif
benchmark://cbench-v1/tiff2rgba,cbench-v1,B,1,-licm,3,0.829548268,0,e3b0c44298fc1c149afbf4c8996fb92427ae41e4649b934ca495991b7852b855,/home/nithi/.local/share/compiler_gym/llvm-v0/cbench-v1-runtime-data/runtime_data/consumer_tiff_data/14.bw.tif
benchmark://cbench-v1/tiff2rgba,cbench-v1,B,1,-licm,4,0.837411152,0,e3b0c44298fc1c149afbf4c8996fb92427ae41e4649b934ca495991b7852b855,/home/nithi/.local/share/compiler_gym/llvm-v0/cbench-v1-runtime-data/runtime_data/consumer_tiff_data/14.bw.tif
benchmark://cbench-v1/tiff2rgba,cbench-v1,B,1,-loop-rotate,0,0.875963591,0,e3b0c44298fc1c149afbf4c8996fb92427ae41e4649b934ca495991b7852b855,/home/nithi/.local/share/compiler_gym/llvm-v0/cbench-v1-runtime-data/runtime_data/consumer_tiff_data/14.bw.tif
benchmark://cbench-v1/tiff2rgba,cbench-v1,B,1,-loop-rotate,1,0.881109553,0,e3b0c44298fc1c149afbf4c8996fb92427ae41e4649b934ca495991b7852b855,/home/nithi/.local/share/compiler_gym/llvm-v0/cbench-v1-runtime-data/runtime_data/consumer_tiff_data/14.bw.tif
benchmark://cbench-v1/tiff2rgba,cbench-v1,B,1,-loop-rotate,2,0.870140177,0,e3b0c44298fc1c149afbf4c8996fb92427ae41e4649b934ca495991b7852b855,/home/nithi/.local/share/compiler_gym/llvm-v0/cbench-v1-runtime-data/runtime_data/consumer_tiff_data/14.bw.tif
benchmark://cbench-v1/tiff2rgba,cbench-v1,B,1,-loop-rotate,3,0.864543953,0,e3b0c44298fc1c149afbf4c8996fb92427ae41e4649b934ca495991b7852b855,/home/nithi/.local/share/compiler_gym/llvm-v0/cbench-v1-runtime-data/runtime_data/consumer_tiff_data/14.bw.tif
benchmark://cbench-v1/tiff2rgba,cbench-v1,B,1,-loop-rotate,4,0.922144087,0,e3b0c44298fc1c149afbf4c8996fb92427ae41e4649b934ca495991b7852b855,/home/nithi/.local/share/compiler_gym/llvm-v0/cbench-v1-runtime-data/runtime_data/consumer_tiff_data/14.bw.tif
benchmark://cbench-v1/tiff2rgba,cbench-v1,B,1,-loop-unroll,0,0.906281752,0,e3b0c44298fc1c149afbf4c8996fb92427ae41e4649b934ca495991b7852b855,/home/nithi/.local/share/compiler_gym/llvm-v0/cbench-v1-runtime-data/runtime_data/consumer_tiff_data/14.bw.tif
benchmark://cbench-v1/tiff2rgba,cbench-v1,B,1,-loop-unroll,1,0.877271991,0,e3b0c44298fc1c149afbf4c8996fb92427ae41e4649b934ca495991b7852b855,/home/nithi/.local/share/compiler_gym/llvm-v0/cbench-v1-runtime-data/runtime_data/consumer_tiff_data/14.bw.tif
benchmark://cbench-v1/tiff2rgba,cbench-v1,B,1,-loop-unroll,2,0.850074257,0,e3b0c44298fc1c149afbf4c8996fb92427ae41e4649b934ca495991b7852b855,/home/nithi/.local/share/compiler_gym/llvm-v0/cbench-v1-runtime-data/runtime_data/consumer_tiff_data/14.bw.tif
benchmark://cbench-v1/tiff2rgba,cbench-v1,B,1,-loop-unroll,3,0.886245275,0,e3b0c44298fc1c149afbf4c8996fb92427ae41e4649b934ca495991b7852b855,/home/nithi/.local/share/compiler_gym/llvm-v0/cbench-v1-runtime-data/runtime_data/consumer_tiff_data/14.bw.tif
benchmark://cbench-v1/tiff2rgba,cbench-v1,B,1,-loop-unroll,4,0.880847044,0,e3b0c44298fc1c149afbf4c8996fb92427ae41e4649b934ca495991b7852b855,/home/nithi/.local/share/compiler_gym/llvm-v0/cbench-v1-runtime-data/runtime_data/consumer_tiff_data/14.bw.tif
benchmark://cbench-v1/tiff2rgba,cbench-v1,B,1,-loop-vectorize,0,0.868236328,0,e3b0c44298fc1c149afbf4c8996fb92427ae41e4649b934ca495991b7852b855,/home/nithi/.local/share/compiler_gym/llvm-v0/cbench-v1-runtime-data/runtime_data/consumer_tiff_data/14.bw.tif
benchmark://cbench-v1/tiff2rgba,cbench-v1,B,1,-loop-vectorize,1,0.829255839,0,e3b0c44298fc1c149afbf4c8996fb92427ae41e4649b934ca495991b7852b855,/home/nithi/.local/share/compiler_gym/llvm-v0/cbench-v1-runtime-data/runtime_data/consumer_tiff_data/14.bw.tif
benchmark://cbench-v1/tiff2rgba,cbench-v1,B,1,-loop-vectorize,2,0.831916194,0,e3b0c44298fc1c149afbf4c8996fb92427ae41e4649b934ca495991b7852b855,/home/nithi/.local/share/compiler_gym/llvm-v0/cbench-v1-runtime-data/runtime_data/consumer_tiff_data/14.bw.tif
benchmark://cbench-v1/tiff2rgba,cbench-v1,B,1,-loop-vectorize,3,0.901888909,0,e3b0c44298fc1c149afbf4c8996fb92427ae41e4649b934ca495991b7852b855,/home/nithi/.local/share/compiler_gym/llvm-v0/cbench-v1-runtime-data/runtime_data/consumer_tiff_data/14.bw.tif
benchmark://cbench-v1/tiff2rgba,cbench-v1,B,1,-loop-vectorize,4,0.863949330,0,e3b0c44298fc1c149afbf4c8996fb92427ae41e4649b934ca495991b7852b855,/home/nithi/.local/share/compiler_gym/llvm-v0/cbench-v1-runtime-data/runtime_data/consumer_tiff_data/14.bw.tif
benchmark://cbench-v1/tiff2rgba,cbench-v1,B,1,-loop-deletion,0,0.942737212,0,e3b0c44298fc1c149afbf4c8996fb92427ae41e4649b934ca495991b7852b855,/home/nithi/.local/share/compiler_gym/llvm-v0/cbench-v1-runtime-data/runtime_data/consumer_tiff_data/14.bw.tif
benchmark://cbench-v1/tiff2rgba,cbench-v1,B,1,-loop-deletion,1,0.857525870,0,e3b0c44298fc1c149afbf4c8996fb92427ae41e4649b934ca495991b7852b855,/home/nithi/.local/share/compiler_gym/llvm-v0/cbench-v1-runtime-data/runtime_data/consumer_tiff_data/14.bw.tif
benchmark://cbench-v1/tiff2rgba,cbench-v1,B,1,-loop-deletion,2,0.869938168,0,e3b0c44298fc1c149afbf4c8996fb92427ae41e4649b934ca495991b7852b855,/home/nithi/.local/share/compiler_gym/llvm-v0/cbench-v1-runtime-data/runtime_data/consumer_tiff_data/14.bw.tif
benchmark://cbench-v1/tiff2rgba,cbench-v1,B,1,-loop-deletion,3,0.894141114,0,e3b0c44298fc1c149afbf4c8996fb92427ae41e4649b934ca495991b7852b855,/home/nithi/.local/share/compiler_gym/llvm-v0/cbench-v1-runtime-data/runtime_data/consumer_tiff_data/14.bw.tif
benchmark://cbench-v1/tiff2rgba,cbench-v1,B,1,-loop-deletion,4,0.904431525,0,e3b0c44298fc1c149afbf4c8996fb92427ae41e4649b934ca495991b7852b855,/home/nithi/.local/share/compiler_gym/llvm-v0/cbench-v1-runtime-data/runtime_data/consumer_tiff_data/14.bw.tif
benchmark://cbench-v1/tiff2rgba,cbench-v1,B,1,-loop-unswitch,0,0.903191885,0,e3b0c44298fc1c149afbf4c8996fb92427ae41e4649b934ca495991b7852b855,/home/nithi/.local/share/compiler_gym/llvm-v0/cbench-v1-runtime-data/runtime_data/consumer_tiff_data/14.bw.tif
benchmark://cbench-v1/tiff2rgba,cbench-v1,B,1,-loop-unswitch,1,0.914285362,0,e3b0c44298fc1c149afbf4c8996fb92427ae41e4649b934ca495991b7852b855,/home/nithi/.local/share/compiler_gym/llvm-v0/cbench-v1-runtime-data/runtime_data/consumer_tiff_data/14.bw.tif
benchmark://cbench-v1/tiff2rgba,cbench-v1,B,1,-loop-unswitch,2,0.871029286,0,e3b0c44298fc1c149afbf4c8996fb92427ae41e4649b934ca495991b7852b855,/home/nithi/.local/share/compiler_gym/llvm-v0/cbench-v1-runtime-data/runtime_data/consumer_tiff_data/14.bw.tif
benchmark://cbench-v1/tiff2rgba,cbench-v1,B,1,-loop-unswitch,3,0.898814182,0,e3b0c44298fc1c149afbf4c8996fb92427ae41e4649b934ca495991b7852b855,/home/nithi/.local/share/compiler_gym/llvm-v0/cbench-v1-runtime-data/runtime_data/consumer_tiff_data/14.bw.tif
benchmark://cbench-v1/tiff2rgba,cbench-v1,B,1,-loop-unswitch,4,0.853983209,0,e3b0c44298fc1c149afbf4c8996fb92427ae41e4649b934ca495991b7852b855,/home/nithi/.local/share/compiler_gym/llvm-v0/cbench-v1-runtime-data/runtime_data/consumer_tiff_data/14.bw.tif
benchmark://cbench-v1/tiff2rgba,cbench-v1,B,1,-loop-distribute,0,0.915957996,0,e3b0c44298fc1c149afbf4c8996fb92427ae41e4649b934ca495991b7852b855,/home/nithi/.local/share/compiler_gym/llvm-v0/cbench-v1-runtime-data/runtime_data/consumer_tiff_data/14.bw.tif
benchmark://cbench-v1/tiff2rgba,cbench-v1,B,1,-loop-distribute,1,0.868906787,0,e3b0c44298fc1c149afbf4c8996fb92427ae41e4649b934ca495991b7852b855,/home/nithi/.local/share/compiler_gym/llvm-v0/cbench-v1-runtime-data/runtime_data/consumer_tiff_data/14.bw.tif
benchmark://cbench-v1/tiff2rgba,cbench-v1,B,1,-loop-distribute,2,0.883854615,0,e3b0c44298fc1c149afbf4c8996fb92427ae41e4649b934ca495991b7852b855,/home/nithi/.local/share/compiler_gym/llvm-v0/cbench-v1-runtime-data/runtime_data/consumer_tiff_data/14.bw.tif
benchmark://cbench-v1/tiff2rgba,cbench-v1,B,1,-loop-distribute,3,0.890960800,0,e3b0c44298fc1c149afbf4c8996fb92427ae41e4649b934ca495991b7852b855,/home/nithi/.local/share/compiler_gym/llvm-v0/cbench-v1-runtime-data/runtime_data/consumer_tiff_data/14.bw.tif
benchmark://cbench-v1/tiff2rgba,cbench-v1,B,1,-loop-distribute,4,0.935510924,0,e3b0c44298fc1c149afbf4c8996fb92427ae41e4649b934ca495991b7852b855,/home/nithi/.local/share/compiler_gym/llvm-v0/cbench-v1-runtime-data/runtime_data/consumer_tiff_data/14.bw.tif
benchmark://cbench-v1/tiff2rgba,cbench-v1,B,1,-indvars,0,0.869063782,0,e3b0c44298fc1c149afbf4c8996fb92427ae41e4649b934ca495991b7852b855,/home/nithi/.local/share/compiler_gym/llvm-v0/cbench-v1-runtime-data/runtime_data/consumer_tiff_data/14.bw.tif
benchmark://cbench-v1/tiff2rgba,cbench-v1,B,1,-indvars,1,0.851169635,0,e3b0c44298fc1c149afbf4c8996fb92427ae41e4649b934ca495991b7852b855,/home/nithi/.local/share/compiler_gym/llvm-v0/cbench-v1-runtime-data/runtime_data/consumer_tiff_data/14.bw.tif
benchmark://cbench-v1/tiff2rgba,cbench-v1,B,1,-indvars,2,0.891008764,0,e3b0c44298fc1c149afbf4c8996fb92427ae41e4649b934ca495991b7852b855,/home/nithi/.local/share/compiler_gym/llvm-v0/cbench-v1-runtime-data/runtime_data/consumer_tiff_data/14.bw.tif
benchmark://cbench-v1/tiff2rgba,cbench-v1,B,1,-indvars,3,0.893245051,0,e3b0c44298fc1c149afbf4c8996fb92427ae41e4649b934ca495991b7852b855,/home/nithi/.local/share/compiler_gym/llvm-v0/cbench-v1-runtime-data/runtime_data/consumer_tiff_data/14.bw.tif
benchmark://cbench-v1/tiff2rgba,cbench-v1,B,1,-indvars,4,0.858847202,0,e3b0c44298fc1c149afbf4c8996fb92427ae41e4649b934ca495991b7852b855,/home/nithi/.local/share/compiler_gym/llvm-v0/cbench-v1-runtime-data/runtime_data/consumer_tiff_data/14.bw.tif
benchmark://cbench-v1/tiff2rgba,cbench-v1,B,2,O0,0,0.906830089,0,e3b0c44298fc1c149afbf4c8996fb92427ae41e4649b934ca495991b7852b855,/home/nithi/.local/share/compiler_gym/llvm-v0/cbench-v1-runtime-data/runtime_data/consumer_tiff_data/14.bw.tif
benchmark://cbench-v1/tiff2rgba,cbench-v1,B,2,O0,1,0.873314711,0,e3b0c44298fc1c149afbf4c8996fb92427ae41e4649b934ca495991b7852b855,/home/nithi/.local/share/compiler_gym/llvm-v0/cbench-v1-runtime-data/runtime_data/consumer_tiff_data/14.bw.tif
benchmark://cbench-v1/tiff2rgba,cbench-v1,B,2,O0,2,0.875863300,0,e3b0c44298fc1c149afbf4c8996fb92427ae41e4649b934ca495991b7852b855,/home/nithi/.local/share/compiler_gym/llvm-v0/cbench-v1-runtime-data/runtime_data/consumer_tiff_data/14.bw.tif
benchmark://cbench-v1/tiff2rgba,cbench-v1,B,2,O0,3,0.900820333,0,e3b0c44298fc1c149afbf4c8996fb92427ae41e4649b934ca495991b7852b855,/home/nithi/.local/share/compiler_gym/llvm-v0/cbench-v1-runtime-data/runtime_data/consumer_tiff_data/14.bw.tif
benchmark://cbench-v1/tiff2rgba,cbench-v1,B,2,O0,4,0.904804568,0,e3b0c44298fc1c149afbf4c8996fb92427ae41e4649b934ca495991b7852b855,/home/nithi/.local/share/compiler_gym/llvm-v0/cbench-v1-runtime-data/runtime_data/consumer_tiff_data/14.bw.tif
benchmark://cbench-v1/tiff2rgba,cbench-v1,B,2,-licm,0,0.837253638,0,e3b0c44298fc1c149afbf4c8996fb92427ae41e4649b934ca495991b7852b855,/home/nithi/.local/share/compiler_gym/llvm-v0/cbench-v1-runtime-data/runtime_data/consumer_tiff_data/14.bw.tif
benchmark://cbench-v1/tiff2rgba,cbench-v1,B,2,-licm,1,0.869471811,0,e3b0c44298fc1c149afbf4c8996fb92427ae41e4649b934ca495991b7852b855,/home/nithi/.local/share/compiler_gym/llvm-v0/cbench-v1-runtime-data/runtime_data/consumer_tiff_data/14.bw.tif
benchmark://cbench-v1/tiff2rgba,cbench-v1,B,2,-licm,2,0.855298059,0,e3b0c44298fc1c149afbf4c8996fb92427ae41e4649b934ca495991b7852b855,/home/nithi/.local/share/compiler_gym/llvm-v0/cbench-v1-runtime-data/runtime_data/consumer_tiff_data/14.bw.tif
benchmark://cbench-v1/tiff2rgba,cbench-v1,B,2,-licm,3,0.884262238,0,e3b0c44298fc1c149afbf4c8996fb92427ae41e4649b934ca495991b7852b855,/home/nithi/.local/share/compiler_gym/llvm-v0/cbench-v1-runtime-data/runtime_data/consumer_tiff_data/14.bw.tif
benchmark://cbench-v1/tiff2rgba,cbench-v1,B,2,-licm,4,0.839233471,0,e3b0c44298fc1c149afbf4c8996fb92427ae41e4649b934ca495991b7852b855,/home/nithi/.local/share/compiler_gym/llvm-v0/cbench-v1-runtime-data/runtime_data/consumer_tiff_data/14.bw.tif
benchmark://cbench-v1/tiff2rgba,cbench-v1,B,2,-loop-rotate,0,0.862926480,0,e3b0c44298fc1c149afbf4c8996fb92427ae41e4649b934ca495991b7852b855,/home/nithi/.local/share/compiler_gym/llvm-v0/cbench-v1-runtime-data/runtime_data/consumer_tiff_data/14.bw.tif
benchmark://cbench-v1/tiff2rgba,cbench-v1,B,2,-loop-rotate,1,0.867778208,0,e3b0c44298fc1c149afbf4c8996fb92427ae41e4649b934ca495991b7852b855,/home/nithi/.local/share/compiler_gym/llvm-v0/cbench-v1-runtime-data/runtime_data/consumer_tiff_data/14.bw.tif
benchmark://cbench-v1/tiff2rgba,cbench-v1,B,2,-loop-rotate,2,0.892775718,0,e3b0c44298fc1c149afbf4c8996fb92427ae41e4649b934ca495991b7852b855,/home/nithi/.local/share/compiler_gym/llvm-v0/cbench-v1-runtime-data/runtime_data/consumer_tiff_data/14.bw.tif
benchmark://cbench-v1/tiff2rgba,cbench-v1,B,2,-loop-rotate,3,0.821838023,0,e3b0c44298fc1c149afbf4c8996fb92427ae41e4649b934ca495991b7852b855,/home/nithi/.local/share/compiler_gym/llvm-v0/cbench-v1-runtime-data/runtime_data/consumer_tiff_data/14.bw.tif
benchmark://cbench-v1/tiff2rgba,cbench-v1,B,2,-loop-rotate,4,0.872075848,0,e3b0c44298fc1c149afbf4c8996fb92427ae41e4649b934ca495991b7852b855,/home/nithi/.local/share/compiler_gym/llvm-v0/cbench-v1-runtime-data/runtime_data/consumer_tiff_data/14.bw.tif
benchmark://cbench-v1/tiff2rgba,cbench-v1,B,2,-loop-unroll,0,0.863638031,0,e3b0c44298fc1c149afbf4c8996fb92427ae41e4649b934ca495991b7852b855,/home/nithi/.local/share/compiler_gym/llvm-v0/cbench-v1-runtime-data/runtime_data/consumer_tiff_data/14.bw.tif
benchmark://cbench-v1/tiff2rgba,cbench-v1,B,2,-loop-unroll,1,0.882196751,0,e3b0c44298fc1c149afbf4c8996fb92427ae41e4649b934ca495991b7852b855,/home/nithi/.local/share/compiler_gym/llvm-v0/cbench-v1-runtime-data/runtime_data/consumer_tiff_data/14.bw.tif
benchmark://cbench-v1/tiff2rgba,cbench-v1,B,2,-loop-unroll,2,0.866541640,0,e3b0c44298fc1c149afbf4c8996fb92427ae41e4649b934ca495991b7852b855,/home/nithi/.local/share/compiler_gym/llvm-v0/cbench-v1-runtime-data/runtime_data/consumer_tiff_data/14.bw.tif
benchmark://cbench-v1/tiff2rgba,cbench-v1,B,2,-loop-unroll,3,0.861768040,0,e3b0c44298fc1c149afbf4c8996fb92427ae41e4649b934ca495991b7852b855,/home/nithi/.local/share/compiler_gym/llvm-v0/cbench-v1-runtime-data/runtime_data/consumer_tiff_data/14.bw.tif
benchmark://cbench-v1/tiff2rgba,cbench-v1,B,2,-loop-unroll,4,0.847962571,0,e3b0c44298fc1c149afbf4c8996fb92427ae41e4649b934ca495991b7852b855,/home/nithi/.local/share/compiler_gym/llvm-v0/cbench-v1-runtime-data/runtime_data/consumer_tiff_data/14.bw.tif
benchmark://cbench-v1/tiff2rgba,cbench-v1,B,2,-loop-vectorize,0,0.845590905,0,e3b0c44298fc1c149afbf4c8996fb92427ae41e4649b934ca495991b7852b855,/home/nithi/.local/share/compiler_gym/llvm-v0/cbench-v1-runtime-data/runtime_data/consumer_tiff_data/14.bw.tif
benchmark://cbench-v1/tiff2rgba,cbench-v1,B,2,-loop-vectorize,1,0.817577123,0,e3b0c44298fc1c149afbf4c8996fb92427ae41e4649b934ca495991b7852b855,/home/nithi/.local/share/compiler_gym/llvm-v0/cbench-v1-runtime-data/runtime_data/consumer_tiff_data/14.bw.tif
benchmark://cbench-v1/tiff2rgba,cbench-v1,B,2,-loop-vectorize,2,0.879725062,0,e3b0c44298fc1c149afbf4c8996fb92427ae41e4649b934ca495991b7852b855,/home/nithi/.local/share/compiler_gym/llvm-v0/cbench-v1-runtime-data/runtime_data/consumer_tiff_data/14.bw.tif
benchmark://cbench-v1/tiff2rgba,cbench-v1,B,2,-loop-vectorize,3,0.819034382,0,e3b0c44298fc1c149afbf4c8996fb92427ae41e4649b934ca495991b7852b855,/home/nithi/.local/share/compiler_gym/llvm-v0/cbench-v1-runtime-data/runtime_data/consumer_tiff_data/14.bw.tif
benchmark://cbench-v1/tiff2rgba,cbench-v1,B,2,-loop-vectorize,4,0.882449913,0,e3b0c44298fc1c149afbf4c8996fb92427ae41e4649b934ca495991b7852b855,/home/nithi/.local/share/compiler_gym/llvm-v0/cbench-v1-runtime-data/runtime_data/consumer_tiff_data/14.bw.tif
benchmark://cbench-v1/tiff2rgba,cbench-v1,B,2,-loop-deletion,0,0.920390823,0,e3b0c44298fc1c149afbf4c8996fb92427ae41e4649b934ca495991b7852b855,/home/nithi/.local/share/compiler_gym/llvm-v0/cbench-v1-runtime-data/runtime_data/consumer_tiff_data/14.bw.tif
benchmark://cbench-v1/tiff2rgba,cbench-v1,B,2,-loop-deletion,1,0.865839805,0,e3b0c44298fc1c149afbf4c8996fb92427ae41e4649b934ca495991b7852b855,/home/nithi/.local/share/compiler_gym/llvm-v0/cbench-v1-runtime-data/runtime_data/consumer_tiff_data/14.bw.tif
benchmark://cbench-v1/tiff2rgba,cbench-v1,B,2,-loop-deletion,2,0.870260622,0,e3b0c44298fc1c149afbf4c8996fb92427ae41e4649b934ca495991b7852b855,/home/nithi/.local/share/compiler_gym/llvm-v0/cbench-v1-runtime-data/runtime_data/consumer_tiff_data/14.bw.tif
benchmark://cbench-v1/tiff2rgba,cbench-v1,B,2,-loop-deletion,3,0.815011934,0,e3b0c44298fc1c149afbf4c8996fb92427ae41e4649b934ca495991b7852b855,/home/nithi/.local/share/compiler_gym/llvm-v0/cbench-v1-runtime-data/runtime_data/consumer_tiff_data/14.bw.tif
benchmark://cbench-v1/tiff2rgba,cbench-v1,B,2,-loop-deletion,4,0.862553043,0,e3b0c44298fc1c149afbf4c8996fb92427ae41e4649b934ca495991b7852b855,/home/nithi/.local/share/compiler_gym/llvm-v0/cbench-v1-runtime-data/runtime_data/consumer_tiff_data/14.bw.tif
benchmark://cbench-v1/tiff2rgba,cbench-v1,B,2,-loop-unswitch,0,0.923296499,0,e3b0c44298fc1c149afbf4c8996fb92427ae41e4649b934ca495991b7852b855,/home/nithi/.local/share/compiler_gym/llvm-v0/cbench-v1-runtime-data/runtime_data/consumer_tiff_data/14.bw.tif
benchmark://cbench-v1/tiff2rgba,cbench-v1,B,2,-loop-unswitch,1,0.849115881,0,e3b0c44298fc1c149afbf4c8996fb92427ae41e4649b934ca495991b7852b855,/home/nithi/.local/share/compiler_gym/llvm-v0/cbench-v1-runtime-data/runtime_data/consumer_tiff_data/14.bw.tif
benchmark://cbench-v1/tiff2rgba,cbench-v1,B,2,-loop-unswitch,2,0.889216151,0,e3b0c44298fc1c149afbf4c8996fb92427ae41e4649b934ca495991b7852b855,/home/nithi/.local/share/compiler_gym/llvm-v0/cbench-v1-runtime-data/runtime_data/consumer_tiff_data/14.bw.tif
benchmark://cbench-v1/tiff2rgba,cbench-v1,B,2,-loop-unswitch,3,0.882400168,0,e3b0c44298fc1c149afbf4c8996fb92427ae41e4649b934ca495991b7852b855,/home/nithi/.local/share/compiler_gym/llvm-v0/cbench-v1-runtime-data/runtime_data/consumer_tiff_data/14.bw.tif
benchmark://cbench-v1/tiff2rgba,cbench-v1,B,2,-loop-unswitch,4,0.871454042,0,e3b0c44298fc1c149afbf4c8996fb92427ae41e4649b934ca495991b7852b855,/home/nithi/.local/share/compiler_gym/llvm-v0/cbench-v1-runtime-data/runtime_data/consumer_tiff_data/14.bw.tif
benchmark://cbench-v1/tiff2rgba,cbench-v1,B,2,-loop-distribute,0,0.876740727,0,e3b0c44298fc1c149afbf4c8996fb92427ae41e4649b934ca495991b7852b855,/home/nithi/.local/share/compiler_gym/llvm-v0/cbench-v1-runtime-data/runtime_data/consumer_tiff_data/14.bw.tif
benchmark://cbench-v1/tiff2rgba,cbench-v1,B,2,-loop-distribute,1,0.885943800,0,e3b0c44298fc1c149afbf4c8996fb92427ae41e4649b934ca495991b7852b855,/home/nithi/.local/share/compiler_gym/llvm-v0/cbench-v1-runtime-data/runtime_data/consumer_tiff_data/14.bw.tif
benchmark://cbench-v1/tiff2rgba,cbench-v1,B,2,-loop-distribute,2,0.872734620,0,e3b0c44298fc1c149afbf4c8996fb92427ae41e4649b934ca495991b7852b855,/home/nithi/.local/share/compiler_gym/llvm-v0/cbench-v1-runtime-data/runtime_data/consumer_tiff_data/14.bw.tif
benchmark://cbench-v1/tiff2rgba,cbench-v1,B,2,-loop-distribute,3,0.860531846,0,e3b0c44298fc1c149afbf4c8996fb92427ae41e4649b934ca495991b7852b855,/home/nithi/.local/share/compiler_gym/llvm-v0/cbench-v1-runtime-data/runtime_data/consumer_tiff_data/14.bw.tif
benchmark://cbench-v1/tiff2rgba,cbench-v1,B,2,-loop-distribute,4,0.912087114,0,e3b0c44298fc1c149afbf4c8996fb92427ae41e4649b934ca495991b7852b855,/home/nithi/.local/share/compiler_gym/llvm-v0/cbench-v1-runtime-data/runtime_data/consumer_tiff_data/14.bw.tif
benchmark://cbench-v1/tiff2rgba,cbench-v1,B,2,-indvars,0,0.847153245,0,e3b0c44298fc1c149afbf4c8996fb92427ae41e4649b934ca495991b7852b855,/home/nithi/.local/share/compiler_gym/llvm-v0/cbench-v1-runtime-data/runtime_data/consumer_tiff_data/14.bw.tif
benchmark://cbench-v1/tiff2rgba,cbench-v1,B,2,-indvars,1,0.876290630,0,e3b0c44298fc1c149afbf4c8996fb92427ae41e4649b934ca495991b7852b855,/home/nithi/.local/share/compiler_gym/llvm-v0/cbench-v1-runtime-data/runtime_data/consumer_tiff_data/14.bw.tif
benchmark://cbench-v1/tiff2rgba,cbench-v1,B,2,-indvars,2,0.830900742,0,e3b0c44298fc1c149afbf4c8996fb92427ae41e4649b934ca495991b7852b855,/home/nithi/.local/share/compiler_gym/llvm-v0/cbench-v1-runtime-data/runtime_data/consumer_tiff_data/14.bw.tif
benchmark://cbench-v1/tiff2rgba,cbench-v1,B,2,-indvars,3,0.896080611,0,e3b0c44298fc1c149afbf4c8996fb92427ae41e4649b934ca495991b7852b855,/home/nithi/.local/share/compiler_gym/llvm-v0/cbench-v1-runtime-data/runtime_data/consumer_tiff_data/14.bw.tif
benchmark://cbench-v1/tiff2rgba,cbench-v1,B,2,-indvars,4,0.866458342,0,e3b0c44298fc1c149afbf4c8996fb92427ae41e4649b934ca495991b7852b855,/home/nithi/.local/share/compiler_gym/llvm-v0/cbench-v1-runtime-data/runtime_data/consumer_tiff_data/14.bw.tif
benchmark://cbench-v1/bzip2,cbench-v1,A,1,O0,0,0.097107921,0,3e9babc6b7a9152a1b5ff1cc3c78c60a05fc676e03e63b5941ac84eed2a94b79,/home/nithi/.local/share/compiler_gym/llvm-v0/cbench-v1-runtime-data/runtime_data/bzip2_data/1.bz2
benchmark://cbench-v1/bzip2,cbench-v1,A,1,O0,1,0.148574977,0,3e9babc6b7a9152a1b5ff1cc3c78c60a05fc676e03e63b5941ac84eed2a94b79,/home/nithi/.local/share/compiler_gym/llvm-v0/cbench-v1-runtime-data/runtime_data/bzip2_data/1.bz2
benchmark://cbench-v1/bzip2,cbench-v1,A,1,O0,2,0.106800034,0,3e9babc6b7a9152a1b5ff1cc3c78c60a05fc676e03e63b5941ac84eed2a94b79,/home/nithi/.local/share/compiler_gym/llvm-v0/cbench-v1-runtime-data/runtime_data/bzip2_data/1.bz2
benchmark://cbench-v1/bzip2,cbench-v1,A,1,-licm,0,0.094504115,0,3e9babc6b7a9152a1b5ff1cc3c78c60a05fc676e03e63b5941ac84eed2a94b79,/home/nithi/.local/share/compiler_gym/llvm-v0/cbench-v1-runtime-data/runtime_data/bzip2_data/1.bz2
benchmark://cbench-v1/bzip2,cbench-v1,A,1,-licm,1,0.087832487,0,3e9babc6b7a9152a1b5ff1cc3c78c60a05fc676e03e63b5941ac84eed2a94b79,/home/nithi/.local/share/compiler_gym/llvm-v0/cbench-v1-runtime-data/runtime_data/bzip2_data/1.bz2
benchmark://cbench-v1/bzip2,cbench-v1,A,1,-licm,2,0.139258940,0,3e9babc6b7a9152a1b5ff1cc3c78c60a05fc676e03e63b5941ac84eed2a94b79,/home/nithi/.local/share/compiler_gym/llvm-v0/cbench-v1-runtime-data/runtime_data/bzip2_data/1.bz2
benchmark://cbench-v1/bzip2,cbench-v1,A,1,-loop-rotate,0,0.108164876,0,3e9babc6b7a9152a1b5ff1cc3c78c60a05fc676e03e63b5941ac84eed2a94b79,/home/nithi/.local/share/compiler_gym/llvm-v0/cbench-v1-runtime-data/runtime_data/bzip2_data/1.bz2
benchmark://cbench-v1/bzip2,cbench-v1,A,1,-loop-rotate,1,0.142645944,0,3e9babc6b7a9152a1b5ff1cc3c78c60a05fc676e03e63b5941ac84eed2a94b79,/home/nithi/.local/share/compiler_gym/llvm-v0/cbench-v1-runtime-data/runtime_data/bzip2_data/1.bz2
benchmark://cbench-v1/bzip2,cbench-v1,A,1,-loop-rotate,2,0.096102051,0,3e9babc6b7a9152a1b5ff1cc3c78c60a05fc676e03e63b5941ac84eed2a94b79,/home/nithi/.local/share/compiler_gym/llvm-v0/cbench-v1-runtime-data/runtime_data/bzip2_data/1.bz2
benchmark://cbench-v1/bzip2,cbench-v1,A,1,-loop-unroll,0,0.100868057,0,3e9babc6b7a9152a1b5ff1cc3c78c60a05fc676e03e63b5941ac84eed2a94b79,/home/nithi/.local/share/compiler_gym/llvm-v0/cbench-v1-runtime-data/runtime_data/bzip2_data/1.bz2
benchmark://cbench-v1/bzip2,cbench-v1,A,1,-loop-unroll,1,0.092666215,0,3e9babc6b7a9152a1b5ff1cc3c78c60a05fc676e03e63b5941ac84eed2a94b79,/home/nithi/.local/share/compiler_gym/llvm-v0/cbench-v1-runtime-data/runtime_data/bzip2_data/1.bz2
benchmark://cbench-v1/bzip2,cbench-v1,A,1,-loop-unroll,2,0.098354487,0,3e9babc6b7a9152a1b5ff1cc3c78c60a05fc676e03e63b5941ac84eed2a94b79,/home/nithi/.local/share/compiler_gym/llvm-v0/cbench-v1-runtime-data/runtime_data/bzip2_data/1.bz2
benchmark://cbench-v1/bzip2,cbench-v1,A,1,-loop-vectorize,0,0.092864721,0,3e9babc6b7a9152a1b5ff1cc3c78c60a05fc676e03e63b5941ac84eed2a94b79,/home/nithi/.local/share/compiler_gym/llvm-v0/cbench-v1-runtime-data/runtime_data/bzip2_data/1.bz2
benchmark://cbench-v1/bzip2,cbench-v1,A,1,-loop-vectorize,1,0.091087357,0,3e9babc6b7a9152a1b5ff1cc3c78c60a05fc676e03e63b5941ac84eed2a94b79,/home/nithi/.local/share/compiler_gym/llvm-v0/cbench-v1-runtime-data/runtime_data/bzip2_data/1.bz2
benchmark://cbench-v1/bzip2,cbench-v1,A,1,-loop-vectorize,2,0.097520725,0,3e9babc6b7a9152a1b5ff1cc3c78c60a05fc676e03e63b5941ac84eed2a94b79,/home/nithi/.local/share/compiler_gym/llvm-v0/cbench-v1-runtime-data/runtime_data/bzip2_data/1.bz2
benchmark://cbench-v1/bzip2,cbench-v1,A,1,-loop-deletion,0,0.095653701,0,3e9babc6b7a9152a1b5ff1cc3c78c60a05fc676e03e63b5941ac84eed2a94b79,/home/nithi/.local/share/compiler_gym/llvm-v0/cbench-v1-runtime-data/runtime_data/bzip2_data/1.bz2
benchmark://cbench-v1/bzip2,cbench-v1,A,1,-loop-deletion,1,0.094040667,0,3e9babc6b7a9152a1b5ff1cc3c78c60a05fc676e03e63b5941ac84eed2a94b79,/home/nithi/.local/share/compiler_gym/llvm-v0/cbench-v1-runtime-data/runtime_data/bzip2_data/1.bz2
benchmark://cbench-v1/bzip2,cbench-v1,A,1,-loop-deletion,2,0.092188648,0,3e9babc6b7a9152a1b5ff1cc3c78c60a05fc676e03e63b5941ac84eed2a94b79,/home/nithi/.local/share/compiler_gym/llvm-v0/cbench-v1-runtime-data/runtime_data/bzip2_data/1.bz2
benchmark://cbench-v1/bzip2,cbench-v1,A,1,-loop-unswitch,0,0.095082682,0,3e9babc6b7a9152a1b5ff1cc3c78c60a05fc676e03e63b5941ac84eed2a94b79,/home/nithi/.local/share/compiler_gym/llvm-v0/cbench-v1-runtime-data/runtime_data/bzip2_data/1.bz2
benchmark://cbench-v1/bzip2,cbench-v1,A,1,-loop-unswitch,1,0.091963375,0,3e9babc6b7a9152a1b5ff1cc3c78c60a05fc676e03e63b5941ac84eed2a94b79,/home/nithi/.local/share/compiler_gym/llvm-v0/cbench-v1-runtime-data/runtime_data/bzip2_data/1.bz2
benchmark://cbench-v1/bzip2,cbench-v1,A,1,-loop-unswitch,2,0.089018116,0,3e9babc6b7a9152a1b5ff1cc3c78c60a05fc676e03e63b5941ac84eed2a94b79,/home/nithi/.local/share/compiler_gym/llvm-v0/cbench-v1-runtime-data/runtime_data/bzip2_data/1.bz2
benchmark://cbench-v1/bzip2,cbench-v1,A,1,-loop-distribute,0,0.096078249,0,3e9babc6b7a9152a1b5ff1cc3c78c60a05fc676e03e63b5941ac84eed2a94b79,/home/nithi/.local/share/compiler_gym/llvm-v0/cbench-v1-runtime-data/runtime_data/bzip2_data/1.bz2
benchmark://cbench-v1/bzip2,cbench-v1,A,1,-loop-distribute,1,0.096325146,0,3e9babc6b7a9152a1b5ff1cc3c78c60a05fc676e03e63b5941ac84eed2a94b79,/home/nithi/.local/share/compiler_gym/llvm-v0/cbench-v1-runtime-data/runtime_data/bzip2_data/1.bz2
benchmark://cbench-v1/bzip2,cbench-v1,A,1,-loop-distribute,2,0.089039872,0,3e9babc6b7a9152a1b5ff1cc3c78c60a05fc676e03e63b5941ac84eed2a94b79,/home/nithi/.local/share/compiler_gym/llvm-v0/cbench-v1-runtime-data/runtime_data/bzip2_data/1.bz2
benchmark://cbench-v1/bzip2,cbench-v1,A,1,-indvars,0,0.089378015,0,3e9babc6b7a9152a1b5ff1cc3c78c60a05fc676e03e63b5941ac84eed2a94b79,/home/nithi/.local/share/compiler_gym/llvm-v0/cbench-v1-runtime-data/runtime_data/bzip2_data/1.bz2
benchmark://cbench-v1/bzip2,cbench-v1,A,1,-indvars,1,0.087295074,0,3e9babc6b7a9152a1b5ff1cc3c78c60a05fc676e03e63b5941ac84eed2a94b79,/home/nithi/.local/share/compiler_gym/llvm-v0/cbench-v1-runtime-data/runtime_data/bzip2_data/1.bz2
benchmark://cbench-v1/bzip2,cbench-v1,A,1,-indvars,2,0.095566317,0,3e9babc6b7a9152a1b5ff1cc3c78c60a05fc676e03e63b5941ac84eed2a94b79,/home/nithi/.local/share/compiler_gym/llvm-v0/cbench-v1-runtime-data/runtime_data/bzip2_data/1.bz2
benchmark://cbench-v1/bzip2,cbench-v1,A,2,O0,0,0.097964298,0,3e9babc6b7a9152a1b5ff1cc3c78c60a05fc676e03e63b5941ac84eed2a94b79,/home/nithi/.local/share/compiler_gym/llvm-v0/cbench-v1-runtime-data/runtime_data/bzip2_data/1.bz2
benchmark://cbench-v1/bzip2,cbench-v1,A,2,O0,1,0.094023327,0,3e9babc6b7a9152a1b5ff1cc3c78c60a05fc676e03e63b5941ac84eed2a94b79,/home/nithi/.local/share/compiler_gym/llvm-v0/cbench-v1-runtime-data/runtime_data/bzip2_data/1.bz2
benchmark://cbench-v1/bzip2,cbench-v1,A,2,O0,2,0.096137996,0,3e9babc6b7a9152a1b5ff1cc3c78c60a05fc676e03e63b5941ac84eed2a94b79,/home/nithi/.local/share/compiler_gym/llvm-v0/cbench-v1-runtime-data/runtime_data/bzip2_data/1.bz2
benchmark://cbench-v1/bzip2,cbench-v1,A,2,-licm,0,0.097014720,0,3e9babc6b7a9152a1b5ff1cc3c78c60a05fc676e03e63b5941ac84eed2a94b79,/home/nithi/.local/share/compiler_gym/llvm-v0/cbench-v1-runtime-data/runtime_data/bzip2_data/1.bz2
benchmark://cbench-v1/bzip2,cbench-v1,A,2,-licm,1,0.100336448,0,3e9babc6b7a9152a1b5ff1cc3c78c60a05fc676e03e63b5941ac84eed2a94b79,/home/nithi/.local/share/compiler_gym/llvm-v0/cbench-v1-runtime-data/runtime_data/bzip2_data/1.bz2
benchmark://cbench-v1/bzip2,cbench-v1,A,2,-licm,2,0.093434591,0,3e9babc6b7a9152a1b5ff1cc3c78c60a05fc676e03e63b5941ac84eed2a94b79,/home/nithi/.local/share/compiler_gym/llvm-v0/cbench-v1-runtime-data/runtime_data/bzip2_data/1.bz2
benchmark://cbench-v1/bzip2,cbench-v1,A,2,-loop-rotate,0,0.089116162,0,3e9babc6b7a9152a1b5ff1cc3c78c60a05fc676e03e63b5941ac84eed2a94b79,/home/nithi/.local/share/compiler_gym/llvm-v0/cbench-v1-runtime-data/runtime_data/bzip2_data/1.bz2
benchmark://cbench-v1/bzip2,cbench-v1,A,2,-loop-rotate,1,0.092806558,0,3e9babc6b7a9152a1b5ff1cc3c78c60a05fc676e03e63b5941ac84eed2a94b79,/home/nithi/.local/share/compiler_gym/llvm-v0/cbench-v1-runtime-data/runtime_data/bzip2_data/1.bz2
benchmark://cbench-v1/bzip2,cbench-v1,A,2,-loop-rotate,2,0.099446396,0,3e9babc6b7a9152a1b5ff1cc3c78c60a05fc676e03e63b5941ac84eed2a94b79,/home/nithi/.local/share/compiler_gym/llvm-v0/cbench-v1-runtime-data/runtime_data/bzip2_data/1.bz2
benchmark://cbench-v1/bzip2,cbench-v1,A,2,-loop-unroll,0,0.104480119,0,3e9babc6b7a9152a1b5ff1cc3c78c60a05fc676e03e63b5941ac84eed2a94b79,/home/nithi/.local/share/compiler_gym/llvm-v0/cbench-v1-runtime-data/runtime_data/bzip2_data/1.bz2
benchmark://cbench-v1/bzip2,cbench-v1,A,2,-loop-unroll,1,0.096939190,0,3e9babc6b7a9152a1b5ff1cc3c78c60a05fc676e03e63b5941ac84eed2a94b79,/home/nithi/.local/share/compiler_gym/llvm-v0/cbench-v1-runtime-data/runtime_data/bzip2_data/1.bz2
benchmark://cbench-v1/bzip2,cbench-v1,A,2,-loop-unroll,2,0.098708197,0,3e9babc6b7a9152a1b5ff1cc3c78c60a05fc676e03e63b5941ac84eed2a94b79,/home/nithi/.local/share/compiler_gym/llvm-v0/cbench-v1-runtime-data/runtime_data/bzip2_data/1.bz2
benchmark://cbench-v1/bzip2,cbench-v1,A,2,-loop-vectorize,0,0.094290454,0,3e9babc6b7a9152a1b5ff1cc3c78c60a05fc676e03e63b5941ac84eed2a94b79,/home/nithi/.local/share/compiler_gym/llvm-v0/cbench-v1-runtime-data/runtime_data/bzip2_data/1.bz2
benchmark://cbench-v1/bzip2,cbench-v1,A,2,-loop-vectorize,1,0.099809727,0,3e9babc6b7a9152a1b5ff1cc3c78c60a05fc676e03e63b5941ac84eed2a94b79,/home/nithi/.local/share/compiler_gym/llvm-v0/cbench-v1-runtime-data/runtime_data/bzip2_data/1.bz2
benchmark://cbench-v1/bzip2,cbench-v1,A,2,-loop-vectorize,2,0.093410810,0,3e9babc6b7a9152a1b5ff1cc3c78c60a05fc676e03e63b5941ac84eed2a94b79,/home/nithi/.local/share/compiler_gym/llvm-v0/cbench-v1-runtime-data/runtime_data/bzip2_data/1.bz2
benchmark://cbench-v1/bzip2,cbench-v1,A,2,-loop-deletion,0,0.097729565,0,3e9babc6b7a9152a1b5ff1cc3c78c60a05fc676e03e63b5941ac84eed2a94b79,/home/nithi/.local/share/compiler_gym/llvm-v0/cbench-v1-runtime-data/runtime_data/bzip2_data/1.bz2
benchmark://cbench-v1/bzip2,cbench-v1,A,2,-loop-deletion,1,0.101832361,0,3e9babc6b7a9152a1b5ff1cc3c78c60a05fc676e03e63b5941ac84eed2a94b79,/home/nithi/.local/share/compiler_gym/llvm-v0/cbench-v1-runtime-data/runtime_data/bzip2_data/1.bz2
benchmark://cbench-v1/bzip2,cbench-v1,A,2,-loop-deletion,2,0.091965542,0,3e9babc6b7a9152a1b5ff1cc3c78c60a05fc676e03e63b5941ac84eed2a94b79,/home/nithi/.local/share/compiler_gym/llvm-v0/cbench-v1-runtime-data/runtime_data/bzip2_data/1.bz2
benchmark://cbench-v1/bzip2,cbench-v1,A,2,-loop-unswitch,0,0.087421162,0,3e9babc6b7a9152a1b5ff1cc3c78c60a05fc676e03e63b5941ac84eed2a94b79,/home/nithi/.local/share/compiler_gym/llvm-v0/cbench-v1-runtime-data/runtime_data/bzip2_data/1.bz2
benchmark://cbench-v1/bzip2,cbench-v1,A,2,-loop-unswitch,1,0.096102861,0,3e9babc6b7a9152a1b5ff1cc3c78c60a05fc676e03e63b5941ac84eed2a94b79,/home/nithi/.local/share/compiler_gym/llvm-v0/cbench-v1-runtime-data/runtime_data/bzip2_data/1.bz2
benchmark://cbench-v1/bzip2,cbench-v1,A,2,-loop-unswitch,2,0.091242429,0,3e9babc6b7a9152a1b5ff1cc3c78c60a05fc676e03e63b5941ac84eed2a94b79,/home/nithi/.local/share/compiler_gym/llvm-v0/cbench-v1-runtime-data/runtime_data/bzip2_data/1.bz2
benchmark://cbench-v1/bzip2,cbench-v1,A,2,-loop-distribute,0,0.132148056,0,3e9babc6b7a9152a1b5ff1cc3c78c60a05fc676e03e63b5941ac84eed2a94b79,/home/nithi/.local/share/compiler_gym/llvm-v0/cbench-v1-runtime-data/runtime_data/bzip2_data/1.bz2
benchmark://cbench-v1/bzip2,cbench-v1,A,2,-loop-distribute,1,0.093382010,0,3e9babc6b7a9152a1b5ff1cc3c78c60a05fc676e03e63b5941ac84eed2a94b79,/home/nithi/.local/share/compiler_gym/llvm-v0/cbench-v1-runtime-data/runtime_data/bzip2_data/1.bz2
benchmark://cbench-v1/bzip2,cbench-v1,A,2,-loop-distribute,2,0.100305157,0,3e9babc6b7a9152a1b5ff1cc3c78c60a05fc676e03e63b5941ac84eed2a94b79,/home/nithi/.local/share/compiler_gym/llvm-v0/cbench-v1-runtime-data/runtime_data/bzip2_data/1.bz2
benchmark://cbench-v1/bzip2,cbench-v1,A,2,-indvars,0,0.089679991,0,3e9babc6b7a9152a1b5ff1cc3c78c60a05fc676e03e63b5941ac84eed2a94b79,/home/nithi/.local/share/compiler_gym/llvm-v0/cbench-v1-runtime-data/runtime_data/bzip2_data/1.bz2
benchmark://cbench-v1/bzip2,cbench-v1,A,2,-indvars,1,0.094159470,0,3e9babc6b7a9152a1b5ff1cc3c78c60a05fc676e03e63b5941ac84eed2a94b79,/home/nithi/.local/share/compiler_gym/llvm-v0/cbench-v1-runtime-data/runtime_data/bzip2_data/1.bz2
benchmark://cbench-v1/bzip2,cbench-v1,A,2,-indvars,2,0.094183448,0,3e9babc6b7a9152a1b5ff1cc3c78c60a05fc676e03e63b5941ac84eed2a94b79,/home/nithi/.local/share/compiler_gym/llvm-v0/cbench-v1-runtime-data/runtime_data/bzip2_data/1.bz2
benchmark://cbench-v1/bzip2,cbench-v1,B,1,O0,0,8.099496930,0,b49ca198e33c62e97e8524e95f0f6aa31bb530b3bd84a69c884be6401a4be270,/home/nithi/.local/share/compiler_gym/llvm-v0/cbench-v1-runtime-data/runtime_data/bzip2_data/8.bz2
benchmark://cbench-v1/bzip2,cbench-v1,B,1,O0,1,8.220080549,0,b49ca198e33c62e97e8524e95f0f6aa31bb530b3bd84a69c884be6401a4be270,/home/nithi/.local/share/compiler_gym/llvm-v0/cbench-v1-runtime-data/runtime_data/bzip2_data/8.bz2
benchmark://cbench-v1/bzip2,cbench-v1,B,1,O0,2,8.410325157,0,b49ca198e33c62e97e8524e95f0f6aa31bb530b3bd84a69c884be6401a4be270,/home/nithi/.local/share/compiler_gym/llvm-v0/cbench-v1-runtime-data/runtime_data/bzip2_data/8.bz2
benchmark://cbench-v1/bzip2,cbench-v1,B,1,O0,3,8.243439698,0,b49ca198e33c62e97e8524e95f0f6aa31bb530b3bd84a69c884be6401a4be270,/home/nithi/.local/share/compiler_gym/llvm-v0/cbench-v1-runtime-data/runtime_data/bzip2_data/8.bz2
benchmark://cbench-v1/bzip2,cbench-v1,B,1,O0,4,8.074240032,0,b49ca198e33c62e97e8524e95f0f6aa31bb530b3bd84a69c884be6401a4be270,/home/nithi/.local/share/compiler_gym/llvm-v0/cbench-v1-runtime-data/runtime_data/bzip2_data/8.bz2
benchmark://cbench-v1/bzip2,cbench-v1,B,1,-licm,0,7.949594473,0,b49ca198e33c62e97e8524e95f0f6aa31bb530b3bd84a69c884be6401a4be270,/home/nithi/.local/share/compiler_gym/llvm-v0/cbench-v1-runtime-data/runtime_data/bzip2_data/8.bz2
benchmark://cbench-v1/bzip2,cbench-v1,B,1,-licm,1,8.030842442,0,b49ca198e33c62e97e8524e95f0f6aa31bb530b3bd84a69c884be6401a4be270,/home/nithi/.local/share/compiler_gym/llvm-v0/cbench-v1-runtime-data/runtime_data/bzip2_data/8.bz2
benchmark://cbench-v1/bzip2,cbench-v1,B,1,-licm,2,8.468830082,0,b49ca198e33c62e97e8524e95f0f6aa31bb530b3bd84a69c884be6401a4be270,/home/nithi/.local/share/compiler_gym/llvm-v0/cbench-v1-runtime-data/runtime_data/bzip2_data/8.bz2
benchmark://cbench-v1/bzip2,cbench-v1,B,1,-licm,3,8.037663786,0,b49ca198e33c62e97e8524e95f0f6aa31bb530b3bd84a69c884be6401a4be270,/home/nithi/.local/share/compiler_gym/llvm-v0/cbench-v1-runtime-data/runtime_data/bzip2_data/8.bz2
benchmark://cbench-v1/bzip2,cbench-v1,B,1,-licm,4,7.897044800,0,b49ca198e33c62e97e8524e95f0f6aa31bb530b3bd84a69c884be6401a4be270,/home/nithi/.local/share/compiler_gym/llvm-v0/cbench-v1-runtime-data/runtime_data/bzip2_data/8.bz2
benchmark://cbench-v1/bzip2,cbench-v1,B,1,-loop-rotate,0,8.152708741,0,b49ca198e33c62e97e8524e95f0f6aa31bb530b3bd84a69c884be6401a4be270,/home/nithi/.local/share/compiler_gym/llvm-v0/cbench-v1-runtime-data/runtime_data/bzip2_data/8.bz2
benchmark://cbench-v1/bzip2,cbench-v1,B,1,-loop-rotate,1,8.188302456,0,b49ca198e33c62e97e8524e95f0f6aa31bb530b3bd84a69c884be6401a4be270,/home/nithi/.local/share/compiler_gym/llvm-v0/cbench-v1-runtime-data/runtime_data/bzip2_data/8.bz2
benchmark://cbench-v1/bzip2,cbench-v1,B,1,-loop-rotate,2,8.173548831,0,b49ca198e33c62e97e8524e95f0f6aa31bb530b3bd84a69c884be6401a4be270,/home/nithi/.local/share/compiler_gym/llvm-v0/cbench-v1-runtime-data/runtime_data/bzip2_data/8.bz2
benchmark://cbench-v1/bzip2,cbench-v1,B,1,-loop-rotate,3,8.192458870,0,b49ca198e33c62e97e8524e95f0f6aa31bb530b3bd84a69c884be6401a4be270,/home/nithi/.local/share/compiler_gym/llvm-v0/cbench-v1-runtime-data/runtime_data/bzip2_data/8.bz2
benchmark://cbench-v1/bzip2,cbench-v1,B,1,-loop-rotate,4,8.169846792,0,b49ca198e33c62e97e8524e95f0f6aa31bb530b3bd84a69c884be6401a4be270,/home/nithi/.local/share/compiler_gym/llvm-v0/cbench-v1-runtime-data/runtime_data/bzip2_data/8.bz2
benchmark://cbench-v1/bzip2,cbench-v1,B,1,-loop-unroll,0,7.993264474,0,b49ca198e33c62e97e8524e95f0f6aa31bb530b3bd84a69c884be6401a4be270,/home/nithi/.local/share/compiler_gym/llvm-v0/cbench-v1-runtime-data/runtime_data/bzip2_data/8.bz2
benchmark://cbench-v1/bzip2,cbench-v1,B,1,-loop-unroll,1,8.046131718,0,b49ca198e33c62e97e8524e95f0f6aa31bb530b3bd84a69c884be6401a4be270,/home/nithi/.local/share/compiler_gym/llvm-v0/cbench-v1-runtime-data/runtime_data/bzip2_data/8.bz2
benchmark://cbench-v1/bzip2,cbench-v1,B,1,-loop-unroll,2,8.634998245,0,b49ca198e33c62e97e8524e95f0f6aa31bb530b3bd84a69c884be6401a4be270,/home/nithi/.local/share/compiler_gym/llvm-v0/cbench-v1-runtime-data/runtime_data/bzip2_data/8.bz2
benchmark://cbench-v1/bzip2,cbench-v1,B,1,-loop-unroll,3,8.226964808,0,b49ca198e33c62e97e8524e95f0f6aa31bb530b3bd84a69c884be6401a4be270,/home/nithi/.local/share/compiler_gym/llvm-v0/cbench-v1-runtime-data/runtime_data/bzip2_data/8.bz2
benchmark://cbench-v1/bzip2,cbench-v1,B,1,-loop-unroll,4,7.943482655,0,b49ca198e33c62e97e8524e95f0f6aa31bb530b3bd84a69c884be6401a4be270,/home/nithi/.local/share/compiler_gym/llvm-v0/cbench-v1-runtime-data/runtime_data/bzip2_data/8.bz2
benchmark://cbench-v1/bzip2,cbench-v1,B,1,-loop-vectorize,0,8.053263666,0,b49ca198e33c62e97e8524e95f0f6aa31bb530b3bd84a69c884be6401a4be270,/home/nithi/.local/share/compiler_gym/llvm-v0/cbench-v1-runtime-data/runtime_data/bzip2_data/8.bz2
benchmark://cbench-v1/bzip2,cbench-v1,B,1,-loop-vectorize,1,7.954985822,0,b49ca198e33c62e97e8524e95f0f6aa31bb530b3bd84a69c884be6401a4be270,/home/nithi/.local/share/compiler_gym/llvm-v0/cbench-v1-runtime-data/runtime_data/bzip2_data/8.bz2
benchmark://cbench-v1/bzip2,cbench-v1,B,1,-loop-vectorize,2,8.970828726,0,b49ca198e33c62e97e8524e95f0f6aa31bb530b3bd84a69c884be6401a4be270,/home/nithi/.local/share/compiler_gym/llvm-v0/cbench-v1-runtime-data/runtime_data/bzip2_data/8.bz2
benchmark://cbench-v1/bzip2,cbench-v1,B,1,-loop-vectorize,3,8.272055653,0,b49ca198e33c62e97e8524e95f0f6aa31bb530b3bd84a69c884be6401a4be270,/home/nithi/.local/share/compiler_gym/llvm-v0/cbench-v1-runtime-data/runtime_data/bzip2_data/8.bz2
benchmark://cbench-v1/bzip2,cbench-v1,B,1,-loop-vectorize,4,7.995874199,0,b49ca198e33c62e97e8524e95f0f6aa31bb530b3bd84a69c884be6401a4be270,/home/nithi/.local/share/compiler_gym/llvm-v0/cbench-v1-runtime-data/runtime_data/bzip2_data/8.bz2
benchmark://cbench-v1/bzip2,cbench-v1,B,1,-loop-deletion,0,7.921600138,0,b49ca198e33c62e97e8524e95f0f6aa31bb530b3bd84a69c884be6401a4be270,/home/nithi/.local/share/compiler_gym/llvm-v0/cbench-v1-runtime-data/runtime_data/bzip2_data/8.bz2
benchmark://cbench-v1/bzip2,cbench-v1,B,1,-loop-deletion,1,8.015631920,0,b49ca198e33c62e97e8524e95f0f6aa31bb530b3bd84a69c884be6401a4be270,/home/nithi/.local/share/compiler_gym/llvm-v0/cbench-v1-runtime-data/runtime_data/bzip2_data/8.bz2
benchmark://cbench-v1/bzip2,cbench-v1,B,1,-loop-deletion,2,8.260426266,0,b49ca198e33c62e97e8524e95f0f6aa31bb530b3bd84a69c884be6401a4be270,/home/nithi/.local/share/compiler_gym/llvm-v0/cbench-v1-runtime-data/runtime_data/bzip2_data/8.bz2
benchmark://cbench-v1/bzip2,cbench-v1,B,1,-loop-deletion,3,8.386477359,0,b49ca198e33c62e97e8524e95f0f6aa31bb530b3bd84a69c884be6401a4be270,/home/nithi/.local/share/compiler_gym/llvm-v0/cbench-v1-runtime-data/runtime_data/bzip2_data/8.bz2
benchmark://cbench-v1/bzip2,cbench-v1,B,1,-loop-deletion,4,7.973143270,0,b49ca198e33c62e97e8524e95f0f6aa31bb530b3bd84a69c884be6401a4be270,/home/nithi/.local/share/compiler_gym/llvm-v0/cbench-v1-runtime-data/runtime_data/bzip2_data/8.bz2
benchmark://cbench-v1/bzip2,cbench-v1,B,1,-loop-unswitch,0,7.907915702,0,b49ca198e33c62e97e8524e95f0f6aa31bb530b3bd84a69c884be6401a4be270,/home/nithi/.local/share/compiler_gym/llvm-v0/cbench-v1-runtime-data/runtime_data/bzip2_data/8.bz2
benchmark://cbench-v1/bzip2,cbench-v1,B,1,-loop-unswitch,1,8.069510322,0,b49ca198e33c62e97e8524e95f0f6aa31bb530b3bd84a69c884be6401a4be270,/home/nithi/.local/share/compiler_gym/llvm-v0/cbench-v1-runtime-data/runtime_data/bzip2_data/8.bz2
benchmark://cbench-v1/bzip2,cbench-v1,B,1,-loop-unswitch,2,8.585232923,0,b49ca198e33c62e97e8524e95f0f6aa31bb530b3bd84a69c884be6401a4be270,/home/nithi/.local/share/compiler_gym/llvm-v0/cbench-v1-runtime-data/runtime_data/bzip2_data/8.bz2
benchmark://cbench-v1/bzip2,cbench-v1,B,1,-loop-unswitch,3,8.665706576,0,b49ca198e33c62e97e8524e95f0f6aa31bb530b3bd84a69c884be6401a4be270,/home/nithi/.local/share/compiler_gym/llvm-v0/cbench-v1-runtime-data/runtime_data/bzip2_data/8.bz2
benchmark://cbench-v1/bzip2,cbench-v1,B,1,-loop-unswitch,4,7.947944816,0,b49ca198e33c62e97e8524e95f0f6aa31bb530b3bd84a69c884be6401a4be270,/home/nithi/.local/share/compiler_gym/llvm-v0/cbench-v1-runtime-data/runtime_data/bzip2_data/8.bz2
benchmark://cbench-v1/bzip2,cbench-v1,B,1,-loop-distribute,0,7.955983260,0,b49ca198e33c62e97e8524e95f0f6aa31bb530b3bd84a69c884be6401a4be270,/home/nithi/.local/share/compiler_gym/llvm-v0/cbench-v1-runtime-data/runtime_data/bzip2_data/8.bz2
benchmark://cbench-v1/bzip2,cbench-v1,B,1,-loop-distribute,1,8.082220301,0,b49ca198e33c62e97e8524e95f0f6aa31bb530b3bd84a69c884be6401a4be270,/home/nithi/.local/share/compiler_gym/llvm-v0/cbench-v1-runtime-data/runtime_data/bzip2_data/8.bz2
benchmark://cbench-v1/bzip2,cbench-v1,B,1,-loop-distribute,2,8.496378778,0,b49ca198e33c62e97e8524e95f0f6aa31bb530b3bd84a69c884be6401a4be270,/home/nithi/.local/share/compiler_gym/llvm-v0/cbench-v1-runtime-data/runtime_data/bzip2_data/8.bz2
benchmark://cbench-v1/bzip2,cbench-v1,B,1,-loop-distribute,3,8.490362428,0,b49ca198e33c62e97e8524e95f0f6aa31bb530b3bd84a69c884be6401a4be270,/home/nithi/.local/share/compiler_gym/llvm-v0/cbench-v1-runtime-data/runtime_data/bzip2_data/8.bz2
benchmark://cbench-v1/bzip2,cbench-v1,B,1,-loop-distribute,4,8.094023864,0,b49ca198e33c62e97e8524e95f0f6aa31bb530b3bd84a69c884be6401a4be270,/home/nithi/.local/share/compiler_gym/llvm-v0/cbench-v1-runtime-data/runtime_data/bzip2_data/8.bz2
benchmark://cbench-v1/bzip2,cbench-v1,B,1,-indvars,0,8.083132368,0,b49ca198e33c62e97e8524e95f0f6aa31bb530b3bd84a69c884be6401a4be270,/home/nithi/.local/share/compiler_gym/llvm-v0/cbench-v1-runtime-data/runtime_data/bzip2_data/8.bz2
benchmark://cbench-v1/bzip2,cbench-v1,B,1,-indvars,1,8.255920703,0,b49ca198e33c62e97e8524e95f0f6aa31bb530b3bd84a69c884be6401a4be270,/home/nithi/.local/share/compiler_gym/llvm-v0/cbench-v1-runtime-data/runtime_data/bzip2_data/8.bz2
benchmark://cbench-v1/bzip2,cbench-v1,B,1,-indvars,2,8.493359934,0,b49ca198e33c62e97e8524e95f0f6aa31bb530b3bd84a69c884be6401a4be270,/home/nithi/.local/share/compiler_gym/llvm-v0/cbench-v1-runtime-data/runtime_data/bzip2_data/8.bz2
benchmark://cbench-v1/bzip2,cbench-v1,B,1,-indvars,3,8.621983915,0,b49ca198e33c62e97e8524e95f0f6aa31bb530b3bd84a69c884be6401a4be270,/home/nithi/.local/share/compiler_gym/llvm-v0/cbench-v1-runtime-data/runtime_data/bzip2_data/8.bz2
benchmark://cbench-v1/bzip2,cbench-v1,B,1,-indvars,4,7.882155318,0,b49ca198e33c62e97e8524e95f0f6aa31bb530b3bd84a69c884be6401a4be270,/home/nithi/.local/share/compiler_gym/llvm-v0/cbench-v1-runtime-data/runtime_data/bzip2_data/8.bz2
benchmark://cbench-v1/bzip2,cbench-v1,B,2,O0,0,7.986408229,0,b49ca198e33c62e97e8524e95f0f6aa31bb530b3bd84a69c884be6401a4be270,/home/nithi/.local/share/compiler_gym/llvm-v0/cbench-v1-runtime-data/runtime_data/bzip2_data/8.bz2
benchmark://cbench-v1/bzip2,cbench-v1,B,2,O0,1,8.175885018,0,b49ca198e33c62e97e8524e95f0f6aa31bb530b3bd84a69c884be6401a4be270,/home/nithi/.local/share/compiler_gym/llvm-v0/cbench-v1-runtime-data/runtime_data/bzip2_data/8.bz2
benchmark://cbench-v1/bzip2,cbench-v1,B,2,O0,2,8.136975627,0,b49ca198e33c62e97e8524e95f0f6aa31bb530b3bd84a69c884be6401a4be270,/home/nithi/.local/share/compiler_gym/llvm-v0/cbench-v1-runtime-data/runtime_data/bzip2_data/8.bz2
benchmark://cbench-v1/bzip2,cbench-v1,B,2,O0,3,7.983695786,0,b49ca198e33c62e97e8524e95f0f6aa31bb530b3bd84a69c884be6401a4be270,/home/nithi/.local/share/compiler_gym/llvm-v0/cbench-v1-runtime-data/runtime_data/bzip2_data/8.bz2
benchmark://cbench-v1/bzip2,cbench-v1,B,2,O0,4,7.928801147,0,b49ca198e33c62e97e8524e95f0f6aa31bb530b3bd84a69c884be6401a4be270,/home/nithi/.local/share/compiler_gym/llvm-v0/cbench-v1-runtime-data/runtime_data/bzip2_data/8.bz2
benchmark://cbench-v1/bzip2,cbench-v1,B,2,-licm,0,8.121177861,0,b49ca198e33c62e97e8524e95f0f6aa31bb530b3bd84a69c884be6401a4be270,/home/nithi/.local/share/compiler_gym/llvm-v0/cbench-v1-runtime-data/runtime_data/bzip2_data/8.bz2
benchmark://cbench-v1/bzip2,cbench-v1,B,2,-licm,1,8.125769536,0,b49ca198e33c62e97e8524e95f0f6aa31bb530b3bd84a69c884be6401a4be270,/home/nithi/.local/share/compiler_gym/llvm-v0/cbench-v1-runtime-data/runtime_data/bzip2_data/8.bz2
benchmark://cbench-v1/bzip2,cbench-v1,B,2,-licm,2,8.169234841,0,b49ca198e33c62e97e8524e95f0f6aa31bb530b3bd84a69c884be6401a4be270,/home/nithi/.local/share/compiler_gym/llvm-v0/cbench-v1-runtime-data/runtime_data/bzip2_data/8.bz2
benchmark://cbench-v1/bzip2,cbench-v1,B,2,-licm,3,7.970319310,0,b49ca198e33c62e97e8524e95f0f6aa31bb530b3bd84a69c884be6401a4be270,/home/nithi/.local/share/compiler_gym/llvm-v0/cbench-v1-runtime-data/runtime_data/bzip2_data/8.bz2
benchmark://cbench-v1/bzip2,cbench-v1,B,2,-licm,4,7.898296042,0,b49ca198e33c62e97e8524e95f0f6aa31bb530b3bd84a69c884be6401a4be270,/home/nithi/.local/share/compiler_gym/llvm-v0/cbench-v1-runtime-data/runtime_data/bzip2_data/8.bz2
benchmark://cbench-v1/bzip2,cbench-v1,B,2,-loop-rotate,0,8.118872746,0,b49ca198e33c62e97e8524e95f0f6aa31bb530b3bd84a69c884be6401a4be270,/home/nithi/.local/share/compiler_gym/llvm-v0/cbench-v1-runtime-data/runtime_data/bzip2_data/8.bz2
benchmark://cbench-v1/bzip2,cbench-v1,B,2,-loop-rotate,1,8.270534908,0,b49ca198e33c62e97e8524e95f0f6aa31bb530b3bd84a69c884be6401a4be270,/home/nithi/.local/share/compiler_gym/llvm-v0/cbench-v1-runtime-data/runtime_data/bzip2_data/8.bz2
benchmark://cbench-v1/bzip2,cbench-v1,B,2,-loop-rotate,2,8.338746138,0,b49ca198e33c62e97e8524e95f0f6aa31bb530b3bd84a69c884be6401a4be270,/home/nithi/.local/share/compiler_gym/llvm-v0/cbench-v1-runtime-data/runtime_data/bzip2_data/8.bz2
benchmark://cbench-v1/bzip2,cbench-v1,B,2,-loop-rotate,3,8.110019009,0,b49ca198e33c62e97e8524e95f0f6aa31bb530b3bd84a69c884be6401a4be270,/home/nithi/.local/share/compiler_gym/llvm-v0/cbench-v1-runtime-data/runtime_data/bzip2_data/8.bz2
benchmark://cbench-v1/bzip2,cbench-v1,B,2,-loop-rotate,4,8.077053560,0,b49ca198e33c62e97e8524e95f0f6aa31bb530b3bd84a69c884be6401a4be270,/home/nithi/.local/share/compiler_gym/llvm-v0/cbench-v1-runtime-data/runtime_data/bzip2_data/8.bz2
benchmark://cbench-v1/bzip2,cbench-v1,B,2,-loop-unroll,0,8.347017926,0,b49ca198e33c62e97e8524e95f0f6aa31bb530b3bd84a69c884be6401a4be270,/home/nithi/.local/share/compiler_gym/llvm-v0/cbench-v1-runtime-data/runtime_data/bzip2_data/8.bz2
benchmark://cbench-v1/bzip2,cbench-v1,B,2,-loop-unroll,1,8.136394139,0,b49ca198e33c62e97e8524e95f0f6aa31bb530b3bd84a69c884be6401a4be270,/home/nithi/.local/share/compiler_gym/llvm-v0/cbench-v1-runtime-data/runtime_data/bzip2_data/8.bz2
benchmark://cbench-v1/bzip2,cbench-v1,B,2,-loop-unroll,2,8.322297035,0,b49ca198e33c62e97e8524e95f0f6aa31bb530b3bd84a69c884be6401a4be270,/home/nithi/.local/share/compiler_gym/llvm-v0/cbench-v1-runtime-data/runtime_data/bzip2_data/8.bz2
benchmark://cbench-v1/bzip2,cbench-v1,B,2,-loop-unroll,3,8.303985365,0,b49ca198e33c62e97e8524e95f0f6aa31bb530b3bd84a69c884be6401a4be270,/home/nithi/.local/share/compiler_gym/llvm-v0/cbench-v1-runtime-data/runtime_data/bzip2_data/8.bz2
benchmark://cbench-v1/bzip2,cbench-v1,B,2,-loop-unroll,4,7.908706796,0,b49ca198e33c62e97e8524e95f0f6aa31bb530b3bd84a69c884be6401a4be270,/home/nithi/.local/share/compiler_gym/llvm-v0/cbench-v1-runtime-data/runtime_data/bzip2_data/8.bz2
benchmark://cbench-v1/bzip2,cbench-v1,B,2,-loop-vectorize,0,8.163872156,0,b49ca198e33c62e97e8524e95f0f6aa31bb530b3bd84a69c884be6401a4be270,/home/nithi/.local/share/compiler_gym/llvm-v0/cbench-v1-runtime-data/runtime_data/bzip2_data/8.bz2
benchmark://cbench-v1/bzip2,cbench-v1,B,2,-loop-vectorize,1,8.056954951,0,b49ca198e33c62e97e8524e95f0f6aa31bb530b3bd84a69c884be6401a4be270,/home/nithi/.local/share/compiler_gym/llvm-v0/cbench-v1-runtime-data/runtime_data/bzip2_data/8.bz2
benchmark://cbench-v1/bzip2,cbench-v1,B,2,-loop-vectorize,2,8.190688493,0,b49ca198e33c62e97e8524e95f0f6aa31bb530b3bd84a69c884be6401a4be270,/home/nithi/.local/share/compiler_gym/llvm-v0/cbench-v1-runtime-data/runtime_data/bzip2_data/8.bz2
benchmark://cbench-v1/bzip2,cbench-v1,B,2,-loop-vectorize,3,8.017189445,0,b49ca198e33c62e97e8524e95f0f6aa31bb530b3bd84a69c884be6401a4be270,/home/nithi/.local/share/compiler_gym/llvm-v0/cbench-v1-runtime-data/runtime_data/bzip2_data/8.bz2
benchmark://cbench-v1/bzip2,cbench-v1,B,2,-loop-vectorize,4,7.976592807,0,b49ca198e33c62e97e8524e95f0f6aa31bb530b3bd84a69c884be6401a4be270,/home/nithi/.local/share/compiler_gym/llvm-v0/cbench-v1-runtime-data/runtime_data/bzip2_data/8.bz2
benchmark://cbench-v1/bzip2,cbench-v1,B,2,-loop-deletion,0,8.352935017,0,b49ca198e33c62e97e8524e95f0f6aa31bb530b3bd84a69c884be6401a4be270,/home/nithi/.local/share/compiler_gym/llvm-v0/cbench-v1-runtime-data/runtime_data/bzip2_data/8.bz2
benchmark://cbench-v1/bzip2,cbench-v1,B,2,-loop-deletion,1,8.119583665,0,b49ca198e33c62e97e8524e95f0f6aa31bb530b3bd84a69c884be6401a4be270,/home/nithi/.local/share/compiler_gym/llvm-v0/cbench-v1-runtime-data/runtime_data/bzip2_data/8.bz2
benchmark://cbench-v1/bzip2,cbench-v1,B,2,-loop-deletion,2,8.229047847,0,b49ca198e33c62e97e8524e95f0f6aa31bb530b3bd84a69c884be6401a4be270,/home/nithi/.local/share/compiler_gym/llvm-v0/cbench-v1-runtime-data/runtime_data/bzip2_data/8.bz2
benchmark://cbench-v1/bzip2,cbench-v1,B,2,-loop-deletion,3,8.086905686,0,b49ca198e33c62e97e8524e95f0f6aa31bb530b3bd84a69c884be6401a4be270,/home/nithi/.local/share/compiler_gym/llvm-v0/cbench-v1-runtime-data/runtime_data/bzip2_data/8.bz2
benchmark://cbench-v1/bzip2,cbench-v1,B,2,-loop-deletion,4,7.945644045,0,b49ca198e33c62e97e8524e95f0f6aa31bb530b3bd84a69c884be6401a4be270,/home/nithi/.local/share/compiler_gym/llvm-v0/cbench-v1-runtime-data/runtime_data/bzip2_data/8.bz2
benchmark://cbench-v1/bzip2,cbench-v1,B,2,-loop-unswitch,0,8.111755101,0,b49ca198e33c62e97e8524e95f0f6aa31bb530b3bd84a69c884be6401a4be270,/home/nithi/.local/share/compiler_gym/llvm-v0/cbench-v1-runtime-data/runtime_data/bzip2_data/8.bz2
benchmark://cbench-v1/bzip2,cbench-v1,B,2,-loop-unswitch,1,8.424647158,0,b49ca198e33c62e97e8524e95f0f6aa31bb530b3bd84a69c884be6401a4be270,/home/nithi/.local/share/compiler_gym/llvm-v0/cbench-v1-runtime-data/runtime_data/bzip2_data/8.bz2
benchmark://cbench-v1/bzip2,cbench-v1,B,2,-loop-unswitch,2,8.266420681,0,b49ca198e33c62e97e8524e95f0f6aa31bb530b3bd84a69c884be6401a4be270,/home/nithi/.local/share/compiler_gym/llvm-v0/cbench-v1-runtime-data/runtime_data/bzip2_data/8.bz2
benchmark://cbench-v1/bzip2,cbench-v1,B,2,-loop-unswitch,3,8.212463318,0,b49ca198e33c62e97e8524e95f0f6aa31bb530b3bd84a69c884be6401a4be270,/home/nithi/.local/share/compiler_gym/llvm-v0/cbench-v1-runtime-data/runtime_data/bzip2_data/8.bz2
benchmark://cbench-v1/bzip2,cbench-v1,B,2,-loop-unswitch,4,7.958353348,0,b49ca198e33c62e97e8524e95f0f6aa31bb530b3bd84a69c884be6401a4be270,/home/nithi/.local/share/compiler_gym/llvm-v0/cbench-v1-runtime-data/runtime_data/bzip2_data/8.bz2
benchmark://cbench-v1/bzip2,cbench-v1,B,2,-loop-distribute,0,8.237973560,0,b49ca198e33c62e97e8524e95f0f6aa31bb530b3bd84a69c884be6401a4be270,/home/nithi/.local/share/compiler_gym/llvm-v0/cbench-v1-runtime-data/runtime_data/bzip2_data/8.bz2
benchmark://cbench-v1/bzip2,cbench-v1,B,2,-loop-distribute,1,8.143453084,0,b49ca198e33c62e97e8524e95f0f6aa31bb530b3bd84a69c884be6401a4be270,/home/nithi/.local/share/compiler_gym/llvm-v0/cbench-v1-runtime-data/runtime_data/bzip2_data/8.bz2
benchmark://cbench-v1/bzip2,cbench-v1,B,2,-loop-distribute,2,8.129138813,0,b49ca198e33c62e97e8524e95f0f6aa31bb530b3bd84a69c884be6401a4be270,/home/nithi/.local/share/compiler_gym/llvm-v0/cbench-v1-runtime-data/runtime_data/bzip2_data/8.bz2
benchmark://cbench-v1/bzip2,cbench-v1,B,2,-loop-distribute,3,8.442564854,0,b49ca198e33c62e97e8524e95f0f6aa31bb530b3bd84a69c884be6401a4be270,/home/nithi/.local/share/compiler_gym/llvm-v0/cbench-v1-runtime-data/runtime_data/bzip2_data/8.bz2
benchmark://cbench-v1/bzip2,cbench-v1,B,2,-loop-distribute,4,8.008138731,0,b49ca198e33c62e97e8524e95f0f6aa31bb530b3bd84a69c884be6401a4be270,/home/nithi/.local/share/compiler_gym/llvm-v0/cbench-v1-runtime-data/runtime_data/bzip2_data/8.bz2
benchmark://cbench-v1/bzip2,cbench-v1,B,2,-indvars,0,8.230172914,0,b49ca198e33c62e97e8524e95f0f6aa31bb530b3bd84a69c884be6401a4be270,/home/nithi/.local/share/compiler_gym/llvm-v0/cbench-v1-runtime-data/runtime_data/bzip2_data/8.bz2
benchmark://cbench-v1/bzip2,cbench-v1,B,2,-indvars,1,8.121514249,0,b49ca198e33c62e97e8524e95f0f6aa31bb530b3bd84a69c884be6401a4be270,/home/nithi/.local/share/compiler_gym/llvm-v0/cbench-v1-runtime-data/runtime_data/bzip2_data/8.bz2
benchmark://cbench-v1/bzip2,cbench-v1,B,2,-indvars,2,8.122642695,0,b49ca198e33c62e97e8524e95f0f6aa31bb530b3bd84a69c884be6401a4be270,/home/nithi/.local/share/compiler_gym/llvm-v0/cbench-v1-runtime-data/runtime_data/bzip2_data/8.bz2
benchmark://cbench-v1/bzip2,cbench-v1,B,2,-indvars,3,8.056031092,0,b49ca198e33c62e97e8524e95f0f6aa31bb530b3bd84a69c884be6401a4be270,/home/nithi/.local/share/compiler_gym/llvm-v0/cbench-v1-runtime-data/runtime_data/bzip2_data/8.bz2
benchmark://cbench-v1/bzip2,cbench-v1,B,2,-indvars,4,7.935530450,0,b49ca198e33c62e97e8524e95f0f6aa31bb530b3bd84a69c884be6401a4be270,/home/nithi/.local/share/compiler_gym/llvm-v0/cbench-v1-runtime-data/runtime_data/bzip2_data/8.bz2
benchmark://cbench-v1/stringsearch,cbench-v1,A,1,O0,0,0.054290704,0,3b47f72fd2a99fc81bad94fe6836a62c79590061583496fcdb457449b99e4778,/home/nithi/.local/share/compiler_gym/llvm-v0/cbench-v1-runtime-data/runtime_data/office_data/1.s.txt
benchmark://cbench-v1/stringsearch,cbench-v1,A,1,O0,1,0.039358361,0,3b47f72fd2a99fc81bad94fe6836a62c79590061583496fcdb457449b99e4778,/home/nithi/.local/share/compiler_gym/llvm-v0/cbench-v1-runtime-data/runtime_data/office_data/1.s.txt
benchmark://cbench-v1/stringsearch,cbench-v1,A,1,O0,2,0.042073478,0,3b47f72fd2a99fc81bad94fe6836a62c79590061583496fcdb457449b99e4778,/home/nithi/.local/share/compiler_gym/llvm-v0/cbench-v1-runtime-data/runtime_data/office_data/1.s.txt
benchmark://cbench-v1/stringsearch,cbench-v1,A,1,-licm,0,0.051214928,0,3b47f72fd2a99fc81bad94fe6836a62c79590061583496fcdb457449b99e4778,/home/nithi/.local/share/compiler_gym/llvm-v0/cbench-v1-runtime-data/runtime_data/office_data/1.s.txt
benchmark://cbench-v1/stringsearch,cbench-v1,A,1,-licm,1,0.042654377,0,3b47f72fd2a99fc81bad94fe6836a62c79590061583496fcdb457449b99e4778,/home/nithi/.local/share/compiler_gym/llvm-v0/cbench-v1-runtime-data/runtime_data/office_data/1.s.txt
benchmark://cbench-v1/stringsearch,cbench-v1,A,1,-licm,2,0.037426323,0,3b47f72fd2a99fc81bad94fe6836a62c79590061583496fcdb457449b99e4778,/home/nithi/.local/share/compiler_gym/llvm-v0/cbench-v1-runtime-data/runtime_data/office_data/1.s.txt
benchmark://cbench-v1/stringsearch,cbench-v1,A,1,-loop-rotate,0,0.050818591,0,3b47f72fd2a99fc81bad94fe6836a62c79590061583496fcdb457449b99e4778,/home/nithi/.local/share/compiler_gym/llvm-v0/cbench-v1-runtime-data/runtime_data/office_data/1.s.txt
benchmark://cbench-v1/stringsearch,cbench-v1,A,1,-loop-rotate,1,0.046882398,0,3b47f72fd2a99fc81bad94fe6836a62c79590061583496fcdb457449b99e4778,/home/nithi/.local/share/compiler_gym/llvm-v0/cbench-v1-runtime-data/runtime_data/office_data/1.s.txt
benchmark://cbench-v1/stringsearch,cbench-v1,A,1,-loop-rotate,2,0.045121873,0,3b47f72fd2a99fc81bad94fe6836a62c79590061583496fcdb457449b99e4778,/home/nithi/.local/share/compiler_gym/llvm-v0/cbench-v1-runtime-data/runtime_data/office_data/1.s.txt
benchmark://cbench-v1/stringsearch,cbench-v1,A,1,-loop-unroll,0,0.047687480,0,3b47f72fd2a99fc81bad94fe6836a62c79590061583496fcdb457449b99e4778,/home/nithi/.local/share/compiler_gym/llvm-v0/cbench-v1-runtime-data/runtime_data/office_data/1.s.txt
benchmark://cbench-v1/stringsearch,cbench-v1,A,1,-loop-unroll,1,0.054348907,0,3b47f72fd2a99fc81bad94fe6836a62c79590061583496fcdb457449b99e4778,/home/nithi/.local/share/compiler_gym/llvm-v0/cbench-v1-runtime-data/runtime_data/office_data/1.s.txt
benchmark://cbench-v1/stringsearch,cbench-v1,A,1,-loop-unroll,2,0.053262936,0,3b47f72fd2a99fc81bad94fe6836a62c79590061583496fcdb457449b99e4778,/home/nithi/.local/share/compiler_gym/llvm-v0/cbench-v1-runtime-data/runtime_data/office_data/1.s.txt
benchmark://cbench-v1/stringsearch,cbench-v1,A,1,-loop-vectorize,0,0.057016693,0,3b47f72fd2a99fc81bad94fe6836a62c79590061583496fcdb457449b99e4778,/home/nithi/.local/share/compiler_gym/llvm-v0/cbench-v1-runtime-data/runtime_data/office_data/1.s.txt
benchmark://cbench-v1/stringsearch,cbench-v1,A,1,-loop-vectorize,1,0.062752110,0,3b47f72fd2a99fc81bad94fe6836a62c79590061583496fcdb457449b99e4778,/home/nithi/.local/share/compiler_gym/llvm-v0/cbench-v1-runtime-data/runtime_data/office_data/1.s.txt
benchmark://cbench-v1/stringsearch,cbench-v1,A,1,-loop-vectorize,2,0.040204827,0,3b47f72fd2a99fc81bad94fe6836a62c79590061583496fcdb457449b99e4778,/home/nithi/.local/share/compiler_gym/llvm-v0/cbench-v1-runtime-data/runtime_data/office_data/1.s.txt
benchmark://cbench-v1/stringsearch,cbench-v1,A,1,-loop-deletion,0,0.039228329,0,3b47f72fd2a99fc81bad94fe6836a62c79590061583496fcdb457449b99e4778,/home/nithi/.local/share/compiler_gym/llvm-v0/cbench-v1-runtime-data/runtime_data/office_data/1.s.txt
benchmark://cbench-v1/stringsearch,cbench-v1,A,1,-loop-deletion,1,0.051879812,0,3b47f72fd2a99fc81bad94fe6836a62c79590061583496fcdb457449b99e4778,/home/nithi/.local/share/compiler_gym/llvm-v0/cbench-v1-runtime-data/runtime_data/office_data/1.s.txt
benchmark://cbench-v1/stringsearch,cbench-v1,A,1,-loop-deletion,2,0.051858487,0,3b47f72fd2a99fc81bad94fe6836a62c79590061583496fcdb457449b99e4778,/home/nithi/.local/share/compiler_gym/llvm-v0/cbench-v1-runtime-data/runtime_data/office_data/1.s.txt
benchmark://cbench-v1/stringsearch,cbench-v1,A,1,-loop-unswitch,0,0.043699991,0,3b47f72fd2a99fc81bad94fe6836a62c79590061583496fcdb457449b99e4778,/home/nithi/.local/share/compiler_gym/llvm-v0/cbench-v1-runtime-data/runtime_data/office_data/1.s.txt
benchmark://cbench-v1/stringsearch,cbench-v1,A,1,-loop-unswitch,1,0.034536925,0,3b47f72fd2a99fc81bad94fe6836a62c79590061583496fcdb457449b99e4778,/home/nithi/.local/share/compiler_gym/llvm-v0/cbench-v1-runtime-data/runtime_data/office_data/1.s.txt
benchmark://cbench-v1/stringsearch,cbench-v1,A,1,-loop-unswitch,2,0.039109870,0,3b47f72fd2a99fc81bad94fe6836a62c79590061583496fcdb457449b99e4778,/home/nithi/.local/share/compiler_gym/llvm-v0/cbench-v1-runtime-data/runtime_data/office_data/1.s.txt
benchmark://cbench-v1/stringsearch,cbench-v1,A,1,-loop-distribute,0,0.063558701,0,3b47f72fd2a99fc81bad94fe6836a62c79590061583496fcdb457449b99e4778,/home/nithi/.local/share/compiler_gym/llvm-v0/cbench-v1-runtime-data/runtime_data/office_data/1.s.txt
benchmark://cbench-v1/stringsearch,cbench-v1,A,1,-loop-distribute,1,0.041958353,0,3b47f72fd2a99fc81bad94fe6836a62c79590061583496fcdb457449b99e4778,/home/nithi/.local/share/compiler_gym/llvm-v0/cbench-v1-runtime-data/runtime_data/office_data/1.s.txt
benchmark://cbench-v1/stringsearch,cbench-v1,A,1,-loop-distribute,2,0.039252779,0,3b47f72fd2a99fc81bad94fe6836a62c79590061583496fcdb457449b99e4778,/home/nithi/.local/share/compiler_gym/llvm-v0/cbench-v1-runtime-data/runtime_data/office_data/1.s.txt
benchmark://cbench-v1/stringsearch,cbench-v1,A,1,-indvars,0,0.041523577,0,3b47f72fd2a99fc81bad94fe6836a62c79590061583496fcdb457449b99e4778,/home/nithi/.local/share/compiler_gym/llvm-v0/cbench-v1-runtime-data/runtime_data/office_data/1.s.txt
benchmark://cbench-v1/stringsearch,cbench-v1,A,1,-indvars,1,0.048263634,0,3b47f72fd2a99fc81bad94fe6836a62c79590061583496fcdb457449b99e4778,/home/nithi/.local/share/compiler_gym/llvm-v0/cbench-v1-runtime-data/runtime_data/office_data/1.s.txt
benchmark://cbench-v1/stringsearch,cbench-v1,A,1,-indvars,2,0.038556552,0,3b47f72fd2a99fc81bad94fe6836a62c79590061583496fcdb457449b99e4778,/home/nithi/.local/share/compiler_gym/llvm-v0/cbench-v1-runtime-data/runtime_data/office_data/1.s.txt
benchmark://cbench-v1/stringsearch,cbench-v1,A,2,O0,0,0.039095569,0,3b47f72fd2a99fc81bad94fe6836a62c79590061583496fcdb457449b99e4778,/home/nithi/.local/share/compiler_gym/llvm-v0/cbench-v1-runtime-data/runtime_data/office_data/1.s.txt
benchmark://cbench-v1/stringsearch,cbench-v1,A,2,O0,1,0.038428628,0,3b47f72fd2a99fc81bad94fe6836a62c79590061583496fcdb457449b99e4778,/home/nithi/.local/share/compiler_gym/llvm-v0/cbench-v1-runtime-data/runtime_data/office_data/1.s.txt
benchmark://cbench-v1/stringsearch,cbench-v1,A,2,O0,2,0.038937837,0,3b47f72fd2a99fc81bad94fe6836a62c79590061583496fcdb457449b99e4778,/home/nithi/.local/share/compiler_gym/llvm-v0/cbench-v1-runtime-data/runtime_data/office_data/1.s.txt
benchmark://cbench-v1/stringsearch,cbench-v1,A,2,-licm,0,0.041450649,0,3b47f72fd2a99fc81bad94fe6836a62c79590061583496fcdb457449b99e4778,/home/nithi/.local/share/compiler_gym/llvm-v0/cbench-v1-runtime-data/runtime_data/office_data/1.s.txt
benchmark://cbench-v1/stringsearch,cbench-v1,A,2,-licm,1,0.063530505,0,3b47f72fd2a99fc81bad94fe6836a62c79590061583496fcdb457449b99e4778,/home/nithi/.local/share/compiler_gym/llvm-v0/cbench-v1-runtime-data/runtime_data/office_data/1.s.txt
benchmark://cbench-v1/stringsearch,cbench-v1,A,2,-licm,2,0.044742722,0,3b47f72fd2a99fc81bad94fe6836a62c79590061583496fcdb457449b99e4778,/home/nithi/.local/share/compiler_gym/llvm-v0/cbench-v1-runtime-data/runtime_data/office_data/1.s.txt
benchmark://cbench-v1/stringsearch,cbench-v1,A,2,-loop-rotate,0,0.037403170,0,3b47f72fd2a99fc81bad94fe6836a62c79590061583496fcdb457449b99e4778,/home/nithi/.local/share/compiler_gym/llvm-v0/cbench-v1-runtime-data/runtime_data/office_data/1.s.txt
benchmark://cbench-v1/stringsearch,cbench-v1,A,2,-loop-rotate,1,0.039425144,0,3b47f72fd2a99fc81bad94fe6836a62c79590061583496fcdb457449b99e4778,/home/nithi/.local/share/compiler_gym/llvm-v0/cbench-v1-runtime-data/runtime_data/office_data/1.s.txt
benchmark://cbench-v1/stringsearch,cbench-v1,A,2,-loop-rotate,2,0.043989916,0,3b47f72fd2a99fc81bad94fe6836a62c79590061583496fcdb457449b99e4778,/home/nithi/.local/share/compiler_gym/llvm-v0/cbench-v1-runtime-data/runtime_data/office_data/1.s.txt
benchmark://cbench-v1/stringsearch,cbench-v1,A,2,-loop-unroll,0,0.035354955,0,3b47f72fd2a99fc81bad94fe6836a62c79590061583496fcdb457449b99e4778,/home/nithi/.local/share/compiler_gym/llvm-v0/cbench-v1-runtime-data/runtime_data/office_data/1.s.txt
benchmark://cbench-v1/stringsearch,cbench-v1,A,2,-loop-unroll,1,0.033943553,0,3b47f72fd2a99fc81bad94fe6836a62c79590061583496fcdb457449b99e4778,/home/nithi/.local/share/compiler_gym/llvm-v0/cbench-v1-runtime-data/runtime_data/office_data/1.s.txt
benchmark://cbench-v1/stringsearch,cbench-v1,A,2,-loop-unroll,2,0.040540187,0,3b47f72fd2a99fc81bad94fe6836a62c79590061583496fcdb457449b99e4778,/home/nithi/.local/share/compiler_gym/llvm-v0/cbench-v1-runtime-data/runtime_data/office_data/1.s.txt
benchmark://cbench-v1/stringsearch,cbench-v1,A,2,-loop-vectorize,0,0.045309937,0,3b47f72fd2a99fc81bad94fe6836a62c79590061583496fcdb457449b99e4778,/home/nithi/.local/share/compiler_gym/llvm-v0/cbench-v1-runtime-data/runtime_data/office_data/1.s.txt
benchmark://cbench-v1/stringsearch,cbench-v1,A,2,-loop-vectorize,1,0.041622963,0,3b47f72fd2a99fc81bad94fe6836a62c79590061583496fcdb457449b99e4778,/home/nithi/.local/share/compiler_gym/llvm-v0/cbench-v1-runtime-data/runtime_data/office_data/1.s.txt
benchmark://cbench-v1/stringsearch,cbench-v1,A,2,-loop-vectorize,2,0.040600691,0,3b47f72fd2a99fc81bad94fe6836a62c79590061583496fcdb457449b99e4778,/home/nithi/.local/share/compiler_gym/llvm-v0/cbench-v1-runtime-data/runtime_data/office_data/1.s.txt
benchmark://cbench-v1/stringsearch,cbench-v1,A,2,-loop-deletion,0,0.057159791,0,3b47f72fd2a99fc81bad94fe6836a62c79590061583496fcdb457449b99e4778,/home/nithi/.local/share/compiler_gym/llvm-v0/cbench-v1-runtime-data/runtime_data/office_data/1.s.txt
benchmark://cbench-v1/stringsearch,cbench-v1,A,2,-loop-deletion,1,0.109810509,0,3b47f72fd2a99fc81bad94fe6836a62c79590061583496fcdb457449b99e4778,/home/nithi/.local/share/compiler_gym/llvm-v0/cbench-v1-runtime-data/runtime_data/office_data/1.s.txt
benchmark://cbench-v1/stringsearch,cbench-v1,A,2,-loop-deletion,2,0.043935893,0,3b47f72fd2a99fc81bad94fe6836a62c79590061583496fcdb457449b99e4778,/home/nithi/.local/share/compiler_gym/llvm-v0/cbench-v1-runtime-data/runtime_data/office_data/1.s.txt
benchmark://cbench-v1/stringsearch,cbench-v1,A,2,-loop-unswitch,0,0.044036251,0,3b47f72fd2a99fc81bad94fe6836a62c79590061583496fcdb457449b99e4778,/home/nithi/.local/share/compiler_gym/llvm-v0/cbench-v1-runtime-data/runtime_data/office_data/1.s.txt
benchmark://cbench-v1/stringsearch,cbench-v1,A,2,-loop-unswitch,1,0.040812106,0,3b47f72fd2a99fc81bad94fe6836a62c79590061583496fcdb457449b99e4778,/home/nithi/.local/share/compiler_gym/llvm-v0/cbench-v1-runtime-data/runtime_data/office_data/1.s.txt
benchmark://cbench-v1/stringsearch,cbench-v1,A,2,-loop-unswitch,2,0.045918652,0,3b47f72fd2a99fc81bad94fe6836a62c79590061583496fcdb457449b99e4778,/home/nithi/.local/share/compiler_gym/llvm-v0/cbench-v1-runtime-data/runtime_data/office_data/1.s.txt
benchmark://cbench-v1/stringsearch,cbench-v1,A,2,-loop-distribute,0,0.047945095,0,3b47f72fd2a99fc81bad94fe6836a62c79590061583496fcdb457449b99e4778,/home/nithi/.local/share/compiler_gym/llvm-v0/cbench-v1-runtime-data/runtime_data/office_data/1.s.txt
benchmark://cbench-v1/stringsearch,cbench-v1,A,2,-loop-distribute,1,0.136001521,0,3b47f72fd2a99fc81bad94fe6836a62c79590061583496fcdb457449b99e4778,/home/nithi/.local/share/compiler_gym/llvm-v0/cbench-v1-runtime-data/runtime_data/office_data/1.s.txt
benchmark://cbench-v1/stringsearch,cbench-v1,A,2,-loop-distribute,2,0.038355136,0,3b47f72fd2a99fc81bad94fe6836a62c79590061583496fcdb457449b99e4778,/home/nithi/.local/share/compiler_gym/llvm-v0/cbench-v1-runtime-data/runtime_data/office_data/1.s.txt
benchmark://cbench-v1/stringsearch,cbench-v1,A,2,-indvars,0,0.034509747,0,3b47f72fd2a99fc81bad94fe6836a62c79590061583496fcdb457449b99e4778,/home/nithi/.local/share/compiler_gym/llvm-v0/cbench-v1-runtime-data/runtime_data/office_data/1.s.txt
benchmark://cbench-v1/stringsearch,cbench-v1,A,2,-indvars,1,0.043688147,0,3b47f72fd2a99fc81bad94fe6836a62c79590061583496fcdb457449b99e4778,/home/nithi/.local/share/compiler_gym/llvm-v0/cbench-v1-runtime-data/runtime_data/office_data/1.s.txt
benchmark://cbench-v1/stringsearch,cbench-v1,A,2,-indvars,2,0.038722191,0,3b47f72fd2a99fc81bad94fe6836a62c79590061583496fcdb457449b99e4778,/home/nithi/.local/share/compiler_gym/llvm-v0/cbench-v1-runtime-data/runtime_data/office_data/1.s.txt
benchmark://cbench-v1/stringsearch,cbench-v1,B,1,O0,0,0.439175072,0,c367f81c52708efcc226146cd7e25124edabd41da2839bab16e0dd46c9796537,/home/nithi/.local/share/compiler_gym/llvm-v0/cbench-v1-runtime-data/runtime_data/office_data/13.txt
benchmark://cbench-v1/stringsearch,cbench-v1,B,1,O0,1,0.295625575,0,c367f81c52708efcc226146cd7e25124edabd41da2839bab16e0dd46c9796537,/home/nithi/.local/share/compiler_gym/llvm-v0/cbench-v1-runtime-data/runtime_data/office_data/13.txt
benchmark://cbench-v1/stringsearch,cbench-v1,B,1,O0,2,0.256386632,0,c367f81c52708efcc226146cd7e25124edabd41da2839bab16e0dd46c9796537,/home/nithi/.local/share/compiler_gym/llvm-v0/cbench-v1-runtime-data/runtime_data/office_data/13.txt
benchmark://cbench-v1/stringsearch,cbench-v1,B,1,O0,3,0.479337078,0,c367f81c52708efcc226146cd7e25124edabd41da2839bab16e0dd46c9796537,/home/nithi/.local/share/compiler_gym/llvm-v0/cbench-v1-runtime-data/runtime_data/office_data/13.txt
benchmark://cbench-v1/stringsearch,cbench-v1,B,1,O0,4,0.367996446,0,c367f81c52708efcc226146cd7e25124edabd41da2839bab16e0dd46c9796537,/home/nithi/.local/share/compiler_gym/llvm-v0/cbench-v1-runtime-data/runtime_data/office_data/13.txt
benchmark://cbench-v1/stringsearch,cbench-v1,B,1,-licm,0,0.349654925,0,c367f81c52708efcc226146cd7e25124edabd41da2839bab16e0dd46c9796537,/home/nithi/.local/share/compiler_gym/llvm-v0/cbench-v1-runtime-data/runtime_data/office_data/13.txt
benchmark://cbench-v1/stringsearch,cbench-v1,B,1,-licm,1,0.335717941,0,c367f81c52708efcc226146cd7e25124edabd41da2839bab16e0dd46c9796537,/home/nithi/.local/share/compiler_gym/llvm-v0/cbench-v1-runtime-data/runtime_data/office_data/13.txt
benchmark://cbench-v1/stringsearch,cbench-v1,B,1,-licm,2,0.371918323,0,c367f81c52708efcc226146cd7e25124edabd41da2839bab16e0dd46c9796537,/home/nithi/.local/share/compiler_gym/llvm-v0/cbench-v1-runtime-data/runtime_data/office_data/13.txt
benchmark://cbench-v1/stringsearch,cbench-v1,B,1,-licm,3,0.276732036,0,c367f81c52708efcc226146cd7e25124edabd41da2839bab16e0dd46c9796537,/home/nithi/.local/share/compiler_gym/llvm-v0/cbench-v1-runtime-data/runtime_data/office_data/13.txt
benchmark://cbench-v1/stringsearch,cbench-v1,B,1,-licm,4,0.280119854,0,c367f81c52708efcc226146cd7e25124edabd41da2839bab16e0dd46c9796537,/home/nithi/.local/share/compiler_gym/llvm-v0/cbench-v1-runtime-data/runtime_data/office_data/13.txt
benchmark://cbench-v1/stringsearch,cbench-v1,B,1,-loop-rotate,0,0.452976212,0,c367f81c52708efcc226146cd7e25124edabd41da2839bab16e0dd46c9796537,/home/nithi/.local/share/compiler_gym/llvm-v0/cbench-v1-runtime-data/runtime_data/office_data/13.txt
benchmark://cbench-v1/stringsearch,cbench-v1,B,1,-loop-rotate,1,0.265287766,0,c367f81c52708efcc226146cd7e25124edabd41da2839bab16e0dd46c9796537,/home/nithi/.local/share/compiler_gym/llvm-v0/cbench-v1-runtime-data/runtime_data/office_data/13.txt
benchmark://cbench-v1/stringsearch,cbench-v1,B,1,-loop-rotate,2,0.319753578,0,c367f81c52708efcc226146cd7e25124edabd41da2839bab16e0dd46c9796537,/home/nithi/.local/share/compiler_gym/llvm-v0/cbench-v1-runtime-data/runtime_data/office_data/13.txt
benchmark://cbench-v1/stringsearch,cbench-v1,B,1,-loop-rotate,3,0.337334363,0,c367f81c52708efcc226146cd7e25124edabd41da2839bab16e0dd46c9796537,/home/nithi/.local/share/compiler_gym/llvm-v0/cbench-v1-runtime-data/runtime_data/office_data/13.txt
benchmark://cbench-v1/stringsearch,cbench-v1,B,1,-loop-rotate,4,0.347416945,0,c367f81c52708efcc226146cd7e25124edabd41da2839bab16e0dd46c9796537,/home/nithi/.local/share/compiler_gym/llvm-v0/cbench-v1-runtime-data/runtime_data/office_data/13.txt
benchmark://cbench-v1/stringsearch,cbench-v1,B,1,-loop-unroll,0,0.327312235,0,c367f81c52708efcc226146cd7e25124edabd41da2839bab16e0dd46c9796537,/home/nithi/.local/share/compiler_gym/llvm-v0/cbench-v1-runtime-data/runtime_data/office_data/13.txt
benchmark://cbench-v1/stringsearch,cbench-v1,B,1,-loop-unroll,1,0.307425922,0,c367f81c52708efcc226146cd7e25124edabd41da2839bab16e0dd46c9796537,/home/nithi/.local/share/compiler_gym/llvm-v0/cbench-v1-runtime-data/runtime_data/office_data/13.txt
benchmark://cbench-v1/stringsearch,cbench-v1,B,1,-loop-unroll,2,0.288725226,0,c367f81c52708efcc226146cd7e25124edabd41da2839bab16e0dd46c9796537,/home/nithi/.local/share/compiler_gym/llvm-v0/cbench-v1-runtime-data/runtime_data/office_data/13.txt
benchmark://cbench-v1/stringsearch,cbench-v1,B,1,-loop-unroll,3,0.329401162,0,c367f81c52708efcc226146cd7e25124edabd41da2839bab16e0dd46c9796537,/home/nithi/.local/share/compiler_gym/llvm-v0/cbench-v1-runtime-data/runtime_data/office_data/13.txt
benchmark://cbench-v1/stringsearch,cbench-v1,B,1,-loop-unroll,4,0.351237010,0,c367f81c52708efcc226146cd7e25124edabd41da2839bab16e0dd46c9796537,/home/nithi/.local/share/compiler_gym/llvm-v0/cbench-v1-runtime-data/runtime_data/office_data/13.txt
benchmark://cbench-v1/stringsearch,cbench-v1,B,1,-loop-vectorize,0,0.272846222,0,c367f81c52708efcc226146cd7e25124edabd41da2839bab16e0dd46c9796537,/home/nithi/.local/share/compiler_gym/llvm-v0/cbench-v1-runtime-data/runtime_data/office_data/13.txt
benchmark://cbench-v1/stringsearch,cbench-v1,B,1,-loop-vectorize,1,0.311844579,0,c367f81c52708efcc226146cd7e25124edabd41da2839bab16e0dd46c9796537,/home/nithi/.local/share/compiler_gym/llvm-v0/cbench-v1-runtime-data/runtime_data/office_data/13.txt
benchmark://cbench-v1/stringsearch,cbench-v1,B,1,-loop-vectorize,2,0.273442917,0,c367f81c52708efcc226146cd7e25124edabd41da2839bab16e0dd46c9796537,/home/nithi/.local/share/compiler_gym/llvm-v0/cbench-v1-runtime-data/runtime_data/office_data/13.txt
benchmark://cbench-v1/stringsearch,cbench-v1,B,1,-loop-vectorize,3,0.285188611,0,c367f81c52708efcc226146cd7e25124edabd41da2839bab16e0dd46c9796537,/home/nithi/.local/share/compiler_gym/llvm-v0/cbench-v1-runtime-data/runtime_data/office_data/13.txt
benchmark://cbench-v1/stringsearch,cbench-v1,B,1,-loop-vectorize,4,0.274323162,0,c367f81c52708efcc226146cd7e25124edabd41da2839bab16e0dd46c9796537,/home/nithi/.local/share/compiler_gym/llvm-v0/cbench-v1-runtime-data/runtime_data/office_data/13.txt
benchmark://cbench-v1/stringsearch,cbench-v1,B,1,-loop-deletion,0,0.288670670,0,c367f81c52708efcc226146cd7e25124edabd41da2839bab16e0dd46c9796537,/home/nithi/.local/share/compiler_gym/llvm-v0/cbench-v1-runtime-data/runtime_data/office_data/13.txt
benchmark://cbench-v1/stringsearch,cbench-v1,B,1,-loop-deletion,1,0.282307557,0,c367f81c52708efcc226146cd7e25124edabd41da2839bab16e0dd46c9796537,/home/nithi/.local/share/compiler_gym/llvm-v0/cbench-v1-runtime-data/runtime_data/office_data/13.txt
benchmark://cbench-v1/stringsearch,cbench-v1,B,1,-loop-deletion,2,0.467597716,0,c367f81c52708efcc226146cd7e25124edabd41da2839bab16e0dd46c9796537,/home/nithi/.local/share/compiler_gym/llvm-v0/cbench-v1-runtime-data/runtime_data/office_data/13.txt
benchmark://cbench-v1/stringsearch,cbench-v1,B,1,-loop-deletion,3,0.307542538,0,c367f81c52708efcc226146cd7e25124edabd41da2839bab16e0dd46c9796537,/home/nithi/.local/share/compiler_gym/llvm-v0/cbench-v1-runtime-data/runtime_data/office_data/13.txt
benchmark://cbench-v1/stringsearch,cbench-v1,B,1,-loop-deletion,4,0.271553445,0,c367f81c52708efcc226146cd7e25124edabd41da2839bab16e0dd46c9796537,/home/nithi/.local/share/compiler_gym/llvm-v0/cbench-v1-runtime-data/runtime_data/office_data/13.txt
benchmark://cbench-v1/stringsearch,cbench-v1,B,1,-loop-unswitch,0,0.319145938,0,c367f81c52708efcc226146cd7e25124edabd41da2839bab16e0dd46c9796537,/home/nithi/.local/share/compiler_gym/llvm-v0/cbench-v1-runtime-data/runtime_data/office_data/13.txt
benchmark://cbench-v1/stringsearch,cbench-v1,B,1,-loop-unswitch,1,0.309928829,0,c367f81c52708efcc226146cd7e25124edabd41da2839bab16e0dd46c9796537,/home/nithi/.local/share/compiler_gym/llvm-v0/cbench-v1-runtime-data/runtime_data/office_data/13.txt
benchmark://cbench-v1/stringsearch,cbench-v1,B,1,-loop-unswitch,2,0.314448281,0,c367f81c52708efcc226146cd7e25124edabd41da2839bab16e0dd46c9796537,/home/nithi/.local/share/compiler_gym/llvm-v0/cbench-v1-runtime-data/runtime_data/office_data/13.txt
benchmark://cbench-v1/stringsearch,cbench-v1,B,1,-loop-unswitch,3,0.307547478,0,c367f81c52708efcc226146cd7e25124edabd41da2839bab16e0dd46c9796537,/home/nithi/.local/share/compiler_gym/llvm-v0/cbench-v1-runtime-data/runtime_data/office_data/13.txt
benchmark://cbench-v1/stringsearch,cbench-v1,B,1,-loop-unswitch,4,0.341839476,0,c367f81c52708efcc226146cd7e25124edabd41da2839bab16e0dd46c9796537,/home/nithi/.local/share/compiler_gym/llvm-v0/cbench-v1-runtime-data/runtime_data/office_data/13.txt
benchmark://cbench-v1/stringsearch,cbench-v1,B,1,-loop-distribute,0,0.302091037,0,c367f81c52708efcc226146cd7e25124edabd41da2839bab16e0dd46c9796537,/home/nithi/.local/share/compiler_gym/llvm-v0/cbench-v1-runtime-data/runtime_data/office_data/13.txt
benchmark://cbench-v1/stringsearch,cbench-v1,B,1,-loop-distribute,1,0.340372191,0,c367f81c52708efcc226146cd7e25124edabd41da2839bab16e0dd46c9796537,/home/nithi/.local/share/compiler_gym/llvm-v0/cbench-v1-runtime-data/runtime_data/office_data/13.txt
benchmark://cbench-v1/stringsearch,cbench-v1,B,1,-loop-distribute,2,0.508016169,0,c367f81c52708efcc226146cd7e25124edabd41da2839bab16e0dd46c9796537,/home/nithi/.local/share/compiler_gym/llvm-v0/cbench-v1-runtime-data/runtime_data/office_data/13.txt
benchmark://cbench-v1/stringsearch,cbench-v1,B,1,-loop-distribute,3,0.305102631,0,c367f81c52708efcc226146cd7e25124edabd41da2839bab16e0dd46c9796537,/home/nithi/.local/share/compiler_gym/llvm-v0/cbench-v1-runtime-data/runtime_data/office_data/13.txt
benchmark://cbench-v1/stringsearch,cbench-v1,B,1,-loop-distribute,4,0.424760776,0,c367f81c52708efcc226146cd7e25124edabd41da2839bab16e0dd46c9796537,/home/nithi/.local/share/compiler_gym/llvm-v0/cbench-v1-runtime-data/runtime_data/office_data/13.txt
benchmark://cbench-v1/stringsearch,cbench-v1,B,1,-indvars,0,0.406810154,0,c367f81c52708efcc226146cd7e25124edabd41da2839bab16e0dd46c9796537,/home/nithi/.local/share/compiler_gym/llvm-v0/cbench-v1-runtime-data/runtime_data/office_data/13.txt
benchmark://cbench-v1/stringsearch,cbench-v1,B,1,-indvars,1,0.268103904,0,c367f81c52708efcc226146cd7e25124edabd41da2839bab16e0dd46c9796537,/home/nithi/.local/share/compiler_gym/llvm-v0/cbench-v1-runtime-data/runtime_data/office_data/13.txt
benchmark://cbench-v1/stringsearch,cbench-v1,B,1,-indvars,2,0.342177260,0,c367f81c52708efcc226146cd7e25124edabd41da2839bab16e0dd46c9796537,/home/nithi/.local/share/compiler_gym/llvm-v0/cbench-v1-runtime-data/runtime_data/office_data/13.txt
benchmark://cbench-v1/stringsearch,cbench-v1,B,1,-indvars,3,0.317512872,0,c367f81c52708efcc226146cd7e25124edabd41da2839bab16e0dd46c9796537,/home/nithi/.local/share/compiler_gym/llvm-v0/cbench-v1-runtime-data/runtime_data/office_data/13.txt
benchmark://cbench-v1/stringsearch,cbench-v1,B,1,-indvars,4,0.328169633,0,c367f81c52708efcc226146cd7e25124edabd41da2839bab16e0dd46c9796537,/home/nithi/.local/share/compiler_gym/llvm-v0/cbench-v1-runtime-data/runtime_data/office_data/13.txt
benchmark://cbench-v1/stringsearch,cbench-v1,B,2,O0,0,0.284713711,0,c367f81c52708efcc226146cd7e25124edabd41da2839bab16e0dd46c9796537,/home/nithi/.local/share/compiler_gym/llvm-v0/cbench-v1-runtime-data/runtime_data/office_data/13.txt
benchmark://cbench-v1/stringsearch,cbench-v1,B,2,O0,1,0.317614706,0,c367f81c52708efcc226146cd7e25124edabd41da2839bab16e0dd46c9796537,/home/nithi/.local/share/compiler_gym/llvm-v0/cbench-v1-runtime-data/runtime_data/office_data/13.txt
benchmark://cbench-v1/stringsearch,cbench-v1,B,2,O0,2,0.361746054,0,c367f81c52708efcc226146cd7e25124edabd41da2839bab16e0dd46c9796537,/home/nithi/.local/share/compiler_gym/llvm-v0/cbench-v1-runtime-data/runtime_data/office_data/13.txt
benchmark://cbench-v1/stringsearch,cbench-v1,B,2,O0,3,0.347737614,0,c367f81c52708efcc226146cd7e25124edabd41da2839bab16e0dd46c9796537,/home/nithi/.local/share/compiler_gym/llvm-v0/cbench-v1-runtime-data/runtime_data/office_data/13.txt
benchmark://cbench-v1/stringsearch,cbench-v1,B,2,O0,4,0.315668396,0,c367f81c52708efcc226146cd7e25124edabd41da2839bab16e0dd46c9796537,/home/nithi/.local/share/compiler_gym/llvm-v0/cbench-v1-runtime-data/runtime_data/office_data/13.txt
benchmark://cbench-v1/stringsearch,cbench-v1,B,2,-licm,0,0.379612077,0,c367f81c52708efcc226146cd7e25124edabd41da2839bab16e0dd46c9796537,/home/nithi/.local/share/compiler_gym/llvm-v0/cbench-v1-runtime-data/runtime_data/office_data/13.txt
benchmark://cbench-v1/stringsearch,cbench-v1,B,2,-licm,1,0.353538103,0,c367f81c52708efcc226146cd7e25124edabd41da2839bab16e0dd46c9796537,/home/nithi/.local/share/compiler_gym/llvm-v0/cbench-v1-runtime-data/runtime_data/office_data/13.txt
benchmark://cbench-v1/stringsearch,cbench-v1,B,2,-licm,2,0.426840610,0,c367f81c52708efcc226146cd7e25124edabd41da2839bab16e0dd46c9796537,/home/nithi/.local/share/compiler_gym/llvm-v0/cbench-v1-runtime-data/runtime_data/office_data/13.txt
benchmark://cbench-v1/stringsearch,cbench-v1,B,2,-licm,3,0.338231223,0,c367f81c52708efcc226146cd7e25124edabd41da2839bab16e0dd46c9796537,/home/nithi/.local/share/compiler_gym/llvm-v0/cbench-v1-runtime-data/runtime_data/office_data/13.txt
benchmark://cbench-v1/stringsearch,cbench-v1,B,2,-licm,4,0.301052571,0,c367f81c52708efcc226146cd7e25124edabd41da2839bab16e0dd46c9796537,/home/nithi/.local/share/compiler_gym/llvm-v0/cbench-v1-runtime-data/runtime_data/office_data/13.txt
benchmark://cbench-v1/stringsearch,cbench-v1,B,2,-loop-rotate,0,0.324676090,0,c367f81c52708efcc226146cd7e25124edabd41da2839bab16e0dd46c9796537,/home/nithi/.local/share/compiler_gym/llvm-v0/cbench-v1-runtime-data/runtime_data/office_data/13.txt
benchmark://cbench-v1/stringsearch,cbench-v1,B,2,-loop-rotate,1,0.314502705,0,c367f81c52708efcc226146cd7e25124edabd41da2839bab16e0dd46c9796537,/home/nithi/.local/share/compiler_gym/llvm-v0/cbench-v1-runtime-data/runtime_data/office_data/13.txt
benchmark://cbench-v1/stringsearch,cbench-v1,B,2,-loop-rotate,2,0.328924625,0,c367f81c52708efcc226146cd7e25124edabd41da2839bab16e0dd46c9796537,/home/nithi/.local/share/compiler_gym/llvm-v0/cbench-v1-runtime-data/runtime_data/office_data/13.txt
benchmark://cbench-v1/stringsearch,cbench-v1,B,2,-loop-rotate,3,0.292317671,0,c367f81c52708efcc226146cd7e25124edabd41da2839bab16e0dd46c9796537,/home/nithi/.local/share/compiler_gym/llvm-v0/cbench-v1-runtime-data/runtime_data/office_data/13.txt
benchmark://cbench-v1/stringsearch,cbench-v1,B,2,-loop-rotate,4,0.387681452,0,c367f81c52708efcc226146cd7e25124edabd41da2839bab16e0dd46c9796537,/home/nithi/.local/share/compiler_gym/llvm-v0/cbench-v1-runtime-data/runtime_data/office_data/13.txt
benchmark://cbench-v1/stringsearch,cbench-v1,B,2,-loop-unroll,0,0.459524592,0,c367f81c52708efcc226146cd7e25124edabd41da2839bab16e0dd46c9796537,/home/nithi/.local/share/compiler_gym/llvm-v0/cbench-v1-runtime-data/runtime_data/office_data/13.txt
benchmark://cbench-v1/stringsearch,cbench-v1,B,2,-loop-unroll,1,0.285748561,0,c367f81c52708efcc226146cd7e25124edabd41da2839bab16e0dd46c9796537,/home/nithi/.local/share/compiler_gym/llvm-v0/cbench-v1-runtime-data/runtime_data/office_data/13.txt
benchmark://cbench-v1/stringsearch,cbench-v1,B,2,-loop-unroll,2,0.396988114,0,c367f81c52708efcc226146cd7e25124edabd41da2839bab16e0dd46c9796537,/home/nithi/.local/share/compiler_gym/llvm-v0/cbench-v1-runtime-data/runtime_data/office_data/13.txt
benchmark://cbench-v1/stringsearch,cbench-v1,B,2,-loop-unroll,3,0.325199979,0,c367f81c52708efcc226146cd7e25124edabd41da2839bab16e0dd46c9796537,/home/nithi/.local/share/compiler_gym/llvm-v0/cbench-v1-runtime-data/runtime_data/office_data/13.txt
benchmark://cbench-v1/stringsearch,cbench-v1,B,2,-loop-unroll,4,0.324257610,0,c367f81c52708efcc226146cd7e25124edabd41da2839bab16e0dd46c9796537,/home/nithi/.local/share/compiler_gym/llvm-v0/cbench-v1-runtime-data/runtime_data/office_data/13.txt
benchmark://cbench-v1/stringsearch,cbench-v1,B,2,-loop-vectorize,0,0.331565906,0,c367f81c52708efcc226146cd7e25124edabd41da2839bab16e0dd46c9796537,/home/nithi/.local/share/compiler_gym/llvm-v0/cbench-v1-runtime-data/runtime_data/office_data/13.txt
benchmark://cbench-v1/stringsearch,cbench-v1,B,2,-loop-vectorize,1,0.262166646,0,c367f81c52708efcc226146cd7e25124edabd41da2839bab16e0dd46c9796537,/home/nithi/.local/share/compiler_gym/llvm-v0/cbench-v1-runtime-data/runtime_data/office_data/13.txt
benchmark://cbench-v1/stringsearch,cbench-v1,B,2,-loop-vectorize,2,0.280560787,0,c367f81c52708efcc226146cd7e25124edabd41da2839bab16e0dd46c9796537,/home/nithi/.local/share/compiler_gym/llvm-v0/cbench-v1-runtime-data/runtime_data/office_data/13.txt
benchmark://cbench-v1/stringsearch,cbench-v1,B,2,-loop-vectorize,3,0.272456620,0,c367f81c52708efcc226146cd7e25124edabd41da2839bab16e0dd46c9796537,/home/nithi/.local/share/compiler_gym/llvm-v0/cbench-v1-runtime-data/runtime_data/office_data/13.txt
benchmark://cbench-v1/stringsearch,cbench-v1,B,2,-loop-vectorize,4,0.325281097,0,c367f81c52708efcc226146cd7e25124edabd41da2839bab16e0dd46c9796537,/home/nithi/.local/share/compiler_gym/llvm-v0/cbench-v1-runtime-data/runtime_data/office_data/13.txt
benchmark://cbench-v1/stringsearch,cbench-v1,B,2,-loop-deletion,0,0.368876183,0,c367f81c52708efcc226146cd7e25124edabd41da2839bab16e0dd46c9796537,/home/nithi/.local/share/compiler_gym/llvm-v0/cbench-v1-runtime-data/runtime_data/office_data/13.txt
benchmark://cbench-v1/stringsearch,cbench-v1,B,2,-loop-deletion,1,0.361552528,0,c367f81c52708efcc226146cd7e25124edabd41da2839bab16e0dd46c9796537,/home/nithi/.local/share/compiler_gym/llvm-v0/cbench-v1-runtime-data/runtime_data/office_data/13.txt
benchmark://cbench-v1/stringsearch,cbench-v1,B,2,-loop-deletion,2,0.501811876,0,c367f81c52708efcc226146cd7e25124edabd41da2839bab16e0dd46c9796537,/home/nithi/.local/share/compiler_gym/llvm-v0/cbench-v1-runtime-data/runtime_data/office_data/13.txt
benchmark://cbench-v1/stringsearch,cbench-v1,B,2,-loop-deletion,3,0.303686778,0,c367f81c52708efcc226146cd7e25124edabd41da2839bab16e0dd46c9796537,/home/nithi/.local/share/compiler_gym/llvm-v0/cbench-v1-runtime-data/runtime_data/office_data/13.txt
benchmark://cbench-v1/stringsearch,cbench-v1,B,2,-loop-deletion,4,0.308068575,0,c367f81c52708efcc226146cd7e25124edabd41da2839bab16e0dd46c9796537,/home/nithi/.local/share/compiler_gym/llvm-v0/cbench-v1-runtime-data/runtime_data/office_data/13.txt
benchmark://cbench-v1/stringsearch,cbench-v1,B,2,-loop-unswitch,0,0.295702256,0,c367f81c52708efcc226146cd7e25124edabd41da2839bab16e0dd46c9796537,/home/nithi/.local/share/compiler_gym/llvm-v0/cbench-v1-runtime-data/runtime_data/office_data/13.txt
benchmark://cbench-v1/stringsearch,cbench-v1,B,2,-loop-unswitch,1,0.368013812,0,c367f81c52708efcc226146cd7e25124edabd41da2839bab16e0dd46c9796537,/home/nithi/.local/share/compiler_gym/llvm-v0/cbench-v1-runtime-data/runtime_data/office_data/13.txt
benchmark://cbench-v1/stringsearch,cbench-v1,B,2,-loop-unswitch,2,0.299283245,0,c367f81c52708efcc226146cd7e25124edabd41da2839bab16e0dd46c9796537,/home/nithi/.local/share/compiler_gym/llvm-v0/cbench-v1-runtime-data/runtime_data/office_data/13.txt
benchmark://cbench-v1/stringsearch,cbench-v1,B,2,-loop-unswitch,3,0.318084602,0,c367f81c52708efcc226146cd7e25124edabd41da2839bab16e0dd46c9796537,/home/nithi/.local/share/compiler_gym/llvm-v0/cbench-v1-runtime-data/runtime_data/office_data/13.txt
benchmark://cbench-v1/stringsearch,cbench-v1,B,2,-loop-unswitch,4,0.344290904,0,c367f81c52708efcc226146cd7e25124edabd41da2839bab16e0dd46c9796537,/home/nithi/.local/share/compiler_gym/llvm-v0/cbench-v1-runtime-data/runtime_data/office_data/13.txt
benchmark://cbench-v1/stringsearch,cbench-v1,B,2,-loop-distribute,0,0.347148876,0,c367f81c52708efcc226146cd7e25124edabd41da2839bab16e0dd46c9796537,/home/nithi/.local/share/compiler_gym/llvm-v0/cbench-v1-runtime-data/runtime_data/office_data/13.txt
benchmark://cbench-v1/stringsearch,cbench-v1,B,2,-loop-distribute,1,0.283955636,0,c367f81c52708efcc226146cd7e25124edabd41da2839bab16e0dd46c9796537,/home/nithi/.local/share/compiler_gym/llvm-v0/cbench-v1-runtime-data/runtime_data/office_data/13.txt
benchmark://cbench-v1/stringsearch,cbench-v1,B,2,-loop-distribute,2,0.329518162,0,c367f81c52708efcc226146cd7e25124edabd41da2839bab16e0dd46c9796537,/home/nithi/.local/share/compiler_gym/llvm-v0/cbench-v1-runtime-data/runtime_data/office_data/13.txt
benchmark://cbench-v1/stringsearch,cbench-v1,B,2,-loop-distribute,3,0.304525098,0,c367f81c52708efcc226146cd7e25124edabd41da2839bab16e0dd46c9796537,/home/nithi/.local/share/compiler_gym/llvm-v0/cbench-v1-runtime-data/runtime_data/office_data/13.txt
benchmark://cbench-v1/stringsearch,cbench-v1,B,2,-loop-distribute,4,0.442871720,0,c367f81c52708efcc226146cd7e25124edabd41da2839bab16e0dd46c9796537,/home/nithi/.local/share/compiler_gym/llvm-v0/cbench-v1-runtime-data/runtime_data/office_data/13.txt
benchmark://cbench-v1/stringsearch,cbench-v1,B,2,-indvars,0,0.389701814,0,c367f81c52708efcc226146cd7e25124edabd41da2839bab16e0dd46c9796537,/home/nithi/.local/share/compiler_gym/llvm-v0/cbench-v1-runtime-data/runtime_data/office_data/13.txt
benchmark://cbench-v1/stringsearch,cbench-v1,B,2,-indvars,1,0.326842555,0,c367f81c52708efcc226146cd7e25124edabd41da2839bab16e0dd46c9796537,/home/nithi/.local/share/compiler_gym/llvm-v0/cbench-v1-runtime-data/runtime_data/office_data/13.txt
benchmark://cbench-v1/stringsearch,cbench-v1,B,2,-indvars,2,0.335410958,0,c367f81c52708efcc226146cd7e25124edabd41da2839bab16e0dd46c9796537,/home/nithi/.local/share/compiler_gym/llvm-v0/cbench-v1-runtime-data/runtime_data/office_data/13.txt
benchmark://cbench-v1/stringsearch,cbench-v1,B,2,-indvars,3,0.342819608,0,c367f81c52708efcc226146cd7e25124edabd41da2839bab16e0dd46c9796537,/home/nithi/.local/share/compiler_gym/llvm-v0/cbench-v1-runtime-data/runtime_data/office_data/13.txt
benchmark://cbench-v1/stringsearch,cbench-v1,B,2,-indvars,4,0.429445048,0,c367f81c52708efcc226146cd7e25124edabd41da2839bab16e0dd46c9796537,/home/nithi/.local/share/compiler_gym/llvm-v0/cbench-v1-runtime-data/runtime_data/office_data/13.txt
